#{"t_start": 1790474181.4372182, "env_id": "None"}
r,l,t
26.333741,60,2.407417
19.678954,60,2.428031
19.971274,60,2.44815
23.160198,60,2.468254
9.941915,40,2.481367
9.772957,60,2.502079
12.493222,60,2.523674
12.812254,46,2.539269
31.325018,60,2.55694
16.669108,51,2.571533
11.528736,57,2.590668
3.643676,34,2.599722
12.137337,51,2.616836
30.944924,60,2.636938
16.94008,60,2.656575
7.242106,49,2.671679
16.235101,60,2.691293
9.906401,39,2.705382
7.938438,39,2.723028
11.480255,48,2.74295
25.897636,56,2.768559
5.678516,33,2.782598
23.36891,60,2.80622
12.989608,49,2.824265
9.971345,38,2.839356
12.065353,57,2.860451
8.198159,38,2.874477
9.722043,45,2.889039
10.255745,60,2.907159
8.260575,38,2.920278
8.627753,48,2.935322
18.022409,46,2.950941
10.775844,47,2.96701
8.533408,34,2.978742
12.546418,46,2.996824
7.883346,48,3.016428
8.617631,31,3.029022
11.006649,46,3.04309
21.395643,60,3.062241
21.225792,60,3.082834
21.884547,60,3.102982
16.263527,60,3.124151
18.326105,60,3.146751
5.468834,40,3.161866
27.279107,60,3.183605
6.031126,37,3.196723
11.393467,46,3.210829
14.333187,57,3.2315
4.93147,50,3.249616
5.607423,51,3.268754
11.649516,60,3.290416
19.849777,60,3.313112
8.768902,45,3.329245
14.557712,60,3.349377
30.03087,60,3.371495
6.661624,60,3.395673
7.781736,60,3.423874
17.321027,52,3.444541
28.032479,60,3.465203
16.663194,60,3.486865
22.226768,60,3.50705
7.314594,34,3.520144
7.204538,41,3.533185
38.16384,60,3.552795
14.355801,51,3.568936
4.330417,29,3.578034
13.124934,60,3.595623
18.209283,60,3.615467
21.312414,60,3.635569
26.095832,60,3.656148
7.016103,44,3.670707
8.642186,37,3.68325
15.986432,56,3.700835
12.222566,60,3.724511
16.168808,53,3.744601
15.640522,57,3.764256
14.357708,56,3.783992
15.461348,60,3.802588
18.201243,46,3.817206
13.372557,44,3.83036
22.662419,60,3.850985
3.023036,55,3.868092
14.417997,60,3.888169
6.787354,36,3.899717
21.675056,60,3.92087
11.981679,59,3.939483
13.184619,57,3.960096
20.829956,60,3.980719
9.916963,55,4.001344
11.292465,60,4.022021
9.420714,48,4.037605
17.816558,60,4.057142
19.187363,60,4.076762
13.492668,42,4.090304
10.048488,47,4.106358
12.806448,41,4.120008
15.454334,60,4.168174
19.808722,60,4.222489
14.536961,52,4.270211
14.320696,57,4.330518
16.54166,49,4.377423
34.740447,60,4.437881
7.648471,36,4.469557
22.827654,60,4.529493
11.609899,46,4.570683
16.319861,60,4.623549
4.625557,33,4.656227
11.189229,54,4.703461
6.318773,38,4.738241
13.167897,43,4.77835
8.929246,41,4.828126
28.596081,60,4.899174
6.515712,39,4.945467
8.338502,44,5.007813
21.646061,60,5.071202
6.473288,47,5.116018
11.600754,60,5.182913
25.063724,60,5.246173
11.912401,58,5.305028
35.632563,60,5.359343
11.076468,52,5.411694
19.150608,60,5.468597
20.726253,60,5.520048
22.190455,60,5.578787
11.902451,60,5.644176
5.29848,33,5.687032
11.216508,60,5.75249
23.619194,60,5.821505
15.771831,56,5.885434
12.09219,44,5.926239
19.20949,60,5.981585
2.978579,31,6.011235
11.833506,50,6.063071
10.37163,60,6.130489
9.505491,53,6.181481
23.366159,60,6.238923
31.57329,60,6.296696
21.75056,60,6.355653
5.44898,37,6.399502
7.110523,40,6.44436
8.985891,36,6.485129
13.079842,60,6.560076
19.982584,60,6.619948
41.631064,60,6.680767
6.119059,50,6.732513
13.224707,60,6.793593
22.493055,60,6.858597
13.026752,50,6.914539
11.944276,48,7.000499
16.417935,45,7.075879
21.489943,60,7.138852
6.199587,60,7.197771
20.375835,60,7.251261
2.582438,33,7.281469
14.701124,60,7.34021
8.4951,35,7.381601
4.1731,51,7.441509
9.644993,45,7.491895
16.401668,45,7.541744
6.184392,45,7.589966
3.707921,38,7.637285
7.288941,40,7.683064
24.04591,60,7.753481
20.34576,54,7.804319
12.550042,60,7.859272
13.043191,60,7.920068
4.774161,44,7.960717
27.244182,60,8.017987
16.916077,60,8.075302
16.164302,60,8.133143
21.044655,60,8.193102
4.177445,37,8.227916
12.22217,53,8.280635
13.136158,60,8.342131
2.754632,51,8.396525
11.851642,37,8.433328
6.200551,38,8.46959
31.425159,60,8.521966
27.928756,60,8.578714
7.941405,39,8.618532
28.894956,60,8.681986
13.901586,50,8.735342
19.691779,60,8.799798
39.792915,60,8.856087
17.372788,60,8.911004
15.822141,60,8.975085
14.627711,60,9.039492
14.383635,59,9.098185
23.11519,60,9.151451
23.442615,60,9.208329
13.094779,60,9.26367
25.640089,60,9.321572
14.046411,60,9.375513
30.457795,60,9.431429
16.601523,60,9.511943
13.672795,53,9.598962
16.997474,59,9.65032
25.963866,60,9.708744
12.011728,53,9.75762
10.137593,54,9.807979
14.254637,50,9.85531
19.614892,60,9.907567
30.002016,60,9.965457
7.59423,47,10.009774
22.756617,60,10.064099
8.404048,60,10.122
29.030628,60,10.180899
36.35694,60,10.238245
17.758089,60,10.300584
6.1672,35,10.33235
17.146408,58,10.393313
4.301702,30,10.421514
13.083495,60,10.475874
10.053905,55,10.522624
21.207171,60,10.578582
12.809142,52,10.625417
9.807496,45,10.664141
9.785904,36,10.698379
12.474495,53,10.748127
11.206751,51,10.795388
14.668929,60,10.848686
14.015363,60,10.902984
10.788071,51,10.957375
22.794192,60,11.008788
23.224745,60,11.061691
32.29752,60,11.123604
14.688362,52,11.174412
4.073137,30,11.200685
7.247578,43,11.240475
17.823375,60,11.296371
6.91125,53,11.347895
26.413907,60,11.406617
17.525951,60,11.462812
18.706069,45,11.514029
7.514486,37,11.549757
7.287853,55,11.603312
14.561073,60,11.664318
6.934445,59,11.716683
4.492056,59,11.771574
15.831733,60,11.830445
9.049295,57,11.88336
12.920318,52,11.930168
11.439219,53,11.984513
13.815575,60,12.038494
18.056146,57,12.092883
14.258287,45,12.129601
19.562028,60,12.184972
13.840202,55,12.250923
37.036082,60,12.315307
9.259324,51,12.362537
18.732269,60,12.41532
11.758344,56,12.463149
27.628393,60,12.52048
16.209212,60,12.585405
23.849467,60,12.648887
9.601771,38,12.687145
7.075297,38,12.729578
7.641162,37,12.766394
17.547121,60,12.821827
10.820183,50,12.866621
4.086349,41,12.907455
21.403862,60,12.96076
43.234227,60,13.01442
27.085996,60,13.068172
23.90485,60,13.125392
35.278254,60,13.176109
22.598833,60,13.232017
30.22796,60,13.291503
16.967403,60,13.345931
18.606171,60,13.405694
21.460055,56,13.47015
33.926914,60,13.527025
19.671549,60,13.581014
18.477225,60,13.638874
38.284979,60,13.704647
18.395345,57,13.760898
19.718432,60,13.825412
22.595683,60,13.898437
2.2395,31,13.932712
13.512232,48,13.98649
41.391889,60,14.047378
10.783037,52,14.096829
14.383713,56,14.162378
3.797123,39,14.20571
17.90267,56,14.262479
3.482226,34,14.297737
14.420469,60,14.352529
12.798425,36,14.386267
15.19336,46,14.427481
13.064372,57,14.478818
7.650341,35,14.508545
17.599022,60,14.564374
16.195249,54,14.617226
9.566271,57,14.670549
20.449908,60,14.730527
16.02844,60,14.792492
30.0044,60,14.855898
2.271984,58,14.909734
10.758298,42,14.951974
38.526615,60,15.001836
3.062241,26,15.026
13.478972,55,15.075826
13.735991,45,15.118982
13.041858,60,15.175313
32.366886,60,15.234172
28.31582,60,15.291492
20.245034,60,15.346457
4.534155,30,15.372116
29.972236,60,15.431011
21.623064,60,15.486434
16.389511,60,15.538908
12.520735,45,15.581352
7.82438,34,15.616495
7.39518,51,15.662787
16.710343,60,15.71524
14.413606,60,15.773101
28.823531,60,15.8306
15.004445,57,15.88148
21.791263,55,15.932228
10.589731,57,15.992145
6.305384,36,16.028908
14.26884,51,16.07925
14.838496,49,16.125043
17.072071,60,16.187192
26.123248,60,16.246436
30.254417,60,16.310675
35.293463,60,16.366411
15.294013,60,16.424253
16.3068,50,16.473015
20.385,60,16.53504
32.063914,60,16.595492
26.475949,60,16.656387
9.418477,53,16.710278
11.088005,48,16.75709
18.598746,60,16.815336
15.752403,60,16.867604
39.203494,60,16.923505
13.513524,46,16.966355
8.73151,35,16.997619
29.576502,60,17.057142
13.844337,50,17.104971
6.326844,37,17.139807
5.740448,50,17.183603
17.152664,53,17.231431
8.985957,60,17.285862
7.79837,35,17.316589
17.501828,60,17.368956
13.575421,42,17.414594
15.589704,60,17.470341
10.992262,53,17.520202
16.424785,60,17.580205
13.9735,47,17.622931
12.140977,60,17.675817
28.020777,60,17.739771
11.079176,38,17.774008
39.0521,60,17.82792
17.560258,60,17.882754
31.102236,60,17.945012
16.538717,60,18.002425
21.154279,60,18.0569
17.926323,60,18.118325
16.427683,60,18.175202
27.012122,60,18.229142
4.672216,33,18.259316
24.250695,60,18.320785
18.488639,60,18.374193
16.601431,60,18.430001
9.651621,45,18.475167
18.96983,60,18.533641
12.787372,58,18.589104
16.683239,60,18.647731
6.549019,55,18.698071
28.967281,60,18.756498
16.856756,60,18.815385
5.762251,49,18.861233
26.641552,60,18.920589
3.920498,37,18.952405
24.293122,60,19.011431
8.36833,48,19.05541
9.22987,54,19.103822
12.430126,56,19.156564
16.247506,60,19.211727
30.878862,60,19.269072
18.353477,60,19.329082
7.067818,32,19.360269
2.299394,29,19.393071
28.413998,60,19.452527
9.6012,47,19.497328
8.888325,60,19.561786
20.093551,59,19.625285
15.433746,51,19.674062
12.524703,48,19.723841
4.896465,41,19.768583
26.167641,60,19.827432
20.944301,60,19.890777
20.435517,60,19.950338
14.300144,60,20.005191
15.358392,60,20.067698
8.366396,36,20.104967
40.725811,60,20.163872
9.989168,37,20.202675
6.093467,45,20.253036
26.714347,60,20.312919
15.9907,43,20.353662
30.722518,60,20.406474
11.408353,46,20.456335
18.829719,60,20.513215
11.74571,52,20.564605
30.044935,60,20.621934
16.479571,53,20.683293
32.938667,60,20.743108
28.019118,60,20.802503
13.889472,56,20.866397
21.419342,60,20.930327
5.645521,31,20.964047
7.800644,60,21.030053
8.428745,46,21.078333
23.57642,60,21.140281
9.260922,60,21.203755
16.290614,56,21.263681
15.720972,55,21.320093
1.900495,25,21.344218
21.333408,60,21.403486
27.564435,60,21.462293
10.823414,47,21.507695
21.310025,60,21.567046
18.405852,60,21.623298
12.184129,60,21.678746
18.425763,55,21.730663
26.484368,60,21.793457
17.433776,54,21.847356
8.361315,41,21.887165
17.992836,60,21.959613
19.056848,60,22.020578
9.885454,60,22.081961
11.612988,50,22.132237
14.93945,60,22.188617
7.25056,34,22.222334
4.143274,27,22.250537
22.038468,60,22.3089
19.235352,53,22.361465
2.187773,24,22.386675
23.250216,60,22.452283
19.095335,60,22.514205
6.55946,45,22.558212
17.125203,52,22.613528
23.467731,60,22.676506
26.242019,60,22.738417
20.645234,60,22.798293
17.932481,55,22.873882
14.651953,60,22.952487
26.040712,60,23.016142
24.381329,60,23.077042
28.635995,60,23.133861
6.111819,30,23.163214
19.412121,60,23.217129
20.976459,60,23.279053
14.939844,48,23.319311
14.321515,51,23.368736
21.482684,60,23.423014
6.96045,60,23.475753
13.140017,60,23.534202
22.640809,60,23.596664
26.365106,60,23.653527
23.368018,60,23.705336
25.754089,60,23.766701
22.097754,60,23.825128
8.086769,60,23.877566
15.910966,60,23.93493
20.728515,52,23.979771
36.057167,60,24.03309
34.832592,60,24.086545
33.406695,60,24.141884
11.797375,46,24.187825
12.967751,56,24.238565
18.282305,60,24.294975
37.904311,60,24.35942
28.689814,60,24.417236
21.227835,60,24.476033
23.10545,54,24.525806
12.645824,44,24.574119
21.388346,60,24.640597
16.71546,60,24.703082
30.000156,60,24.767382
11.932446,53,24.830929
28.711681,60,24.898824
4.871856,49,24.953709
7.948753,40,24.999842
26.673219,60,25.061196
9.128283,37,25.097321
37.061946,60,25.15915
4.501033,44,25.203948
5.499551,50,25.266448
20.713735,59,25.319803
13.565943,59,25.378812
23.655622,60,25.44377
9.96585,53,25.49818
17.319831,60,25.554058
14.10121,49,25.603649
21.303997,60,25.659128
24.396281,60,25.719406
24.459272,60,25.774856
31.463891,60,25.832663
22.735667,60,25.894487
23.701301,60,25.957299
22.416737,60,26.011146
20.123847,60,26.068052
12.264388,56,26.12089
18.426997,60,26.180336
25.155068,60,26.236691
18.745631,60,26.29403
2.731555,26,26.31665
5.055626,32,26.346817
14.38622,60,26.398661
32.301773,60,26.450361
21.906837,60,26.505571
5.5143,42,26.546268
16.885564,60,26.601638
20.368403,60,26.660635
12.019673,60,26.723075
38.642014,60,26.787098
26.77878,60,26.846047
18.958855,60,26.916017
12.895191,59,26.975939
29.751399,60,27.035232
13.554724,60,27.091579
16.206473,58,27.151502
29.126597,60,27.217474
15.473049,46,27.264666
47.710925,60,27.327135
20.223545,60,27.396138
7.279716,33,27.433819
35.222776,60,27.4977
34.131716,60,27.562038
22.096647,60,27.628289
10.860412,58,27.683673
24.880993,60,27.75513
18.556214,51,27.811939
24.349585,60,27.874894
31.335006,60,27.936391
21.542027,60,28.003156
16.243483,60,28.064987
8.399605,43,28.114684
13.141943,60,28.175038
13.073945,54,28.230471
15.927876,60,28.312548
24.003927,60,28.377007
23.126702,60,28.435748
8.247075,41,28.478513
32.684704,60,28.538377
14.197021,60,28.593652
25.81478,60,28.652725
3.888812,35,28.687495
29.697828,60,28.74776
16.140397,60,28.805054
7.491633,60,28.867547
19.875375,60,28.929453
33.892966,60,28.996408
7.734151,39,29.043654
22.268975,60,29.119086
29.326952,60,29.186948
10.406592,44,29.241307
22.431373,60,29.308216
4.026324,38,29.342749
11.801852,60,29.415159
5.872904,34,29.457443
30.728455,60,29.521993
5.576689,47,29.573887
12.10263,52,29.627318
18.713073,60,29.690643
30.230101,60,29.758477
30.473819,60,29.817474
35.857831,60,29.878247
24.594733,60,29.943708
27.467038,60,29.996609
12.325861,46,30.032787
18.993893,60,30.079125
24.643696,60,30.127542
17.080392,46,30.164331
9.773239,60,30.211698
22.778044,60,30.262928
30.998336,60,30.315646
27.466531,60,30.366028
29.965925,60,30.416405
32.59579,60,30.463296
16.398604,60,30.51056
21.286721,60,30.559443
16.573934,60,30.602679
12.46719,60,30.654083
26.603886,60,30.696375
11.676202,44,30.725617
21.487729,60,30.772905
12.869201,60,30.819178
26.435289,60,30.866496
23.136899,60,30.90782
17.59344,60,30.94659
37.781469,60,30.994961
7.089254,43,31.027528
14.147278,59,31.067627
13.652038,60,31.11143
35.268706,60,31.159609
7.131935,58,31.201409
18.290167,55,31.250796
10.481774,38,31.289086
5.577388,43,31.326347
7.741725,53,31.380132
22.588821,60,31.441507
30.414022,60,31.501991
18.184724,60,31.562435
6.699566,43,31.601152
32.036536,60,31.666574
9.654681,60,31.722941
9.233423,40,31.763077
24.662422,60,31.823437
8.856475,34,31.857734
19.568309,60,31.913059
31.204446,60,31.970954
20.667388,60,32.030335
27.995329,60,32.093454
21.334739,60,32.149326
36.337762,60,32.219773
20.221302,51,32.280107
22.109169,60,32.343997
11.456818,60,32.403891
13.937604,60,32.469378
5.758185,56,32.526218
38.368312,60,32.590621
24.648929,60,32.653072
28.674139,60,32.71093
11.202315,47,32.761349
21.727315,60,32.823687
20.55372,60,32.883329
15.656152,60,32.944631
20.40579,60,33.009161
27.590538,60,33.068495
26.584364,60,33.129364
17.683524,48,33.17922
21.649455,57,33.235698
30.397675,60,33.29615
22.43494,60,33.359546
5.800972,32,33.392722
26.533911,60,33.462041
20.978778,60,33.521526
23.452213,60,33.581337
29.217191,60,33.642234
14.332166,60,33.703672
22.723566,60,33.762504
25.890971,60,33.821398
22.911142,60,33.880344
9.467541,52,33.930634
22.363938,60,33.994655
12.140754,41,34.031434
28.563626,60,34.089228
18.793485,60,34.14812
22.467155,60,34.204845
18.360509,60,34.266229
23.266148,60,34.323997
13.766952,46,34.366372
13.042616,59,34.428853
20.420621,60,34.49191
34.389629,60,34.551347
21.802112,60,34.613743
23.840894,60,34.674564
17.623822,60,34.734849
34.382305,60,34.793793
47.370582,60,34.860962
13.887226,41,34.901655
23.78985,60,34.959016
28.619619,60,35.020365
18.810311,60,35.081143
12.303244,60,35.140555
38.219478,60,35.203174
13.782419,56,35.255991
30.312404,60,35.315279
21.707435,60,35.374749
6.215413,56,35.430051
6.731696,60,35.492898
18.363794,60,35.554892
34.057048,60,35.612793
29.351274,60,35.673974
20.445269,60,35.733454
19.350837,60,35.792444
28.114864,60,35.853228
21.812516,60,35.914488
27.428049,60,35.971859
21.486564,60,36.037712
20.582709,60,36.099575
7.261324,48,36.147428
31.087,60,36.208317
27.092745,60,36.267305
12.947378,46,36.31112
17.788033,60,36.369004
28.605972,60,36.431837
50.219231,60,36.497412
13.69452,60,36.555262
17.433222,60,36.615142
11.675534,60,36.676382
22.739739,60,36.738622
18.931996,60,36.795001
20.662249,55,36.850346
36.5616,60,36.909209
27.282653,60,36.967625
10.519178,55,37.022344
21.225838,50,37.072433
22.745815,60,37.132825
25.8375,60,37.197853
21.950053,60,37.255206
21.627287,60,37.315953
36.548102,60,37.374194
27.722177,60,37.43204
16.53447,60,37.495941
17.035735,49,37.542235
41.029075,60,37.599025
27.090868,60,37.658886
17.922528,57,37.717328
28.436566,60,37.77345
26.250561,60,37.833261
25.791165,60,37.893034
36.823605,60,37.949014
11.29403,42,37.988189
8.375539,39,38.031962
24.961468,60,38.092891
31.497301,60,38.151772
12.959448,60,38.214682
23.214338,60,38.276557
7.811451,59,38.339468
12.076014,35,38.373742
10.657216,51,38.427579
29.42047,56,38.486831
29.357657,60,38.548624
26.307891,60,38.617455
34.155163,60,38.68574
29.795232,60,38.750243
10.466833,55,38.810694
17.599198,58,38.870511
14.822497,51,38.920753
26.402939,60,38.986044
30.865794,60,39.053873
22.83557,60,39.121799
17.231348,60,39.192837
16.717102,60,39.259408
39.405327,60,39.33487
31.506696,60,39.397797
20.082205,60,39.457673
10.938565,32,39.490115
21.14649,60,39.554471
23.873451,60,39.619324
27.55553,60,39.683786
34.065458,60,39.753754
19.791598,59,39.829265
19.032591,60,39.916931
39.459969,60,39.993421
16.226084,48,40.04027
17.518315,60,40.10023
32.581715,60,40.162292
22.912542,60,40.223527
13.015957,60,40.289904
21.218264,60,40.350274
25.783731,60,40.41362
27.179015,60,40.47548
20.754557,60,40.535851
7.626127,32,40.569568
24.315235,60,40.629959
30.748359,60,40.695312
22.38006,55,40.752566
20.922753,60,40.813447
10.269065,60,40.878381
11.516172,38,40.917644
12.342687,47,40.968302
22.022519,60,41.030361
33.344505,60,41.097624
18.883816,60,41.182139
9.863959,36,41.227902
15.329329,49,41.285314
19.472002,60,41.350742
9.567019,42,41.398492
40.052164,60,41.460325
28.759237,60,41.523788
15.598759,48,41.581666
14.844531,60,41.652149
36.844877,60,41.719142
11.861408,46,41.768954
14.819865,60,41.833332
22.818371,60,41.897627
34.561653,60,41.966432
34.305108,60,42.026396
30.877037,60,42.088809
37.463069,60,42.150279
19.233851,60,42.213211
32.076509,60,42.274451
33.903925,60,42.33683
10.640462,60,42.396247
34.221098,60,42.457782
18.40832,50,42.508605
26.341732,60,42.569672
19.386995,60,42.633369
39.466274,60,42.694754
18.542822,60,42.761251
11.347372,51,42.810625
30.182174,60,42.868999
15.379221,58,42.933379
22.089894,60,43.004471
36.333797,60,43.065374
27.813685,60,43.122344
31.054753,60,43.183654
24.378381,60,43.24358
12.259629,60,43.305114
35.822584,60,43.368617
18.390112,53,43.424464
24.317272,60,43.482414
12.299596,39,43.521716
29.369448,60,43.581204
17.536466,60,43.645487
13.824939,60,43.711894
45.980136,60,43.774431
39.209773,60,43.835803
17.427939,60,43.894749
7.754826,35,43.929938
13.347032,60,43.993796
44.173273,60,44.055771
26.744019,60,44.115743
40.476417,60,44.180594
33.039651,60,44.241998
7.202284,29,44.269708
26.495685,60,44.33193
15.929765,60,44.394416
6.116709,48,44.44179
11.120475,60,44.502105
20.754458,60,44.56443
29.372554,60,44.630348
11.787385,46,44.683134
25.297724,60,44.743649
15.95168,57,44.80351
15.277026,60,44.867908
38.992459,60,44.94138
45.34977,60,45.006773
9.664911,60,45.07209
25.010523,60,45.136407
15.799487,60,45.201939
22.390462,60,45.265383
28.970815,59,45.330897
16.4922,60,45.393355
8.335598,40,45.432104
17.634422,60,45.493435
12.842235,41,45.539173
17.906448,54,45.589987
17.905903,60,45.652286
15.815814,45,45.704371
9.947074,60,45.766369
20.486211,60,45.828099
16.784975,52,45.883392
40.857833,60,45.94429
29.313903,60,46.005736
35.208481,60,46.070224
39.059847,60,46.130158
35.594355,60,46.196647
22.083422,60,46.261625
21.454136,60,46.326347
40.065907,60,46.391789
16.736589,48,46.444704
34.484319,60,46.507595
23.801882,60,46.571885
11.006462,48,46.624717
23.911924,60,46.69124
36.030745,60,46.764351
27.035281,60,46.840229
25.579422,60,46.913009
11.426694,56,46.972351
8.912399,47,47.021095
41.3386,60,47.082413
31.178444,60,47.144284
15.387577,47,47.188459
28.546241,60,47.251188
35.800518,60,47.313572
21.706124,57,47.36894
28.671146,60,47.429349
28.942664,60,47.489691
12.719997,54,47.546679
34.648797,60,47.603589
19.079587,60,47.668377
10.099559,60,47.728284
30.773966,60,47.796301
18.623322,60,47.860739
23.623413,60,47.923233
23.373068,59,47.981832
16.049421,53,48.039643
29.402537,60,48.096769
11.395495,41,48.141093
32.046836,60,48.200006
27.424273,60,48.261795
5.437406,37,48.302453
40.400687,60,48.367257
37.673172,60,48.430962
41.334149,60,48.494411
32.402552,60,48.558275
10.14172,60,48.620192
16.747285,60,48.682614
20.76701,60,48.743261
18.139719,60,48.802834
21.701114,60,48.869114
33.467876,60,48.931364
22.989608,60,48.991742
6.846925,38,49.030573
31.446964,60,49.09252
24.068382,60,49.150805
30.267031,60,49.211188
31.342327,60,49.274246
38.251808,60,49.331286
32.405477,60,49.394809
40.608202,60,49.456209
16.214121,60,49.521123
25.47012,60,49.578471
31.060836,60,49.64339
30.332789,60,49.70536
19.563091,60,49.769731
23.017276,60,49.836161
41.271401,60,49.89766
21.200881,43,49.941906
36.898728,60,50.010849
32.517284,60,50.075806
40.164508,60,50.13879
37.228608,60,50.20213
46.153092,60,50.26344
7.230015,37,50.303168
24.664003,60,50.366138
33.731545,60,50.427541
23.713031,60,50.488389
14.815916,55,50.54627
48.58595,60,50.606628
13.484874,58,50.667972
21.802743,60,50.729316
34.299942,60,50.794257
33.941233,60,50.856677
15.270777,57,50.920656
26.279744,60,50.991148
18.819102,60,51.054996
32.374506,60,51.120346
43.873853,60,51.193137
26.645674,60,51.255997
33.628998,60,51.321933
15.77324,51,51.375289
19.463314,60,51.438672
28.591563,60,51.503638
26.019581,59,51.570083
30.978693,60,51.635453
45.513451,60,51.695354
7.721314,60,51.755839
49.352032,60,51.814672
27.073597,60,51.8785
44.103584,60,51.941288
42.47859,60,52.00271
25.762589,60,52.065649
7.04022,37,52.103362
29.741723,60,52.164305
25.184735,60,52.225212
21.17323,60,52.290125
29.380101,60,52.352031
24.572138,60,52.41339
6.747955,52,52.470676
35.942138,60,52.543278
28.58059,60,52.605231
22.384148,60,52.667664
22.618094,60,52.731059
31.265718,60,52.794488
47.853837,60,52.855832
17.587827,46,52.89997
28.502869,60,52.964288
35.252635,60,53.026755
35.267279,60,53.092311
21.779309,60,53.15331
33.683227,60,53.214252
26.348638,60,53.276616
24.136171,60,53.34004
39.171716,60,53.405419
28.013757,60,53.467914
26.559686,60,53.531845
26.104614,60,53.593247
29.459752,60,53.652174
51.739019,60,53.71558
34.677908,60,53.776347
33.534428,60,53.837595
34.929131,60,53.901983
43.766008,60,53.965162
27.939507,60,54.027609
20.8499,60,54.091994
47.309657,60,54.158402
23.595884,60,54.22331
32.32143,60,54.288391
47.19701,60,54.34824
36.832489,60,54.412092
11.09554,45,54.457764
32.457619,60,54.523186
19.745011,43,54.572929
25.02292,60,54.638907
29.12459,57,54.700492
44.403909,60,54.760305
34.11965,60,54.822669
6.765576,54,54.878067
45.166509,60,54.941605
3.48491,44,54.985375
12.478431,60,55.04769
25.559718,60,55.1095
20.7483,49,55.166977
22.52158,60,55.228912
34.309988,60,55.292823
10.5037,54,55.348711
44.604442,60,55.412695
25.917039,60,55.479689
30.14998,60,55.541986
18.876926,60,55.615384
29.988089,60,55.70734
7.731818,43,55.749538
26.353084,60,55.816387
41.966099,60,55.877397
46.415751,60,55.939955
32.226615,60,56.005968
9.348667,42,56.051757
37.296571,60,56.124213
32.588706,60,56.210195
31.974092,60,56.289688
43.075721,60,56.354109
24.765406,60,56.424067
24.804387,60,56.489422
34.43311,60,56.556682
25.209776,60,56.618657
29.891195,60,56.683097
29.919418,60,56.73953
6.579502,47,56.787462
45.644699,60,56.855814
31.542995,60,56.916768
25.298787,60,56.977106
29.085389,57,57.038541
45.381171,60,57.09986
28.19779,60,57.168312
31.693021,60,57.251863
9.943989,49,57.301242
27.581819,60,57.365266
31.290405,60,57.438165
39.261099,60,57.52124
20.770442,60,57.595112
28.730275,60,57.666994
23.760304,60,57.745269
12.056837,44,57.79396
31.627177,60,57.860682
18.8226,60,57.923324
42.059652,60,57.986634
44.368808,60,58.048592
45.795355,60,58.106949
42.66041,60,58.170917
36.716405,60,58.231356
26.985869,60,58.298192
15.171723,46,58.347041
53.823611,60,58.409722
53.231847,60,58.474151
43.464546,60,58.537591
40.539132,60,58.600032
14.406164,41,58.64025
14.756237,60,58.71072
39.104963,60,58.780733
19.965771,60,58.844217
14.22169,50,58.901505
53.982281,60,58.969462
30.953727,60,59.035412
19.130986,60,59.096349
54.330352,60,59.162817
24.971555,60,59.227211
18.268639,60,59.289631
34.545723,60,59.355074
29.390773,60,59.420665
24.475258,60,59.485016
30.226255,60,59.548423
20.7336,53,59.60315
43.88429,60,59.669095
45.728107,60,59.730508
46.515806,60,59.793347
34.058081,60,59.853185
21.690204,60,59.920524
37.640135,60,59.982853
33.746181,60,60.044092
36.113696,60,60.105917
46.766925,60,60.164336
34.005138,60,60.22925
25.573518,50,60.27986
21.195253,55,60.339359
14.726041,60,60.401732
39.491503,60,60.470214
38.982668,60,60.533158
30.827528,60,60.596344
39.173769,60,60.66012
8.793135,60,60.722562
32.049632,60,60.78657
27.427828,60,60.858518
30.245957,60,60.927976
13.939301,52,60.987502
17.46725,54,61.04847
35.025293,60,61.11495
46.297594,60,61.207715
21.607748,60,61.299784
20.351688,60,61.365356
41.469328,60,61.430829
29.548058,60,61.492321
19.402835,60,61.560865
8.565707,60,61.623283
22.235817,60,61.685657
30.194197,60,61.748541
29.204885,60,61.808471
12.02862,60,61.872009
8.989438,39,61.910217
16.589476,60,61.971474
23.35327,60,62.03229
34.744349,60,62.094266
22.340986,60,62.159178
27.277437,60,62.223066
53.616625,60,62.28758
28.306067,60,62.351487
18.7834,60,62.411968
53.747396,60,62.473402
25.865433,60,62.538339
21.120616,60,62.602675
43.222686,60,62.662971
50.724233,60,62.732809
41.208107,60,62.799801
51.791591,60,62.862736
40.116224,60,62.927623
38.30857,60,62.989465
14.967378,41,63.033286
30.557437,60,63.098347
41.656732,60,63.165544
27.980723,60,63.232969
25.893054,60,63.292372
22.577676,60,63.356266
34.76083,60,63.419299
42.235155,60,63.481198
39.045157,60,63.543132
35.60311,60,63.607088
10.635166,35,63.645851
34.777367,60,63.708988
33.513453,60,63.770412
25.973253,60,63.836905
29.630472,60,63.90393
29.844586,60,63.965357
14.622837,39,64.005755
27.899076,60,64.07005
47.023535,60,64.12998
24.926506,60,64.191087
20.814763,42,64.235906
42.828279,60,64.297925
50.116904,60,64.359389
40.826829,60,64.420723
36.489933,60,64.485984
19.386833,58,64.545879
39.443101,60,64.609299
41.760981,60,64.677243
35.880514,60,64.740782
35.256328,60,64.805469
31.187606,60,64.867877
40.277194,60,64.936251
54.470884,60,65.00022
34.761127,60,65.066108
39.857877,60,65.132115
26.291757,60,65.193671
38.325424,60,65.257537
21.908972,60,65.326436
12.440948,46,65.375235
20.923935,46,65.423063
20.755858,60,65.487594
31.30322,60,65.548991
28.123957,60,65.610902
46.149593,60,65.680319
28.068419,60,65.743239
11.734719,58,65.805185
43.532296,60,65.869172
46.040041,60,65.936052
19.419237,50,65.988326
22.296621,58,66.051126
32.127893,60,66.118501
24.647889,60,66.183374
18.567427,60,66.24887
43.299014,60,66.316272
29.183168,60,66.379304
15.569744,60,66.440666
39.415254,60,66.502087
25.438171,60,66.56757
37.017391,60,66.628344
38.190405,60,66.687629
32.309865,60,66.7525
29.226716,60,66.813958
30.656182,60,66.876349
21.076566,60,66.942811
46.292718,60,67.002183
40.666695,60,67.065538
18.665003,53,67.116421
32.250881,60,67.177313
25.849107,60,67.242146
46.976457,60,67.306118
56.169754,60,67.372427
40.051479,60,67.439476
40.265896,60,67.502366
40.602859,60,67.570898
28.094937,60,67.635368
37.728937,60,67.698846
36.950302,60,67.763267
33.568773,60,67.83018
26.200247,60,67.888989
13.287895,44,67.935378
17.603746,60,67.999228
25.528364,60,68.063685
32.726409,60,68.129178
31.116966,60,68.193181
23.856381,60,68.261193
24.833253,60,68.324061
40.685853,60,68.38538
22.887575,54,68.446759
26.634012,60,68.511107
33.666247,60,68.577873
45.387318,60,68.642774
33.438642,60,68.704669
22.977176,60,68.766982
22.711405,60,68.830955
13.280911,45,68.875226
31.351137,60,68.939623
38.869011,60,69.004078
17.858815,37,69.043862
19.173184,60,69.128195
29.425164,60,69.205172
23.263984,60,69.27014
28.772689,60,69.333099
32.408492,60,69.395567
32.433223,60,69.455988
54.37628,60,69.521414
15.314565,47,69.571233
26.021837,55,69.627234
24.97887,60,69.693232
9.602253,32,69.728491
46.589899,60,69.793909
18.193739,60,69.859309
24.141877,60,69.922769
50.743515,60,69.986647
48.873303,60,70.049788
32.348072,60,70.116841
28.587425,60,70.180181
23.707688,60,70.242737
44.01056,60,70.309649
25.399215,60,70.371979
45.291794,60,70.438366
20.444244,60,70.499733
26.031034,60,70.568777
26.208585,60,70.635702
28.991717,60,70.698884
33.074541,60,70.765875
28.055423,60,70.830643
15.860396,60,70.895702
34.786845,60,70.959389
12.137584,44,71.006677
34.640841,60,71.071239
27.50625,60,71.131798
37.675722,60,71.193218
32.495946,60,71.254601
27.478122,60,71.318539
36.684419,60,71.382408
21.608792,60,71.445846
23.538882,60,71.511785
12.640564,60,71.578773
21.890312,54,71.63771
26.57291,60,71.700632
37.271582,60,71.761032
14.335086,46,71.810421
47.36683,60,71.873807
12.008487,36,71.913143
14.205828,35,71.952905
36.289561,60,72.021376
30.382323,60,72.085174
29.090748,60,72.149699
21.59762,60,72.213599
27.697475,60,72.27962
29.682694,60,72.346506
40.040914,60,72.413976
49.359029,60,72.481433
31.430782,60,72.550323
28.519264,60,72.613195
41.236328,60,72.680386
29.417317,60,72.746198
11.062528,48,72.797954
14.883104,60,72.86385
41.844376,60,72.926729
37.701239,60,72.993177
33.88515,60,73.060088
18.476734,60,73.125018
26.882756,60,73.189413
29.7756,60,73.252803
22.27626,57,73.311747
41.039222,60,73.375712
36.770142,60,73.439625
31.546838,60,73.499523
13.470986,42,73.544834
52.788047,60,73.611415
33.422449,60,73.67784
22.823751,43,73.725124
18.444832,60,73.792523
5.934779,31,73.825287
55.465031,60,73.886631
25.5993,60,73.951146
34.987294,60,74.01506
36.801935,60,74.077411
40.209079,60,74.139779
39.413104,60,74.207809
34.341033,60,74.273113
30.586688,60,74.336546
23.967721,60,74.399994
31.279865,60,74.466855
26.983609,60,74.532287
46.660957,60,74.597769
36.256495,60,74.665223
19.326314,58,74.72665
56.111257,60,74.788849
48.538592,60,74.857327
38.836261,60,74.925826
31.358629,55,74.988125
23.242432,60,75.053969
26.930094,60,75.121722
31.529689,60,75.186135
38.300061,60,75.251717
32.607897,60,75.318586
27.541464,60,75.383037
48.638728,60,75.445478
51.689264,60,75.513428
40.650955,60,75.575841
27.19407,60,75.638188
17.494447,60,75.705114
25.568951,60,75.769084
39.411541,60,75.830579
47.690329,60,75.896044
38.228938,60,75.958086
49.516665,60,76.023122
32.981596,60,76.09009
42.995699,60,76.154104
29.269115,60,76.223847
32.066234,60,76.286706
24.085955,50,76.339612
23.716147,60,76.405071
35.193347,60,76.470909
18.84445,60,76.539283
41.278938,60,76.600232
30.551577,60,76.66359
19.127489,49,76.714977
47.808713,60,76.779208
34.459861,60,76.842132
23.930616,57,76.906078
46.834372,60,76.972979
49.776027,60,77.035897
11.53189,40,77.081732
13.766443,37,77.121503
26.037729,60,77.183024
26.286577,60,77.243051
28.821322,60,77.304505
39.753713,60,77.367573
17.311505,60,77.43343
22.233922,60,77.49518
15.808412,38,77.535669
33.496324,60,77.602502
37.416193,60,77.671419
6.370684,40,77.712674
48.381328,60,77.775628
53.730978,60,77.841042
28.215058,60,77.902682
26.284677,60,77.968646
49.630864,60,78.032011
19.131652,60,78.094823
22.857284,60,78.15632
18.351665,60,78.22021
26.488704,58,78.285115
13.005065,37,78.330514
29.665429,60,78.395265
46.556023,60,78.456622
27.43429,60,78.520102
49.24709,60,78.583017
47.289984,60,78.650372
50.155279,60,78.712677
28.52565,60,78.779154
39.523446,60,78.844012
39.713538,60,78.908971
47.906965,60,78.977375
55.307666,60,79.042956
55.088887,60,79.109517
50.186993,60,79.177463
36.089536,60,79.24285
44.265221,60,79.305127
28.358188,60,79.375608
20.566295,60,79.441557
22.443035,60,79.50297
43.215477,60,79.568059
25.926462,60,79.637494
18.045622,60,79.702778
54.76336,60,79.768396
45.028334,60,79.836404
48.827721,60,79.900386
14.133175,60,79.963791
28.365383,60,80.027268
18.346083,60,80.092714
24.561017,60,80.154996
33.247762,60,80.220775
40.278128,60,80.286625
34.854781,60,80.351607
41.598343,60,80.411461
18.652311,50,80.468878
46.843328,60,80.53535
42.063506,60,80.602728
29.622815,60,80.672112
25.039559,60,80.736632
8.680708,31,80.768249
37.000364,60,80.833024
48.260904,60,80.898034
50.405572,60,80.964556
23.373219,60,81.030519
43.879039,60,81.097493
26.981065,55,81.158939
40.760866,60,81.223893
44.535835,60,81.294805
42.009906,60,81.360601
24.029121,60,81.424975
51.07169,60,81.49788
31.283062,60,81.560964
26.913682,60,81.629437
43.531507,60,81.692933
19.930179,48,81.742824
30.090669,60,81.80985
38.262984,60,81.874624
32.385508,60,81.945026
27.502119,60,82.01191
35.77711,60,82.079405
31.045999,60,82.148918
51.108878,60,82.216034
52.045433,60,82.281966
36.245497,60,82.344366
22.971305,60,82.407225
44.093852,60,82.473759
28.264724,60,82.539172
41.458794,60,82.604108
31.650755,60,82.669391
40.269812,60,82.73531
15.662423,40,82.778588
46.366759,60,82.842978
53.532257,60,82.910462
42.49257,60,82.972203
43.683229,60,83.039601
22.065148,60,83.105501
33.370109,60,83.16934
55.98491,60,83.236583
42.072552,60,83.305623
38.49642,60,83.372511
46.397767,60,83.438
38.332389,60,83.501367
42.935403,60,83.570881
18.420755,60,83.633761
24.717528,60,83.701357
38.031898,60,83.768306
34.057976,60,83.832244
29.525814,60,83.898091
36.189502,60,83.966522
29.462392,60,84.031515
37.088143,60,84.098446
23.36197,60,84.160835
36.646046,60,84.231365
22.009979,60,84.298204
49.153268,60,84.361656
44.016464,60,84.4295
42.028513,60,84.499478
34.71568,60,84.564325
30.902377,60,84.632605
42.735355,60,84.697511
40.90134,60,84.758471
27.051284,60,84.821289
42.939684,60,84.890085
43.271698,60,84.956494
25.97498,60,85.023879
48.790632,60,85.089903
33.499556,60,85.15935
28.153206,60,85.227257
24.808656,60,85.290912
30.803536,60,85.354881
25.36185,60,85.418377
19.645731,60,85.484062
39.702325,60,85.550241
30.574358,60,85.613622
49.046992,60,85.68679
43.146533,60,85.752073
47.971178,60,85.82033
33.154079,60,85.890342
37.698667,60,85.954236
18.398333,60,86.021615
39.087013,60,86.088598
24.755015,60,86.153636
51.613042,60,86.22491
44.12631,60,86.292171
27.807492,60,86.355887
38.599003,60,86.421816
52.74308,60,86.490471
48.594099,60,86.567011
43.595603,60,86.646991
19.415748,60,86.729386
43.458852,60,86.802825
49.83037,60,86.872085
47.17677,60,86.942601
55.621107,60,87.012546
36.000962,60,87.076491
28.438656,60,87.142405
29.356593,60,87.207793
43.334424,60,87.274503
38.477139,60,87.341426
21.93688,60,87.407717
41.678766,60,87.486496
42.973718,60,87.561404
24.144015,60,87.632727
24.993159,60,87.707865
46.733746,60,87.776362
35.263107,60,87.847873
35.468048,60,87.91567
48.864488,60,87.983666
26.421541,60,88.048075
54.826531,60,88.111949
48.288262,60,88.179434
30.351322,60,88.245883
36.245247,60,88.315263
28.544767,60,88.380733
29.819992,60,88.449116
33.392561,60,88.522691
46.109755,60,88.594025
22.358567,60,88.660934
6.40942,31,88.695141
45.544282,60,88.762762
27.048879,60,88.832679
52.825732,60,88.898674
40.056333,60,88.96912
43.557721,60,89.036094
34.530098,60,89.102917
46.574035,60,89.166904
23.027922,60,89.232836
46.525796,60,89.296746
22.858555,60,89.357156
42.499705,60,89.422514
54.834023,60,89.48852
34.785891,60,89.553665
35.434086,60,89.621512
18.684573,60,89.689979
52.639038,60,89.756988
43.85088,60,89.826432
25.484541,60,89.8934
17.338574,60,89.960567
53.927985,60,90.026956
40.698551,60,90.092149
50.133453,60,90.157819
30.765516,60,90.223333
42.71563,60,90.292285
44.036844,60,90.358755
41.396298,60,90.422666
52.935565,60,90.489141
45.938965,60,90.55753
46.099995,60,90.628272
48.638679,60,90.693465
41.426616,60,90.759695
25.116614,60,90.831301
43.272429,60,90.898293
24.965132,60,90.964773
32.550831,60,91.033138
36.236392,60,91.105636
46.584936,60,91.170202
51.055887,60,91.236062
41.623986,60,91.30589
33.562795,60,91.374653
39.465789,60,91.440737
35.671154,60,91.511735
51.212477,60,91.578182
50.611684,60,91.64309
41.485273,60,91.709308
33.98327,60,91.775263
39.90833,60,91.846246
34.761103,60,91.917185
40.466757,60,91.984049
41.504154,60,92.056934
46.392538,60,92.131445
36.371615,60,92.20187
32.960127,60,92.275503
48.148297,60,92.345956
49.17423,60,92.422485
37.526529,60,92.492468
46.672131,60,92.566835
42.729203,60,92.637297
36.440636,60,92.712341
47.400556,60,92.784873
50.733049,60,92.8569
24.773712,60,92.935372
56.926661,60,93.004718
47.564582,60,93.072723
21.65332,53,93.136403
27.623885,60,93.205908
50.051566,60,93.275881
40.142175,60,93.346342
39.806059,60,93.418799
51.479691,60,93.488744
20.356404,56,93.554613
41.501253,60,93.628485
42.542767,60,93.701438
42.712322,60,93.771453
48.994664,60,93.842533
53.025258,60,93.909992
49.236323,60,93.975901
39.029145,60,94.04388
51.010726,60,94.112317
52.892358,60,94.184061
36.172471,60,94.256601
45.352122,60,94.328081
48.486983,60,94.402196
40.920048,60,94.470724
36.350545,60,94.539102
55.797292,60,94.607084
18.126976,53,94.66664
33.482972,60,94.735006
41.069511,60,94.803886
41.052236,60,94.874994
33.222754,57,94.941926
47.904558,60,95.013933
54.871886,60,95.084816
45.319416,60,95.15228
31.733981,60,95.223862
37.553133,60,95.296796
37.814268,60,95.366129
54.136827,60,95.438593
52.535793,60,95.511145
41.502041,60,95.581136
37.201326,60,95.653562
26.052259,60,95.727032
35.246878,60,95.797533
50.393382,60,95.867367
47.454554,60,95.936686
38.344773,60,96.005399
49.163512,60,96.073705
36.213089,60,96.141109
45.465618,60,96.208157
37.228332,60,96.275149
55.465525,60,96.341451
54.323347,60,96.409949
45.29886,60,96.48608
38.970482,60,96.556437
49.165047,60,96.626324
56.610744,60,96.699501
42.609907,60,96.771188
52.697215,60,96.847145
44.083206,60,96.921647
51.743692,60,96.998073
53.507348,60,97.067648
37.001355,60,97.142207
56.975391,60,97.217173
43.358451,60,97.290653
50.403276,60,97.372182
54.762747,60,97.444706
48.47323,60,97.518287
44.256464,60,97.597593
46.631594,60,97.673069
28.775721,60,97.761113
51.661388,60,97.857441
42.967218,60,97.932374
40.327095,60,98.001361
54.294082,60,98.075385
35.534132,60,98.154949
41.022708,60,98.23003
49.565056,60,98.304063
49.847147,60,98.37353
50.896332,60,98.442347
50.442881,60,98.514401
52.197408,60,98.589411
53.800865,60,98.659371
47.787096,60,98.731017
49.674835,60,98.798375
41.200521,60,98.86696
47.014351,60,98.940994
48.815013,60,99.009417
39.799362,60,99.078916
53.306466,60,99.150934
49.206668,60,99.219857
45.62544,60,99.293325
36.621998,60,99.363413
50.439449,60,99.432244
50.590436,60,99.511748
42.548646,60,99.580611
52.781902,60,99.653558
55.508871,60,99.727019
22.825281,60,99.802456
31.729754,60,99.876019
54.325152,60,99.950038
53.625565,60,100.021552
56.210767,60,100.089902
35.304928,60,100.165472
52.414553,60,100.239353
51.603866,60,100.310743
45.152822,60,100.383706
51.885671,60,100.452099
54.780211,60,100.523633
54.042572,60,100.59561
53.241072,60,100.666416
52.643707,60,100.739993
49.262787,60,100.811919
43.996991,60,100.883504
47.264235,60,100.961061
56.101268,60,101.032621
24.619056,60,101.103602
53.878656,60,101.184591
54.609587,60,101.252985
41.220802,60,101.321189
51.26874,60,101.393708
46.398197,60,101.473524
30.792574,60,101.547335
47.460933,60,101.619733
39.557401,60,101.68769
36.76086,60,101.757585
40.608175,60,101.832484
44.307093,60,101.903412
55.488464,60,101.973375
53.483522,60,102.044182
54.221267,60,102.111343
54.378707,60,102.180325
54.435139,60,102.250175
57.353814,60,102.326277
42.704058,60,102.394758
52.312112,60,102.470356
51.032561,60,102.542464
47.053432,60,102.625016
55.203174,60,102.699949
27.650004,60,102.772321
53.991553,60,102.849675
52.166561,60,102.925072
52.483751,60,103.005963
55.172658,60,103.079571
53.669401,60,103.163517
53.321859,60,103.240151
52.276719,60,103.312107
55.301358,60,103.395926
52.828298,60,103.477753
51.329634,60,103.558532
55.238103,60,103.635421
52.550356,60,103.701711
53.787357,60,103.778765
54.736935,60,103.845879
52.169242,60,103.92509
52.908694,60,103.99696
56.633182,60,104.064372
57.006832,60,104.134985
55.811037,60,104.206012
49.13444,60,104.273969
48.553846,60,104.342412
56.128407,60,104.419303
55.409242,60,104.491675
54.712895,60,104.561372
50.746957,60,104.630172
53.009104,60,104.716637
54.73972,60,104.788208
39.951738,60,104.853138
56.923997,60,104.923112
56.624917,60,104.996632
21.166047,60,105.067256
45.428158,60,105.133617
45.842635,60,105.200431
54.734275,60,105.269942
48.164709,60,105.339431
55.018437,60,105.408332
55.201117,60,105.478295
42.002227,60,105.544389
55.861895,60,105.613197
39.870082,60,105.678389
55.241555,60,105.744188
56.410708,60,105.810266
57.269022,60,105.875806
37.293747,60,105.941691
56.686802,60,106.006087
55.655351,60,106.070482
39.221619,60,106.137599
53.937949,60,106.204802
54.740467,60,106.27225
51.858122,60,106.340416
44.952644,60,106.410139
48.43475,60,106.48093
35.730482,60,106.548357
56.349991,60,106.612302
49.589489,60,106.678733
55.10675,60,106.744686
44.174391,60,106.814223
56.304394,60,106.881748
55.06203,60,106.95463
56.507324,60,107.022962
30.582981,60,107.088659
47.097771,60,107.155783
55.093041,60,107.224079
15.630428,60,107.291439
35.84926,60,107.361439
56.158335,60,107.427254
53.950131,60,107.494694
47.623454,60,107.565657
54.093413,60,107.640192
55.190896,60,107.711006
55.689852,60,107.781503
57.824389,60,107.855069
54.19752,60,107.927617
41.804663,60,107.998173
57.379624,60,108.090368
57.242061,60,108.177465
30.575892,60,108.2474
53.7817,60,108.317075
50.884212,60,108.391475
56.330722,60,108.459943
52.803387,60,108.52808
47.581633,60,108.595069
45.959734,60,108.666984
38.303615,60,108.73632
48.471283,60,108.807342
32.034303,60,108.879359
53.765664,60,108.951357
51.08891,60,109.023379
56.294317,60,109.091895
56.193994,60,109.161448
54.523394,60,109.235444
49.577648,60,109.307968
53.109573,60,109.378305
47.53959,60,109.448841
27.177571,60,109.522329
54.741767,60,109.593211
39.549794,60,109.666202
50.820418,60,109.738812
51.653614,60,109.807178
46.538329,60,109.882715
54.359622,60,109.95457
52.811252,60,110.025078
49.699626,60,110.099584
36.961732,60,110.172043
54.626843,60,110.248586
38.533939,60,110.317015
54.007963,60,110.392012
56.361034,60,110.467059
40.848303,60,110.539047
40.16311,60,110.607475
55.404111,60,110.675799
52.505652,60,110.744118
54.736782,60,110.811129
43.580217,60,110.877128
47.021918,60,110.948575
44.720667,60,111.022253
32.286484,60,111.0927
53.273852,60,111.16542
53.599994,60,111.237414
45.741834,60,111.305308
42.742526,60,111.372831
49.829848,60,111.441611
44.803928,60,111.509953
52.900603,60,111.575673
45.463558,60,111.649304
37.923299,60,111.71676
41.688403,60,111.788306
42.725402,60,111.85831
55.293024,60,111.926172
33.01555,56,111.991618
52.624694,60,112.063116
55.611929,60,112.129941
57.477749,60,112.200197
38.294624,60,112.269573
49.234434,60,112.339011
49.604943,60,112.408942
40.545687,60,112.481307
44.207015,60,112.546265
51.179014,60,112.615251
48.305051,60,112.688123
39.527256,60,112.754999
54.93917,60,112.824408
55.99679,60,112.89026
35.068836,60,112.957762
54.70621,60,113.027767
22.300578,60,113.094673
54.599804,60,113.161452
56.608923,60,113.230764
54.704119,60,113.307725
56.041278,60,113.376569
54.201149,60,113.450469
31.600134,60,113.521457
55.225458,60,113.590428
50.620129,60,113.660381
54.58676,60,113.72782
52.655323,60,113.795738
53.285958,60,113.86376
56.794722,60,113.935956
33.327569,60,114.001748
47.570572,60,114.069398
53.279837,60,114.140206
54.895859,60,114.208601
36.677726,60,114.278996
54.828353,60,114.349953
53.24153,60,114.419475
51.984169,60,114.491907
42.326595,60,114.563399
36.523223,60,114.630805
54.639723,60,114.703735
46.863428,60,114.77469
53.691288,60,114.84306
15.557445,37,114.887588
54.275118,60,114.954972
40.518061,60,115.024495
38.75709,60,115.091874
46.620633,60,115.162214
41.271789,60,115.226767
49.135537,60,115.292903
46.321851,60,115.360332
43.873456,60,115.426219
54.540034,60,115.494149
50.635661,60,115.558619
26.305128,60,115.626502
55.089085,60,115.695722
42.067614,60,115.767278
49.026087,60,115.835723
47.730067,60,115.900118
55.218924,60,115.968056
43.330458,60,116.036515
47.516582,60,116.104442
51.753425,60,116.175767
56.183845,60,116.247454
55.99006,60,116.312914
54.370433,60,116.382914
56.6908,60,116.450838
50.427369,60,116.517397
45.288855,60,116.589338
51.33927,60,116.661299
48.523135,60,116.730375
53.304616,60,116.805432
54.484481,60,116.873995
45.42591,60,116.942939
41.854761,60,117.00833
51.399656,60,117.086361
50.225282,60,117.179467
56.624613,60,117.247997
53.855547,60,117.315904
51.073248,60,117.381122
43.755868,60,117.448129
30.445253,60,117.516199
37.224178,60,117.582005
45.73502,60,117.646852
55.2856,60,117.711911
50.886578,60,117.779881
31.985663,60,117.848464
54.766841,60,117.918261
34.397373,60,117.986326
56.090524,60,118.057835
55.647843,60,118.125295
54.533354,60,118.19064
53.9764,60,118.257491
37.580087,60,118.324935
48.889797,60,118.391838
54.986323,60,118.457855
44.152643,60,118.530277
44.429053,60,118.597132
49.245843,60,118.668133
55.911123,60,118.736007
49.751748,60,118.804567
55.602478,60,118.875605
33.787093,60,118.939678
44.579579,60,119.006986
56.500653,60,119.075814
51.861064,60,119.142219
55.673614,60,119.22123
11.526897,35,119.268059
53.228497,60,119.345933
50.317885,60,119.412937
56.388563,60,119.488812
43.405953,60,119.562268
55.367162,60,119.633193
50.354492,60,119.704592
53.96838,60,119.772001
53.807063,60,119.838484
49.794684,60,119.908401
54.897215,60,119.973824
53.7802,60,120.03728
56.570368,60,120.105232
28.155231,60,120.175632
52.332794,60,120.24548
53.354014,60,120.317319
53.204351,60,120.386819
53.989676,60,120.453272
55.017448,60,120.521842
48.247607,60,120.59072
54.420252,60,120.658205
55.493696,60,120.725331
46.576326,60,120.792287
56.446437,60,120.859662
54.855753,60,120.93212
37.369718,60,121.003102
54.305761,60,121.074083
28.465868,60,121.146046
55.629848,60,121.218021
38.672378,60,121.289316
54.827366,60,121.359702
34.944088,60,121.424196
49.347157,60,121.493169
53.818193,60,121.563729
43.151356,60,121.636654
55.829892,60,121.702764
55.487668,60,121.771861
55.267656,60,121.841387
54.199593,60,121.907713
46.982685,60,121.975112
55.69663,60,122.043059
54.514902,60,122.104499
55.923526,60,122.168398
55.192811,60,122.233797
56.710766,60,122.298738
45.060858,60,122.366014
46.677293,60,122.435999
54.776569,60,122.50046
55.292973,60,122.572025
53.998692,60,122.639819
47.260754,60,122.706755
51.446544,60,122.771607
51.89882,60,122.839467
47.292477,60,122.907055
45.492589,60,122.973016
47.570156,60,123.041914
47.235245,60,123.112927
46.023001,60,123.181897
55.688386,60,123.254827
48.367297,60,123.321126
56.786686,60,123.393647
12.013394,60,123.472155
37.228365,60,123.54514
53.069465,60,123.621073
50.538669,60,123.695586
51.235137,60,123.766504
12.118698,35,123.807749
53.959863,60,123.890477
54.890185,60,123.974998
50.054558,60,124.049006
51.122188,60,124.114849
50.911904,60,124.187253
54.295638,60,124.263328
39.725641,60,124.331119
53.923973,60,124.406623
53.411707,60,124.478086
43.673545,60,124.546566
51.395929,60,124.614531
56.867815,60,124.67986
38.980135,60,124.745445
56.28984,60,124.811844
48.081179,60,124.879798
53.718654,60,124.947375
36.115505,60,125.014802
56.252527,60,125.082758
49.169113,60,125.151509
53.749996,60,125.218016
50.299271,60,125.285847
53.618267,60,125.354324
44.811777,60,125.422693
52.490696,60,125.49484
49.656253,60,125.562745
53.746982,60,125.628599
53.774056,60,125.700567
56.198787,60,125.765894
51.09337,60,125.83351
55.766821,60,125.90645
55.814843,60,125.97177
55.893907,60,126.042102
56.05767,60,126.109453
55.122875,60,126.17843
54.870925,60,126.249224
56.354603,60,126.317209
54.550541,60,126.381719
55.780012,60,126.452707
56.004097,60,126.520078
49.866187,60,126.589515
47.232379,60,126.659163
56.083764,60,126.727605
54.700824,60,126.793971
56.656937,60,126.862831
56.299171,60,126.926717
56.136079,60,126.995242
19.310951,60,127.06711
56.574486,60,127.135544
55.417263,60,127.20311
43.65282,60,127.27054
46.156677,60,127.340913
43.328891,60,127.406268
17.374684,41,127.454115
53.159436,60,127.523041
56.564166,60,127.588572
54.905518,60,127.655088
56.880258,60,127.723578
52.967869,60,127.790657
36.138021,60,127.857543
56.616596,60,127.924949
55.183178,60,127.992712
56.229854,60,128.060154
56.119144,60,128.131616
55.344136,60,128.195187
40.043943,60,128.264641
55.055183,60,128.331014
55.277248,60,128.396183
54.51104,60,128.465697
48.176997,60,128.535064
56.400427,60,128.601503
52.259235,60,128.667892
30.780938,60,128.737817
56.241775,60,128.805811
51.577306,60,128.872706
50.981371,60,128.944185
50.70621,60,129.009598
56.273464,60,129.0765
55.962229,60,129.146411
45.567536,60,129.238493
55.687791,60,129.334194
55.854715,60,129.40723
48.820966,60,129.474998
55.552053,60,129.55384
35.057598,58,129.624608
53.396548,60,129.706651
23.433969,60,129.778104
39.832053,60,129.848479
47.319376,60,129.928696
56.580337,60,130.005278
52.859029,60,130.070336
36.613394,60,130.146356
13.290968,60,130.214268
53.049113,60,130.280693
37.167066,60,130.3496
48.85392,60,130.421568
22.289379,60,130.491704
53.255015,60,130.566599
47.968507,60,130.639628
52.259488,60,130.707077
55.657868,60,130.776036
55.052852,60,130.841906
51.616414,60,130.911916
56.61685,60,130.98733
52.502605,60,131.06131
56.903711,60,131.130614
55.651058,60,131.194531
27.896813,60,131.260579
26.003022,60,131.328052
54.332618,60,131.400442
52.068425,60,131.467665
53.916781,60,131.53158
55.372783,60,131.601135
54.55389,60,131.66947
56.850078,60,131.73531
37.65383,60,131.80276
55.119386,60,131.871732
55.32955,60,131.942651
50.838357,60,132.008027
47.436807,60,132.075942
41.293942,60,132.144399
54.361121,60,132.213958
55.778713,60,132.283282
55.809576,60,132.35273
55.490701,60,132.423786
52.633849,60,132.495757
47.201516,60,132.562612
47.731434,60,132.6306
49.605043,60,132.70055
48.271836,60,132.771854
47.773073,60,132.837403
49.72235,60,132.907866
34.807994,60,132.973655
53.928613,60,133.043566
56.043668,60,133.114669
48.701639,60,133.183683
18.479073,60,133.261045
13.194823,49,133.323037
55.902334,60,133.397275
52.255089,60,133.491418
55.20358,60,133.579859
49.955613,60,133.651564
57.231871,60,133.728486
55.958821,60,133.801484
32.744238,60,133.876059
28.023604,60,133.953431
52.812593,60,134.024928
52.86545,60,134.109405
55.765762,60,134.189758
54.98604,60,134.259697
52.383337,60,134.340318
56.181138,60,134.418304
52.841767,60,134.498304
34.155606,60,134.581258
55.722095,60,134.651544
48.605768,60,134.718621
52.352748,60,134.781745
56.166967,60,134.8491
50.722731,60,134.913401
54.019077,60,134.978785
54.237144,60,135.051217
53.535869,60,135.124955
54.619245,60,135.20344
51.943523,60,135.271833
42.631546,60,135.351924
38.38667,60,135.427983
20.922871,60,135.506869
54.969873,60,135.600485
55.935103,60,135.692595
55.605303,60,135.777776
46.57056,60,135.85824
45.052167,60,135.941213
56.352503,60,136.031769
11.637538,38,136.082594
55.653173,60,136.154735
40.022781,60,136.231789
44.091425,60,136.30274
53.806925,60,136.371664
52.94575,60,136.442658
47.153707,60,136.514696
53.051255,60,136.593157
49.583183,60,136.663677
56.427225,60,136.736524
55.05966,60,136.809125
56.521427,60,136.87605
55.241848,60,136.94592
52.587377,60,137.012836
46.643462,60,137.079284
39.692658,60,137.14523
57.446056,60,137.210112
55.570658,60,137.274297
56.775774,60,137.34065
51.269458,60,137.406224
52.832201,60,137.470303
55.877863,60,137.536165
57.298973,60,137.605522
25.130495,60,137.674532
56.162294,60,137.743426
56.261511,60,137.814902
56.115228,60,137.878203
55.569362,60,137.947968
47.734829,60,138.01369
55.900274,60,138.087408
56.946737,60,138.155811
52.67642,60,138.219369
30.150406,60,138.289078
54.14903,60,138.360775
55.156988,60,138.432125
47.954269,60,138.499616
50.284514,60,138.571104
55.595082,60,138.646164
53.940485,60,138.717425
55.548984,60,138.788385
56.957812,60,138.858855
56.153624,60,138.926745
54.205987,60,138.995248
47.062917,60,139.065447
47.636164,60,139.137754
56.14261,60,139.209716
57.337462,60,139.281648
55.540256,60,139.346023
56.543083,60,139.413787
43.278491,60,139.485533
56.336998,60,139.553938
21.017275,60,139.623877
55.688768,60,139.694434
54.29367,60,139.763371
52.907083,60,139.836437
46.985678,60,139.912567
56.074437,60,139.983085
55.742553,60,140.048872
49.477837,60,140.117748
49.137536,60,140.185787
55.925746,60,140.253378
53.393378,60,140.32081
53.609786,60,140.388648
54.293061,60,140.453625
56.408802,60,140.519108
56.587501,60,140.591152
55.961893,60,140.66169
55.724223,60,140.735371
56.723669,60,140.805861
33.229809,60,140.878333
57.302681,60,140.948186
39.532208,60,141.01623
56.546821,60,141.086825
56.052964,60,141.151284
53.39521,60,141.221559
56.404427,60,141.294057
53.730539,60,141.358126
54.040516,60,141.42859
56.547992,60,141.49849
48.695227,60,141.566574
15.337061,60,141.636064
55.931692,60,141.704991
55.424685,60,141.777416
14.659958,60,141.848859
55.368808,60,141.91685
55.763461,60,141.990824
56.368952,60,142.059808
56.457092,60,142.127267
49.248745,60,142.194206
48.193318,60,142.262678
39.350625,60,142.336003
57.312314,60,142.405358
56.318626,60,142.469949
53.408645,60,142.539384
51.997622,60,142.608356
48.329255,60,142.677505
29.446479,60,142.740841
52.611227,60,142.804412
51.444166,60,142.866383
56.585997,60,142.934739
56.605481,60,142.999585
45.699573,60,143.068031
57.201762,60,143.133268
57.032703,60,143.199781
50.252777,60,143.269709
54.893126,60,143.337184
56.575338,60,143.404116
54.789073,60,143.471671
56.642458,60,143.543478
55.811027,60,143.609216
53.757726,60,143.678782
57.194427,60,143.749238
56.456994,60,143.821657
52.627837,60,143.889689
55.077404,60,143.959242
56.452588,60,144.0296
56.182491,60,144.100897
56.352774,60,144.176183
55.114289,60,144.249184
45.766264,60,144.323706
55.487734,60,144.399727
56.366588,60,144.495474
56.700449,60,144.567469
56.193862,60,144.635967
47.439116,60,144.700434
49.301697,60,144.76525
55.219232,60,144.829171
55.324955,60,144.892586
54.940433,60,144.960508
16.706725,60,145.025384
57.130454,60,145.093787
56.289982,60,145.164565
18.432359,60,145.232912
56.153931,60,145.303477
57.53304,60,145.36995
56.944903,60,145.436389
56.354119,60,145.503654
34.285756,60,145.57163
57.176367,60,145.673203
56.186739,60,145.744693
35.605844,60,145.819178
55.770489,60,145.888595
56.052595,60,145.958081
45.378596,60,146.029494
57.173456,60,146.098855
52.559666,60,146.169895
56.13189,60,146.239791
17.268837,58,146.306601
54.174836,60,146.374641
50.037093,60,146.446494
55.93992,60,146.516588
56.969909,60,146.581577
32.442745,60,146.649072
42.775523,60,146.716037
20.301075,48,146.767862
56.320707,60,146.832292
55.924553,60,146.899843
51.789743,60,146.965757
15.703656,58,147.030566
57.765354,60,147.097014
55.3421,60,147.162319
56.982631,60,147.229039
57.653877,60,147.298525
57.463185,60,147.363413
38.557586,60,147.434848
57.631967,60,147.50564
47.16368,60,147.571634
56.71228,60,147.638635
53.482008,60,147.711598
55.708041,60,147.777832
51.241219,60,147.840256
55.94073,60,147.913265
56.753272,60,147.982236
47.45838,60,148.047798
44.789577,60,148.118301
56.042949,60,148.184687
56.593509,60,148.251563
54.290616,60,148.323051
56.952361,60,148.390981
56.569216,60,148.456843
57.369555,60,148.522758
42.108202,60,148.591185
54.359856,60,148.662327
57.327234,60,148.730396
56.584684,60,148.800751
56.204599,60,148.86666
56.314594,60,148.931613
56.338542,60,148.99702
42.408617,60,149.060268
57.074758,60,149.125685
49.742761,60,149.188502
56.428027,60,149.251458
49.375472,60,149.315729
53.247015,60,149.384247
54.648902,60,149.453697
56.28516,60,149.527643
45.197723,60,149.596623
56.049837,60,149.663362
56.4,60,149.72946
56.7858,60,149.797298
24.519388,60,149.865731
57.379436,60,149.935198
56.006532,60,150.006512
57.215187,60,150.0714
51.228276,60,150.138867
53.586658,60,150.209638
52.093812,60,150.276546
56.964552,60,150.343485
58.366663,60,150.413345
56.130693,60,150.479655
57.797393,60,150.553629
57.410078,60,150.623187
55.848029,60,150.693175
54.57379,60,150.761574
57.650987,60,150.829478
57.038412,60,150.897483
57.23231,60,150.964314
56.382653,60,151.033832
56.822766,60,151.103767
57.15,60,151.171995
55.638557,60,151.237638
57.314779,60,151.308759
32.918862,60,151.374786
47.513541,60,151.444262
56.646665,60,151.513854
56.415776,60,151.581319
35.713678,60,151.649724
56.789824,60,151.7181
56.578601,60,151.784819
46.977054,60,151.851155
51.424485,60,151.92363
56.066978,60,151.99149
57.707783,60,152.06234
51.765007,60,152.13239
55.818413,60,152.199315
57.023156,60,152.267262
47.250424,60,152.338878
47.215218,60,152.406774
50.983089,60,152.478151
57.046249,60,152.546589
29.553255,60,152.61454
53.931577,60,152.686623
56.790292,60,152.759673
50.455592,60,152.83069
57.307093,60,152.897076
52.140814,60,152.965022
23.411082,60,153.0334
56.503836,60,153.099266
56.356568,60,153.165642
44.496207,60,153.232203
56.681345,60,153.30261
58.840514,60,153.369957
37.908885,60,153.43685
3.607807,27,153.465003
57.452745,60,153.546393
56.6,60,153.614211
56.043847,60,153.681668
57.356788,60,153.752131
56.441271,60,153.819051
56.636365,60,153.888384
37.465398,60,153.957337
57.842884,60,154.027239
56.014402,60,154.094974
56.769285,60,154.164747
56.040529,60,154.23313
47.095156,60,154.307059
55.849878,60,154.381057
57.301302,60,154.450043
56.901351,60,154.519421
26.568574,60,154.590877
55.846537,60,154.654705
46.48223,60,154.725675
57.53162,60,154.794139
57.373683,60,154.864069
57.31717,60,154.934541
57.366997,60,155.002468
54.797095,60,155.069445
55.939121,60,155.134731
44.69365,60,155.202492
56.568879,60,155.269795
51.811513,60,155.338024
53.96371,60,155.404899
53.638945,60,155.469772
55.258708,60,155.535751
56.849391,60,155.606926
56.840556,60,155.676341
56.003085,60,155.743224
56.166274,60,155.816675
55.959206,60,155.885469
41.279867,60,155.953349
32.966338,60,156.019928
56.488598,60,156.087861
50.713676,60,156.155335
55.769069,60,156.22491
56.682763,60,156.292371
54.328392,60,156.360351
55.829572,60,156.432189
57.084326,60,156.500599
57.49499,60,156.568563
56.973749,60,156.637012
48.511482,60,156.706618
57.356658,60,156.776568
35.005525,60,156.850214
56.15334,60,156.917304
48.068167,60,156.986734
57.170678,60,157.058083
56.691828,60,157.126514
55.394998,60,157.189594
52.479337,60,157.257019
57.532422,60,157.324961
55.523188,60,157.392278
56.762935,60,157.460059
54.495106,60,157.525446
56.004727,60,157.591489
56.100927,60,157.659347
13.990321,38,157.701025
51.839897,60,157.765798
55.179946,60,157.838297
36.77315,60,157.906802
56.159143,60,157.972213
55.014641,60,158.040596
57.010606,60,158.10969
55.9161,60,158.177207
34.979727,60,158.240091
55.730164,60,158.307486
55.452511,60,158.375144
54.888668,60,158.438977
12.08549,35,158.482874
57.730919,60,158.552306
57.001975,60,158.619169
56.911668,60,158.691127
56.952101,60,158.758084
43.118863,60,158.825684
56.426576,60,158.892455
22.619102,60,158.962051
57.180041,60,159.025988
52.127276,60,159.095146
56.223703,60,159.162063
56.955984,60,159.229125
47.485129,60,159.299499
55.769116,60,159.36493
56.175518,60,159.431316
50.648265,60,159.498756
25.648682,50,159.554083
56.285473,60,159.619917
27.651708,60,159.683129
28.148828,60,159.752162
55.389648,60,159.819192
54.715373,60,159.889244
56.624002,60,159.955757
53.662398,60,160.023308
56.722061,60,160.089793
52.480805,60,160.154869
49.391543,60,160.221087
53.980397,60,160.289714
54.182795,60,160.359413
55.400921,60,160.426843
48.927283,60,160.494809
51.834033,60,160.562832
56.973785,60,160.62938
45.691993,60,160.696309
52.668673,60,160.767393
44.969272,60,160.836298
55.038413,60,160.905147
55.315937,60,160.977075
51.849641,60,161.048995
40.521615,60,161.117976
57.354823,60,161.1854
57.256247,60,161.252091
52.856821,60,161.318842
56.632844,60,161.385721
50.689815,60,161.451034
56.786602,60,161.518741
56.081385,60,161.58472
56.407082,60,161.64691
47.386524,60,161.710732
56.439214,60,161.778554
57.266568,60,161.849102
55.89649,60,161.916188
55.019185,60,161.984132
56.245338,60,162.05308
57.336738,60,162.117471
53.746948,60,162.181325
56.305212,60,162.248822
56.755005,60,162.318743
57.636973,60,162.38493
56.646397,60,162.455367
46.110981,60,162.525459
30.332066,60,162.590413
56.771334,60,162.660976
36.719099,60,162.729542
22.479186,56,162.790447
57.174826,60,162.861003
55.616784,60,162.925385
56.506625,60,162.998222
47.36751,60,163.066273
36.701224,60,163.136769
52.88715,60,163.201893
42.859726,60,163.270329
55.379421,60,163.339765
50.516548,60,163.406595
55.216609,60,163.470979
56.00035,60,163.536425
57.471785,60,163.604397
47.32874,60,163.669859
48.621205,60,163.737341
58.363037,60,163.80371
56.667944,60,163.866565
56.730247,60,163.933074
56.879144,60,164.001945
53.870193,60,164.067269
56.622688,60,164.135241
54.102155,60,164.205153
56.9105,60,164.272167
54.696715,60,164.339689
56.399526,60,164.410261
56.644823,60,164.474813
56.621724,60,164.545316
54.939308,60,164.615572
55.149884,60,164.681958
56.959941,60,164.754387
56.767415,60,164.823827
55.389638,60,164.894256
53.217899,60,164.961321
55.48566,60,165.028608
57.002645,60,165.098427
56.202462,60,165.16505
56.708208,60,165.239964
56.794614,60,165.307855
54.796884,60,165.375825
56.872177,60,165.443342
56.859965,60,165.510816
57.020136,60,165.577163
56.453716,60,165.643114
56.41694,60,165.712586
56.281397,60,165.779394
57.416659,60,165.849178
57.139637,60,165.918118
48.496558,60,165.983635
31.514741,58,166.046432
53.977751,60,166.111979
56.575073,60,166.184006
55.040801,60,166.251886
56.930778,60,166.318833
58.184947,60,166.386718
55.142807,60,166.454192
56.912877,60,166.524111
50.428809,60,166.590965
56.631585,60,166.65995
57.011748,60,166.727841
56.476729,60,166.792466
57.171657,60,166.860924
12.715803,35,166.899795
56.70864,60,166.967727
57.529446,60,167.040174
48.309996,60,167.109705
56.426463,60,167.178658
56.788511,60,167.2438
57.184667,60,167.313294
12.638694,51,167.370946
56.123969,60,167.439166
31.068275,60,167.506038
55.031309,60,167.574014
55.406487,60,167.640915
57.015819,60,167.709853
56.125623,60,167.776245
56.793317,60,167.842699
57.220858,60,167.909946
52.471877,60,167.976484
55.623919,60,168.041246
56.989806,60,168.112048
40.925865,60,168.182722
57.660419,60,168.252376
56.344581,60,168.321861
55.988259,60,168.388799
57.043686,60,168.458238
57.6254,60,168.526596
56.745933,60,168.594463
47.388183,60,168.659863
5.811736,36,168.701626
51.86042,60,168.771988
56.463406,60,168.840417
57.191875,60,168.910337
56.474579,60,168.980756
56.065106,60,169.045692
54.282221,60,169.114215
54.873917,60,169.180579
55.892045,60,169.247906
48.624298,60,169.318006
50.910884,60,169.387443
20.637613,60,169.456473
56.6674,60,169.528014
54.422579,60,169.595318
54.265555,60,169.656753
57.194203,60,169.720409
56.100288,60,169.786003
55.456934,60,169.852962
56.812571,60,169.919314
56.632765,60,169.985698
56.698388,60,170.051085
50.410641,60,170.114844
55.858188,60,170.180286
53.075111,60,170.246202
53.433838,60,170.313609
56.04491,60,170.384134
56.133478,60,170.450631
55.010748,60,170.520103
46.632825,60,170.586552
57.140235,60,170.653029
46.142501,60,170.723589
42.78991,60,170.793061
55.836592,60,170.866894
40.313715,60,170.935435
35.448918,60,171.000886
41.871593,60,171.070917
29.214139,60,171.138826
56.941034,60,171.208919
57.64481,60,171.278865
47.978849,60,171.347198
48.323554,60,171.416645
34.799801,60,171.484179
56.338319,60,171.553124
55.743977,60,171.617064
45.5248,60,171.684481
57.980286,60,171.750572
49.381129,60,171.818428
56.710544,60,171.88548
56.756973,60,171.954411
55.952305,60,172.020874
57.514393,60,172.085253
53.572895,60,172.150661
56.339843,60,172.218974
53.994349,60,172.289677
57.531945,60,172.361647
52.758106,60,172.42749
53.529197,60,172.500884
56.250158,60,172.56865
49.824493,60,172.634173
56.917468,60,172.701181
56.784866,60,172.770385
55.272512,60,172.838412
53.812591,60,172.906947
49.042471,60,172.977911
43.045346,60,173.044795
55.010883,60,173.113765
57.107424,60,173.183384
57.154425,60,173.247886
36.407286,60,173.321517
56.285837,60,173.387469
55.910041,60,173.45494
36.701993,60,173.525423
53.961287,60,173.593457
10.754833,55,173.655368
54.564441,60,173.722766
55.950386,60,173.791799
50.61979,60,173.857828
34.600406,60,173.926178
57.496661,60,173.992589
53.382562,60,174.058554
56.268959,60,174.123907
52.192851,60,174.192735
39.410398,60,174.257606
56.462675,60,174.32263
50.660496,60,174.394188
56.577463,60,174.465631
57.206219,60,174.535637
55.504879,60,174.604581
53.704897,60,174.670293
14.341855,60,174.734562
55.004264,60,174.799756
56.719138,60,174.8697
56.083413,60,174.936771
56.203321,60,175.006361
56.367864,60,175.07519
56.460888,60,175.142223
56.651915,60,175.209721
42.943199,60,175.277649
56.617925,60,175.344049
56.504158,60,175.414335
44.592233,60,175.483705
34.463267,60,175.550734
52.951484,60,175.618757
50.351088,60,175.695276
57.048408,60,175.767216
56.101713,60,175.837219
57.913931,60,175.905586
35.614161,60,175.974411
57.056015,60,176.040788
56.621285,60,176.105823
48.361776,60,176.16827
51.651442,60,176.238245
43.62153,60,176.303645
56.478532,60,176.370575
56.651955,60,176.439481
55.841599,60,176.50772
55.609646,60,176.576219
56.665196,60,176.660205
55.94587,60,176.741824
43.49678,60,176.82932
53.756835,60,176.913282
52.17662,60,176.992227
54.6316,60,177.072206
46.564426,60,177.150215
55.314946,60,177.248301
57.387932,60,177.330968
56.120173,60,177.42988
53.538915,60,177.512491
54.894122,60,177.624503
56.658737,60,177.713761
56.403898,60,177.793235
42.681501,60,177.878226
52.848608,60,177.963203
56.108465,60,178.046184
48.778444,60,178.122174
57.576861,60,178.196599
44.504313,60,178.265865
52.092572,60,178.329129
56.253791,60,178.397708
56.694085,60,178.463627
55.185593,60,178.530086
56.4625,60,178.595176
52.358822,60,178.658702
53.70075,60,178.72557
35.195993,60,178.792766
56.325888,60,178.860242
56.919328,60,178.9206
56.642747,60,178.992497
57.037411,60,179.058861
57.024148,60,179.122027
49.059729,60,179.181018
56.087269,60,179.247858
55.609272,60,179.315273
56.545605,60,179.382644
56.005968,60,179.445604
56.013641,60,179.508955
57.30084,60,179.576892
54.128892,60,179.64535
56.459684,60,179.709221
53.724518,60,179.776974
55.043126,60,179.841155
54.77721,60,179.910191
56.262831,60,179.97861
55.739335,60,180.048128
54.113995,60,180.113641
57.198667,60,180.175603
53.504187,60,180.240057
57.101637,60,180.306341
48.59836,60,180.370838
56.490429,60,180.437881
55.675658,60,180.502651
57.00954,60,180.563511
57.476066,60,180.625001
27.066787,53,180.676986
44.228056,60,180.739921
55.739669,60,180.800766
56.643594,60,180.859542
57.555029,60,180.918841
57.566467,60,180.97964
50.72138,60,181.044548
56.556482,60,181.109567
52.157158,60,181.166478
55.854963,60,181.225384
56.131972,60,181.279997
44.468112,60,181.334971
31.788988,60,181.398941
56.644603,60,181.464615
56.42095,60,181.521906
53.892766,60,181.584278
49.114812,60,181.638473
43.167842,60,181.70195
48.779691,60,181.762325
54.228318,60,181.816061
49.285643,60,181.883466
57.8807,60,181.947321
48.320693,60,182.008594
57.242882,60,182.068878
55.271167,60,182.130316
56.861977,60,182.194052
56.988562,60,182.248946
49.443961,60,182.324879
55.40623,60,182.383339
53.489565,60,182.449663
57.815722,60,182.518482
57.49359,60,182.582392
53.184556,60,182.636247
23.316722,60,182.700056
41.769819,60,182.760604
56.597288,60,182.835032
57.909975,60,182.900613
55.148427,60,182.966617
41.788105,60,183.029969
32.296549,60,183.109344
30.141792,60,183.191849
54.258672,60,183.279377
55.650879,60,183.35589
57.498889,60,183.425301
57.306244,60,183.514954
57.083053,60,183.594313
48.415688,60,183.673913
49.367195,60,183.770842
56.828059,60,183.860921
57.413802,60,183.944528
52.531517,60,184.024185
55.400517,60,184.097831
57.221331,60,184.178169
56.713765,60,184.288267
30.122735,60,184.393888
55.778083,60,184.481938
56.97764,60,184.562536
56.878128,60,184.631921
55.304374,60,184.699232
54.965455,60,184.767522
52.467265,60,184.840393
57.281431,60,184.912935
56.086652,60,184.975843
33.837718,60,185.043324
51.332552,60,185.107624
53.778664,60,185.172541
56.343052,60,185.239389
48.184074,60,185.308897
42.359976,60,185.396827
56.125498,60,185.462622
56.282634,60,185.532464
53.939782,60,185.595717
56.013646,60,185.680617
51.929989,60,185.760174
55.156396,60,185.830254
37.058727,60,185.906144
56.010301,60,185.981823
57.314643,60,186.05933
56.908436,60,186.139803
56.611391,60,186.212724
57.001314,60,186.307319
48.187274,60,186.375337
56.483656,60,186.444817
55.713955,60,186.515182
57.130022,60,186.585991
50.632748,60,186.656785
55.748535,60,186.729306
56.45364,60,186.796266
31.385874,53,186.853134
57.885308,60,186.91752
57.308054,60,186.973936
56.447154,60,187.034796
43.884779,60,187.097816
38.281221,60,187.182249
57.716101,60,187.280484
50.204286,60,187.384269
56.997695,60,187.476217
42.869571,60,187.5639
57.17431,60,187.666749
55.594284,60,187.748737
56.708213,60,187.837297
41.701243,60,187.915039
49.734699,60,188.000513
57.171512,60,188.078471
56.872913,60,188.157423
56.724458,60,188.247076
56.542083,60,188.325735
56.753934,60,188.408335
58.05123,60,188.496432
57.50628,60,188.579027
8.098552,33,188.622809
56.117993,60,188.704518
57.116262,60,188.78598
55.509416,60,188.85956
57.571014,60,188.936496
56.512606,60,189.0071
45.899283,60,189.089392
56.422319,60,189.165335
56.32306,60,189.239716
51.948498,60,189.319231
52.909081,60,189.393943
56.019787,60,189.468309
41.337702,60,189.548849
56.62818,60,189.624877
56.635764,60,189.70084
56.418591,60,189.798083
54.344855,60,189.895741
56.977541,60,189.970689
55.864418,60,190.037545
56.004377,60,190.11457
53.817009,60,190.18727
29.01238,60,190.25979
48.494643,60,190.335349
56.785025,60,190.417454
50.472024,60,190.505547
56.959694,60,190.587792
24.443908,60,190.661731
56.619533,60,190.740031
57.358786,60,190.818098
57.290986,60,190.88934
56.336405,60,190.963166
56.952416,60,191.031588
55.870714,60,191.105068
48.413365,60,191.185117
56.51216,60,191.257097
57.811756,60,191.318476
57.254768,60,191.387022
30.142195,60,191.447428
53.712588,60,191.515932
15.975012,47,191.5719
45.323816,60,191.654854
52.135563,60,191.73487
56.592636,60,191.81332
56.285719,60,191.884759
53.302122,60,191.957334
49.086492,60,192.028913
56.78941,60,192.090287
49.217715,60,192.153136
57.015607,60,192.22305
44.312373,60,192.297545
49.750712,60,192.373741
54.630216,60,192.460466
42.697962,60,192.537154
55.661807,60,192.638296
43.154288,60,192.71284
53.61439,60,192.791737
56.19502,60,192.865544
37.076436,60,192.956983
50.013248,60,193.038572
31.978136,60,193.131346
57.45341,60,193.213974
54.593542,60,193.29394
57.524838,60,193.373119
36.125378,60,193.460756
14.446597,60,193.597476
57.301025,60,193.719736
56.50871,60,193.812726
54.384077,60,193.9042
43.752058,60,193.993215
57.064798,60,194.070691
55.8596,60,194.156742
56.447487,60,194.238794
55.81709,60,194.326403
50.480121,60,194.407981
56.317679,60,194.488837
56.58962,60,194.569352
49.809767,60,194.645306
56.402839,60,194.729189
42.337462,60,194.806073
57.289471,60,194.888111
56.02746,60,194.968726
56.376289,60,195.049912
56.361435,60,195.128504
56.729615,60,195.207596
49.115978,60,195.287118
57.31829,60,195.366925
56.21225,60,195.45842
56.878879,60,195.536931
57.959018,60,195.620401
51.374307,60,195.699697
57.245227,60,195.780591
56.639395,60,195.8651
56.779341,60,195.944571
53.71124,60,196.027669
15.492476,60,196.105616
35.118221,60,196.193401
27.107297,60,196.273833
56.622265,60,196.353219
56.338857,60,196.433626
54.025734,60,196.505321
55.988054,60,196.580565
56.454692,60,196.655082
56.593669,60,196.730635
45.869793,60,196.819074
57.015172,60,196.904086
50.413077,60,196.980677
33.771283,60,197.070384
56.832007,60,197.168457
51.597752,60,197.253447
53.387385,60,197.347713
40.598466,60,197.464405
54.295416,60,197.56396
57.209728,60,197.664392
54.793113,60,197.773138
25.680577,52,197.853896
56.532513,60,197.957119
56.616715,60,198.059226
56.63689,60,198.151988
56.165773,60,198.260613
51.980066,60,198.362324
56.774863,60,198.462516
56.245289,60,198.565181
50.439975,60,198.673965
56.699651,60,198.764885
56.229793,60,198.859064
56.754451,60,198.963052
56.86379,60,199.052611
56.269849,60,199.140496
24.223116,60,199.226019
54.188059,60,199.310635
56.402033,60,199.404219
54.244376,60,199.486535
28.83313,60,199.578488
50.07158,60,199.669418
57.119858,60,199.754439
53.752586,60,199.836496
51.926252,60,199.928103
52.182691,60,200.018612
57.0884,60,200.108705
50.076009,60,200.200412
24.721046,60,200.285517
13.098649,39,200.343267
54.248717,60,200.437242
58.120047,60,200.525311
45.099834,60,200.611367
57.12735,60,200.700079
48.185958,60,200.781028
17.468188,42,200.843942
56.210958,60,200.929737
42.601108,60,201.017337
57.200688,60,201.099399
56.420665,60,201.184973
56.408409,60,201.274479
55.366857,60,201.344987
54.099066,60,201.426666
57.235974,60,201.509239
57.066991,60,201.58812
57.835839,60,201.667631
49.738878,60,201.756057
56.077918,60,201.840998
54.696996,60,201.934046
56.186493,60,202.025243
57.077841,60,202.107836
56.197317,60,202.192001
56.955038,60,202.283599
56.724164,60,202.373683
56.531486,60,202.457633
55.806507,60,202.545498
56.112431,60,202.624086
56.840595,60,202.715214
58.047125,60,202.799393
56.338871,60,202.877967
57.246763,60,202.972472
56.678064,60,203.05403
56.047573,60,203.141218
46.558616,60,203.226977
56.094335,60,203.322274
57.558227,60,203.405128
55.186265,60,203.497108
56.68519,60,203.591149
56.341863,60,203.670557
57.178454,60,203.754108
55.848088,60,203.831998
56.896161,60,203.9098
6.840609,43,203.968515
54.738653,60,204.050144
57.66524,60,204.130183
46.904096,60,204.216679
55.488485,60,204.305446
55.251217,60,204.385912
55.612694,60,204.464841
33.69312,60,204.549787
55.993593,60,204.634973
49.378762,60,204.726496
56.484185,60,204.815221
57.412202,60,204.898847
50.765607,60,204.991531
56.008193,60,205.072981
56.643486,60,205.159554
55.15489,60,205.243785
50.968692,60,205.327174
57.690212,60,205.411276
56.564956,60,205.503435
56.25658,60,205.589591
57.071144,60,205.670248
57.368303,60,205.755746
52.152415,60,205.834366
46.56359,60,205.916319
56.242758,60,205.995711
55.508066,60,206.076815
32.113314,60,206.158187
40.943878,60,206.239589
43.903868,60,206.336226
42.779108,60,206.423777
51.065163,60,206.518121
56.876574,60,206.60379
25.103335,60,206.682791
56.066666,60,206.763839
20.104553,60,206.843754
56.325541,60,206.923795
44.079016,60,207.012839
55.962029,60,207.096344
53.694581,60,207.176967
54.543805,60,207.267527
51.67905,60,207.352029
24.950959,60,207.440094
25.838756,60,207.526136
24.99066,60,207.60608
56.165942,60,207.694221
56.533812,60,207.777715
55.703033,60,207.863833
49.615583,60,207.94634
55.953907,60,208.031393
48.441938,60,208.111448
57.135951,60,208.187941
56.457263,60,208.266084
56.216779,60,208.34511
58.283602,60,208.424299
57.585579,60,208.50011
56.482614,60,208.58852
53.218324,60,208.66693
56.646981,60,208.756071
56.307243,60,208.839158
57.52934,60,208.92131
53.851041,60,209.032331
56.503043,60,209.164773
56.361145,60,209.242822
56.695574,60,209.329811
46.22808,60,209.414412
57.368397,60,209.500155
30.1612,60,209.590253
22.049004,60,209.680369
43.93031,60,209.793658
57.257208,60,209.885327
56.824477,60,209.977807
53.571386,60,210.072465
54.631933,60,210.170068
10.626767,32,210.228432
30.423621,57,210.32522
57.386707,60,210.436994
56.911639,60,210.560295
56.998638,60,210.64987
45.756926,60,210.752513
57.300939,60,210.840039
50.900669,60,210.935538
55.744119,60,211.021812
56.929031,60,211.119507
56.330058,60,211.223205
49.140491,60,211.308788
56.892928,60,211.397379
57.854003,60,211.479952
56.88729,60,211.571021
48.137601,60,211.656155
56.419464,60,211.741287
55.226334,60,211.833871
56.587054,60,211.933032
56.536448,60,212.02001
56.694692,60,212.103231
56.944526,60,212.19522
51.021926,60,212.275738
55.651327,60,212.361817
19.301085,44,212.42702
29.241143,60,212.519089
54.739446,60,212.604234
50.367334,60,212.68674
56.014589,60,212.774297
52.476431,60,212.851805
56.818518,60,212.935906
36.997073,60,213.019888
55.806534,60,213.104495
56.10636,60,213.178905
53.274992,60,213.265121
56.66895,60,213.347713
55.530465,60,213.433823
53.765398,60,213.519823
56.52459,60,213.600881
57.946981,60,213.686054
57.744101,60,213.78253
52.879056,60,213.871452
56.056268,60,213.968927
57.067981,60,214.06862
57.797662,60,214.216551
57.901628,60,214.311644
55.634581,60,214.406579
55.082167,60,214.520272
57.666779,60,214.626451
57.052976,60,214.717067
56.925788,60,214.807278
57.129968,60,214.907002
56.189664,60,215.004425
57.101081,60,215.098938
54.019868,60,215.194175
54.203867,60,215.283683
57.176175,60,215.379197
51.233072,60,215.464096
52.133304,60,215.550173
57.356724,60,215.634302
31.962121,60,215.728732
57.272591,60,215.817666
38.463978,60,215.917553
51.342808,60,216.018581
54.997447,60,216.110211
47.417164,60,216.198222
54.218311,60,216.288867
57.324163,60,216.368824
56.878515,60,216.46694
57.512569,60,216.549133
56.281582,60,216.634635
55.406589,60,216.721322
56.762738,60,216.801823
56.284583,60,216.888344
56.392217,60,216.972341
56.82615,60,217.053916
56.923322,60,217.139871
57.041446,60,217.230954
58.07258,60,217.316469
51.566541,60,217.39688
56.865113,60,217.474354
57.169625,60,217.555652
56.383636,60,217.63209
56.134873,60,217.708849
57.184239,60,217.789393
51.110428,60,217.868499
56.911857,60,217.953031
54.725471,60,218.038685
53.779066,60,218.120181
46.219107,60,218.208233
50.493995,60,218.293225
56.734943,60,218.37554
56.25,60,218.45224
49.92096,60,218.536314
55.370027,60,218.616309
14.621719,37,218.668134
57.677596,60,218.756301
35.354414,60,218.839773
21.917639,60,218.926323
56.878909,60,219.013364
57.572796,60,219.09626
56.647801,60,219.179908
55.908113,60,219.262243
56.742207,60,219.347911
57.083671,60,219.432424
46.710613,60,219.522454
56.933286,60,219.603327
55.445816,60,219.687797
57.301639,60,219.765826
49.205202,60,219.844795
46.124419,60,219.920089
56.819701,60,219.997585
50.441298,60,220.075003
56.964732,60,220.151339
57.371009,60,220.236783
55.98549,60,220.318762
56.081023,60,220.39677
42.505197,60,220.484526
55.280367,60,220.566499
56.667941,60,220.642879
56.336715,60,220.728073
56.241068,60,220.809077
54.735493,60,220.889402
56.532158,60,220.979036
51.090472,60,221.066127
31.675684,60,221.15757
55.698826,60,221.241957
56.389948,60,221.327
55.722116,60,221.418525
55.915232,60,221.50848
31.527422,60,221.594504
57.646171,60,221.678262
56.82408,60,221.764629
57.417612,60,221.844979
57.631253,60,221.930094
57.030749,60,222.00965
31.816218,60,222.089639
55.313716,60,222.16464
54.968179,60,222.245218
57.435379,60,222.325214
32.07905,60,222.405707
35.265368,60,222.488118
57.434172,60,222.570155
55.727526,60,222.65868
55.098433,60,222.749142
56.885586,60,222.83255
57.168424,60,222.912857
53.715409,60,222.999957
55.424477,60,223.084079
56.509854,60,223.171113
53.747233,60,223.264741
56.259473,60,223.346232
52.565327,60,223.441705
55.932045,60,223.527102
55.639167,60,223.61961
56.528042,60,223.713959
56.898095,60,223.80779
28.807352,60,223.896205
32.356268,60,223.991912
30.669627,60,224.075952
56.568122,60,224.160903
53.737307,60,224.255531
53.14962,60,224.341119
56.8,60,224.428526
57.051548,60,224.509731
56.3,60,224.589799
57.754696,60,224.6699
54.908417,60,224.751017
57.223777,60,224.835046
56.512067,60,224.918617
56.664182,60,225.008382
54.848451,60,225.088852
57.335482,60,225.17323
48.800657,60,225.249654
57.605576,60,225.334752
57.406468,60,225.418707
55.05133,60,225.509283
56.270048,60,225.586828
56.147062,60,225.672808
50.468813,60,225.757165
53.939537,60,225.839143
53.463826,60,225.930426
47.529289,60,226.012428
54.783401,60,226.099447
56.422525,60,226.179975
55.114075,60,226.27005
55.879781,60,226.357689
56.463452,60,226.437119
11.807492,58,226.522182
56.958272,60,226.599622
56.907876,60,226.677536
54.471659,60,226.757957
22.481433,52,226.831347
56.186561,60,226.909876
56.880008,60,227.00082
23.398551,50,227.065551
56.50415,60,227.146541
56.580839,60,227.237013
41.450695,60,227.320009
56.722014,60,227.407096
54.092492,60,227.490621
56.800401,60,227.576336
56.419773,60,227.656266
41.976754,60,227.748748
56.348714,60,227.83066
41.633822,60,227.909697
56.020257,60,227.999135
56.167755,60,228.080775
53.737544,60,228.167794
55.448336,60,228.248745
57.121125,60,228.331839
44.104265,60,228.412935
57.142795,60,228.499863
56.685443,60,228.585748
56.308785,60,228.669243
57.183785,60,228.753903
49.752892,60,228.831931
55.809529,60,228.908946
56.239903,60,228.988551
40.475242,60,229.06609
56.105759,60,229.142623
30.966242,60,229.225062
58.166555,60,229.309743
46.225241,60,229.393544
52.887091,60,229.477993
54.291453,60,229.563754
56.513559,60,229.645295
57.508855,60,229.721761
57.28621,60,229.805872
49.546165,60,229.889429
41.804689,60,229.978483
49.757809,60,230.06744
42.251341,60,230.150533
56.79192,60,230.238679
55.843364,60,230.321463
56.895802,60,230.407515
56.492115,60,230.496616
53.773401,60,230.575426
57.079585,60,230.65814
55.291112,60,230.749565
56.873142,60,230.842723
56.127889,60,230.929812
54.056998,60,231.022464
56.384813,60,231.102031
54.360602,60,231.182248
49.82897,60,231.263829
56.523578,60,231.344277
56.995425,60,231.419339
46.06391,60,231.502872
56.61925,60,231.59235
56.956679,60,231.673835
56.536415,60,231.765024
56.539588,60,231.851203
56.18579,60,231.933979
54.7906,60,232.013566
56.744285,60,232.094138
57.766598,60,232.174136
36.760622,60,232.261749
55.087143,60,232.347833
55.806165,60,232.429871
57.052514,60,232.519862
58.007525,60,232.601148
50.66394,60,232.688462
51.594834,60,232.778013
57.170791,60,232.864084
56.783616,60,232.955239
47.875564,60,233.045938
56.815574,60,233.132027
30.555245,60,233.213127
56.815099,60,233.298667
41.768863,60,233.376101
48.842083,60,233.457293
57.666653,60,233.535409
55.978899,60,233.612363
16.896176,60,233.686888
54.981997,60,233.764893
57.91328,60,233.848937
52.639755,60,233.933614
57.435295,60,234.024611
56.8,60,234.106932
50.260863,60,234.191939
55.131418,60,234.271025
56.465843,60,234.356067
57.327415,60,234.434973
45.383174,60,234.520531
56.802164,60,234.606102
55.004368,60,234.687913
56.15942,60,234.775866
55.545773,60,234.861433
56.269732,60,234.953829
53.894069,60,235.037894
46.260123,60,235.119421
55.979205,60,235.204435
56.326677,60,235.293568
57.616078,60,235.380858
56.16324,60,235.460116
56.562981,60,235.543335
45.781368,60,235.621588
25.433599,60,235.700351
56.714652,60,235.781419
57.747472,60,235.862042
52.739667,60,235.943554
56.186435,60,236.029051
30.459989,60,236.114156
57.14293,60,236.197744
56.609934,60,236.289129
54.196947,60,236.373947
57.091411,60,236.455776
54.989987,60,236.538856
57.471746,60,236.632948
57.111149,60,236.715383
56.693812,60,236.812376
56.906799,60,236.893447
40.373862,60,236.982022
49.079274,60,237.075857
55.305564,60,237.163871
56.330641,60,237.250834
50.613941,60,237.337751
57.051175,60,237.421724
52.83781,60,237.512703
56.293312,60,237.603174
56.8,60,237.679815
57.299766,60,237.768206
55.8159,60,237.855352
56.87995,60,237.937376
56.052826,60,238.019793
56.45,60,238.096794
57.502838,60,238.169821
56.534665,60,238.246372
55.08064,60,238.328169
22.479003,57,238.407592
57.042215,60,238.494511
55.274508,60,238.581192
50.258144,60,238.665045
55.700695,60,238.749083
55.457746,60,238.832264
51.672265,60,238.916736
54.762479,60,238.9998
53.717519,60,239.093436
55.268094,60,239.184119
53.198768,60,239.28571
56.669632,60,239.383266
56.18011,60,239.483169
52.95677,60,239.612389
56.722926,60,239.72563
57.816791,60,239.822767
56.933977,60,239.906701
57.395802,60,239.999321
56.607476,60,240.0978
48.142322,60,240.200859
58.045027,60,240.372292
53.028246,60,240.48824
55.539214,60,240.577879
50.836629,60,240.684685
36.957348,60,240.774276
56.308128,60,240.867848
38.720718,60,240.96289
57.118832,60,241.0584
55.363067,60,241.146965
57.111788,60,241.264624
56.683331,60,241.349681
56.574563,60,241.438303
50.239802,60,241.524385
52.286766,60,241.611393
56.874414,60,241.711624
52.127045,60,241.7946
47.804322,60,241.877241
56.645752,60,241.964027
56.772783,60,242.046096
55.63193,60,242.133052
55.83368,60,242.21839
57.811248,60,242.304254
49.15143,60,242.389742
25.420141,58,242.475968
57.14057,60,242.559389
53.834928,60,242.647271
55.596681,60,242.736115
50.41504,60,242.818821
56.393638,60,242.90174
42.027763,60,242.984699
56.139614,60,243.065716
55.532945,60,243.146277
45.793844,60,243.232947
56.59972,60,243.317127
56.587523,60,243.40267
42.189516,60,243.491077
56.029378,60,243.572708
55.501824,60,243.656556
56.829144,60,243.740566
55.970374,60,243.821573
18.411436,43,243.878774
57.313461,60,243.974423
56.658777,60,244.072627
53.558152,60,244.166605
56.616438,60,244.2667
56.916614,60,244.35963
37.47894,60,244.463594
53.279992,60,244.555571
56.737693,60,244.66478
56.37898,60,244.763472
56.404358,60,244.853082
50.506525,60,244.948812
56.391462,60,245.048446
57.583666,60,245.139383
56.593287,60,245.224509
56.743175,60,245.319546
56.743396,60,245.407912
54.349485,60,245.501268
56.886887,60,245.581377
32.757393,60,245.66249
55.158833,60,245.748659
56.5,60,245.842538
22.180293,60,245.931984
56.578255,60,246.029682
54.458147,60,246.11673
56.265021,60,246.204299
57.612571,60,246.294848
56.92289,60,246.38598
29.431481,60,246.471899
37.344555,60,246.556793
28.108937,60,246.639305
48.967525,60,246.724754
57.222466,60,246.784105
56.398334,60,246.86776
57.829785,60,246.958482
56.490518,60,247.050454
53.18268,60,247.144464
49.421127,60,247.232234
56.455981,60,247.322594
57.273447,60,247.408754
57.429588,60,247.502983
56.88538,60,247.609651
56.590055,60,247.72596
53.723213,60,247.839574
35.920347,60,247.952796
38.831569,60,248.049162
57.229991,60,248.139228
55.890212,60,248.232416
55.295942,60,248.326048
57.062902,60,248.410985
51.782644,60,248.505553
55.305853,60,248.593483
43.853398,60,248.688112
56.808713,60,248.784279
57.275917,60,248.875311
55.950262,60,248.97743
47.89829,60,249.071711
55.998023,60,249.171777
48.598607,60,249.274855
56.307534,60,249.372387
5.531326,30,249.42118
57.075678,60,249.534235
54.912273,60,249.615797
56.712957,60,249.723105
40.96838,60,249.825656
57.005916,60,249.924614
55.750172,60,250.021103
57.496986,60,250.113472
37.431575,60,250.213151
56.711932,60,250.302057
57.626386,60,250.398212
57.029542,60,250.492335
57.768946,60,250.581855
56.984093,60,250.683776
56.445277,60,250.78317
56.784192,60,250.895183
56.542883,60,251.003509
53.108264,60,251.112205
56.668571,60,251.201824
38.573559,60,251.290312
53.401716,60,251.393242
53.703332,60,251.482824
56.395663,60,251.570473
26.086218,60,251.756859
52.466541,60,251.851502
49.934742,60,251.942785
52.795755,60,252.03461
22.756411,60,252.123469
56.574635,60,252.221186
56.743137,60,252.311922
51.580158,60,252.411142
56.925007,60,252.503198
56.231917,60,252.594402
56.540036,60,252.687528
50.358773,60,252.779522
57.620525,60,252.870851
46.208954,60,252.9724
52.414932,60,253.074522
56.530486,60,253.173282
56.570078,60,253.268237
54.152756,60,253.367764
56.116328,60,253.460466
40.346801,60,253.553558
57.253051,60,253.646151
55.737944,60,253.737686
50.72482,60,253.830432
54.950103,60,253.925654
55.723003,60,254.021481
56.751854,60,254.112894
56.163058,60,254.202471
56.126667,60,254.294216
43.721365,60,254.388819
57.162076,60,254.479893
53.518008,60,254.579464
56.469062,60,254.694842
57.126253,60,254.795953
57.1,60,254.896067
44.648299,60,254.990702
56.15,60,255.122554
53.160919,60,255.235663
48.729659,60,255.355672
57.454488,60,255.460905
45.0956,60,255.577026
56.437486,60,255.682259
55.739447,60,255.785401
57.576802,60,255.875087
54.025136,60,255.980682
57.450737,60,256.072691
47.885617,60,256.162346
20.669667,60,256.251865
57.484591,60,256.340389
16.564894,42,256.407721
19.110184,46,256.48363
56.710535,60,256.581101
57.042813,60,256.68476
57.010623,60,256.778995
37.519364,60,256.86912
57.415192,60,256.959435
42.148065,60,257.054965
51.903793,60,257.140452
56.818165,60,257.238519
55.729718,60,257.322593
56.945354,60,257.409707
56.345466,60,257.493241
45.658473,60,257.57221
57.198378,60,257.660406
56.9,60,257.744429
53.990721,60,257.833688
56.359177,60,257.916381
51.093454,60,257.998632
51.374228,60,258.089196
56.459219,60,258.172835
57.16844,60,258.259327
55.877225,60,258.339252
55.63952,60,258.431778
57.495378,60,258.51634
56.250848,60,258.601416
40.721886,60,258.688921
57.349912,60,258.771471
42.822597,60,258.853006
44.031072,60,258.927877
52.977679,60,259.014022
57.539988,60,259.096525
56.752806,60,259.18412
51.937379,60,259.264081
56.837988,60,259.345783
57.15,60,259.420325
56.488373,60,259.506356
48.678153,60,259.587782
44.730203,60,259.674305
30.866782,60,259.761137
49.572397,60,259.844077
57.094473,60,259.936768
55.794839,60,260.018375
17.345584,60,260.103962
53.743552,60,260.196063
35.46449,60,260.283636
56.826694,60,260.378268
57.835294,60,260.466864
55.740097,60,260.554848
58.067982,60,260.646366
47.271013,60,260.735961
56.078821,60,260.816506
56.764455,60,260.906051
55.790808,60,260.993175
57.481419,60,261.074382
47.449931,60,261.160001
57.119429,60,261.246151
56.837625,60,261.375018
57.43771,60,261.478345
54.327396,60,261.566304
56.171625,60,261.652369
57.452718,60,261.744423
56.101012,60,261.833488
56.503794,60,261.904343
38.670132,60,261.987567
37.945334,60,262.07427
57.208841,60,262.157933
53.219207,60,262.248577
57.377496,60,262.331901
32.652538,60,262.421941
54.627793,60,262.50935
41.919317,60,262.597419
21.064438,60,262.684032
57.164935,60,262.766545
53.902529,60,262.848885
56.583026,60,262.931531
57.564457,60,263.011098
56.92774,60,263.098968
57.345103,60,263.186812
50.733342,60,263.267861
56.778781,60,263.350906
56.692355,60,263.44185
53.437204,60,263.526314
56.850766,60,263.610917
57.378868,60,263.692923
54.005517,60,263.771641
57.319659,60,263.858896
50.458867,60,263.950051
53.588763,60,264.048879
57.192999,60,264.144401
56.067821,60,264.239964
55.424387,60,264.33902
56.326502,60,264.421117
56.107342,60,264.518735
50.135065,60,264.608083
51.3436,60,264.709308
57.611224,60,264.811894
56.45924,60,264.920101
53.710321,60,265.036814
57.334506,60,265.135381
55.706113,60,265.229945
56.141857,60,265.322766
57.036298,60,265.412448
39.452569,60,265.501499
37.14806,60,265.59301
30.821675,58,265.680086
28.618566,60,265.783811
57.422715,60,265.871731
57.624474,60,265.969151
56.779656,60,266.061234
56.81235,60,266.141516
56.588337,60,266.224905
56.634081,60,266.315069
55.93911,60,266.39761
55.950176,60,266.489274
51.354034,60,266.579261
53.584063,60,266.673759
55.357875,60,266.774711
56.156313,60,266.862744
38.23775,60,266.955199
51.068567,60,267.044241
56.646803,60,267.135145
56.974115,60,267.217971
24.89484,60,267.303761
55.945426,60,267.387206
57.573406,60,267.472812
54.744206,60,267.565182
53.826149,60,267.649023
58.043007,60,267.745707
43.182769,60,267.827689
57.279883,60,267.906692
56.229933,60,267.991161
38.047232,60,268.081234
56.253331,60,268.166164
48.892047,60,268.253207
55.910413,60,268.351672
57.887853,60,268.441538
35.362655,60,268.539223
56.599135,60,268.628692
57.135613,60,268.717256
53.273493,60,268.805884
55.399854,60,268.898482
57.186891,60,268.983483
54.362806,60,269.066569
55.739811,60,269.145074
45.378424,60,269.221057
57.284871,60,269.299143
52.588305,60,269.374188
52.28201,60,269.450311
33.888371,60,269.526968
50.646359,60,269.606978
57.668151,60,269.681345
52.792436,60,269.766473
40.597669,60,269.855052
57.780221,60,269.938661
56.880746,60,270.02165
55.789856,60,270.1001
40.87637,60,270.181284
27.223163,60,270.258283
56.831508,60,270.351455
56.413883,60,270.4418
57.279114,60,270.533355
54.344135,60,270.623038
54.091253,60,270.705123
57.601288,60,270.792701
57.736696,60,270.875751
56.474239,60,270.958743
49.464628,60,271.046618
54.298395,60,271.130385
53.920719,60,271.220671
57.099972,60,271.305458
54.50184,60,271.391463
56.477387,60,271.479015
57.013001,60,271.566539
56.716194,60,271.650068
56.473596,60,271.730588
56.982809,60,271.807891
58.100907,60,271.887815
54.257056,60,271.9699
57.601951,60,272.050563
52.939277,60,272.13653
48.955142,60,272.222393
56.150322,60,272.308697
55.262566,60,272.394183
56.412432,60,272.475702
48.608601,60,272.558919
57.167959,60,272.641102
57.376772,60,272.724304
56.991365,60,272.812931
38.19555,60,272.902254
57.189116,60,272.986847
56.71443,60,273.075776
37.473424,60,273.158343
47.394395,60,273.245483
57.343577,60,273.331288
56.895847,60,273.41311
53.535163,60,273.504103
56.249883,60,273.585512
54.876165,60,273.667011
54.2865,60,273.749109
57.143833,60,273.836266
56.496644,60,273.919052
56.917363,60,274.008348
56.501626,60,274.093868
56.195342,60,274.174832
57.741776,60,274.263061
56.845274,60,274.34161
54.61027,60,274.420691
47.249956,60,274.50018
56.504584,60,274.579798
57.738821,60,274.662336
39.437324,60,274.745398
44.72439,60,274.832195
45.332807,60,274.916532
32.855503,60,275.002592
56.780119,60,275.093253
54.734281,60,275.181768
22.13367,48,275.255676
56.85691,60,275.356677
28.940981,52,275.43313
56.887023,60,275.521914
56.803385,60,275.615632
53.090313,60,275.706661
56.137534,60,275.792324
57.674045,60,275.873905
57.5,60,275.958998
57.437385,60,276.047432
55.627575,60,276.126983
56.524061,60,276.202482
55.718024,60,276.283505
53.779164,60,276.371505
55.800278,60,276.451908
55.905237,60,276.542598
36.01765,60,276.625617
57.206571,60,276.706984
56.551058,60,276.786343
51.161202,60,276.860636
56.404175,60,276.940556
54.868293,60,277.017033
56.683943,60,277.097579
47.257907,60,277.178602
54.925597,60,277.262647
56.877825,60,277.348285
57.568568,60,277.43136
56.08303,60,277.516693
56.85959,60,277.598615
56.828524,60,277.678438
47.215946,60,277.758964
56.45,60,277.84461
43.442901,60,277.927226
57.2107,60,278.012887
57.860264,60,278.099433
58.400047,60,278.176943
56.036207,60,278.26491
57.838968,60,278.347518
12.197167,55,278.42408
48.490747,60,278.506236
57.292518,60,278.591248
56.813988,60,278.683295
54.974678,60,278.767889
57.45,60,278.855967
53.804995,60,278.934957
56.618611,60,279.02646
56.099876,60,279.106349
56.186441,60,279.180246
48.967543,60,279.252674
48.164579,60,279.331694
53.375934,60,279.41097
54.095329,60,279.48748
56.755494,60,279.572691
56.743611,60,279.652777
56.76224,60,279.740824
54.223683,60,279.830411
57.837289,60,279.916403
56.832622,60,280.002242
52.118154,60,280.086649
57.15,60,280.167661
57.972463,60,280.257004
56.795511,60,280.342115
57.25,60,280.41814
56.297294,60,280.501283
45.214969,60,280.58109
57.194833,60,280.661606
30.314861,60,280.747548
56.487922,60,280.829649
57.233935,60,280.918074
21.48033,51,280.994121
55.835826,60,281.076162
54.241374,60,281.162677
43.03689,60,281.248259
57.79592,60,281.330264
56.588476,60,281.413502
57.007859,60,281.501063
58.245781,60,281.582558
46.797294,60,281.666631
56.632056,60,281.747998
56.273394,60,281.828055
51.623313,60,281.905955
53.622412,60,281.993913
56.591935,60,282.077404
40.769856,60,282.161444
45.294468,60,282.247938
54.433409,60,282.33137
56.576791,60,282.411293
54.714748,60,282.490389
55.169671,60,282.568926
56.63025,60,282.6464
57.912224,60,282.727971
54.628045,60,282.814019
53.430883,60,282.894571
32.90773,58,282.983065
55.875324,60,283.066152
48.803773,60,283.147102
56.717447,60,283.23673
53.902965,60,283.31823
35.879489,60,283.406782
56.475496,60,283.487836
45.887967,60,283.57288
56.22457,60,283.657867
49.709877,60,283.743711
56.3,60,283.825807
55.409268,60,283.912403
40.070319,60,283.996753
33.39925,60,284.077037
57.150353,60,284.156615
55.872489,60,284.236199
56.992614,60,284.315085
54.564108,60,284.396302
57.003314,60,284.478796
16.554171,39,284.53168
23.79441,60,284.612067
50.960788,60,284.698094
52.06617,60,284.781789
31.909099,58,284.861376
44.686286,60,284.941914
55.991926,60,285.030929
57.106534,60,285.118457
56.75514,60,285.204472
52.798285,60,285.287939
55.467793,60,285.366276
55.089147,60,285.454955
54.034416,60,285.53445
56.475779,60,285.616531
45.85471,60,285.705733
56.976604,60,285.788817
56.008754,60,285.883171
57.079818,60,285.978817
56.764025,60,286.072083
55.414669,60,286.168858
56.992238,60,286.258479
56.253411,60,286.338427
55.974627,60,286.428658
54.747692,60,286.515236
57.561726,60,286.595867
53.563144,60,286.676245
32.606469,60,286.756587
56.292815,60,286.83605
56.355652,60,286.915476
41.102246,60,287.006797
56.075697,60,287.092804
54.690146,60,287.183347
56.485068,60,287.269792
55.958573,60,287.351068
57.891623,60,287.43855
19.814047,45,287.51191
56.357413,60,287.604778
45.706554,60,287.698873
50.475804,60,287.783378
57.190279,60,287.867357
57.797968,60,287.962963
55.727653,60,288.043587
56.905725,60,288.127968
55.608141,60,288.217506
1.803933,46,288.283074
56.634863,60,288.371751
55.832517,60,288.454747
51.385984,60,288.534836
56.904104,60,288.618638
55.01661,60,288.707116
56.700931,60,288.78819
57.441218,60,288.875785
56.444306,60,288.962194
52.984651,60,289.042335
49.411466,60,289.127466
38.409768,60,289.207951
56.479835,60,289.287972
56.297146,60,289.362937
57.576761,60,289.444048
57.031892,60,289.527997
23.807307,60,289.609416
41.001094,60,289.698032
56.521051,60,289.777648
57.157748,60,289.86071
56.83552,60,289.938705
57.285844,60,290.025708
56.364003,60,290.106364
55.928656,60,290.197334
35.146773,60,290.28337
56.405822,60,290.365011
55.454751,60,290.452446
58.145028,60,290.53143
57.314752,60,290.619663
57.05606,60,290.706545
48.0041,60,290.78807
56.334471,60,290.880281
57.748981,60,290.96227
57.271718,60,291.047893
52.188644,60,291.12939
50.120834,60,291.217366
55.31096,60,291.298249
43.09062,60,291.384276
56.647241,60,291.468062
57.778732,60,291.547001
57.776617,60,291.632145
48.97562,60,291.714657
29.073995,60,291.792808
56.498794,60,291.867265
57.626931,60,291.954496
57.691429,60,292.039343
54.785761,60,292.12248
56.082453,60,292.209359
54.821761,60,292.291403
49.128355,60,292.3719
56.344722,60,292.456012
56.775427,60,292.538557
55.365332,60,292.624193
55.397825,60,292.712207
55.838932,60,292.794284
56.783022,60,292.874855
56.781189,60,292.960247
38.495157,60,293.044044
44.923138,60,293.129339
41.393336,60,293.211248
56.704953,60,293.294789
56.934171,60,293.385056
57.304107,60,293.467053
57.116945,60,293.552433
47.707614,60,293.639003
57.440738,60,293.725541
56.430303,60,293.809637
50.386781,60,293.902244
57.0917,60,293.990828
56.572651,60,294.068259
57.994528,60,294.147196
32.38314,60,294.225296
51.451167,60,294.303793
57.281829,60,294.384271
56.085041,60,294.466769
57.276572,60,294.550833
54.974743,60,294.643553
56.565073,60,294.728581
54.593322,60,294.814096
56.291973,60,294.901172
56.538102,60,295.0008
39.812847,60,295.082342
52.455718,60,295.169379
55.639041,60,295.25571
58.346805,60,295.338639
35.724032,60,295.430229
57.094461,60,295.514225
26.306728,60,295.601537
56.850342,60,295.689532
56.564184,60,295.774632
48.863305,60,295.870244
23.23391,60,295.955663
56.749382,60,296.037076
54.332819,60,296.127198
56.691868,60,296.225948
57.605119,60,296.321728
57.453479,60,296.408152
56.32687,60,296.506552
41.515941,60,296.597397
57.179012,60,296.690429
57.376087,60,296.77496
16.057997,59,296.858537
57.520062,60,296.951568
56.702475,60,297.048201
56.09483,60,297.140385
56.946002,60,297.2279
55.127043,60,297.310987
44.09647,60,297.393288
13.747099,60,297.478427
51.371508,60,297.560514
56.660003,60,297.643563
56.994697,60,297.734651
54.349491,60,297.818645
56.181207,60,297.908322
56.083754,60,297.993313
57.021968,60,298.078329
56.982515,60,298.165045
56.381247,60,298.245792
54.203042,60,298.331948
55.100024,60,298.419325
56.327261,60,298.504421
54.949751,60,298.592719
55.236774,60,298.682305
56.54494,60,298.764706
54.127372,60,298.848142
44.788569,60,298.93769
53.38005,60,299.021763
57.901384,60,299.107215
56.07753,60,299.182783
56.831438,60,299.258281
56.366803,60,299.336126
55.842056,60,299.422606
56.701421,60,299.503222
56.489065,60,299.587165
57.304779,60,299.673552
36.136259,60,299.756821
57.40613,60,299.837234
55.983076,60,299.920521
33.330979,60,300.003199
56.604426,60,300.086751
56.902425,60,300.175411
56.997938,60,300.257944
25.92729,60,300.337973
54.633407,60,300.432409
40.637988,60,300.511126
57.611486,60,300.600609
56.844646,60,300.68
53.420509,60,300.762045
56.953657,60,300.848087
27.0032,60,300.928081
55.67816,60,301.017655
56.060111,60,301.104713
55.832034,60,301.191583
52.995269,60,301.270605
57.438591,60,301.358288
56.75781,60,301.443346
56.759623,60,301.526777
57.178573,60,301.606774
36.249783,60,301.691985
49.507129,60,301.774383
56.252472,60,301.852752
30.845773,60,301.935348
57.03935,60,302.019944
55.738086,60,302.109129
55.876257,60,302.186652
57.221113,60,302.272905
56.531173,60,302.354498
57.251792,60,302.438927
57.54308,60,302.52384
53.347807,60,302.609995
57.022098,60,302.696666
56.845355,60,302.780145
53.288376,60,302.868185
56.522057,60,302.951414
57.689669,60,303.037398
56.47062,60,303.125
48.656778,60,303.21044
54.566308,60,303.304395
56.142867,60,303.383436
56.24303,60,303.465746
57.35283,60,303.551388
55.345884,60,303.63799
56.414392,60,303.718054
56.949867,60,303.803602
56.48998,60,303.889109
56.621521,60,303.973758
56.819956,60,304.057057
51.89746,60,304.133483
56.889724,60,304.211846
55.484148,60,304.290378
57.743978,60,304.373085
56.656799,60,304.455111
57.528859,60,304.538289
57.882079,60,304.622902
57.640464,60,304.702037
49.305634,60,304.786098
54.469431,60,304.869603
56.564066,60,304.949737
56.448043,60,305.032063
56.785876,60,305.115831
57.095256,60,305.196869
55.334617,60,305.285943
57.175553,60,305.36796
22.552516,60,305.447719
51.549402,60,305.534678
56.42428,60,305.61366
42.287131,60,305.70014
57.843364,60,305.783295
57.45962,60,305.862155
55.613728,60,305.94745
38.055132,60,306.034364
57.451155,60,306.120664
57.279876,60,306.202602
52.578454,60,306.294692
56.445708,60,306.377602
53.785116,60,306.46473
39.092619,60,306.543728
56.562165,60,306.620827
57.103335,60,306.697716
55.604301,60,306.777119
57.5751,60,306.862609
56.742674,60,306.947059
56.93067,60,307.03559
43.767327,60,307.117177
46.222739,60,307.20461
52.815879,60,307.288213
56.033254,60,307.37131
50.479695,60,307.449199
56.383723,60,307.539791
3.914714,28,307.579485
56.293083,60,307.66193
57.492526,60,307.750792
18.931331,46,307.816413
56.45126,60,307.899298
50.468744,60,307.990927
55.989155,60,308.069042
55.106346,60,308.1636
37.490666,60,308.248226
56.291875,60,308.330264
57.275895,60,308.415211
36.392181,60,308.505925
33.346869,60,308.634309
57.385345,60,308.724494
55.612304,60,308.810266
26.849739,60,308.890694
56.410589,60,308.970998
17.348609,59,309.048
44.032528,60,309.125598
55.953242,60,309.20534
56.768796,60,309.294258
57.42832,60,309.373462
58.688055,60,309.460157
42.029232,60,309.542703
57.514428,60,309.624852
56.828169,60,309.706402
55.050974,60,309.797849
57.405129,60,309.880899
44.398146,60,309.96592
56.906363,60,310.053443
58.923133,60,310.135508
54.760077,60,310.222613
53.693944,60,310.305253
57.381669,60,310.386639
50.037211,60,310.475168
30.450192,60,310.557644
57.937874,60,310.645756
56.638564,60,310.7363
50.796165,60,310.817282
56.077139,60,310.90625
56.572201,60,310.998205
50.907558,60,311.082681
56.030576,60,311.165787
53.306244,60,311.257452
55.951547,60,311.338341
55.926502,60,311.426348
54.027276,60,311.505793
56.664271,60,311.582313
42.199013,60,311.660175
58.025416,60,311.741884
57.460241,60,311.825964
43.827214,60,311.912047
56.285886,60,311.999224
56.847085,60,312.080991
57.741133,60,312.163474
55.11226,60,312.246964
56.386841,60,312.33275
56.615773,60,312.415325
57.227602,60,312.504493
30.410327,52,312.579452
56.570652,60,312.665391
57.092884,60,312.754165
53.256413,60,312.832694
55.913151,60,312.920332
55.572216,60,313.005234
54.756766,60,313.087738
57.154769,60,313.177261
58.469611,60,313.263772
57.825707,60,313.349247
56.307239,60,313.434407
56.739647,60,313.519414
57.342279,60,313.601249
53.831323,60,313.68911
57.206474,60,313.775674
53.42625,60,313.859757
55.590662,60,313.940703
55.886596,60,314.024335
55.452455,60,314.102365
20.61669,60,314.181898
57.050169,60,314.26441
58.211671,60,314.342715
57.079493,60,314.428533
56.503034,60,314.508816
57.060877,60,314.590729
54.888332,60,314.668163
56.392463,60,314.747842
57.943422,60,314.827368
56.434198,60,314.911007
42.945149,60,314.987973
56.436638,60,315.0589
56.84234,60,315.146653
57.982641,60,315.232203
56.916275,60,315.316328
55.935592,60,315.405191
53.126849,60,315.491286
52.821373,60,315.575804
57.163572,60,315.661912
55.521866,60,315.743709
52.254299,60,315.829851
51.907639,60,315.915654
55.894135,60,316.001167
56.26508,60,316.08174
56.553772,60,316.16933
55.719834,60,316.25184
46.0774,60,316.333352
57.385537,60,316.411852
49.118501,60,316.493618
51.190332,60,316.567898
56.300152,60,316.650708
56.179023,60,316.735118
33.816342,53,316.805978
56.143494,60,316.896999
10.1194,32,316.940331
57.796894,60,317.022882
50.757469,60,317.103665
57.015897,60,317.189193
57.804874,60,317.276838
56.159532,60,317.361984
57.285492,60,317.448064
57.968983,60,317.525979
53.795918,60,317.631709
35.158024,60,317.711436
37.130505,60,317.793991
56.279222,60,317.883184
57.292373,60,317.969786
55.651273,60,318.057946
54.56133,60,318.138966
57.243986,60,318.224442
56.987139,60,318.310949
40.549129,60,318.402372
56.041401,60,318.483059
52.68169,60,318.568213
56.901549,60,318.652125
52.958427,60,318.734214
36.0848,60,318.817692
56.556592,60,318.893574
58.294815,60,318.972115
57.055367,60,319.050633
54.387786,60,319.133793
56.252473,60,319.215241
37.254738,60,319.299935
56.480865,60,319.387417
57.849972,60,319.466362
53.906063,60,319.546692
54.286789,60,319.629554
56.454962,60,319.713556
50.948737,60,319.794915
56.991296,60,319.882024
54.434626,60,319.962972
57.610022,60,320.043894
57.423065,60,320.132487
56.090301,60,320.214886
42.860609,60,320.304279
40.155258,60,320.384794
57.380519,60,320.467736
55.800349,60,320.557673
42.535997,60,320.633931
27.692011,52,320.704984
58.262108,60,320.785574
55.509565,60,320.869617
50.582934,60,320.948107
56.914952,60,321.030135
57.901814,60,321.112075
56.33511,60,321.192656
57.002269,60,321.272961
54.739648,60,321.352572
54.238316,60,321.432623
57.592336,60,321.510269
55.298222,60,321.589743
56.71924,60,321.672745
58.084513,60,321.754073
56.945403,60,321.841225
57.543604,60,321.925486
56.587566,60,322.012007
56.739025,60,322.093331
46.809859,60,322.176693
56.112391,60,322.258087
56.002453,60,322.349548
57.543035,60,322.429928
55.828759,60,322.509956
45.636269,60,322.606149
56.835774,60,322.693665
57.097672,60,322.784555
42.21246,60,322.867582
56.867654,60,322.95511
56.840954,60,323.046315
56.552685,60,323.132282
55.430796,60,323.224741
28.378574,49,323.296335
58.183197,60,323.388877
57.097474,60,323.474469
56.115612,60,323.564691
57.180585,60,323.650239
14.238037,41,323.709095
56.854504,60,323.787642
56.021887,60,323.866212
56.375092,60,323.943396
26.840073,52,324.009761
56.166824,60,324.09476
55.938975,60,324.176228
55.692321,60,324.264311
54.57495,60,324.350487
56.754087,60,324.431968
56.034645,60,324.510452
49.95261,60,324.593797
47.259841,60,324.675061
56.454755,60,324.757173
53.629161,60,324.845749
51.453809,60,324.926203
42.389138,60,325.011772
57.67232,60,325.097898
47.552589,60,325.179279
55.44063,60,325.266006
50.747044,60,325.348063
57.472731,60,325.434108
57.938534,60,325.52517
51.87644,60,325.607794
47.606138,60,325.693457
58.25822,60,325.779095
58.068999,60,325.869448
57.079118,60,325.951823
23.935729,60,326.045534
52.287544,60,326.126607
57.352168,60,326.206884
57.093763,60,326.291039
56.621046,60,326.366117
55.396458,60,326.44428
58.453257,60,326.52271
48.965002,60,326.607723
57.839106,60,326.686584
55.959225,60,326.773155
44.58722,60,326.856781
57.136484,60,326.939474
55.816784,60,327.020627
56.328074,60,327.103733
56.168945,60,327.184899
57.788111,60,327.267964
46.158667,60,327.35783
49.987555,60,327.443857
57.280032,60,327.533024
17.403895,60,327.611099
54.888352,60,327.694648
57.787076,60,327.787934
58.286522,60,327.869982
56.580839,60,327.954294
57.429459,60,328.038247
46.54362,60,328.11754
56.797059,60,328.207607
56.194455,60,328.296843
56.10957,60,328.380056
57.057624,60,328.464702
47.718669,60,328.551044
56.915226,60,328.632084
57.2109,60,328.713808
55.42386,60,328.794377
57.5094,60,328.870923
57.032889,60,328.944417
56.6559,60,329.026955
56.73812,60,329.109972
52.999618,60,329.190935
57.411108,60,329.282924
40.643157,60,329.363904
56.000834,60,329.444507
58.572447,60,329.526046
45.412432,60,329.607548
57.3897,60,329.686064
57.037844,60,329.774736
56.752219,60,329.85744
56.515537,60,329.943967
54.700895,60,330.034036
57.352996,60,330.11552
56.948841,60,330.19868
57.319747,60,330.27862
55.485673,60,330.36581
57.761821,60,330.450946
37.770292,60,330.534937
56.428375,60,330.617952
54.563304,60,330.70194
57.483473,60,330.784087
56.671837,60,330.864985
50.482748,60,330.954054
57.024341,60,331.037642
56.971884,60,331.121163
56.877868,60,331.202073
52.724205,60,331.275067
51.285372,60,331.355161
58.103179,60,331.436214
57.162279,60,331.520813
29.526708,53,331.594163
55.443331,60,331.679746
54.646028,60,331.763188
54.667443,60,331.844303
53.412534,60,331.92625
56.997011,60,332.014293
49.357074,60,332.096695
38.940666,60,332.185604
57.053279,60,332.278772
29.040875,50,332.350341
56.633383,60,332.438983
56.703566,60,332.550945
26.480368,60,332.704371
54.633087,60,332.790956
54.869708,60,332.871357
57.420477,60,332.957839
57.412096,60,333.042758
57.221497,60,333.125222
57.74609,60,333.194535
54.919907,60,333.28083
55.54522,60,333.364892
54.389365,60,333.449364
55.762617,60,333.545008
57.570884,60,333.631575
50.704197,60,333.712509
32.805598,60,333.805053
57.779957,60,333.884358
39.683403,60,333.966194
57.725846,60,334.049305
53.85534,60,334.130294
56.214645,60,334.215385
36.855292,60,334.296351
36.789588,60,334.386183
56.266428,60,334.468654
57.675043,60,334.555319
56.636269,60,334.640883
55.948719,60,334.721855
56.155432,60,334.811076
53.885763,60,334.894128
56.10808,60,334.977418
57.047218,60,335.078875
57.175222,60,335.162127
49.302747,60,335.248998
28.897027,60,335.341222
55.715935,60,335.427223
56.309333,60,335.517096
57.036002,60,335.602123
57.646697,60,335.682662
48.158609,60,335.782071
57.2212,60,335.872079
56.677928,60,335.961851
5.239637,30,336.005087
54.255857,60,336.08703
56.523262,60,336.167442
51.989968,60,336.25689
57.214047,60,336.342723
56.334676,60,336.42129
56.470715,60,336.512232
53.970047,60,336.595422
55.596768,60,336.674203
42.219589,60,336.767364
57.536825,60,336.848485
57.400858,60,336.932975
57.731531,60,337.030353
56.845862,60,337.124246
57.691823,60,337.204926
29.798807,60,337.288388
47.650796,60,337.397609
55.857795,60,337.500773
57.336036,60,337.584256
57.071877,60,337.66619
54.078535,60,337.755316
54.950197,60,337.837832
56.150949,60,337.925932
54.843973,60,338.007583
56.190887,60,338.096446
57.163524,60,338.177402
56.689862,60,338.258596
50.253944,60,338.347287
58.160446,60,338.434434
56.920506,60,338.524119
56.600197,60,338.614237
37.653917,60,338.703218
56.920509,60,338.788108
56.847261,60,338.877676
57.158633,60,338.960388
35.656391,60,339.047457
56.611177,60,339.142469
56.638247,60,339.248622
54.916571,60,339.328802
58.021006,60,339.409539
58.019928,60,339.492486
42.140111,60,339.576481
54.850134,60,339.663757
53.291686,60,339.742109
57.858044,60,339.829157
56.345017,60,339.912712
54.743216,60,339.995267
56.626196,60,340.084324
57.201838,60,340.168475
57.188458,60,340.248946
54.912422,60,340.338505
55.672303,60,340.423405
37.752589,60,340.506835
52.468771,60,340.585329
56.341829,60,340.676948
43.44432,60,340.777163
56.482644,60,340.876146
57.317412,60,340.960212
56.96778,60,341.044761
51.217096,60,341.126845
54.653496,60,341.21145
48.75076,60,341.296114
35.572542,60,341.377501
58.614067,60,341.467087
57.313393,60,341.547735
37.119685,60,341.634917
55.885611,60,341.719811
57.611496,60,341.807676
51.449805,60,341.89614
56.035678,60,341.981631
54.528268,60,342.070118
49.165392,60,342.154601
47.859314,60,342.241301
57.74245,60,342.328853
28.067111,55,342.416069
25.056402,58,342.515652
57.288124,60,342.60251
56.562969,60,342.685504
44.486632,60,342.768266
55.564315,60,342.850003
56.498838,60,342.937117
50.456802,60,343.017533
57.409775,60,343.104496
46.525083,60,343.189369
57.111594,60,343.274676
55.230157,60,343.364171
38.155872,60,343.453666
57.61686,60,343.534203
56.907002,60,343.626812
50.087959,60,343.71986
55.737308,60,343.803794
57.928966,60,343.883905
56.184585,60,343.978665
56.452978,60,344.08082
57.041416,60,344.177635
56.037269,60,344.257632
57.336426,60,344.342689
56.592162,60,344.428749
54.675688,60,344.512819
48.265725,60,344.5925
17.604642,60,344.669025
56.755698,60,344.755101
33.582084,60,344.836386
54.669927,60,344.924462
38.171487,60,345.009149
55.363416,60,345.098063
55.915613,60,345.187507
40.038986,60,345.275112
54.238514,60,345.36284
50.556718,60,345.446763
58.384443,60,345.530216
32.618891,60,345.610252
14.751565,57,345.702376
57.777785,60,345.799258
56.940962,60,345.887594
56.497102,60,345.970674
54.991446,60,346.05139
56.531562,60,346.140079
55.738611,60,346.220722
54.283383,60,346.304698
57.323224,60,346.396836
38.999069,60,346.482237
56.319436,60,346.575198
56.261433,60,346.667223
56.608716,60,346.768536
56.923552,60,346.877187
55.958272,60,346.976649
46.680051,60,347.071745
55.913999,60,347.168411
32.105362,60,347.259992
43.792395,60,347.361139
5.973917,33,347.423778
57.238433,60,347.530563
56.496869,60,347.619998
57.700395,60,347.716506
54.667245,60,347.803675
57.537113,60,347.891114
56.857423,60,347.971156
52.573786,60,348.065835
57.1,60,348.149904
56.301712,60,348.242001
57.345142,60,348.332993
29.838283,60,348.410981
56.949906,60,348.502562
52.626125,60,348.593401
57.389006,60,348.687135
48.199334,60,348.775217
45.104284,60,348.8575
57.128374,60,348.94752
48.850393,60,349.050821
52.535288,60,349.156195
54.596045,60,349.237135
56.308187,60,349.319155
57.297301,60,349.398301
55.480119,60,349.478407
54.514168,60,349.566179
6.031964,30,349.609505
56.149712,60,349.68967
56.508297,60,349.776815
55.909327,60,349.856039
40.459164,60,349.947562
57.281512,60,350.038779
54.256273,60,350.12234
56.365406,60,350.210897
36.99421,60,350.293008
56.747992,60,350.382572
21.687591,60,350.469574
55.308041,60,350.559725
42.437169,60,350.646305
55.51334,60,350.751278
52.228999,60,350.836269
45.357754,60,350.918474
56.930356,60,351.000978
56.941832,60,351.08626
8.041799,32,351.134245
57.149462,60,351.218274
57.203792,60,351.294987
8.195523,34,351.341873
39.008881,60,351.424994
56.547489,60,351.511428
56.538029,60,351.592435
49.526623,60,351.682895
55.496067,60,351.77088
57.096997,60,351.8519
45.650552,60,351.935738
54.860177,60,352.028596
55.126526,60,352.110313
56.43692,60,352.20044
42.628625,60,352.294865
51.639688,60,352.394023
56.208978,60,352.479204
54.833565,60,352.561343
46.377578,60,352.643806
57.104,60,352.730012
56.951162,60,352.815486
56.965801,60,352.898049
52.726359,60,352.983029
55.470487,60,353.068817
55.55442,60,353.146225
57.875399,60,353.241241
47.90921,60,353.33147
41.378164,60,353.417509
57.231931,60,353.507138
53.747856,60,353.600329
54.979045,60,353.685676
55.993857,60,353.77728
53.208237,60,353.867142
35.879414,60,353.965431
55.811763,60,354.092682
51.387285,60,354.179561
55.971799,60,354.263814
56.853843,60,354.353103
56.893418,60,354.454388
56.764008,60,354.546567
56.518534,60,354.658494
57.845621,60,354.765587
53.533237,60,354.870107
54.906352,60,354.980014
54.095423,60,355.07581
51.949763,60,355.169458
52.65072,60,355.285551
43.350459,60,355.381836
56.60521,60,355.473629
55.762899,60,355.565737
56.087913,60,355.655807
54.345535,60,355.748335
56.030804,60,355.839691
58.24023,60,355.932109
24.117805,60,356.028246
56.813801,60,356.113287
57.595667,60,356.210858
54.952609,60,356.300438
54.252322,60,356.389565
53.097648,60,356.479075
34.505354,60,356.570057
45.306279,60,356.670634
56.525754,60,356.760291
57.893902,60,356.851774
55.104583,60,356.951912
55.799199,60,357.042746
56.693154,60,357.142175
57.006533,60,357.240169
58.30388,60,357.340381
57.178212,60,357.436984
27.521466,60,357.524943
56.947737,60,357.616511
53.447696,60,357.704068
57.023097,60,357.801826
57.875142,60,357.88731
43.811504,60,357.974431
56.884606,60,358.061428
54.021009,60,358.140532
54.533938,60,358.233645
57.835265,60,358.325117
56.524151,60,358.413898
31.758147,60,358.509947
57.1,60,358.606644
43.656599,60,358.694255
51.06247,60,358.786683
56.560308,60,358.884853
58.096785,60,358.99428
53.422784,60,359.091866
57.111223,60,359.174846
55.798539,60,359.260835
38.57361,60,359.356499
56.757356,60,359.4491
51.57711,60,359.536991
57.169257,60,359.634056
40.291357,60,359.72498
56.328119,60,359.82402
53.566045,60,359.925249
55.516665,60,360.021391
57.42803,60,360.115542
57.081406,60,360.22411
57.561447,60,360.317101
57.889589,60,360.404141
55.975006,60,360.507324
57.637535,60,360.59129
42.343302,60,360.680268
57.269096,60,360.766864
48.876536,60,360.849872
58.002787,60,360.935394
49.328381,60,361.029271
37.173983,60,361.110207
41.451954,60,361.194557
57.97427,60,361.279606
29.259657,51,361.350024
15.406761,60,361.440471
50.059034,60,361.529967
57.348432,60,361.622695
45.481483,60,361.708703
56.631222,60,361.803801
57.284804,60,361.883173
57.313405,60,361.974907
56.639427,60,362.066879
47.996122,60,362.156401
51.81834,60,362.262252
41.910215,60,362.343232
50.157964,60,362.428299
58.437592,60,362.507926
14.477409,41,362.56627
56.982934,60,362.649247
57.431361,60,362.74025
56.594941,60,362.825154
48.906292,60,362.905159
55.946473,60,362.993016
56.895247,60,363.0756
56.210089,60,363.16979
57.800135,60,363.255353
56.123865,60,363.340519
38.820508,60,363.432046
57.169144,60,363.522487
56.598142,60,363.60712
57.504446,60,363.701247
56.868762,60,363.805006
56.902726,60,363.903563
49.436667,60,363.984035
54.19561,60,364.073062
57.307968,60,364.158886
55.129931,60,364.253518
56.771213,60,364.338107
44.617116,60,364.418671
57.623827,60,364.505236
51.621066,60,364.58515
55.154203,60,364.667186
54.79107,60,364.762198
56.688068,60,364.854274
51.668001,60,364.943819
54.494766,60,365.033367
57.646178,60,365.119027
56.115748,60,365.205563
56.803327,60,365.296575
51.479986,60,365.381071
56.822106,60,365.475704
15.791178,54,365.558725
52.401454,60,365.640298
54.016404,60,365.715216
41.660224,60,365.799685
18.605903,60,365.886887
57.069403,60,365.976784
56.997937,60,366.066702
56.438764,60,366.150172
53.903022,60,366.236226
56.510265,60,366.322887
11.212784,60,366.412825
49.197638,60,366.504911
52.0135,60,366.598944
21.390445,54,366.694554
54.208251,60,366.787142
58.028899,60,366.879746
51.351394,60,366.974849
56.984102,60,367.087154
56.873314,60,367.19691
55.45077,60,367.28902
41.29169,60,367.374417
58.195573,60,367.468305
52.65658,60,367.560207
50.984923,60,367.656194
57.177292,60,367.757789
53.463929,60,367.895159
52.771407,60,367.997902
56.147499,60,368.105297
54.922616,60,368.210549
55.616335,60,368.307096
16.8787,50,368.396184
56.672617,60,368.506707
54.511421,60,368.603877
12.991965,54,368.693182
57.118387,60,368.804147
56.403452,60,368.921796
57.904628,60,369.024611
56.268262,60,369.116602
50.149844,60,369.204758
33.892061,60,369.302437
52.771618,60,369.393513
44.55342,60,369.486074
45.399167,60,369.57303
50.943715,60,369.657143
56.977368,60,369.743074
55.685155,60,369.823331
56.036058,60,369.906835
23.637892,60,369.990853
56.575104,60,370.069786
57.396632,60,370.155917
32.993929,60,370.237816
50.112931,60,370.384755
53.31851,60,370.471408
51.642748,60,370.558139
56.792651,60,370.644258
37.618685,60,370.728125
57.392395,60,370.810576
52.694647,60,370.889108
55.794948,60,370.966595
57.682626,60,371.052607
56.045134,60,371.133047
37.471878,60,371.216122
46.273028,60,371.299037
56.974499,60,371.389217
56.345598,60,371.497044
52.476428,60,371.585132
52.21592,60,371.678028
53.540542,60,371.764051
57.136823,60,371.844666
57.290424,60,371.930251
57.528098,60,372.021786
33.266657,60,372.104277
15.056403,60,372.191967
57.181973,60,372.278531
54.90487,60,372.362967
56.187354,60,372.452903
10.634524,60,372.537644
57.211134,60,372.625106
54.398292,60,372.723637
55.171015,60,372.813112
57.873054,60,372.908972
57.453648,60,373.006614
49.850177,60,373.093422
55.669402,60,373.182378
56.236582,60,373.27513
48.349443,60,373.355673
56.801363,60,373.440237
56.98664,60,373.522949
57.301668,60,373.601413
57.137788,60,373.679232
57.085342,60,373.7699
56.494533,60,373.852916
34.70043,60,373.945384
52.360011,60,374.033054
55.983666,60,374.111531
39.985017,60,374.191731
53.933469,60,374.274648
56.933705,60,374.354154
35.95366,60,374.443403
56.765858,60,374.532564
10.179431,60,374.613796
34.680789,60,374.701778
55.463607,60,374.787864
56.410171,60,374.869992
47.851152,60,374.951948
56.73228,60,375.035512
54.230844,60,375.118878
52.774349,60,375.197841
56.582185,60,375.28074
53.276104,60,375.36417
56.392603,60,375.455199
52.772162,60,375.542351
56.292653,60,375.6336
54.845955,60,375.717688
58.055396,60,375.803268
52.754747,60,375.887777
56.217425,60,375.965648
36.909525,60,376.044722
55.971613,60,376.123116
56.841496,60,376.204022
41.543545,60,376.284505
58.214619,60,376.367638
50.135671,60,376.449272
55.220746,60,376.531444
55.941064,60,376.614388
57.276999,60,376.701459
57.090454,60,376.782213
24.575245,60,376.863395
50.128093,60,376.946193
53.492619,60,377.030251
56.771117,60,377.111648
57.50542,60,377.202449
55.41447,60,377.282486
43.637103,60,377.37316
51.193986,60,377.453476
58.129788,60,377.539515
55.626391,60,377.624474
56.543701,60,377.703824
57.739111,60,377.792918
51.511917,60,377.871511
56.383067,60,377.959539
56.943467,60,378.044897
29.80544,60,378.132474
33.379585,60,378.213976
56.547222,60,378.296841
39.758705,60,378.374225
56.658464,60,378.449747
56.852359,60,378.529402
55.153135,60,378.610007
57.276797,60,378.700071
56.428717,60,378.776079
56.331681,60,378.854156
56.427617,60,378.938698
35.713576,60,379.009588
42.425145,60,379.072036
56.612387,60,379.151111
56.006653,60,379.232573
31.747143,60,379.312566
53.591385,60,379.400053
44.259285,60,379.485651
57.021441,60,379.576776
56.116897,60,379.662815
56.179788,60,379.746764
51.689615,60,379.837636
57.891252,60,379.919891
57.262538,60,380.011934
56.105561,60,380.100441
50.105663,60,380.183407
56.597994,60,380.269125
57.319437,60,380.362333
56.831792,60,380.446349
54.816587,60,380.534976
56.324357,60,380.621119
57.547699,60,380.70386
52.988224,60,380.791396
52.621737,60,380.871963
52.063468,60,380.948907
56.677469,60,381.02836
51.230829,60,381.110598
56.569126,60,381.192702
41.227282,60,381.273548
55.744692,60,381.359487
36.542358,60,381.437845
56.020895,60,381.521366
57.358791,60,381.600819
16.99025,60,381.68442
56.425082,60,381.764537
57.531586,60,381.851525
54.902525,60,381.933117
57.749224,60,382.003149
48.003702,60,382.083764
56.440329,60,382.169757
56.350491,60,382.260603
56.673088,60,382.343187
55.720122,60,382.435813
43.801501,60,382.519869
57.06296,60,382.601954
57.437567,60,382.689113
57.459967,60,382.782764
56.854689,60,382.866716
57.015988,60,382.961278
56.964531,60,383.046747
51.622545,60,383.130362
53.21405,60,383.2149
56.48654,60,383.291882
57.014078,60,383.371946
43.411069,60,383.455889
56.777463,60,383.540481
56.51415,60,383.636608
57.791298,60,383.707675
57.740585,60,383.798784
56.486454,60,383.879862
45.042175,60,383.962313
56.97315,60,384.043583
