#{"t_start": 1790474652.335574, "env_id": "None"}
r,l,t
14.323848,60,3.767283
7.181195,35,3.831744
26.997628,60,3.945234
18.051295,60,4.061413
12.681205,50,4.143286
22.91582,60,4.238014
12.092935,48,4.30735
9.404376,58,4.403966
5.024608,32,4.458813
15.869157,58,4.54523
13.668291,60,4.647505
9.636943,50,4.72938
4.634474,52,4.817425
7.449848,58,4.912939
18.83,60,5.023327
13.969946,60,5.109267
9.088583,51,5.194432
27.200472,60,5.289017
12.507255,55,5.384532
17.027484,59,5.484033
16.89514,60,5.605093
16.956354,60,5.699733
18.652399,60,5.792907
14.415434,60,5.914177
7.818972,42,5.996211
11.26795,60,6.097247
14.587023,57,6.22056
6.843618,32,6.268777
12.739261,60,6.367303
25.218359,60,6.468931
7.430085,44,6.534857
23.526368,60,6.640075
14.933094,56,6.739755
17.099928,60,6.829773
8.663065,43,6.902672
13.022401,52,6.975903
6.117894,33,7.032666
36.170489,60,7.120641
19.324356,60,7.212261
16.913918,57,7.299973
37.084925,60,7.386504
10.637354,35,7.43427
3.958094,31,7.480045
12.440279,60,7.569947
12.610241,55,7.643428
21.073645,60,7.720507
19.117241,60,7.821612
24.128815,60,7.924444
7.237123,46,8.008771
10.859346,44,8.081445
23.728858,60,8.166484
6.412303,50,8.234382
29.688895,60,8.32487
15.681607,60,8.421368
12.089077,47,8.497283
14.338268,60,8.595078
19.132144,60,8.684625
15.262328,46,8.792465
34.908368,60,8.927308
12.000757,60,9.035124
11.766684,57,9.131098
22.939952,60,9.23216
6.356447,35,9.282887
20.111396,60,9.387411
22.307058,60,9.496108
30.728387,60,9.62319
27.561635,60,9.725472
14.407856,49,9.794901
25.271456,60,9.886501
11.843585,38,9.947408
29.128736,60,10.046086
7.944924,42,10.117647
21.555323,60,10.207643
12.649484,60,10.290102
16.913462,60,10.369555
31.613648,60,10.448526
8.479,59,10.528475
25.402466,60,10.608473
15.502062,60,10.688898
24.568096,60,10.780589
16.940058,60,10.848839
5.490021,35,10.914065
23.449255,60,11.005986
12.083816,60,11.099182
20.550865,60,11.195346
15.491929,60,11.291496
20.69536,57,11.387705
10.090562,58,11.473251
33.299534,60,11.565417
16.560244,50,11.635424
12.359094,58,11.729026
11.871446,60,11.828338
9.961702,52,11.90174
3.378501,30,11.945585
34.594766,60,12.045247
12.659818,60,12.135758
16.418285,60,12.225174
7.105624,34,12.279985
1.502115,34,12.336405
12.616749,60,12.431087
9.568369,50,12.511078
15.648302,60,12.610344
14.898169,56,12.700932
25.414755,60,12.787378
30.442416,60,12.871035
4.988999,34,12.911256
10.802273,44,12.960091
13.43275,50,13.01704
47.955142,60,13.090966
20.854578,60,13.156463
22.181587,60,13.232056
17.743264,43,13.275345
10.648429,51,13.32962
16.694315,60,13.421327
2.532674,26,13.460503
22.87771,60,13.564633
32.69259,60,13.66614
7.653601,35,13.716349
15.495355,60,13.812711
3.26912,26,13.851928
22.110942,60,13.953018
23.985425,60,14.042196
13.018112,39,14.107144
7.863597,41,14.169595
24.210401,60,14.265822
20.659753,60,14.350922
34.365119,60,14.443118
11.737624,59,14.52352
25.825392,52,14.597456
27.338683,60,14.697938
34.658112,60,14.784833
16.038711,60,14.877211
21.260561,60,14.983644
27.876662,60,15.056161
14.75602,60,15.116003
16.077299,60,15.184262
23.248207,60,15.251155
20.766174,60,15.329756
14.261393,60,15.419443
17.466164,60,15.520065
22.549679,60,15.61214
12.492583,55,15.690073
26.346284,60,15.768635
15.958163,60,15.925612
17.138575,52,16.025675
15.632527,60,16.117202
26.644264,60,16.206204
11.517731,54,16.298162
13.51561,60,16.384475
20.253551,60,16.475355
12.204246,39,16.528548
23.783132,60,16.614085
17.376344,60,16.704302
20.589766,55,16.780299
36.509314,60,16.873475
28.883167,53,16.948408
16.163343,48,17.023973
24.18129,60,17.110949
13.728303,59,17.194015
8.744247,57,17.281675
23.433838,60,17.373232
26.109636,60,17.470657
23.630183,60,17.577366
19.763623,60,17.674995
8.924752,36,17.732914
41.834424,60,17.833565
13.283852,48,17.917637
13.697525,56,18.012504
40.941087,60,18.108531
7.059046,30,18.160279
13.488594,41,18.225833
37.907944,60,18.31434
22.315826,60,18.409476
13.991071,52,18.473439
17.992826,60,18.558589
27.565007,60,18.648377
26.478405,60,18.736365
19.509855,60,18.832311
31.317943,60,18.93064
23.94236,60,19.02907
20.552319,60,19.124486
27.944756,60,19.210688
17.052275,55,19.297183
29.405493,60,19.395247
27.691077,60,19.501341
30.921125,60,19.59343
17.295637,42,19.657225
11.969166,60,19.752232
14.995168,56,19.828681
44.525059,60,19.922382
12.428827,36,19.978699
31.465171,60,20.058974
18.690497,60,20.15595
18.079372,60,20.245013
24.817591,60,20.329056
11.13932,57,20.412133
22.250759,60,20.502275
10.645812,60,20.588181
11.283599,39,20.641922
21.634244,60,20.738064
13.436897,60,20.825317
25.55414,60,20.910678
31.67378,60,20.999326
15.356367,60,21.08846
10.924111,44,21.15728
8.094591,42,21.219609
9.763326,47,21.295034
26.207297,60,21.389163
41.317071,60,21.490013
23.331806,60,21.5804
13.653182,52,21.656287
24.412843,60,21.734658
29.597354,60,21.838861
25.196633,60,21.925992
8.200904,41,21.986331
20.80869,60,22.086907
29.514856,60,22.180449
11.229227,46,22.254417
44.427297,60,22.345477
22.722169,60,22.425919
23.881236,60,22.511982
15.18651,58,22.598133
21.265984,60,22.681575
35.693042,60,22.778713
30.865765,60,22.860754
24.575299,60,22.952384
9.19149,36,23.008186
17.012962,60,23.10611
15.143735,46,23.175937
26.904728,60,23.265943
7.77421,43,23.326812
22.856761,60,23.421419
28.823987,48,23.492849
31.053695,60,23.584314
37.177312,60,23.659111
36.208672,60,23.747592
45.995541,60,23.836167
16.42506,47,23.910129
27.997127,60,23.996098
30.078001,60,24.092498
4.407171,29,24.143121
18.491278,60,24.236812
33.323566,60,24.328211
40.636801,60,24.416542
15.812186,60,24.509195
38.619996,60,24.60029
42.038408,60,24.673754
26.968181,60,24.734475
15.360567,54,24.803397
22.945963,60,24.888371
18.138123,60,24.965281
38.091461,60,25.046993
12.624832,60,25.131133
28.420645,60,25.208578
16.651441,60,25.293972
25.348232,60,25.374245
4.767676,28,25.41564
12.622289,52,25.489173
30.504066,60,25.570173
15.88084,60,25.646152
54.248436,60,25.723253
28.832041,60,25.812391
21.677574,60,25.898347
20.611468,60,25.990755
19.817468,60,26.073385
5.902783,31,26.119711
43.231995,60,26.200691
14.230891,60,26.280185
11.075168,56,26.355875
31.321288,60,26.451939
21.756189,60,26.538813
21.649888,58,26.629794
28.144325,60,26.709808
11.722027,46,26.772729
30.784832,60,26.854281
30.197289,60,26.942916
19.685565,60,27.025428
20.206726,53,27.093816
27.717792,60,27.186895
29.220264,60,27.271911
26.138479,60,27.366962
23.688063,58,27.46523
12.532799,56,27.534174
42.819048,60,27.633286
26.090702,60,27.728511
41.444177,60,27.825513
22.649103,60,27.942181
22.084172,60,28.019001
25.350894,60,28.098378
42.351071,60,28.191392
38.119296,60,28.272377
26.270725,60,28.337755
21.168108,60,28.429506
21.364502,60,28.530186
19.868776,60,28.645785
28.523167,60,28.739191
40.623802,60,28.817712
27.49283,60,28.910732
18.544344,60,29.008762
15.745419,52,29.088754
13.654514,60,29.181145
24.788849,60,29.275259
26.427418,60,29.367687
8.719106,51,29.44454
26.119043,60,29.542422
6.446919,28,29.58872
31.336369,60,29.681811
12.040117,60,29.780526
18.037683,60,29.881722
27.532921,60,29.994412
15.043062,39,30.05984
25.641994,60,30.157555
7.887715,32,30.211288
34.04502,60,30.326478
39.653796,60,30.431472
15.110481,49,30.508498
23.090314,60,30.609719
32.934129,60,30.699633
24.147537,60,30.812011
13.138148,60,30.923774
40.40482,60,31.028012
11.784537,60,31.132
30.242822,60,31.245479
21.019128,60,31.337885
40.502788,60,31.434762
26.189918,60,31.526796
34.939581,60,31.6137
23.761633,60,31.702963
29.696353,60,31.781091
12.359622,58,31.882341
35.721461,60,31.983922
28.112906,60,32.065334
22.41334,60,32.170094
39.39832,60,32.262706
24.166101,60,32.354447
16.509008,46,32.420657
39.110067,60,32.523084
22.884998,60,32.619328
22.498924,60,32.718801
8.631334,56,32.803728
5.829299,52,32.885709
23.462272,60,32.980609
19.472974,60,33.068241
16.644106,50,33.143267
31.955076,60,33.241357
13.66092,53,33.322264
17.168989,60,33.415705
25.908764,60,33.505622
22.073471,60,33.590148
36.993476,60,33.687723
11.824485,52,33.764748
10.040176,57,33.854695
23.328576,49,33.928549
21.219894,60,34.021624
47.028686,60,34.114727
31.126071,60,34.210397
24.623273,60,34.30341
48.819747,60,34.385894
17.15808,60,34.46673
18.299104,60,34.554854
30.601564,60,34.641377
42.195979,60,34.732927
13.337579,41,34.805754
36.126492,60,34.894413
26.88157,60,34.982392
32.069057,60,35.073963
24.497387,60,35.167461
37.292567,60,35.253733
30.662466,60,35.347063
31.253684,60,35.44233
36.19862,60,35.543012
38.388802,60,35.632954
19.440033,60,35.71954
27.489969,60,35.813223
19.441368,60,35.906909
17.240186,60,36.010499
12.089785,59,36.109694
32.021595,60,36.211201
12.348049,53,36.291424
26.816457,60,36.389911
16.208677,60,36.486021
34.001086,60,36.579051
23.27892,60,36.677723
45.361709,60,36.766851
33.797113,60,36.85889
33.911478,60,36.939843
29.013665,60,37.027535
18.564794,60,37.116613
29.210993,60,37.211646
40.444876,60,37.298196
27.516874,60,37.392449
6.531793,24,37.432139
14.403458,60,37.515451
36.221008,60,37.602829
10.129791,43,37.673278
22.993537,60,37.763426
29.011685,60,37.843412
23.324745,60,37.954592
32.31818,60,38.046685
22.139005,60,38.164576
28.253784,60,38.268923
33.904716,60,38.354272
24.51159,60,38.446818
11.588145,52,38.528366
32.366793,60,38.621944
35.233968,60,38.737396
35.944515,60,38.839095
16.422377,54,38.946938
41.184202,60,39.040598
12.689352,39,39.113975
26.185834,60,39.21242
27.610845,60,39.299957
8.006409,44,39.378067
25.950154,60,39.468005
17.677093,60,39.560102
26.825348,60,39.639077
23.891354,60,39.726861
32.546437,60,39.827077
19.707068,56,39.911035
12.3948,60,40.004028
22.073599,60,40.10213
22.512934,60,40.196749
19.535153,60,40.280116
17.387693,60,40.374006
16.955787,60,40.464412
28.55038,60,40.556316
28.888349,60,40.655542
35.654484,60,40.751213
23.375492,60,40.846594
23.415732,60,40.93936
31.585626,60,41.019907
29.938643,60,41.122064
24.736129,60,41.217378
45.070875,60,41.310835
29.756815,60,41.403877
26.26757,60,41.488824
24.882749,60,41.579669
34.590863,60,41.671647
18.419938,59,41.759639
29.4951,60,41.842171
32.941687,60,41.930802
35.079175,60,42.029428
22.207727,60,42.112959
16.236403,50,42.186488
15.682447,60,42.267478
14.596069,48,42.34048
9.819477,57,42.428638
32.028733,60,42.51122
24.492688,60,42.606636
14.989098,60,42.713536
25.156325,60,42.814378
12.055048,60,42.90342
34.572459,60,42.990421
14.851676,60,43.081579
16.694172,60,43.175729
27.134016,60,43.262174
27.673346,60,43.355192
10.785945,35,43.408889
40.69622,60,43.499463
33.555717,60,43.591367
21.816519,60,43.685267
27.217527,60,43.794346
17.497841,59,43.895781
30.418351,60,43.991277
13.838477,44,44.063595
20.140534,60,44.160269
23.739613,60,44.253931
28.995544,60,44.346971
22.153426,60,44.440975
36.394541,60,44.522225
14.124302,36,44.583887
19.823405,60,44.667959
9.970325,38,44.729966
25.498595,54,44.812872
29.233821,60,44.905932
38.216655,60,44.989051
9.476382,37,45.045433
23.512354,60,45.136927
43.51586,60,45.231044
7.816303,32,45.280352
36.290133,60,45.377197
33.887266,60,45.472188
30.143526,60,45.565325
35.21849,60,45.647324
24.829298,60,45.750031
27.741116,60,45.844689
46.229555,60,45.954337
18.346927,60,46.05399
10.10307,38,46.108359
19.357899,60,46.205482
24.212571,60,46.30992
31.225135,60,46.401057
19.250678,60,46.502606
24.945452,60,46.596461
18.337374,55,46.678921
30.333886,60,46.78917
26.179521,60,46.88732
39.863604,60,46.994337
43.870852,60,47.092767
31.863767,60,47.195072
13.247737,47,47.271458
38.22366,60,47.380534
25.722892,60,47.473327
10.938463,59,47.571021
20.844971,60,47.665048
19.053791,60,47.751994
11.479043,45,47.825332
17.805546,60,47.921919
19.131345,60,48.004501
24.537703,60,48.087634
15.717326,60,48.186641
31.126366,60,48.279018
27.697622,60,48.371889
16.033353,57,48.466497
24.544233,60,48.553607
28.07855,60,48.642198
13.892746,53,48.715092
26.724354,60,48.807676
34.009178,60,48.897343
16.313057,60,48.995432
20.62834,58,49.083965
51.605796,60,49.185598
28.593513,60,49.281993
20.80436,60,49.379504
23.806866,52,49.481541
18.651443,60,49.587441
32.578158,60,49.687845
16.036317,60,49.780897
27.737476,60,49.858843
15.207684,54,49.955489
25.744951,60,50.055078
19.527848,50,50.143553
31.290991,60,50.235193
12.060632,60,50.33977
28.495447,60,50.436275
49.491048,60,50.537553
19.620571,60,50.634182
17.424074,60,50.72635
31.497454,60,50.825557
11.229585,47,50.904935
16.696312,60,51.002695
33.209946,60,51.113683
13.113509,53,51.206646
26.626891,60,51.28948
31.597327,60,51.38148
45.208717,60,51.479048
17.505497,60,51.57819
26.968752,60,51.680477
21.729151,60,51.778784
17.611062,60,51.875371
28.82054,60,51.978557
10.873139,37,52.040914
26.534438,60,52.136743
26.284888,60,52.237208
22.278553,60,52.329938
26.559805,60,52.424585
42.791388,60,52.515304
30.318189,60,52.611551
39.36927,60,52.706457
10.286254,35,52.763821
37.05728,60,52.862466
34.111321,60,52.956519
8.218204,36,53.012801
28.50257,60,53.110847
27.22934,60,53.197209
13.392386,60,53.278346
20.94567,60,53.362228
23.795103,60,53.467914
37.764779,60,53.557607
29.584111,60,53.634559
28.581714,60,53.714545
22.161614,60,53.805641
25.108971,60,53.887412
25.319031,60,53.982094
33.295857,60,54.065418
24.147108,60,54.187679
24.169392,60,54.269157
15.160685,60,54.355636
24.354759,60,54.442708
15.891365,60,54.536388
2.220078,25,54.570039
13.736534,60,54.654586
37.729096,60,54.738527
25.54523,60,54.829094
41.863448,60,54.916646
30.908428,60,55.001623
22.090741,60,55.087646
22.876966,60,55.170212
18.553233,60,55.259177
39.567382,60,55.349764
16.806428,52,55.440389
16.592397,57,55.531448
23.515691,60,55.632978
31.850106,60,55.729562
34.405513,60,55.822505
33.705987,60,55.914084
17.022501,43,55.989937
23.048601,60,56.086296
21.017419,60,56.178868
24.451018,60,56.268394
17.897836,60,56.374037
27.933518,60,56.466265
34.392793,60,56.571955
11.951445,46,56.645821
37.449166,60,56.741587
39.021533,60,56.844815
37.797837,60,56.943915
32.351341,60,57.045147
12.418741,42,57.111247
15.668372,60,57.232834
27.213155,60,57.325475
27.807389,60,57.424859
24.688988,60,57.52808
41.598643,60,57.619708
19.945902,60,57.718587
8.465897,51,57.797603
18.788705,60,57.894803
17.042727,44,57.97278
10.105996,47,58.046175
23.173439,60,58.146308
23.3638,60,58.237357
15.303353,45,58.323314
26.890897,59,58.420458
34.739817,60,58.518956
28.39195,60,58.623524
10.119031,50,58.708423
14.905135,60,58.796728
22.652066,60,58.894639
16.075451,37,58.956533
29.783081,60,59.054194
30.916695,60,59.147899
30.437529,60,59.235517
11.603313,51,59.316851
25.119051,60,59.401693
33.825638,60,59.487399
25.595465,60,59.597094
43.384407,60,59.683554
12.518672,39,59.739289
24.010861,60,59.826696
26.512229,60,59.910129
22.776396,60,60.005655
24.394989,60,60.104833
12.458599,55,60.188367
37.544659,60,60.287984
42.148261,60,60.393406
44.755392,60,60.488356
27.678202,60,60.608437
18.29448,60,60.717508
46.17997,60,60.831189
15.965516,60,60.930817
29.379266,60,61.030421
38.263597,60,61.12745
30.799682,60,61.220918
10.761197,50,61.293338
26.412717,60,61.382864
31.583507,60,61.470907
30.025281,60,61.559624
38.855822,60,61.659333
15.306814,43,61.724234
14.390931,38,61.785094
8.28933,34,61.830444
21.671445,60,61.926118
16.166033,51,62.007153
13.644895,60,62.0977
30.124679,60,62.189828
22.644411,60,62.284018
26.668953,60,62.411445
30.721229,60,62.51133
47.138634,60,62.601918
25.256526,60,62.694803
37.161095,60,62.80089
26.49551,60,62.891872
44.249754,60,62.987558
33.021539,60,63.091275
9.551544,40,63.155094
33.941429,60,63.25293
32.774879,60,63.355143
29.796402,60,63.449442
28.515843,60,63.553049
23.881411,60,63.658596
41.772859,60,63.757916
30.394023,60,63.861643
20.019216,60,63.963191
26.237498,60,64.062081
19.365465,60,64.155293
17.352886,45,64.22702
23.725316,60,64.318942
22.430943,60,64.404853
12.507563,56,64.483756
29.118201,60,64.573862
17.528506,60,64.659486
18.785649,47,64.730357
20.99759,60,64.82021
25.661701,60,64.916814
29.08186,60,65.00986
23.534971,60,65.101843
30.819765,60,65.191924
13.548346,47,65.260744
17.866774,60,65.343149
32.790466,60,65.43272
36.72524,60,65.526831
16.452096,60,65.619473
29.408275,60,65.718128
36.520498,60,65.806302
22.953093,60,65.893855
38.002932,60,65.989468
12.969192,60,66.066417
24.796169,60,66.153438
28.476443,60,66.24727
25.851788,60,66.332168
27.613061,60,66.422679
24.874978,60,66.509637
15.161688,52,66.583027
35.406854,60,66.667087
45.971743,60,66.766181
18.960785,44,66.846129
15.989793,52,66.930192
31.172727,60,67.028929
32.222593,60,67.103278
34.81426,60,67.183396
41.869304,60,67.265024
38.434551,60,67.353595
30.603602,60,67.424513
11.493801,59,67.513191
23.140614,60,67.595218
17.359799,60,67.674566
33.973501,60,67.754
28.281238,60,67.839957
23.987274,60,67.926113
54.060109,60,68.006633
36.941608,60,68.106667
48.591019,60,68.199277
29.455777,60,68.294385
34.580033,60,68.384469
31.479061,60,68.47804
41.485051,60,68.574777
26.967494,60,68.662727
21.520987,60,68.747888
30.407944,60,68.840511
23.083409,60,68.923331
24.759449,60,69.010821
13.577214,54,69.094554
19.071461,50,69.163979
20.312949,60,69.246298
21.932057,60,69.3287
21.244963,60,69.409555
32.534633,60,69.487601
20.943323,60,69.574269
37.111342,60,69.655276
33.11806,60,69.725214
23.981357,60,69.815997
30.920766,60,69.913001
16.048474,60,69.999115
32.171739,60,70.090165
6.267262,39,70.13939
22.278378,60,70.217758
42.649199,60,70.293635
29.382914,60,70.37817
20.226026,60,70.462753
33.103791,60,70.552838
25.792516,60,70.666128
29.391583,60,70.748587
30.300675,60,70.834955
33.492219,60,70.932286
20.512913,60,71.018702
25.282368,60,71.110081
26.211672,60,71.194754
7.358619,37,71.248505
33.676387,60,71.348704
30.757422,60,71.442247
26.549912,60,71.534528
12.886841,40,71.602352
21.547884,60,71.694729
16.709619,42,71.747541
40.636283,60,71.832606
48.410132,60,71.92678
15.754863,55,72.001262
29.987902,60,72.084574
14.696462,60,72.176669
34.972834,60,72.258342
26.731975,60,72.341892
13.735756,44,72.406324
9.400286,39,72.46262
37.918935,60,72.544026
16.671337,58,72.63957
11.6659,42,72.705915
36.781562,60,72.799133
25.624671,58,72.882449
6.159846,45,72.939905
23.083797,60,73.019534
41.585451,60,73.100636
30.343252,60,73.190582
14.007255,43,73.258232
27.296848,60,73.333245
25.088178,60,73.427893
53.27602,60,73.510478
26.410801,60,73.5935
40.586566,60,73.688198
26.828122,60,73.7687
22.302518,60,73.853171
26.364973,60,73.961934
32.304659,60,74.048483
21.839224,60,74.156612
11.678206,41,74.228506
14.582544,60,74.327609
15.844269,60,74.430238
31.830997,60,74.543551
26.219167,60,74.640528
34.679408,60,74.726037
49.965145,60,74.810062
16.880027,60,74.892503
36.652777,60,74.980104
34.133048,60,75.058639
16.147453,60,75.144618
39.844724,60,75.23701
32.37027,60,75.321932
35.913963,60,75.412531
42.74566,60,75.505116
7.797528,32,75.55746
31.920686,60,75.659243
51.407989,60,75.744682
29.496463,60,75.840241
27.514815,60,75.933594
41.750916,60,76.033748
22.285825,60,76.124372
25.022394,60,76.221661
44.006798,60,76.319716
31.564525,60,76.410303
18.837553,60,76.508851
37.493549,60,76.595876
38.681964,60,76.68203
14.78834,44,76.758325
34.743657,60,76.853394
15.971286,60,76.949943
27.762048,60,77.042914
23.403598,60,77.14115
19.607616,54,77.220613
32.903605,60,77.302111
32.511972,60,77.387116
33.34115,60,77.468311
40.484892,60,77.583979
27.737839,60,77.695637
20.183659,54,77.773022
28.160157,58,77.857636
24.08517,60,77.957706
20.282966,60,78.046302
37.464519,60,78.143372
18.035228,60,78.239887
25.32189,60,78.329107
33.153258,60,78.414674
31.737241,60,78.512342
27.648323,60,78.603286
26.641776,60,78.705025
42.582292,60,78.806748
39.45376,60,78.897428
21.34914,60,79.004938
32.377063,60,79.104766
29.925863,60,79.20144
18.490912,54,79.301028
15.866188,60,79.400584
35.336273,60,79.49045
25.534427,60,79.584536
24.758487,60,79.677092
41.791644,60,79.775159
31.028521,60,79.875777
8.308921,30,79.926054
18.81185,52,80.000608
25.425408,60,80.085661
20.707928,60,80.173701
29.937068,60,80.25972
12.77152,41,80.314408
55.378093,60,80.39996
21.153015,60,80.482897
28.069422,60,80.570496
36.392444,60,80.666628
31.537126,60,80.759397
30.562935,60,80.859505
26.961172,60,80.948529
33.444313,60,81.030439
29.884941,60,81.119316
49.253351,60,81.216021
19.738505,60,81.307583
20.486544,60,81.403799
24.015427,58,81.499566
29.181041,60,81.60023
33.6131,60,81.687357
9.017104,36,81.74467
13.764599,60,81.837185
19.895139,59,81.934352
19.588502,60,82.022563
26.614211,60,82.11917
24.72198,60,82.213163
8.308974,52,82.297921
18.981909,60,82.395026
23.839301,60,82.511423
18.288401,60,82.60701
38.220292,60,82.697086
42.105232,60,82.778642
23.045473,60,82.846977
27.205084,60,82.931498
45.125057,60,83.013934
24.9365,60,83.092541
21.321516,60,83.179942
10.909542,60,83.269126
24.278776,59,83.350604
37.575138,60,83.445932
23.59709,60,83.53401
13.805804,43,83.586296
42.561875,60,83.667804
18.873514,60,83.752432
7.959065,32,83.79717
12.18491,56,83.879693
21.245232,56,83.945724
38.119684,60,84.016135
30.468567,60,84.08201
13.273887,60,84.149396
12.573049,52,84.213866
42.319955,60,84.280918
19.546596,59,84.343405
25.969509,60,84.419345
19.494497,57,84.49989
27.12998,60,84.58851
27.23103,60,84.683117
19.23162,60,84.778006
20.611776,60,84.880474
26.139337,60,84.964403
19.930613,60,85.060062
38.190094,60,85.152101
19.655862,42,85.222087
15.393769,58,85.313659
39.039031,60,85.404701
28.664401,60,85.495906
26.884555,60,85.587578
26.904576,60,85.67996
26.612724,60,85.777852
27.452972,60,85.872903
18.855488,60,85.976476
26.947393,60,86.074129
35.065083,60,86.17831
27.154795,60,86.270721
23.432048,60,86.365546
21.948084,60,86.460994
26.386787,60,86.559148
43.036982,60,86.653777
25.512461,60,86.713579
17.873034,60,86.785001
14.038088,60,86.890722
21.585216,60,86.992843
19.013244,60,87.079218
15.509098,60,87.174653
12.972479,57,87.267355
45.110121,60,87.351613
40.158424,60,87.448283
5.170486,37,87.505581
23.220367,60,87.605557
29.14088,60,87.687671
36.569821,60,87.7857
25.248143,60,87.880865
18.663615,60,87.969703
28.886996,60,88.064788
25.232791,60,88.150331
20.355781,60,88.234498
26.122334,60,88.32862
17.613946,60,88.428925
22.001591,60,88.529426
14.825605,60,88.6257
33.67409,60,88.719902
24.889838,60,88.807037
19.7616,58,88.896512
16.876131,46,88.952761
26.688273,60,89.022076
13.009109,60,89.09412
16.984747,60,89.164395
23.912929,60,89.230761
35.652574,60,89.315875
49.573435,60,89.402052
30.216966,60,89.500572
36.154797,60,89.587492
38.093371,60,89.670062
32.235648,60,89.772295
23.33342,60,89.865674
22.887697,60,89.955729
30.930826,60,90.050081
28.07066,60,90.153113
31.138067,60,90.242603
38.854668,60,90.334571
19.294448,60,90.427072
47.034206,60,90.515092
28.793724,60,90.605465
21.98288,60,90.681985
38.362651,60,90.767046
41.40809,60,90.859323
33.57735,60,90.955854
13.664617,60,91.045469
29.389823,60,91.141189
32.260306,60,91.226765
21.285747,60,91.31429
41.793599,60,91.398839
27.75064,60,91.485494
41.218561,60,91.574649
35.110499,60,91.666295
18.011303,52,91.740553
26.96461,60,91.831191
13.806902,38,91.879005
38.358451,60,91.969012
24.836078,60,92.051045
44.752503,60,92.134588
33.234441,51,92.213661
20.101544,60,92.30711
20.298905,60,92.396334
51.64864,60,92.477533
34.429063,60,92.56198
25.199732,60,92.653202
27.513434,60,92.743808
24.586024,60,92.830766
38.74859,60,92.925931
25.650833,60,93.008854
16.72138,60,93.093392
31.724652,60,93.176916
39.319913,60,93.251992
26.132935,60,93.331801
22.609413,60,93.421317
27.037698,60,93.502231
8.147113,60,93.590055
48.996116,60,93.681204
17.199341,51,93.747073
31.516793,60,93.834141
13.252119,60,93.921257
37.82645,60,94.018299
35.389593,60,94.107885
29.357179,60,94.201868
32.196954,60,94.286427
20.166999,60,94.377011
26.090367,60,94.46271
32.189685,60,94.547737
17.064342,45,94.615973
4.494733,27,94.656131
30.316141,60,94.733667
26.06734,58,94.817172
24.1983,60,94.91697
28.555098,60,95.001132
40.653858,60,95.091703
46.367423,60,95.179294
26.288823,60,95.274586
36.804646,60,95.365573
27.145506,60,95.453893
37.934444,60,95.541183
24.723736,60,95.632748
25.701526,60,95.719708
36.197108,60,95.798276
31.209706,60,95.877829
11.010405,60,95.966386
30.982515,60,96.062341
20.896725,60,96.14581
17.949538,60,96.243421
18.925186,60,96.330539
27.452165,60,96.418555
32.298412,60,96.50656
23.525339,60,96.597127
20.416002,60,96.681224
29.563751,60,96.773659
18.449551,60,96.854647
31.27746,60,96.941039
40.502268,60,97.035783
45.524083,60,97.122909
28.768609,60,97.224061
34.631945,60,97.310858
11.676257,36,97.358181
15.327738,60,97.45681
12.659154,60,97.547284
35.357547,60,97.632824
38.517036,60,97.717437
30.762648,60,97.811699
17.063896,49,97.888518
15.455925,47,97.977495
19.35016,60,98.094442
42.869119,60,98.19759
21.493919,60,98.290128
23.176736,60,98.384702
17.142042,60,98.463604
30.202244,60,98.54861
24.970269,60,98.634697
32.178792,60,98.721738
42.480413,60,98.826927
41.368793,60,98.921256
40.908107,60,99.003615
29.45591,60,99.089551
9.730569,49,99.166098
33.859186,60,99.255568
34.061329,60,99.346963
24.014623,60,99.437006
18.444607,60,99.519001
22.040941,60,99.615969
40.057124,60,99.709521
28.183715,60,99.790448
23.093484,60,99.878979
24.945686,60,99.965608
31.764882,60,100.052199
12.305001,58,100.145731
20.654022,60,100.233722
44.862892,60,100.316223
33.66909,60,100.40076
47.326372,60,100.492305
27.19004,60,100.575862
10.001341,60,100.66845
17.785158,42,100.734296
43.621757,60,100.821444
18.226938,55,100.907024
24.618584,60,100.987529
24.790146,60,101.067068
36.880128,60,101.156448
39.180143,60,101.245267
47.822387,60,101.330106
28.986409,60,101.417975
28.132494,60,101.512453
35.604089,60,101.601252
27.672425,60,101.680649
31.434482,50,101.753177
28.101634,60,101.835598
18.482374,60,101.944251
56.209347,60,102.065337
32.446912,60,102.168404
19.611261,56,102.2643
18.465637,60,102.355384
42.278866,60,102.439915
31.465449,60,102.541712
24.932584,60,102.632174
40.454947,60,102.732821
16.739657,60,102.827015
13.954215,41,102.881258
34.799313,60,102.981016
25.653179,60,103.081142
28.861093,60,103.179252
19.034768,51,103.251202
41.012668,60,103.355429
17.734083,50,103.430848
26.859241,60,103.509925
50.352729,60,103.603966
7.865,29,103.644145
36.992536,60,103.72526
24.535299,60,103.808913
22.164044,60,103.894991
24.62883,60,103.978128
13.249614,60,104.066993
27.24018,60,104.159575
37.596986,60,104.254164
42.75254,60,104.353229
23.758222,60,104.436138
39.746933,60,104.51915
18.753194,47,104.587831
45.781446,60,104.686323
33.036174,60,104.78124
31.029372,60,104.873197
40.158231,60,104.967176
12.200595,48,105.039613
20.310948,60,105.139828
9.957049,36,105.197747
34.983925,60,105.29437
24.901228,60,105.393484
24.12484,60,105.481101
30.752897,60,105.589958
13.4547,60,105.679724
11.191576,33,105.732858
4.219602,25,105.774458
18.062277,46,105.845651
36.174828,60,105.944609
27.307689,60,106.041842
39.120414,60,106.129679
3.227472,35,106.18905
33.751166,60,106.288174
25.904676,60,106.380619
18.4965,60,106.469661
21.724151,60,106.558232
16.528319,60,106.636792
29.646479,60,106.730335
19.9772,45,106.80126
8.270757,31,106.849252
32.521831,60,106.950494
43.285006,60,107.038589
35.451884,60,107.130231
28.410581,60,107.227387
34.551431,60,107.326482
16.27446,60,107.421083
35.456639,60,107.509536
25.720093,60,107.602656
17.628622,50,107.673569
16.804986,60,107.774151
36.736204,60,107.867787
25.157587,60,107.955316
24.556463,53,108.042683
40.945506,60,108.128245
26.216157,60,108.219922
36.750691,60,108.318496
27.179895,60,108.415923
24.489284,60,108.508983
24.702077,60,108.605597
43.908868,60,108.70224
34.277923,60,108.788364
18.217528,60,108.878937
33.770748,60,108.970068
27.052552,60,109.05508
19.850454,46,109.115419
24.987862,60,109.198685
30.158547,60,109.277508
11.870873,60,109.368538
35.565715,60,109.463131
34.517218,60,109.553115
43.714076,60,109.647885
22.573474,60,109.736518
48.882327,60,109.829126
22.521044,60,109.92226
12.456045,34,109.973561
43.280292,60,110.060622
29.275338,57,110.155602
37.69474,60,110.253124
18.089189,46,110.326127
25.054378,60,110.430871
34.140551,60,110.521501
35.105797,60,110.628693
43.293295,60,110.732737
34.591392,60,110.821419
36.100811,60,110.934202
25.168233,60,111.031174
27.704874,60,111.129301
15.837364,46,111.204212
42.807539,60,111.306326
12.169717,60,111.402864
27.933043,60,111.50267
13.623526,47,111.585215
30.138217,60,111.678617
35.920948,60,111.770543
21.312391,60,111.858546
37.353348,60,111.942488
29.201954,60,112.027446
18.190203,60,112.119978
33.767129,60,112.225159
29.302561,60,112.329553
36.442047,60,112.4242
25.715664,60,112.518295
38.754073,60,112.619459
13.686869,45,112.681239
28.40092,60,112.766656
48.666394,60,112.864274
24.541935,60,112.951861
23.540226,58,113.037098
19.071432,60,113.136055
51.671176,60,113.221886
23.810976,60,113.316668
29.262979,60,113.431953
14.66943,60,113.542586
14.708487,60,113.667188
44.003465,60,113.772335
17.852228,50,113.857328
38.740816,60,113.985106
23.716286,60,114.082086
30.368004,60,114.194288
38.713277,60,114.298457
19.372593,41,114.363271
28.41721,60,114.462307
39.562657,60,114.557856
30.261733,60,114.648392
31.812069,60,114.729807
20.073277,60,114.816401
30.791947,60,114.903969
32.243353,60,114.994497
24.837588,60,115.092188
27.386728,60,115.196725
38.702553,60,115.297036
37.535406,60,115.385071
41.109048,60,115.48096
7.419971,57,115.564947
39.817181,60,115.663048
22.546929,60,115.753149
18.309165,60,115.852848
33.698113,60,115.941365
19.896016,60,116.037912
16.507009,60,116.12937
42.484157,60,116.210761
25.563846,60,116.304324
34.108148,60,116.389824
20.535658,60,116.475322
43.605378,60,116.565735
42.089553,60,116.651197
31.168538,60,116.742289
42.789263,60,116.833375
36.673123,60,116.918981
38.086867,60,117.005011
25.055196,60,117.096179
26.259482,60,117.193698
27.888709,60,117.287722
49.92289,60,117.384324
44.093479,60,117.46846
24.670077,60,117.558117
44.018817,60,117.646184
35.132907,60,117.734275
28.492318,60,117.833371
23.332745,60,117.928884
32.578082,60,118.028909
38.632464,60,118.116337
17.93401,60,118.220518
37.38086,60,118.316757
27.87071,60,118.407347
48.533952,60,118.5191
36.253556,60,118.62269
32.151331,60,118.730723
27.975691,60,118.818433
16.303932,60,118.897388
16.66269,47,118.947731
38.877727,60,119.018641
6.812292,29,119.050811
24.005125,60,119.119821
40.637685,60,119.184167
25.25783,60,119.253937
24.330033,53,119.312775
26.748472,60,119.387653
27.171584,60,119.458618
42.931484,60,119.548262
33.37542,60,119.635282
25.817139,60,119.717194
34.346479,60,119.798629
38.300785,60,119.873844
31.93338,60,119.9508
14.314243,35,119.997096
33.09914,60,120.077635
42.122918,60,120.17013
25.244497,60,120.266221
18.349947,53,120.356688
34.975336,60,120.44963
31.166183,60,120.531111
34.00509,60,120.622761
25.603111,60,120.714268
13.535969,57,120.805791
42.25144,60,120.896231
40.818735,60,120.996111
30.915857,60,121.092083
24.914978,60,121.173581
30.630826,60,121.269636
25.531847,60,121.357745
25.797256,60,121.453729
33.761718,60,121.549395
24.032505,60,121.64206
38.441727,60,121.737547
24.103193,60,121.838046
46.605578,60,121.937052
28.769869,60,122.033207
38.488373,60,122.132379
27.001666,60,122.229518
42.16962,60,122.32407
14.864193,44,122.389392
38.596083,60,122.474036
11.198402,56,122.560473
35.043728,60,122.649499
24.35844,60,122.73413
33.509589,60,122.824097
31.763339,60,122.909809
21.234374,60,123.005352
27.486631,60,123.114874
15.365284,57,123.210848
42.318253,60,123.299289
40.868464,60,123.3859
37.240101,60,123.484031
19.339777,60,123.581521
51.332863,60,123.672949
32.222093,60,123.76395
34.296585,60,123.857599
27.27983,60,123.950175
28.201344,60,124.03719
35.969488,60,124.133704
47.644239,60,124.225861
40.243846,60,124.312047
21.319551,60,124.403589
24.312363,60,124.491728
16.683844,60,124.57985
45.128129,60,124.6639
36.279948,60,124.754919
33.276898,60,124.848739
22.351265,60,124.94232
29.14186,60,125.031934
54.016066,60,125.116599
42.836875,60,125.210006
56.440491,60,125.302931
29.737412,60,125.386213
21.616882,60,125.482398
42.734886,60,125.581558
28.013089,60,125.67949
17.94164,60,125.78316
33.646836,60,125.87472
23.923413,58,125.975714
34.602442,60,126.07808
26.021587,60,126.169599
29.293099,60,126.269791
19.985025,60,126.346209
14.782719,48,126.401455
31.014261,60,126.469818
47.085284,60,126.537816
24.339085,60,126.598688
39.838781,60,126.678298
25.050632,60,126.767926
19.055105,60,126.860602
41.896206,60,126.943609
36.796507,60,127.049353
26.874829,60,127.156159
21.218845,60,127.263627
20.373301,60,127.355671
35.285333,60,127.452475
31.40124,60,127.543456
25.381572,60,127.624023
29.039094,60,127.714069
35.131133,60,127.799641
43.205303,60,127.882481
28.803278,60,127.973887
36.398908,60,128.0741
36.215699,60,128.178411
41.397527,60,128.283738
9.796383,40,128.347614
14.671571,60,128.444664
35.790711,60,128.545424
52.142911,60,128.640337
45.964881,60,128.736888
35.188817,60,128.844104
26.764459,60,128.944822
45.021983,60,129.041089
26.135662,60,129.150704
33.427121,60,129.243227
31.814667,60,129.372494
27.850825,60,129.486609
41.610514,60,129.646737
24.386482,60,129.772875
52.791803,60,129.870929
23.175946,60,129.975662
43.082531,60,130.090947
31.593211,60,130.222575
23.133773,60,130.341914
49.40554,60,130.448189
34.577703,60,130.580345
37.837173,60,130.686801
23.04243,60,130.797851
31.427381,60,130.898878
15.527291,60,131.014797
38.824178,60,131.142884
29.178203,60,131.272871
41.724016,60,131.377347
39.982847,60,131.500074
32.852998,60,131.601616
34.611655,60,131.693728
54.032324,60,131.809087
32.274854,60,131.900117
52.128201,60,132.005841
31.943467,60,132.096555
37.441617,60,132.182603
42.63993,60,132.286261
34.209256,60,132.388472
14.144773,60,132.4799
31.119017,60,132.572962
3.464095,33,132.617163
17.278784,39,132.673481
37.252127,60,132.775981
18.563358,60,132.86727
33.43234,60,132.968991
27.241906,60,133.066684
36.865982,60,133.177153
8.399579,36,133.235003
27.898086,60,133.340692
26.93619,60,133.425567
27.511373,60,133.519006
20.171006,60,133.604266
47.893498,60,133.686408
19.561261,60,133.776564
32.780661,60,133.873749
33.701368,60,133.958083
29.141167,60,134.052237
20.963396,60,134.147351
24.800906,60,134.242912
16.022713,60,134.327776
20.865024,60,134.416688
34.715825,60,134.508582
6.370815,34,134.553319
14.434213,60,134.643655
39.478534,60,134.724681
34.57216,60,134.806794
43.034142,60,134.90496
22.805078,60,134.986349
26.16388,60,135.086432
41.239978,60,135.171459
40.540726,60,135.264982
33.704422,60,135.356379
39.177262,60,135.443166
37.613501,60,135.533249
43.192216,60,135.626382
24.846057,60,135.71349
31.20382,60,135.805516
30.300274,60,135.898049
33.711756,60,135.989237
42.857546,60,136.075645
26.974507,60,136.158112
41.129885,60,136.242474
33.152486,60,136.319898
38.90425,60,136.406441
12.123171,57,136.49259
38.473208,60,136.573911
44.32262,60,136.67694
24.262152,60,136.763885
8.156395,36,136.819754
21.559321,60,136.911783
41.016354,60,137.000777
45.311483,60,137.085819
14.778925,54,137.17388
34.819673,60,137.269957
47.448123,60,137.359423
28.568242,60,137.462349
27.808342,60,137.550373
7.165702,45,137.616345
14.600897,60,137.716972
18.939689,58,137.806443
38.436374,60,137.90598
6.694441,37,137.962835
33.511697,60,138.051849
12.587027,60,138.144944
30.881317,60,138.230532
21.45911,60,138.334639
30.379568,60,138.428717
9.417989,38,138.484935
45.886283,60,138.577796
19.857674,60,138.676693
26.452647,60,138.774471
47.124796,60,138.863549
34.705653,60,138.94922
30.117954,60,139.038364
42.428566,60,139.141008
22.481437,60,139.238614
40.020857,60,139.328561
11.619223,60,139.417753
41.075148,60,139.507415
13.863702,52,139.599933
39.001738,60,139.690897
13.992087,42,139.760234
32.480819,60,139.863789
30.861708,60,139.953817
44.418251,60,140.049981
21.161863,60,140.139879
41.305033,60,140.237363
16.25222,60,140.339194
25.346448,60,140.437242
35.41221,60,140.53625
15.358657,60,140.641673
12.509259,49,140.714489
19.260614,60,140.822587
25.806894,60,140.922184
29.092178,60,141.022674
30.806601,60,141.109989
11.003787,60,141.214729
26.73361,60,141.31341
37.068906,60,141.397309
29.750229,60,141.491777
16.079713,60,141.582868
18.650799,52,141.666922
22.124159,60,141.759677
27.034702,60,141.853692
27.804594,60,141.949182
22.08203,60,142.038291
30.119311,60,142.121174
34.857801,60,142.220355
23.002973,60,142.313462
38.454479,60,142.404413
25.146636,60,142.500327
29.999142,60,142.592246
26.044991,60,142.678881
43.888747,60,142.775899
15.235488,60,142.870896
16.483722,60,142.969907
28.395382,60,143.063428
25.802873,60,143.153503
42.380604,60,143.265922
25.445553,60,143.35189
35.244039,60,143.444773
38.298284,60,143.538554
34.364052,60,143.636651
38.865201,60,143.721494
29.043534,60,143.819115
16.90993,60,143.910474
53.547713,60,144.00312
38.063387,60,144.103786
21.207388,58,144.175801
37.825026,60,144.27634
32.870591,60,144.377594
33.48438,60,144.461014
51.840385,60,144.544864
31.613529,60,144.633361
32.733952,60,144.717252
19.090559,52,144.792267
43.029865,60,144.87872
14.447849,52,144.953236
45.899971,60,145.037814
10.592829,51,145.111416
44.441446,60,145.200837
29.124874,60,145.296385
30.211629,60,145.378891
28.43697,60,145.481535
31.590892,60,145.579171
33.508409,60,145.670789
25.224019,60,145.772854
33.260411,60,145.865397
39.654713,60,145.960953
26.329212,60,146.048799
42.123115,60,146.131084
30.285075,60,146.220713
23.299244,60,146.3058
40.487471,60,146.399397
42.449315,60,146.488401
33.675773,60,146.583211
21.25575,60,146.673767
10.776701,43,146.742789
22.676569,60,146.829325
47.874039,60,146.909869
9.711678,34,146.958745
12.633806,37,147.010095
18.555577,45,147.074845
30.566682,60,147.156862
44.878233,60,147.243727
21.529115,60,147.322841
35.706629,60,147.404417
31.082175,60,147.492081
20.515356,60,147.575688
36.007008,60,147.657183
39.381566,60,147.73817
49.878524,60,147.81983
17.520723,60,147.901013
26.396351,60,147.984343
38.11038,60,148.08019
47.15811,60,148.16832
36.05744,60,148.266927
50.887561,60,148.357043
37.258388,60,148.44633
29.079836,60,148.542473
23.465657,60,148.629714
10.383558,60,148.713524
44.134141,60,148.813347
31.313658,60,148.897859
46.147416,60,148.993284
33.934417,60,149.073186
42.109693,60,149.160086
23.759625,60,149.245053
42.580964,60,149.343654
33.054164,60,149.426905
27.176637,60,149.510944
30.243209,60,149.600608
33.234302,60,149.688648
36.323224,60,149.777248
50.13964,60,149.863642
42.987367,60,149.954581
46.018687,60,150.046454
26.194388,60,150.137302
36.100753,60,150.235145
17.088027,60,150.324304
43.682124,60,150.409292
35.828832,60,150.497671
32.357164,60,150.58118
45.358254,60,150.673616
22.301091,60,150.759141
48.670947,60,150.839648
15.82252,60,150.933271
37.633522,60,151.015303
43.457061,60,151.108386
21.950738,59,151.194337
25.707287,60,151.284242
24.651847,60,151.391497
27.79546,60,151.479064
33.424325,60,151.572103
37.963422,60,151.661121
39.747381,60,151.752358
22.137743,58,151.845887
27.606834,60,151.940557
26.754396,60,152.036039
49.497741,60,152.133676
26.639426,60,152.213546
44.610192,60,152.293491
17.376914,60,152.378457
27.071151,60,152.469937
47.985657,60,152.557833
18.031292,60,152.646535
33.326253,60,152.746094
27.328898,60,152.842974
31.772809,60,152.931958
34.738766,60,153.021895
22.337715,57,153.106567
29.07302,60,153.203651
38.039653,60,153.312759
34.207127,60,153.401707
38.462184,60,153.507923
40.603866,60,153.603601
33.896263,60,153.692237
19.458205,60,153.799323
33.175637,60,153.888837
38.024881,60,153.992439
37.597401,60,154.093518
35.309794,60,154.185563
38.77932,60,154.292315
52.377218,60,154.393228
39.62077,60,154.491831
33.100803,60,154.583392
54.575411,60,154.68153
30.665283,60,154.776132
14.536339,39,154.833484
25.371421,57,154.925978
27.858467,60,155.012045
23.630818,60,155.10055
29.255668,60,155.194359
25.95843,60,155.298577
14.844088,42,155.392168
37.1295,60,155.494581
12.287399,60,155.597229
28.88604,60,155.6782
35.922986,60,155.772732
24.106485,60,155.859688
49.432774,60,155.95399
34.211758,60,156.045673
25.714201,60,156.135374
33.427396,60,156.240114
37.821082,60,156.335759
45.152912,60,156.429473
15.334028,60,156.525594
16.037256,59,156.617589
28.482392,60,156.718735
26.150054,60,156.824859
22.308939,60,156.927238
54.631483,60,157.030633
41.475655,60,157.122612
29.659739,60,157.22327
37.166744,60,157.320748
36.970107,60,157.40888
28.588322,60,157.501051
24.501418,60,157.599465
25.91301,60,157.688987
40.255591,60,157.774932
42.38991,60,157.864423
39.561068,60,157.95339
42.510327,60,158.049818
24.315817,60,158.136729
37.178556,60,158.225019
26.09157,60,158.308747
26.102079,60,158.397198
28.592203,60,158.479038
48.797983,60,158.560538
39.231857,60,158.648213
11.936926,41,158.710555
29.052058,60,158.807754
49.701425,60,158.896958
48.687942,60,158.988896
32.318483,60,159.080415
24.72652,60,159.172467
15.159306,56,159.25408
27.56029,60,159.345022
30.896809,60,159.437109
26.705157,60,159.516715
8.771609,60,159.623315
55.462506,60,159.706635
29.831201,60,159.800763
39.909154,60,159.891404
14.846678,47,159.969767
31.116172,60,160.054592
37.317327,60,160.14872
23.945861,60,160.244193
21.052283,60,160.339864
28.362613,60,160.427737
26.563977,60,160.516743
44.372977,60,160.608915
31.839452,60,160.697975
45.191105,60,160.789457
22.01825,60,160.878637
29.094249,60,160.981909
36.941582,60,161.068907
26.372354,60,161.168336
27.944944,60,161.261531
36.491277,60,161.352194
37.531018,60,161.45829
39.676991,60,161.562297
31.555733,60,161.663093
12.168859,40,161.725044
41.824947,60,161.821507
33.399851,60,161.922565
29.375476,60,162.012624
40.518663,60,162.107116
43.900601,60,162.20411
36.103711,60,162.295367
45.342706,60,162.40497
20.689304,60,162.509677
35.154721,60,162.630891
33.725533,60,162.714836
20.555137,60,162.831525
17.797153,60,162.920058
52.775391,60,163.003182
20.173178,49,163.071299
42.677105,60,163.157855
29.613427,60,163.253351
30.697304,60,163.346778
32.091738,60,163.444128
28.556494,60,163.540582
17.497851,57,163.617601
35.864354,60,163.702849
21.620963,60,163.783329
23.061959,60,163.883588
37.057872,60,163.972898
34.164899,60,164.072302
18.164787,60,164.170755
32.543111,60,164.269897
42.670406,60,164.361488
29.296643,60,164.453154
39.588252,60,164.556395
14.736238,60,164.64884
35.86801,60,164.733217
39.627969,60,164.832228
28.312185,60,164.915049
34.596743,60,165.005469
36.528824,60,165.087978
20.78083,59,165.185943
40.246339,60,165.277979
41.731427,60,165.377884
9.71822,58,165.470374
31.255757,60,165.559788
44.113089,60,165.650775
16.764852,60,165.726283
30.56869,60,165.815873
30.035494,60,165.922977
40.76223,60,166.015069
35.075712,60,166.098584
18.858424,59,166.201995
29.007067,60,166.290729
53.338505,60,166.38053
48.565459,60,166.470342
41.56361,60,166.565747
26.095496,60,166.666346
39.9088,60,166.758784
27.298408,60,166.845724
34.449785,60,166.940796
25.224356,60,167.02327
42.522424,60,167.102907
27.021828,60,167.18799
38.232503,60,167.281005
36.603423,60,167.379144
36.192967,60,167.470269
11.248738,48,167.541173
37.682957,60,167.614571
35.493932,60,167.702474
33.860178,60,167.793113
37.391609,60,167.880601
36.821955,60,167.963206
31.849556,60,168.049299
17.642664,60,168.128752
27.973633,60,168.219811
31.307045,60,168.301773
39.947797,60,168.392914
27.225423,60,168.494853
32.086648,60,168.587934
37.871865,60,168.670827
25.773148,60,168.761834
9.950483,53,168.839885
39.285995,60,168.940436
27.864428,60,169.025188
27.274961,60,169.121254
39.339113,60,169.211284
33.409588,60,169.306783
36.210702,60,169.403849
32.596292,60,169.499402
23.157217,60,169.598087
28.017221,60,169.69123
29.538383,60,169.785907
14.306122,60,169.884971
16.93797,46,169.970488
26.219782,60,170.061989
25.953775,60,170.162008
33.04986,60,170.259057
16.947305,60,170.364158
22.085463,60,170.470634
20.374834,60,170.554203
28.825197,60,170.655654
26.171289,60,170.763905
26.665506,60,170.8558
28.837016,60,170.953979
43.268293,60,171.043011
19.145058,59,171.130622
20.500656,55,171.225775
30.571703,60,171.316501
23.910346,60,171.416598
34.231427,60,171.505555
36.652822,60,171.590563
18.714277,60,171.672593
39.352204,60,171.756652
43.684215,60,171.847225
38.286515,60,171.952917
31.094677,60,172.051967
45.149819,60,172.144362
44.066343,60,172.238854
42.428123,60,172.342811
33.537295,60,172.438468
33.354897,60,172.542186
37.989606,60,172.64633
19.922467,56,172.732956
27.185127,60,172.848292
48.786261,60,172.943808
38.901976,60,173.040899
23.907973,60,173.149138
21.444956,60,173.245635
29.555426,60,173.3482
27.582771,60,173.449695
24.203296,60,173.537485
26.730991,60,173.623969
40.672644,60,173.714578
41.753388,60,173.808671
49.363654,60,173.89319
38.73577,60,173.978277
18.316321,60,174.068477
30.894849,60,174.159881
39.339993,60,174.25768
31.915046,60,174.346591
47.337677,60,174.441046
38.248392,60,174.528104
39.501436,60,174.619699
40.423257,60,174.711883
27.192039,60,174.806068
20.803784,60,174.903708
34.475465,60,175.005281
38.495823,60,175.092765
37.684957,60,175.193753
22.835898,60,175.30283
40.678487,60,175.397041
31.05836,60,175.51779
44.610548,60,175.615311
38.031141,60,175.711441
43.33349,60,175.816142
51.92763,60,175.907119
34.340924,60,176.002078
37.302152,60,176.102561
29.268713,60,176.211197
50.834323,60,176.311034
39.501553,60,176.424878
50.599839,60,176.527987
42.003035,60,176.63509
8.766779,44,176.701266
39.30817,60,176.796981
25.447234,60,176.899501
42.574821,60,176.998358
48.046828,60,177.087815
43.423146,60,177.190831
42.777574,60,177.283816
11.2863,37,177.33762
46.836712,60,177.427137
27.126983,60,177.523805
18.161604,60,177.61434
32.481717,60,177.712402
34.087191,60,177.815496
20.970911,44,177.877412
33.677516,60,177.975371
17.508846,60,178.038171
40.642862,60,178.10224
36.393852,60,178.171192
43.931677,60,178.236593
32.879028,60,178.306031
20.342631,60,178.378121
37.788301,60,178.446548
40.014466,60,178.526848
39.598135,60,178.601839
20.741215,60,178.697322
34.927388,60,178.795627
50.484455,60,178.892859
35.068586,60,178.992415
27.950436,60,179.083632
43.808465,60,179.175666
18.716838,60,179.261439
40.908227,60,179.343762
52.512385,60,179.425807
32.104092,60,179.51075
42.386581,60,179.586012
24.836805,60,179.680362
26.42111,60,179.763887
37.757146,60,179.847958
33.194624,60,179.928347
11.49049,41,179.986123
18.046631,49,180.059358
32.225637,60,180.141138
31.252755,60,180.240988
42.516185,60,180.321511
28.694552,60,180.404078
42.306695,60,180.488729
37.866536,60,180.580755
23.407227,60,180.672712
27.721994,60,180.765378
47.30526,60,180.858235
17.169444,60,180.952892
46.931171,60,181.03622
41.521033,60,181.129766
39.377308,60,181.22296
46.081827,60,181.305545
31.044109,60,181.391532
14.593136,57,181.47996
45.324735,60,181.568499
26.268816,60,181.647898
29.595007,60,181.756139
26.754091,60,181.841676
21.681728,60,181.924702
47.790068,60,182.021369
33.538246,60,182.104489
43.838408,60,182.200026
34.695123,60,182.28989
49.342079,60,182.367246
28.69452,60,182.453823
40.902944,60,182.545425
29.452853,60,182.636595
41.563258,60,182.729658
26.420447,60,182.830477
36.376852,60,182.908425
42.194363,60,182.977334
9.456319,46,183.023568
52.697833,60,183.092659
34.733948,60,183.184156
39.216546,60,183.269161
28.035574,60,183.357907
36.009997,60,183.445935
47.589034,60,183.527935
44.483156,60,183.617982
41.089903,60,183.700377
44.3319,60,183.765155
44.11386,60,183.832076
19.725097,60,183.909999
27.991802,60,183.99052
33.107705,60,184.068579
45.831464,60,184.145229
44.772775,60,184.217138
23.952865,60,184.290621
44.331664,60,184.362988
36.130648,60,184.442106
55.751328,60,184.522683
39.485559,60,184.601309
26.68341,60,184.679993
48.216446,60,184.76148
44.927208,60,184.843039
8.062235,39,184.891096
52.287731,60,184.966605
43.713749,60,185.048561
44.420403,60,185.124039
44.566258,60,185.206621
48.50069,60,185.289416
45.082145,60,185.366704
35.065673,60,185.451808
32.312855,60,185.52632
32.912087,60,185.629818
42.120745,60,185.741508
33.781454,60,185.818007
38.197623,60,185.946428
20.91268,53,186.082089
24.656304,60,186.162111
51.925754,60,186.237535
54.480647,60,186.314907
17.879647,56,186.395336
35.50259,60,186.468755
30.858511,60,186.55685
29.32701,60,186.640346
23.094303,60,186.71418
36.293271,60,186.794001
40.750219,60,186.872386
41.055165,60,186.948917
16.82126,49,187.003791
41.372642,60,187.067222
37.926654,60,187.169043
23.928474,60,187.266642
42.940016,60,187.360281
25.208416,60,187.475355
27.08454,60,187.572538
10.115497,27,187.612827
31.533593,60,187.705949
40.476461,60,187.788473
31.594057,60,187.883553
45.949812,60,187.968596
40.850084,60,188.060828
43.935151,60,188.155836
38.381846,60,188.241235
40.060639,60,188.342763
53.351185,60,188.437736
37.82801,60,188.521599
41.630459,60,188.627065
47.44575,60,188.713652
26.945658,60,188.797593
49.093731,60,188.890632
38.176828,60,188.999369
35.532588,60,189.110651
51.480111,60,189.208714
33.076128,56,189.300873
38.983095,60,189.383458
36.482775,60,189.481674
29.774726,60,189.57372
34.879134,60,189.672338
15.325789,60,189.775039
51.287671,60,189.872547
25.795683,60,189.974746
30.376469,60,190.069352
46.23693,60,190.156951
34.687505,60,190.264687
33.860857,60,190.368842
34.588874,60,190.47145
21.178047,60,190.577161
33.014252,60,190.680207
54.313774,60,190.773377
51.853226,60,190.884394
32.591327,60,190.984095
25.850617,60,191.092814
40.637476,60,191.195506
40.452451,60,191.282521
42.912081,60,191.384222
30.941534,60,191.471685
38.433152,60,191.565853
44.343253,60,191.666967
36.37592,60,191.765716
40.211998,60,191.871243
39.570768,60,191.977402
26.850071,60,192.084594
31.396774,60,192.191613
42.120827,60,192.292468
45.623172,60,192.393875
42.344733,60,192.497041
40.997351,60,192.60098
41.817247,60,192.702586
51.497152,60,192.795197
32.188952,60,192.881146
28.727991,60,192.969712
50.563178,60,193.059779
48.857178,60,193.140378
27.044949,60,193.234903
44.076895,60,193.323824
37.185067,60,193.417248
34.058708,60,193.515168
24.276764,60,193.602483
10.24529,58,193.682439
21.586692,57,193.761376
29.813656,60,193.848293
34.071077,60,193.937971
21.530287,60,194.043611
47.804181,60,194.14126
28.710878,60,194.240405
35.54551,60,194.331936
22.083822,60,194.411408
29.729957,60,194.508548
30.111543,60,194.600142
39.679666,60,194.692482
44.77994,60,194.804714
29.189814,58,194.891223
41.719957,60,194.988367
31.710544,60,195.08391
49.493696,60,195.172347
44.759724,60,195.268435
24.168468,60,195.368163
56.834714,60,195.465274
41.855442,60,195.569285
18.6314,36,195.620545
15.377932,51,195.695893
41.745524,60,195.780699
38.96988,60,195.868649
11.730927,60,195.954674
48.833208,60,196.047285
18.529881,36,196.099555
24.334059,60,196.194986
46.685703,60,196.27804
47.198686,60,196.363486
25.519134,60,196.454613
51.316891,60,196.538114
31.890297,60,196.640721
37.672847,60,196.731812
45.846086,60,196.843395
56.546842,60,196.946019
35.706021,60,197.069709
29.655809,60,197.198468
21.40266,60,197.333279
31.868096,60,197.417276
24.655233,60,197.502383
25.692414,60,197.58535
45.123114,60,197.68547
50.364493,60,197.777182
19.10073,60,197.857633
25.093661,60,197.950078
27.03006,60,198.035166
38.636956,60,198.120728
35.897856,60,198.208172
43.519793,60,198.293564
30.503601,60,198.370432
21.885707,60,198.445319
32.757668,60,198.524669
29.105204,60,198.608165
29.117335,60,198.689107
21.043992,60,198.772149
40.045745,60,198.852642
30.894644,60,198.931139
47.463268,60,199.016998
21.806671,57,199.098081
42.500689,60,199.181252
48.590418,60,199.265143
47.944923,60,199.351062
37.941413,60,199.430837
12.871725,60,199.511169
28.175261,60,199.602363
30.228439,60,199.693488
35.049272,60,199.785198
28.231707,60,199.881417
51.390036,60,199.967563
49.514281,60,200.058674
51.091728,60,200.139154
50.815986,60,200.219554
27.180247,60,200.303671
38.812718,60,200.387722
18.784892,52,200.46224
47.792599,60,200.5462
43.743756,60,200.643261
31.77966,60,200.721675
27.157777,60,200.81918
9.773431,30,200.865898
20.069286,60,200.967686
53.294865,60,201.077385
39.307394,60,201.160602
40.635508,60,201.246597
27.663685,60,201.337772
48.973144,60,201.42264
42.241059,60,201.509609
33.147937,60,201.616716
20.149829,60,201.722365
48.143722,60,201.816598
43.000421,60,201.911163
24.095803,60,201.997191
46.037688,60,202.082206
21.387865,60,202.175793
31.875863,60,202.262317
47.199207,60,202.356068
50.596142,60,202.450027
33.888492,60,202.547974
28.662619,60,202.645499
50.457182,60,202.732634
37.823888,60,202.821108
52.943561,60,202.903648
46.250991,60,202.986229
37.88686,60,203.078296
40.633386,60,203.168379
44.192929,60,203.262464
49.366447,60,203.347014
54.905928,60,203.438597
38.216318,60,203.524877
36.438573,60,203.605716
33.486236,60,203.689278
35.44479,60,203.76779
32.806634,60,203.843341
31.851168,60,203.928445
17.426104,60,204.017323
36.42237,60,204.101371
41.401767,60,204.19344
47.46318,60,204.277142
47.303746,60,204.361531
40.621088,60,204.444959
40.444842,60,204.5455
33.269657,60,204.646525
17.902566,60,204.732284
31.097143,60,204.834258
44.997908,60,204.921316
42.875197,60,205.006852
32.589979,60,205.093261
30.172603,60,205.191905
32.650386,60,205.297782
35.938417,60,205.391412
20.549717,60,205.489431
23.298159,60,205.586025
30.355302,60,205.685139
34.538242,60,205.770283
31.321455,60,205.876473
45.454618,60,205.975084
45.94113,60,206.080696
56.790234,60,206.184422
43.055884,60,206.265791
27.653722,60,206.363337
53.701599,60,206.445774
42.550676,60,206.525382
49.156091,60,206.615428
51.844309,60,206.705041
46.238291,60,206.796599
32.67646,60,206.881197
33.911579,60,206.961176
49.799908,60,207.042517
35.761546,60,207.129591
29.105412,60,207.203334
25.93608,60,207.287189
55.454172,60,207.3747
52.106275,60,207.458205
47.980799,60,207.548344
41.122778,60,207.63438
26.984483,60,207.717334
47.189293,60,207.803461
56.92882,60,207.884002
52.892321,60,207.967088
45.472155,60,208.056944
49.521779,60,208.137298
29.835821,60,208.233453
57.192204,60,208.321695
33.856335,60,208.417373
49.848179,60,208.50789
35.434365,60,208.593858
49.437719,60,208.680217
25.433724,60,208.762141
37.230378,60,208.849835
50.65505,60,208.925802
53.483173,60,209.014379
20.66247,60,209.189102
52.459561,60,209.288014
39.788394,60,209.373933
44.862851,60,209.466927
39.440591,60,209.555871
38.873242,60,209.641303
41.347937,60,209.727891
40.299015,60,209.818995
38.858668,60,209.908992
48.686524,60,210.001102
55.478149,60,210.088754
45.516274,60,210.180566
19.301067,58,210.267051
34.067582,60,210.355138
41.04593,60,210.445317
55.300346,60,210.537387
47.430028,60,210.629344
26.237415,60,210.723893
43.213738,60,210.806435
29.572519,60,210.896603
26.146651,60,210.987526
34.24923,60,211.082063
55.06162,60,211.166343
34.861452,60,211.251582
46.635029,60,211.342253
45.6112,60,211.425968
53.161051,60,211.510537
26.069002,60,211.59506
44.260895,60,211.674495
39.276761,60,211.759824
39.709327,60,211.850703
32.517491,60,211.945201
30.473904,60,212.036536
40.955939,60,212.119524
39.31466,60,212.200091
30.136211,60,212.280587
30.617425,60,212.368587
33.435621,60,212.451594
41.886449,60,212.552184
36.326234,60,212.643302
44.189524,60,212.730905
43.143573,60,212.820452
47.991556,60,212.89742
39.559598,60,212.983017
39.924403,60,213.077096
26.328047,60,213.163053
26.648965,60,213.252228
46.425457,60,213.351432
31.691556,60,213.439388
54.338749,60,213.527335
38.717226,60,213.615401
18.00944,41,213.685263
47.503581,60,213.768325
21.743297,60,213.851781
41.990994,60,213.946721
47.463543,60,214.035482
28.627189,60,214.120028
52.752484,60,214.196934
44.227453,60,214.282386
43.276939,60,214.364389
40.807168,60,214.447426
20.591393,59,214.526886
30.281672,57,214.619383
47.709808,60,214.712388
51.031957,60,214.798911
35.821367,60,214.879866
37.45536,60,214.967026
43.822409,60,215.058588
45.732227,60,215.141108
38.471397,60,215.238012
33.949104,60,215.326183
25.899102,60,215.410093
24.36772,60,215.495998
52.192873,60,215.581887
33.546549,60,215.669518
44.167921,60,215.754561
27.344646,60,215.833143
43.792581,60,215.928321
46.5491,60,216.009464
40.805372,60,216.099345
45.620552,60,216.191466
31.160619,60,216.282092
24.371616,60,216.365489
46.459119,60,216.460437
25.713065,60,216.539429
29.314559,60,216.623011
50.799334,60,216.708432
54.198174,60,216.788881
52.487653,60,216.883554
41.818352,60,216.966576
25.560805,60,217.051577
48.893095,60,217.138665
12.40908,50,217.226551
46.463432,60,217.31749
49.924517,60,217.409832
53.373895,60,217.49773
40.671612,60,217.586932
37.687315,60,217.679532
42.338316,60,217.76408
11.555476,32,217.81234
50.645077,60,217.89992
50.370373,60,217.998623
33.329111,60,218.086013
25.903651,60,218.172848
52.411495,60,218.255979
55.583141,60,218.333083
57.156787,60,218.418488
31.716231,60,218.5049
38.142647,60,218.586341
42.011571,60,218.679309
27.870855,60,218.760353
44.847104,60,218.839311
44.087754,60,218.916307
48.055301,60,219.010905
43.477142,60,219.090458
56.132849,60,219.17044
48.99267,60,219.256916
41.491199,60,219.337021
34.980353,60,219.415067
52.397209,60,219.498548
41.270125,60,219.591152
12.787171,48,219.661097
43.098489,60,219.751251
43.038885,60,219.848302
37.381554,60,219.93955
50.419237,60,220.045148
36.163328,60,220.157347
21.661712,60,220.245906
45.704434,60,220.331358
34.21244,60,220.444532
42.484952,60,220.532159
18.511794,43,220.603039
53.171854,60,220.701095
38.039709,60,220.786704
46.651904,60,220.878322
52.000848,60,220.96283
49.924516,60,221.05341
39.162414,60,221.150007
48.322968,60,221.234055
54.371493,60,221.316588
41.880318,60,221.408709
52.033747,60,221.494641
48.079186,60,221.576013
43.252633,60,221.668498
52.192529,60,221.750922
50.756824,60,221.831736
55.452278,60,221.906648
39.972375,60,221.977097
27.580514,60,222.047572
11.63117,43,222.104465
46.601001,60,222.187939
29.493636,60,222.265738
48.703142,60,222.341753
52.540264,60,222.431323
24.270405,60,222.507194
47.721076,60,222.591166
39.681914,60,222.685413
49.662109,60,222.76742
27.148898,57,222.840223
31.651407,60,222.924722
48.939318,60,223.009274
56.082273,60,223.089781
50.736958,60,223.186197
47.605139,60,223.266172
30.261923,60,223.346195
53.912123,60,223.437624
54.413648,60,223.513968
49.080685,60,223.601522
49.619544,60,223.687486
52.03524,60,223.773797
20.203918,55,223.848288
47.012369,60,223.93682
56.527636,60,224.017156
54.907681,60,224.114606
48.797819,60,224.203141
35.583877,60,224.302356
36.998512,60,224.378767
46.988708,60,224.440252
49.981915,60,224.5021
33.388299,60,224.572119
43.737165,60,224.649381
53.635276,60,224.718338
26.816576,60,224.791772
30.125011,60,224.865157
23.117641,60,224.93764
37.391935,60,225.013155
28.945542,60,225.088134
44.875951,60,225.161626
38.407034,60,225.239703
36.304463,60,225.313185
30.179964,60,225.386708
38.10562,60,225.467202
23.718828,60,225.561904
43.224441,60,225.641058
35.30105,60,225.723006
51.423751,60,225.812114
29.170595,60,225.901628
54.21536,60,225.992153
36.625832,60,226.078715
32.519647,60,226.168806
46.216537,60,226.250321
52.656214,60,226.340183
17.772365,60,226.430299
44.359141,60,226.519127
40.326612,60,226.594601
41.859768,60,226.674664
26.977637,60,226.750651
37.262385,60,226.831127
42.40562,60,226.909583
45.770981,60,226.990133
43.850014,60,227.070141
43.262027,60,227.150742
38.196768,60,227.235787
49.783452,60,227.308893
43.67696,60,227.392871
52.631379,60,227.469558
55.970024,60,227.545353
53.323606,60,227.627263
13.949162,60,227.720617
32.672512,60,227.793568
34.62743,60,227.888673
38.073706,60,227.9576
44.946639,60,228.036556
37.387699,60,228.119495
41.616626,60,228.211695
44.604781,60,228.298474
41.986692,60,228.381548
47.970262,60,228.460018
42.68338,60,228.547581
41.20134,60,228.628363
29.48639,60,228.700247
51.661665,60,228.778207
56.090735,60,228.859696
44.396266,60,228.941225
27.365398,60,229.021185
51.461568,60,229.100185
45.42473,60,229.179689
25.213412,60,229.244008
52.224758,60,229.327983
40.741772,60,229.417145
34.670621,60,229.503727
36.913424,60,229.592847
31.043775,60,229.689582
13.444346,36,229.750813
43.051524,60,229.841038
55.139546,60,229.937006
37.782208,60,230.027113
33.135225,60,230.110038
38.56305,60,230.206621
29.304395,60,230.296689
32.928023,60,230.389799
15.624021,57,230.483524
25.65141,58,230.579043
26.759487,60,230.677616
45.497034,60,230.775129
18.183745,39,230.844542
42.386106,60,230.93983
35.05747,60,231.038123
42.882833,60,231.129066
49.336019,60,231.221019
39.352626,60,231.328597
36.880742,60,231.420089
26.665017,60,231.510725
47.594889,60,231.607339
41.473844,60,231.70568
50.18688,60,231.791675
20.118191,60,231.888741
53.11832,60,231.984345
46.673072,60,232.075063
54.745944,60,232.169478
43.734224,60,232.257915
43.885096,60,232.342422
35.402219,60,232.437405
42.287985,60,232.517477
55.330629,60,232.615571
26.968487,60,232.708158
28.887429,60,232.792683
48.57733,60,232.889222
50.930182,60,232.989838
25.115448,60,233.084415
34.705696,60,233.187013
48.822139,60,233.271825
45.766012,60,233.381985
40.20798,60,233.491115
45.172287,60,233.58576
34.055352,60,233.696505
46.337065,60,233.78145
47.648531,60,233.880587
34.540109,60,233.97507
42.367316,60,234.058777
49.555915,60,234.153953
23.347241,60,234.261719
51.27495,60,234.351717
23.136887,60,234.444928
38.764488,60,234.540598
53.651049,60,234.627657
39.392693,60,234.717291
21.824937,59,234.790806
23.113013,51,234.867087
41.611464,60,234.947608
45.844187,60,235.040382
36.773927,60,235.128849
44.386968,60,235.220917
54.492605,60,235.305717
50.385332,60,235.39122
50.302279,60,235.475756
56.871078,60,235.561819
40.978359,60,235.65134
47.836648,60,235.74349
55.774916,60,235.835629
55.084503,60,235.91873
55.538877,60,236.01146
35.861821,60,236.100532
43.509022,60,236.201342
50.820696,60,236.301501
8.207003,56,236.38954
45.564595,60,236.486459
54.251228,60,236.572962
18.636005,60,236.666576
53.814824,60,236.757072
50.440353,60,236.854639
49.221082,60,236.946498
31.312918,60,237.037419
55.991069,60,237.127924
45.668831,60,237.217792
25.181104,60,237.309449
24.37708,60,237.393003
21.003134,60,237.471092
53.751368,60,237.564918
19.005064,44,237.626861
51.791545,60,237.717385
32.969674,60,237.814444
53.434497,60,237.905468
44.930851,60,237.995114
23.938607,60,238.079771
47.840776,60,238.173885
35.46777,60,238.260466
47.809901,60,238.348636
34.633667,60,238.445183
38.35,60,238.536657
51.422045,60,238.627503
29.194152,60,238.714967
35.403236,60,238.811516
55.157567,60,238.899252
38.774015,60,238.982753
42.657904,60,239.073345
49.514284,60,239.159359
28.074548,60,239.253012
32.933544,60,239.343117
38.557166,60,239.445743
46.618975,60,239.540471
57.368652,60,239.634537
33.30865,60,239.734581
50.273761,60,239.817655
53.712997,60,239.913661
33.636169,60,240.00583
46.972495,60,240.093983
43.161099,60,240.201453
42.376549,60,240.29658
57.529461,60,240.404333
53.819517,60,240.500954
49.060692,60,240.586514
26.595522,60,240.677731
51.679269,60,240.777333
49.281904,60,240.867851
50.052127,60,240.965047
43.767554,60,241.050666
58.046439,60,241.130735
53.598927,60,241.227251
52.066062,60,241.309021
37.776143,60,241.405166
45.360972,60,241.502707
50.277552,60,241.591704
46.009257,60,241.709471
44.894719,60,241.811139
51.864261,60,241.913327
39.494727,60,242.010398
54.396169,60,242.107517
41.959789,60,242.205755
45.379172,60,242.303218
30.389518,60,242.405408
54.343497,60,242.495943
46.450612,60,242.595524
40.599973,60,242.685176
48.643007,60,242.775851
54.368709,60,242.863928
51.604459,60,242.969362
49.400386,60,243.072801
30.292264,60,243.161331
27.018805,60,243.259366
47.898502,60,243.356339
52.832721,60,243.453396
39.997349,60,243.556569
28.949861,60,243.645634
26.197499,60,243.739614
49.010571,60,243.842775
56.256727,60,243.932449
33.24426,60,244.02797
46.970374,60,244.118818
46.6685,60,244.209283
25.013489,60,244.311328
27.387714,60,244.400311
35.853687,60,244.500394
52.687513,60,244.598953
45.358872,60,244.696604
36.480568,60,244.791344
54.016803,60,244.889408
36.468149,60,244.974401
39.718264,60,245.066399
41.057177,60,245.155533
47.992988,60,245.235278
50.639772,60,245.32068
31.643338,60,245.419647
42.938495,60,245.511412
46.686152,60,245.608186
35.450452,60,245.70667
18.11737,41,245.769055
46.965369,60,245.861007
36.686482,60,245.945397
49.386177,60,246.039475
24.965709,55,246.114494
31.483284,60,246.209025
45.50504,60,246.300689
46.823033,60,246.398777
30.563964,60,246.490337
50.615582,60,246.575621
45.785059,60,246.686462
41.774938,60,246.776881
39.269423,60,246.867875
44.942403,60,246.971283
42.559878,60,247.056255
21.031611,55,247.142284
42.130872,60,247.229304
36.624712,60,247.328717
49.93596,60,247.417176
29.467546,60,247.516288
41.047204,60,247.616327
46.911622,60,247.707147
54.391025,60,247.79048
44.091365,60,247.877905
38.051478,60,247.964776
28.372666,59,248.063462
53.216452,60,248.153953
34.584714,60,248.247123
37.897129,60,248.348571
46.498744,60,248.439133
38.72653,60,248.535146
53.031967,60,248.630224
53.476819,60,248.72637
51.171666,60,248.828565
33.775782,60,248.925143
37.603435,60,249.011662
26.134655,60,249.119445
42.036624,60,249.218262
55.832047,60,249.30691
51.169106,60,249.396512
49.194477,60,249.480608
54.233446,60,249.570195
57.066008,60,249.649217
43.503252,60,249.728225
45.537525,60,249.80927
56.377055,60,249.902209
53.802355,60,249.999184
51.230576,60,250.089784
52.431666,60,250.187057
55.818556,60,250.278167
44.50768,60,250.364086
56.011719,60,250.454691
41.452639,60,250.535676
48.434787,60,250.617532
49.923272,60,250.716464
56.350281,60,250.801336
43.799714,60,250.90054
53.621513,60,250.986418
52.13091,60,251.066438
51.071224,60,251.158749
54.217999,60,251.259124
48.589287,60,251.346652
56.598285,60,251.430699
55.218285,60,251.518279
52.402049,60,251.597803
48.48743,60,251.687845
36.607956,60,251.772875
51.23976,60,251.873859
33.552785,60,251.979931
39.938799,60,252.070368
46.769343,60,252.174216
41.025373,60,252.259474
47.781338,60,252.425914
53.525809,60,252.525499
54.108901,60,252.615484
46.9787,60,252.702553
40.797863,60,252.804163
38.423976,60,252.896451
56.641858,60,252.983972
39.796935,60,253.078128
52.099172,60,253.164197
31.931743,60,253.25474
14.868878,42,253.313574
54.512591,60,253.39458
44.302965,60,253.478099
37.456234,60,253.55754
40.899757,60,253.650632
57.229847,60,253.743237
25.653011,60,253.843612
56.617413,60,253.937598
16.20314,60,254.033153
33.350184,60,254.119161
45.731775,60,254.211148
53.765303,60,254.309592
25.63114,60,254.412564
45.914812,60,254.526164
43.410156,60,254.634741
43.185495,60,254.739164
44.276777,60,254.842849
48.828386,60,254.939091
34.435546,60,255.040817
50.81034,60,255.132514
47.843392,60,255.235345
25.530397,60,255.330414
54.968413,60,255.44148
51.209292,60,255.546047
49.578541,60,255.641087
45.271224,60,255.732496
36.907637,60,255.81966
41.983586,60,255.90501
51.733839,60,255.992269
56.780044,60,256.084786
45.238013,60,256.154249
35.520063,60,256.22154
38.533222,60,256.297916
33.248915,60,256.363716
48.281527,60,256.437699
56.813924,60,256.501096
41.89103,60,256.595712
17.165544,52,256.678189
24.119325,60,256.779971
38.960405,60,256.87503
36.220947,60,256.977549
46.144817,60,257.061527
35.54993,60,257.162199
40.466855,60,257.253773
50.380787,60,257.33519
46.423698,60,257.433031
48.262416,60,257.525068
51.894926,60,257.609602
44.31916,60,257.701196
48.649222,60,257.797359
35.465232,60,257.881189
42.415649,60,257.942596
47.952114,60,258.015533
41.90156,60,258.09404
55.612245,60,258.168501
42.621297,60,258.24027
51.481339,60,258.314916
49.506193,60,258.386307
47.732641,60,258.462379
54.566357,60,258.539334
37.563156,60,258.614864
44.290758,60,258.693392
54.526683,60,258.772475
50.98828,60,258.84943
34.494915,55,258.915334
53.864485,60,258.995186
51.566088,60,259.073593
50.448036,60,259.152567
52.394675,60,259.238613
52.378708,60,259.3206
44.166489,60,259.40112
57.063715,60,259.48318
56.754436,60,259.557604
54.793255,60,259.638166
48.047382,60,259.715526
40.438515,60,259.796447
47.971804,60,259.880492
25.57148,60,259.960015
36.084953,60,260.043568
27.505761,57,260.120007
46.895349,60,260.19787
48.829937,60,260.275371
55.433317,60,260.363841
43.199749,60,260.453432
53.383061,60,260.536397
32.561865,60,260.619767
38.030525,60,260.690995
40.519372,60,260.760779
11.112568,58,260.840676
31.846451,60,260.920712
55.528628,60,261.005252
41.588767,60,261.092299
51.363651,60,261.18233
30.49576,60,261.263359
55.8668,60,261.339537
52.079565,60,261.406946
55.07592,60,261.472309
56.17869,60,261.542234
51.484628,60,261.605288
58.306056,60,261.689387
39.293454,60,261.778894
41.76836,60,261.882017
45.20551,60,261.97449
41.68265,60,262.059881
53.464415,60,262.148465
26.073174,60,262.234054
50.872636,60,262.336797
47.570953,60,262.435895
55.726671,60,262.52798
37.082224,60,262.629158
56.226126,60,262.739341
34.921832,60,262.82599
48.611443,60,262.926138
46.440525,60,263.028325
50.943051,60,263.116837
45.459278,60,263.206919
46.988759,60,263.295086
46.401407,60,263.374738
54.096286,60,263.470775
32.417714,60,263.548264
45.153203,60,263.642443
32.998578,60,263.737159
54.574717,60,263.820953
47.635354,60,263.905504
45.930959,60,263.995087
35.676482,60,264.079483
44.800575,60,264.16203
50.818239,60,264.268275
54.690577,60,264.363299
51.141887,60,264.460881
55.810485,60,264.566937
45.224294,60,264.65496
41.915019,60,264.756169
50.847086,60,264.850818
48.420033,60,264.949115
54.249954,60,265.035794
47.763939,60,265.121018
29.392819,60,265.215772
36.633177,60,265.308633
41.72146,60,265.40623
47.140403,60,265.495654
51.360273,60,265.603667
39.202684,60,265.699311
51.363201,60,265.787376
54.901089,60,265.872939
57.272162,60,265.954648
45.693975,60,266.039501
47.775735,60,266.132088
38.428479,60,266.220607
54.718911,60,266.31866
33.684276,60,266.413711
54.756565,60,266.496114
47.06693,60,266.597425
52.679101,60,266.696907
47.769327,60,266.781973
31.305602,60,266.885702
35.38798,60,266.982789
55.454348,60,267.074273
51.472172,60,267.171324
30.893272,60,267.258189
22.557711,56,267.344179
21.920437,60,267.443168
57.254284,60,267.530079
55.988936,60,267.630115
44.530695,60,267.718692
55.52295,60,267.807122
39.776064,60,267.88882
24.333535,60,267.97582
51.461543,60,268.060838
52.889159,60,268.147992
21.483037,60,268.237675
35.232058,60,268.329492
33.868392,60,268.416423
17.375757,51,268.485331
42.602776,60,268.566027
56.300522,60,268.643635
41.538091,60,268.732285
53.450303,60,268.819801
52.054598,60,268.912905
28.261315,52,268.989119
30.471647,59,269.073642
54.615531,60,269.163586
56.344837,60,269.247442
49.303784,60,269.338504
39.895609,60,269.426322
50.524598,60,269.512796
33.399319,60,269.596861
34.527402,60,269.694584
56.758353,60,269.796725
24.763454,60,269.882764
46.033468,60,269.983227
21.114479,60,270.077693
47.664957,60,270.169259
34.814498,60,270.257874
54.725179,60,270.34737
48.934443,60,270.450022
53.098629,60,270.550442
48.655797,60,270.665259
51.56063,60,270.766572
56.233575,60,270.884457
53.204709,60,270.983505
21.015961,56,271.073573
49.629759,60,271.154584
48.93878,60,271.2583
58.718351,60,271.38008
54.171741,60,271.488826
55.102356,60,271.623193
52.988298,60,271.728624
48.104099,60,271.827739
25.913713,60,271.930974
42.298505,60,272.037913
53.408334,60,272.142935
39.011792,60,272.258809
20.362875,60,272.370813
55.306505,60,272.470213
52.439214,60,272.589104
45.967414,60,272.687207
52.188915,60,272.804328
51.122199,60,272.914547
56.35344,60,273.025707
50.149829,60,273.141781
52.284761,60,273.247565
55.27739,60,273.368698
51.442028,60,273.473151
54.71891,60,273.569552
43.738497,60,273.673193
54.356307,60,273.777377
54.116767,60,273.890064
52.669208,60,273.991731
50.150452,60,274.088247
32.91819,60,274.186531
45.839824,60,274.274497
52.649266,60,274.369909
54.210993,60,274.470546
48.052392,60,274.575894
33.711888,60,274.672862
47.475657,60,274.779817
53.162674,60,274.887055
49.168188,60,274.983158
52.720457,60,275.078325
53.381508,60,275.167385
54.927152,60,275.270035
52.562231,60,275.36768
43.928465,60,275.452132
53.758038,60,275.548693
50.837621,60,275.647211
44.10877,60,275.736772
44.404989,60,275.836039
51.128702,60,275.918958
41.739543,60,276.01913
40.938574,60,276.116104
44.469953,60,276.202837
39.017657,60,276.298492
43.452777,60,276.397135
49.163393,60,276.494901
34.502312,60,276.587499
54.381587,60,276.685544
25.444593,60,276.777006
13.458433,37,276.829221
52.418916,60,276.919538
56.552269,60,277.00588
53.948834,60,277.077586
53.840134,60,277.173049
51.639664,60,277.265537
54.87844,60,277.365484
54.933589,60,277.470162
44.00554,60,277.562225
42.45225,60,277.657869
51.462788,60,277.747487
46.932096,60,277.841642
55.810625,60,277.935536
54.423906,60,278.027965
42.497006,60,278.125374
50.694849,60,278.228879
44.838758,60,278.332595
25.59944,60,278.430292
43.64368,60,278.522959
55.090786,60,278.619645
18.071626,60,278.728884
50.665122,60,278.815937
55.048393,60,278.913861
36.256678,60,279.009452
16.109909,44,279.073781
46.073984,60,279.175922
55.834926,60,279.273509
50.567849,60,279.364588
55.743634,60,279.440069
36.556876,60,279.523624
49.336828,60,279.602232
52.649939,60,279.68978
52.521507,60,279.778943
56.733381,60,279.858932
51.708748,60,279.940434
52.311723,60,280.020647
43.143503,60,280.107303
56.396336,60,280.190395
51.752033,60,280.291767
40.25611,60,280.391744
55.360175,60,280.4942
50.686147,60,280.587563
50.280135,60,280.710819
48.163861,60,280.88451
50.201894,60,280.966004
56.223186,60,281.060605
33.815632,60,281.18096
53.738515,60,281.269006
53.730227,60,281.389114
52.87443,60,281.493689
52.880855,60,281.591231
53.917969,60,281.699721
56.060725,60,281.785015
54.272758,60,281.893584
37.22434,60,281.987601
22.241171,43,282.064559
51.231327,60,282.172727
52.287438,60,282.274923
49.954665,60,282.372914
53.282898,60,282.467974
51.041086,60,282.565972
47.550137,60,282.655383
56.241428,60,282.745
17.348346,60,282.833927
50.853984,60,282.916004
49.035071,60,282.998461
54.377701,60,283.083443
46.693474,60,283.176635
57.433718,60,283.264776
41.033832,60,283.349326
55.928062,60,283.437388
56.005975,60,283.522907
54.889683,60,283.605462
43.004884,60,283.693496
55.841902,60,283.779471
52.661531,60,283.866565
54.365318,60,283.959113
46.364388,60,284.044796
53.657548,60,284.129778
51.324562,60,284.214761
42.937065,60,284.288099
54.224048,60,284.370641
54.482191,60,284.455709
54.820818,60,284.538093
56.519799,60,284.621634
50.420494,60,284.710487
36.942258,60,284.792026
49.758283,60,284.873528
53.805338,60,284.960928
48.573546,60,285.038437
54.167536,60,285.117476
47.47867,60,285.201016
48.417173,60,285.278559
54.395353,60,285.353576
25.349972,60,285.430017
54.785043,60,285.51459
53.931797,60,285.588519
55.325126,60,285.681606
43.600135,60,285.765757
54.156016,60,285.84441
49.65838,60,285.924737
54.102228,60,286.009675
54.433482,60,286.091676
53.588718,60,286.174726
56.195672,60,286.255203
54.733308,60,286.33779
48.313584,60,286.425374
30.462779,60,286.520504
7.630672,30,286.561735
37.81965,60,286.651751
45.926408,60,286.738166
56.023754,60,286.818113
54.604164,60,286.920038
48.271525,60,287.006866
40.19162,60,287.087654
43.915497,60,287.177157
49.906424,60,287.280866
49.367742,60,287.357298
50.429238,60,287.419828
48.700343,60,287.490101
53.743136,60,287.569081
56.676062,60,287.642041
25.215256,60,287.720626
46.485245,60,287.800046
53.022274,60,287.87759
39.311512,60,287.956694
54.680915,60,288.037791
55.263237,60,288.119303
45.07902,60,288.19984
55.319679,60,288.27081
55.063857,60,288.342406
51.57132,60,288.418869
51.973406,60,288.498426
44.209332,60,288.576736
38.690791,60,288.647374
57.515796,60,288.727509
44.863854,60,288.798462
33.57582,60,288.871992
55.231602,60,288.949927
41.695305,60,289.02999
54.067064,60,289.116689
54.98393,60,289.19943
47.125146,60,289.296902
56.97573,60,289.366246
39.662526,60,289.434252
55.588582,60,289.516318
54.896699,60,289.600891
49.275612,60,289.68128
56.36542,60,289.772318
56.409236,60,289.87499
24.192619,60,289.969473
37.754551,60,290.068052
57.036707,60,290.146021
53.877292,60,290.227903
53.634629,60,290.309878
54.158561,60,290.406554
55.086107,60,290.50463
50.921545,60,290.59775
51.564498,60,290.6995
55.870518,60,290.786003
52.985669,60,290.874544
55.634035,60,290.963538
56.523338,60,291.055416
48.854283,60,291.147946
49.458471,60,291.239966
42.550329,60,291.329952
50.7259,60,291.430416
57.469876,60,291.523471
54.001727,60,291.625946
53.222478,60,291.720484
53.131569,60,291.817644
52.263713,60,291.928922
40.992893,60,292.04526
40.815804,60,292.151948
48.779746,60,292.266219
52.416589,60,292.381455
54.053697,60,292.504169
52.262948,60,292.597717
37.559289,60,292.693785
57.212932,60,292.797954
38.938606,60,292.909709
55.554867,60,293.012818
50.297439,60,293.117918
48.982618,60,293.238238
53.785802,60,293.338336
53.045705,60,293.446714
41.615366,60,293.535719
56.408116,60,293.640163
50.692829,60,293.749446
55.566656,60,293.852951
50.703407,60,293.954458
37.401603,60,294.073502
54.075447,60,294.179535
56.79223,60,294.270454
55.642641,60,294.388582
44.794496,60,294.509233
52.976163,60,294.61645
47.449062,60,294.708062
45.8064,60,294.802606
41.685866,60,294.903983
52.161585,60,295.014425
48.843284,60,295.092976
56.985705,60,295.187118
53.831729,60,295.279182
44.429716,60,295.370682
55.793886,60,295.469296
52.007307,60,295.556237
51.659361,60,295.652814
56.784907,60,295.751312
46.499723,60,295.835222
50.28801,60,295.933868
44.402817,60,296.035609
53.735118,60,296.129206
24.780588,60,296.226341
47.113282,60,296.316533
49.797015,60,296.414076
30.649674,60,296.497052
55.053812,60,296.573041
55.454983,60,296.653813
40.757187,60,296.73583
55.630016,60,296.82254
51.212289,60,296.914444
56.742186,60,297.010663
49.223233,60,297.098733
49.200678,60,297.190339
50.130368,60,297.275155
56.162791,60,297.370225
45.216491,60,297.467274
54.301059,60,297.570568
57.109547,60,297.669099
45.815328,60,297.781734
56.74489,60,297.888267
55.330665,60,297.977421
54.539168,60,298.072648
57.051324,60,298.169199
57.151736,60,298.261607
36.913917,60,298.359679
56.38961,60,298.450307
53.939245,60,298.601177
44.52613,60,298.710351
54.001551,60,298.794325
45.701746,60,298.875208
54.248659,60,298.970229
53.82989,60,299.06623
56.742083,60,299.154809
49.136415,60,299.253336
50.706172,60,299.339826
54.667337,60,299.438458
48.58085,60,299.529106
46.610062,60,299.62206
26.956262,60,299.715628
54.688683,60,299.805205
23.036063,60,299.893718
53.314183,60,299.986275
49.862261,60,300.085246
33.92775,60,300.177761
47.023387,60,300.27502
45.502117,60,300.355386
38.701702,60,300.451816
40.824748,60,300.539712
55.508345,60,300.628166
56.824691,60,300.724198
53.130543,60,300.812315
19.431136,46,300.879249
50.202581,60,300.979773
56.277882,60,301.06917
57.135298,60,301.171792
51.750533,60,301.268171
51.36904,60,301.359769
51.649926,60,301.444782
49.207484,60,301.54623
45.695956,60,301.636767
56.712134,60,301.730354
4.512786,25,301.773679
54.229994,60,301.854133
56.417607,60,301.948196
55.292059,60,302.043145
53.452472,60,302.139283
29.272277,60,302.231442
32.887355,60,302.327512
54.21904,60,302.411413
29.715218,60,302.505129
53.967741,60,302.59817
54.132555,60,302.686637
44.661512,60,302.771963
54.644184,60,302.87034
54.108681,60,302.965822
52.231366,60,303.064184
56.230964,60,303.153685
56.168693,60,303.244199
52.441393,60,303.346732
57.037544,60,303.433985
49.122137,60,303.524304
52.493971,60,303.622776
42.740069,60,303.70608
56.77518,60,303.793473
47.028759,60,303.886981
31.881863,60,303.979115
57.553918,60,304.067693
56.15326,60,304.16429
50.809116,60,304.246942
50.797149,60,304.340507
55.319461,60,304.428566
40.658749,60,304.521598
50.085763,60,304.616206
57.199551,60,304.710251
57.553097,60,304.799129
56.268015,60,304.901222
56.195747,60,304.985146
44.519318,60,305.081405
56.080029,60,305.182036
56.197822,60,305.276687
55.575323,60,305.372188
52.524047,60,305.473436
41.976312,60,305.564866
56.329755,60,305.665803
51.866844,60,305.750253
47.054454,60,305.835865
55.158931,60,305.940104
54.809614,60,306.027764
56.752289,60,306.115254
54.994089,60,306.225028
53.091544,60,306.312975
55.175898,60,306.405555
42.97655,60,306.48939
54.887694,60,306.584341
47.653975,60,306.676941
40.779332,60,306.780038
44.208547,60,306.871313
30.926182,60,306.960064
54.174319,60,307.049291
55.273639,60,307.134277
48.447394,60,307.210518
54.943625,60,307.299108
56.726235,60,307.382084
51.692965,60,307.473639
36.780535,60,307.567346
49.891302,60,307.643379
56.343212,60,307.725435
58.008088,60,307.80733
33.792281,60,307.884377
48.889735,60,307.972026
49.977523,60,308.066114
33.10828,60,308.150476
55.222504,60,308.237963
56.705729,60,308.32553
24.074452,60,308.406424
52.521312,60,308.492232
50.296726,60,308.563027
55.15328,60,308.645761
48.611191,60,308.737955
49.653807,60,308.823422
52.665261,60,308.910047
46.143885,60,308.998714
55.994201,60,309.093212
55.212831,60,309.180307
56.297672,60,309.256228
56.91571,60,309.345212
50.964406,60,309.425302
56.513323,60,309.535608
20.637426,60,309.652417
57.371497,60,309.730452
51.831022,60,309.820016
55.719337,60,309.907923
55.839242,60,309.994991
40.094553,60,310.084326
57.718153,60,310.178344
52.498097,60,310.26087
12.492468,60,310.356304
53.802705,60,310.447091
56.483654,60,310.525974
54.63322,60,310.594923
56.786573,60,310.660349
53.791366,60,310.722077
43.37921,60,310.785548
53.900203,60,310.857071
56.811221,60,310.931123
52.309474,60,311.026838
46.202786,60,311.1118
51.69566,60,311.207153
56.199434,60,311.288756
55.154513,60,311.377171
56.800352,60,311.461229
55.433944,60,311.552921
56.01229,60,311.641968
56.440202,60,311.738167
40.102751,60,311.824843
55.081721,60,311.906702
51.008328,60,311.980142
33.214194,56,312.041906
54.910194,60,312.107759
29.327529,60,312.179996
55.982698,60,312.250072
54.725948,60,312.322646
49.807622,60,312.397663
51.611301,60,312.468469
45.866845,60,312.544271
45.783278,60,312.615369
32.69545,60,312.681838
55.315904,60,312.753371
53.001062,60,312.823454
42.348718,60,312.893882
52.242315,60,312.966831
56.540374,60,313.034825
52.553695,60,313.113204
45.207295,60,313.187397
53.062233,60,313.258221
53.206115,60,313.344239
56.330078,60,313.422659
54.957362,60,313.493645
55.027066,60,313.573241
48.147549,60,313.640168
51.730057,60,313.714869
49.144592,60,313.789382
52.893081,60,313.864359
48.961131,60,313.936244
54.490836,60,314.013248
54.09106,60,314.082741
48.325937,60,314.156211
50.811866,60,314.225204
56.092554,60,314.292674
44.09341,60,314.359922
56.818124,60,314.429755
52.244526,60,314.49769
55.50221,60,314.567687
50.169471,60,314.643202
42.765371,60,314.714635
53.473648,60,314.784681
53.177091,60,314.86113
50.878089,60,314.932544
52.076855,60,315.009485
53.926998,60,315.085476
55.917096,60,315.158267
55.815974,60,315.236337
56.524052,60,315.31242
49.482236,60,315.381403
55.316656,60,315.464909
52.683534,60,315.552936
50.249283,60,315.628874
57.656116,60,315.708175
54.238965,60,315.782637
56.623283,60,315.861749
57.403595,60,315.940247
53.859093,60,316.009192
46.182581,60,316.086689
55.269735,60,316.161083
57.107252,60,316.243167
52.731993,60,316.316592
46.657416,60,316.397139
58.068982,60,316.476555
53.031926,60,316.557911
56.31129,60,316.627695
57.070473,60,316.694233
54.738274,60,316.768739
54.608748,60,316.853872
22.226307,60,316.948997
56.030702,60,317.043095
45.254609,60,317.138302
56.536036,60,317.238965
53.35599,60,317.333567
41.541296,60,317.429016
54.700564,60,317.517433
50.283555,60,317.608083
50.880777,60,317.699175
51.713754,60,317.784722
55.82228,60,317.882281
57.228766,60,317.963777
57.057236,60,318.045176
55.387361,60,318.138118
57.061885,60,318.233974
50.615378,60,318.325466
52.261183,60,318.408422
55.553931,60,318.479904
37.517152,60,318.5671
50.387433,60,318.634211
56.938015,60,318.698008
56.116256,60,318.763375
51.026741,60,318.839817
44.810334,60,318.919823
56.012642,60,319.005377
55.701432,60,319.116713
56.956859,60,319.223456
54.241673,60,319.294906
54.23279,60,319.369959
54.638721,60,319.445446
56.987643,60,319.521297
54.694477,60,319.595807
53.622271,60,319.679348
55.520513,60,319.766878
56.827192,60,319.843335
56.904374,60,319.930392
37.725949,60,320.005481
56.436192,60,320.086915
49.865597,60,320.167415
49.499973,60,320.259992
57.371127,60,320.347732
30.657549,60,320.423768
53.234602,60,320.502253
57.254961,60,320.590611
57.396829,60,320.662243
24.296926,60,320.735135
58.027026,60,320.824132
55.331479,60,320.911621
50.223135,60,321.000159
45.899367,60,321.07312
48.979536,60,321.15519
36.116529,60,321.236296
20.790668,42,321.286205
44.463555,60,321.366486
54.132222,60,321.441464
47.661724,60,321.519013
35.84593,60,321.596481
56.650761,60,321.6725
56.550753,60,321.757176
56.976034,60,321.851061
55.236906,60,321.937807
39.869466,60,322.027337
54.991035,60,322.111134
53.099812,60,322.194674
55.406079,60,322.275645
53.894891,60,322.363117
56.763981,60,322.443025
57.238971,60,322.538622
55.114647,60,322.625664
50.85598,60,322.705764
55.510777,60,322.786841
55.679698,60,322.867835
53.327094,60,322.933233
54.98832,60,323.018318
53.763622,60,323.102309
56.261548,60,323.181701
55.380611,60,323.261194
55.85843,60,323.343283
57.21961,60,323.427949
46.639958,60,323.5266
54.184797,60,323.600095
54.057651,60,323.684108
28.874879,60,323.797315
56.075086,60,323.877251
56.971507,60,323.961269
53.587272,60,324.049728
56.352874,60,324.132319
55.618244,60,324.196684
37.710959,60,324.266128
54.99996,60,324.355668
56.305448,60,324.430122
55.698473,60,324.543301
55.847136,60,324.641991
55.840224,60,324.729115
56.011651,60,324.816113
55.581898,60,324.911825
43.96867,60,325.002818
52.584253,60,325.104287
54.05931,60,325.202635
36.732479,60,325.297322
55.51175,60,325.391502
55.205536,60,325.483061
31.091006,60,325.587681
52.371104,60,325.676628
56.463148,60,325.76969
55.876126,60,325.881222
52.212828,60,325.969095
48.628527,60,326.063109
48.5573,60,326.158753
57.568853,60,326.253762
54.99841,60,326.343118
55.120524,60,326.444805
49.490633,60,326.529272
26.051894,60,326.617143
49.659968,60,326.722554
53.042384,60,326.81657
54.605941,60,326.918701
55.086843,60,327.019332
26.062668,60,327.119071
55.407983,60,327.217731
26.001403,58,327.29408
31.410136,60,327.418577
38.538162,60,327.525522
56.386922,60,327.635821
43.173228,60,327.723875
53.735706,60,327.811529
52.000881,60,327.903125
48.730305,60,327.995111
29.838434,60,328.077612
54.531707,60,328.177434
39.143129,60,328.278589
45.422579,60,328.393859
57.194499,60,328.511432
56.5193,60,328.605402
55.873985,60,328.734271
57.132199,60,328.84347
52.781816,60,328.963137
50.817696,60,329.046625
54.773987,60,329.17904
47.72612,60,329.293048
47.926717,60,329.394165
56.996431,60,329.489706
33.104512,60,329.571641
51.320316,60,329.656581
34.203719,59,329.74612
47.505396,60,329.832661
56.816019,60,329.927745
57.167456,60,330.014532
56.342081,60,330.104501
55.833487,60,330.202451
56.588146,60,330.311631
57.898129,60,330.411874
48.284792,60,330.508598
56.437256,60,330.617199
34.001482,60,330.709298
46.483856,60,330.802927
49.12405,60,330.908849
53.74892,60,331.023656
43.046637,60,331.14998
55.085429,60,331.241479
21.326871,52,331.32936
52.832819,60,331.428841
56.63943,60,331.514304
42.167542,60,331.625396
49.040298,60,331.726801
56.999447,60,331.808176
56.474573,60,331.905147
25.238018,60,332.025399
56.710532,60,332.133981
52.708266,60,332.235004
56.866914,60,332.338369
40.169026,60,332.435258
36.049007,60,332.542272
57.061234,60,332.642522
50.889384,60,332.758283
57.314441,60,332.855934
56.877484,60,332.952298
56.141952,60,333.044854
56.908447,60,333.141505
57.580508,60,333.22957
57.138408,60,333.322718
56.28059,60,333.40922
55.450651,60,333.498288
35.796972,60,333.605926
56.244814,60,333.702852
50.075958,60,333.795785
53.273931,60,333.892331
44.902957,60,333.976341
50.229952,60,334.066942
50.707323,60,334.15199
53.023674,60,334.245991
37.535347,60,334.329081
57.2536,60,334.421003
47.739357,60,334.509413
49.029913,60,334.593428
56.718607,60,334.686981
53.867265,60,334.76808
56.460487,60,334.84759
35.618257,60,334.930623
37.079203,60,335.013626
52.982408,60,335.0967
53.535602,60,335.184798
44.72026,60,335.272792
57.604882,60,335.369735
53.926117,60,335.4607
57.095218,60,335.561657
54.904337,60,335.649494
51.767979,60,335.745074
45.514827,60,335.83321
54.186667,60,335.921395
44.789264,60,336.006236
55.777501,60,336.094698
54.466944,60,336.191341
25.381142,60,336.274968
56.534295,60,336.362592
57.036562,60,336.459739
53.771878,60,336.544372
36.380867,60,336.645659
55.547259,60,336.734233
54.220772,60,336.830774
57.819772,60,336.923613
55.119876,60,337.017588
56.186717,60,337.112843
57.494742,60,337.197528
54.201963,60,337.285108
36.602023,60,337.366198
43.968998,60,337.445805
56.170875,60,337.539431
31.27987,60,337.63849
56.293818,60,337.724914
52.727181,60,337.818358
56.225357,60,337.899698
56.014946,60,337.982605
54.943115,60,338.065459
47.018512,60,338.153986
49.448034,60,338.239043
55.965466,60,338.339743
57.294152,60,338.428827
57.243608,60,338.526569
57.045968,60,338.62352
56.029145,60,338.717738
56.535372,60,338.812427
48.15235,60,338.896334
52.767651,60,338.993737
52.502557,60,339.098957
52.706245,60,339.1824
56.819843,60,339.2795
57.136938,60,339.378531
56.348492,60,339.469058
55.479225,60,339.562625
56.341255,60,339.658321
51.834745,60,339.743792
55.808702,60,339.834271
56.077489,60,339.907177
55.565184,60,339.985738
55.419985,60,340.067185
13.634818,52,340.149479
53.568933,60,340.236496
46.996733,60,340.336094
54.963451,60,340.419467
55.241277,60,340.506422
53.453396,60,340.597059
25.517556,60,340.691254
57.202445,60,340.767065
15.268855,37,340.818891
56.070704,60,340.909364
55.891285,60,340.997414
43.916532,60,341.096832
13.340038,60,341.187179
49.204504,60,341.266039
56.605037,60,341.354733
55.304308,60,341.438652
53.391243,60,341.521446
49.075803,60,341.614037
49.182822,60,341.692575
56.971722,60,341.775995
46.20208,60,341.861457
54.040317,60,341.942307
54.136616,60,342.022255
57.316395,60,342.108845
55.004302,60,342.197946
56.62355,60,342.281455
56.841143,60,342.366462
52.314989,60,342.447993
56.241914,60,342.525739
12.989138,44,342.58116
51.949876,60,342.665617
55.537807,60,342.747324
57.654938,60,342.834234
45.416636,60,342.921324
56.225084,60,343.003701
27.213116,49,343.072138
44.59759,60,343.151631
58.225663,60,343.237794
30.93007,60,343.320807
57.061584,60,343.406259
14.254368,43,343.472086
34.276911,59,343.549328
53.223679,60,343.633389
54.677423,60,343.723762
11.512897,56,343.801453
55.370432,60,343.89086
54.069091,60,343.971178
56.689112,60,344.060344
55.167733,60,344.145805
53.110381,60,344.219742
56.505597,60,344.304262
50.089296,60,344.386739
56.295725,60,344.467236
53.939974,60,344.555297
40.478877,60,344.65323
48.019756,60,344.735677
31.032878,60,344.819713
32.904656,60,344.89298
53.105608,60,344.972186
51.239217,60,345.052525
50.734933,60,345.135995
55.609725,60,345.23214
57.667975,60,345.317221
56.339746,60,345.406268
56.17866,60,345.492816
55.210227,60,345.574974
52.686797,60,345.656047
52.720892,60,345.744584
49.760052,60,345.82686
55.137641,60,345.919293
56.255339,60,346.003216
37.244788,60,346.09031
55.682861,60,346.18589
51.905576,60,346.269525
55.54413,60,346.362062
57.604823,60,346.449494
54.006487,60,346.533854
52.592417,60,346.623824
56.913439,60,346.704825
57.259482,60,346.793479
57.24755,60,346.885424
48.284151,60,346.968183
51.529423,60,347.051516
57.89922,60,347.139714
56.825246,60,347.222297
55.620726,60,347.311392
41.167635,60,347.397448
54.321313,60,347.474079
49.472454,60,347.554087
56.471495,60,347.626643
57.540154,60,347.727738
55.909489,60,347.81407
56.22329,60,347.899623
56.531865,60,347.987178
56.357268,60,348.067175
57.81526,60,348.151346
50.079386,60,348.238821
56.351217,60,348.320399
55.04432,60,348.408615
57.412347,60,348.498127
51.567117,60,348.585169
55.383651,60,348.683506
57.292081,60,348.772364
47.113316,60,348.850305
57.040445,60,348.947086
56.984198,60,349.026049
57.110184,60,349.109659
55.199703,60,349.20265
57.349738,60,349.29095
56.964229,60,349.389395
56.779805,60,349.484696
56.041083,60,349.582718
54.60968,60,349.675798
57.562508,60,349.761187
56.241382,60,349.846034
56.38901,60,349.935891
52.556322,60,350.022048
56.900515,60,350.103085
56.451598,60,350.183686
54.199769,60,350.277741
19.267195,48,350.350158
28.330853,53,350.431103
11.872206,29,350.485456
51.882937,60,350.576417
53.897568,60,350.672494
56.591717,60,350.755486
56.152377,60,350.853072
47.05502,60,350.937174
54.101749,60,351.039439
45.984272,60,351.145347
34.878967,60,351.238807
43.508244,60,351.344805
56.576152,60,351.435184
53.327731,60,351.522102
50.842577,60,351.619434
56.416673,60,351.708308
50.872657,60,351.807157
54.454157,60,351.903482
57.766343,60,351.996709
55.281373,60,352.089217
50.810225,60,352.178239
54.345351,60,352.264069
40.707644,60,352.370139
40.957178,60,352.470367
55.457176,60,352.587458
56.412354,60,352.691096
55.307645,60,352.776108
56.601151,60,352.889293
46.047276,60,352.985259
54.754401,60,353.073803
48.441972,60,353.172313
12.601906,54,353.25521
56.896256,60,353.344219
50.067473,60,353.434645
52.098924,60,353.52374
56.320421,60,353.607101
36.762435,60,353.702793
53.00171,60,353.787844
35.009221,60,353.873266
57.460146,60,353.961421
56.151436,60,354.045973
35.185406,60,354.137995
55.374389,60,354.22599
52.952938,60,354.30864
52.510202,60,354.403264
50.414132,60,354.495324
18.40275,60,354.586902
13.231985,58,354.670762
49.3867,60,354.76268
56.078293,60,354.847542
40.115141,60,354.935014
56.58803,60,355.01828
55.818545,60,355.098083
55.572208,60,355.180542
51.837385,60,355.259978
45.407474,60,355.337926
46.228617,60,355.426025
53.877546,60,355.51366
54.917666,60,355.600015
55.887069,60,355.679802
53.922979,60,355.755957
55.161016,60,355.833838
54.481429,60,355.908925
54.149327,60,355.994495
11.822787,35,356.047421
35.952101,60,356.128447
55.147978,60,356.218617
46.085322,60,356.310186
50.962662,60,356.397695
54.99431,60,356.47563
54.292326,60,356.562183
53.499041,60,356.656368
56.209099,60,356.737337
54.810036,60,356.819181
55.460787,60,356.903794
57.271863,60,356.983627
54.565661,60,357.062543
56.351886,60,357.147981
56.228724,60,357.231577
56.925725,60,357.317799
56.231156,60,357.405874
39.064016,60,357.48331
55.664816,60,357.569209
55.174118,60,357.654279
56.134454,60,357.7262
55.269103,60,357.805515
56.512087,60,357.886727
47.628057,60,357.966449
57.347533,60,358.05089
51.479013,60,358.136872
57.457648,60,358.219343
17.368046,47,358.279185
54.692968,60,358.361695
56.948271,60,358.454264
31.352354,60,358.542862
55.775344,60,358.625158
56.264271,60,358.711552
33.097656,60,358.787841
54.130329,60,358.875879
49.609901,60,358.965065
25.883627,60,359.047565
56.363228,60,359.14012
56.05847,60,359.222238
55.905306,60,359.30675
55.577933,60,359.399216
56.215701,60,359.480668
53.229164,60,359.567126
53.954678,60,359.657559
56.767073,60,359.754693
54.042756,60,359.836723
56.511885,60,359.927235
52.966211,60,360.016152
56.068581,60,360.099003
53.26343,60,360.187027
56.138319,60,360.271739
56.372053,60,360.351226
56.724388,60,360.439244
55.997216,60,360.534291
45.45205,60,360.631346
54.222882,60,360.729029
56.204344,60,360.816395
55.851437,60,360.895715
46.305177,60,360.977219
31.249032,60,361.070347
42.035243,60,361.157436
55.430547,60,361.251981
57.247095,60,361.348394
48.135362,60,361.437984
54.822413,60,361.526618
56.819117,60,361.620739
57.283487,60,361.710204
56.036848,60,361.805765
34.043946,60,361.896274
56.619595,60,361.985819
56.71406,60,362.086504
51.132926,60,362.174985
57.607346,60,362.275969
56.160948,60,362.367733
56.456688,60,362.460118
57.120271,60,362.556604
56.555385,60,362.65371
52.573842,60,362.749331
53.741493,60,362.845903
51.566623,60,362.940401
56.028384,60,363.025934
57.178653,60,363.130182
56.83198,60,363.220267
57.943686,60,363.333564
55.786312,60,363.433223
56.17727,60,363.52322
29.748185,60,363.615794
57.576686,60,363.709896
28.01218,60,363.801429
56.241621,60,363.885776
56.781183,60,363.977792
55.076524,60,364.075264
56.833388,60,364.186415
48.199091,60,364.287071
52.724249,60,364.383531
42.499909,60,364.486372
14.404038,40,364.550842
55.873923,60,364.659979
29.116918,60,364.768789
55.814423,60,364.860321
39.786535,60,364.958358
41.843106,60,365.05622
57.391283,60,365.148266
57.019771,60,365.249975
48.828156,60,365.346575
57.090016,60,365.498972
56.229292,60,365.611796
57.231301,60,365.714837
56.073221,60,365.797712
58.04312,60,365.893723
44.782706,60,365.988738
56.328648,60,366.06812
56.588579,60,366.160173
52.477518,60,366.246311
54.28484,60,366.348925
38.904527,60,366.450293
48.37644,60,366.535825
57.091948,60,366.627386
51.908313,60,366.726583
48.891823,60,366.812675
55.472016,60,366.90235
56.805951,60,366.995843
57.558146,60,367.085299
55.482978,60,367.175211
57.017076,60,367.26226
57.499439,60,367.355252
49.213629,60,367.457917
57.070985,60,367.548591
56.479546,60,367.651264
56.134807,60,367.743584
56.084889,60,367.834505
50.311578,60,367.934851
56.229016,60,368.025831
55.909325,60,368.125473
55.626469,60,368.227094
57.171878,60,368.328808
55.179061,60,368.421938
56.64906,60,368.524835
53.476492,60,368.627398
48.241764,60,368.717285
30.025149,60,368.807066
20.459531,51,368.88362
23.152251,60,368.97071
54.703122,60,369.064887
56.186853,60,369.152811
55.952698,60,369.251981
57.533436,60,369.33631
56.135428,60,369.43235
56.469608,60,369.531385
54.83404,60,369.623894
55.882056,60,369.708773
51.172521,60,369.812538
41.247639,60,369.90208
56.352827,60,369.997672
53.854718,60,370.080793
29.279989,60,370.167372
56.432073,60,370.263156
56.33046,60,370.351277
34.026332,60,370.443779
57.244599,60,370.53747
56.887506,60,370.623933
57.661277,60,370.718927
57.107421,60,370.807945
39.905316,60,370.903553
54.102586,60,370.989078
51.68772,60,371.079032
56.338284,60,371.167894
55.619187,60,371.251037
9.171998,30,371.294739
56.516132,60,371.377225
52.82316,60,371.447805
52.882391,60,371.532719
19.955504,60,371.62884
53.671922,60,371.721998
55.790099,60,371.823222
53.585647,60,371.90722
57.574532,60,371.992235
56.81442,60,372.079733
56.357612,60,372.165689
55.771941,60,372.256147
56.002057,60,372.349921
58.161273,60,372.436044
51.080687,60,372.527489
55.190031,60,372.618572
56.391193,60,372.710172
55.632589,60,372.802749
49.021145,60,372.885054
56.812838,60,372.975421
53.758899,60,373.071777
57.047385,60,373.156687
55.095145,60,373.256315
57.192659,60,373.347782
56.677716,60,373.438759
55.750457,60,373.525838
56.368626,60,373.625009
42.024862,60,373.709916
54.811959,60,373.8035
35.742744,60,373.88601
54.88799,60,373.966626
57.452951,60,374.05037
55.167171,60,374.141495
56.609014,60,374.228422
50.017424,60,374.318509
58.937237,60,374.41104
56.096849,60,374.496583
57.84054,60,374.579054
56.602795,60,374.657486
9.79774,37,374.710211
56.822581,60,374.795508
56.628822,60,374.881662
11.931542,40,374.93785
57.14017,60,375.017384
56.059302,60,375.100268
55.801899,60,375.181234
54.738596,60,375.259015
56.231101,60,375.348568
56.383417,60,375.428502
54.073936,60,375.512481
54.836479,60,375.606137
53.300753,60,375.69862
16.391497,44,375.770045
51.721875,60,375.85507
54.494618,60,375.9435
44.874234,60,376.027574
56.868573,60,376.121172
57.446728,60,376.209671
54.122116,60,376.290215
56.965777,60,376.377786
51.596013,60,376.454056
56.335353,60,376.532782
56.405761,60,376.618673
52.226778,60,376.711748
49.742477,60,376.800209
56.578808,60,376.897798
44.946988,60,376.985785
19.652536,55,377.065242
57.573846,60,377.149761
56.843271,60,377.244943
57.328007,60,377.337094
57.192071,60,377.435783
55.867877,60,377.523263
55.932921,60,377.612193
57.702595,60,377.709661
33.685717,60,377.793443
48.814943,60,377.878242
51.568749,60,377.970786
56.459214,60,378.058347
52.489902,60,378.144391
21.472908,43,378.206287
55.603872,60,378.298363
52.604879,60,378.390975
53.826664,60,378.478571
48.884494,60,378.564707
55.412333,60,378.653223
56.171738,60,378.747056
57.705531,60,378.838331
8.208849,32,378.882517
56.947115,60,378.97415
56.323698,60,379.055707
56.109691,60,379.136379
32.984356,60,379.228942
57.00194,60,379.316032
55.408255,60,379.402614
56.919156,60,379.494075
55.931008,60,379.580033
56.748713,60,379.66446
46.976671,60,379.747213
56.766889,60,379.83699
54.218297,60,379.924568
55.168288,60,380.022139
52.136859,60,380.106674
55.54766,60,380.185598
48.889985,60,380.274515
41.114967,60,380.362394
56.144989,60,380.452216
57.135922,60,380.541391
23.328635,54,380.62641
30.650863,60,380.729613
57.670407,60,380.81414
17.018061,60,380.902754
56.63881,60,380.996742
56.918888,60,381.091877
57.336519,60,381.185891
46.350632,60,381.284437
55.831384,60,381.378001
56.637271,60,381.46283
56.305958,60,381.547204
27.405279,60,381.636737
49.095728,60,381.718713
54.894274,60,381.804407
54.096787,60,381.888494
54.024494,60,381.978561
54.966364,60,382.076763
52.954962,60,382.167964
53.121002,60,382.248984
51.589011,60,382.32892
38.412001,60,382.413981
56.317937,60,382.498354
56.986253,60,382.588959
55.892959,60,382.666512
56.579264,60,382.753113
56.378321,60,382.837107
57.346648,60,382.910044
53.975109,60,383.000045
57.627192,60,383.08855
57.427958,60,383.171082
55.735842,60,383.277766
56.880894,60,383.387496
39.982283,60,383.502554
54.443931,60,383.596861
57.268974,60,383.685704
56.420641,60,383.768704
40.557253,60,383.85172
55.924251,60,383.938528
47.880575,60,384.031379
54.681264,60,384.113087
47.302579,60,384.202218
52.87787,60,384.284984
55.849544,60,384.368596
56.395258,60,384.452295
48.009363,60,384.541824
56.422966,60,384.63846
51.238972,60,384.723487
57.127527,60,384.807481
25.099299,60,384.898603
56.73047,60,384.989746
55.4979,60,385.069777
56.954809,60,385.164766
44.868645,60,385.251209
57.510044,60,385.350699
57.651084,60,385.437624
52.769746,60,385.519655
57.936182,60,385.613002
50.698549,60,385.696442
57.92764,60,385.784033
52.917455,60,385.874077
56.416848,60,385.964339
52.768864,60,386.057791
54.880568,60,386.149761
56.766798,60,386.233316
55.029747,60,386.323368
56.282255,60,386.412818
36.20079,60,386.487889
54.552278,60,386.563951
56.797476,60,386.643939
55.698436,60,386.725197
44.274386,60,386.80163
30.457003,54,386.87555
56.349918,60,386.957428
50.34752,60,387.0413
54.783625,60,387.134304
50.68432,60,387.21969
56.32428,60,387.308756
56.251084,60,387.391186
55.694032,60,387.475212
55.606923,60,387.559107
56.628803,60,387.639588
55.993374,60,387.727235
49.287262,60,387.808724
56.488429,60,387.89887
52.165539,60,387.985385
56.053109,60,388.070954
55.45862,60,388.165069
55.342376,60,388.248566
55.25173,60,388.331603
51.547564,60,388.425567
47.315995,60,388.512484
52.2466,60,388.607575
57.500971,60,388.707489
55.855886,60,388.792294
57.229017,60,388.876733
52.533324,60,388.971808
57.746612,60,389.055095
56.332354,60,389.139929
47.861503,60,389.227636
55.511504,60,389.305574
56.291932,60,389.388581
50.293309,60,389.47627
56.96602,60,389.557184
57.383202,60,389.649018
56.433871,60,389.733546
56.718182,60,389.818605
55.454746,60,389.904142
52.563354,60,389.998331
56.269227,60,390.08535
56.317036,60,390.174382
56.244676,60,390.262817
46.41035,60,390.348773
55.685704,60,390.436902
57.348387,60,390.521964
56.806202,60,390.612519
55.220841,60,390.703071
49.903987,60,390.789555
57.07476,60,390.88308
50.229528,60,390.969369
56.447585,60,391.058702
53.861105,60,391.149581
48.057127,60,391.24296
24.257906,52,391.327107
56.202295,60,391.421901
56.064795,60,391.522144
52.846046,60,391.616796
55.151676,60,391.706989
52.015226,60,391.787798
19.32127,56,391.862853
51.841835,60,391.941132
42.416863,60,392.034736
21.690841,60,392.119349
23.960919,60,392.216483
58.366067,60,392.298775
57.301437,60,392.387812
52.805768,60,392.479405
56.993183,60,392.569449
57.785673,60,392.659315
49.383065,60,392.74614
56.859045,60,392.840446
53.996586,60,392.925977
55.936685,60,393.017024
55.81957,60,393.107992
56.021204,60,393.201971
56.554291,60,393.301102
44.884924,60,393.397071
51.556519,60,393.503258
56.214853,60,393.60751
56.384827,60,393.705702
46.741685,60,393.797793
56.271713,60,393.887284
15.710377,58,393.969318
54.364224,60,394.071127
57.873446,60,394.171584
53.028195,60,394.267135
57.584504,60,394.355678
57.010561,60,394.439254
57.883689,60,394.519724
56.462216,60,394.604055
53.883302,60,394.693195
52.390663,60,394.775146
57.786839,60,394.868604
52.693611,60,394.957768
55.211812,60,395.049262
57.570953,60,395.137945
57.287316,60,395.231055
55.475351,60,395.319518
57.218492,60,395.414052
53.684431,60,395.506538
57.812924,60,395.599633
12.9783,37,395.678246
22.283549,51,395.758204
56.604563,60,395.854912
54.931269,60,395.944354
53.22072,60,396.032296
32.669628,60,396.135226
21.47376,60,396.229073
42.016308,60,396.31956
55.458246,60,396.41158
57.294741,60,396.509207
38.973577,60,396.599301
57.787221,60,396.688383
55.482991,60,396.791094
53.152521,60,396.88167
51.362552,60,396.969755
55.305767,60,397.060972
43.151742,60,397.142897
53.926334,60,397.228772
56.206765,60,397.316848
56.58687,60,397.406978
55.932933,60,397.508642
44.412454,60,397.605782
57.02604,60,397.705374
53.708961,60,397.796419
52.46939,60,397.879465
56.607182,60,397.962199
55.101162,60,398.055564
56.67295,60,398.142096
56.039113,60,398.228651
55.390932,60,398.32577
53.862979,60,398.412275
56.624913,60,398.502295
52.299198,60,398.600808
57.034972,60,398.693288
57.189073,60,398.791255
55.921368,60,398.8722
51.764772,60,398.963063
55.821353,60,399.057498
52.851208,60,399.154256
49.42125,60,399.244362
17.671752,60,399.335999
57.773559,60,399.428571
56.788845,60,399.518126
10.732331,45,399.582547
40.74331,60,399.663186
33.282755,60,399.73498
53.043774,60,399.812346
52.332804,60,399.894265
57.206852,60,399.974778
57.247177,60,400.058456
45.589945,60,400.143976
55.061333,60,400.222636
57.092508,60,400.305048
57.16933,60,400.38801
56.523003,60,400.472418
55.760894,60,400.547708
55.105665,60,400.638786
55.246044,60,400.722279
55.374549,60,400.816274
53.20982,60,400.91344
46.608294,60,400.998801
54.415228,60,401.091883
56.347092,60,401.182122
56.765529,60,401.263479
40.196066,60,401.355377
44.497591,60,401.444261
8.307701,29,401.48404
49.101074,60,401.581219
54.474482,60,401.667774
44.647539,60,401.755317
56.511649,60,401.836047
53.679334,60,401.916549
54.638445,60,401.996505
56.745519,60,402.081443
54.521953,60,402.17041
50.670023,60,402.25608
50.011114,60,402.338141
38.050472,60,402.41913
53.777065,60,402.499663
57.042957,60,402.577636
57.42584,60,402.683676
51.530361,60,402.784347
38.138159,60,402.882369
56.838621,60,402.989386
57.443461,60,403.086853
54.491124,60,403.184941
52.771603,60,403.297215
57.599346,60,403.392899
55.244776,60,403.493071
54.404632,60,403.600667
57.538318,60,403.690728
55.728107,60,403.781115
51.427165,60,403.869077
57.540581,60,403.954726
55.118573,60,404.048386
52.766245,60,404.125328
56.142251,60,404.208363
31.263343,60,404.296533
48.347736,60,404.391734
44.609011,60,404.472643
56.777118,60,404.561518
57.290281,60,404.664594
56.93419,60,404.748106
50.678583,60,404.837147
54.369219,60,404.921719
57.149629,60,405.003723
57.801589,60,405.094391
57.261038,60,405.188456
57.82068,60,405.285103
39.666656,60,405.384968
57.687464,60,405.472928
56.513494,60,405.55643
50.571213,60,405.660009
56.568346,60,405.74607
41.648249,60,405.832517
56.001503,60,405.930594
49.995532,60,406.022196
56.41459,60,406.118457
56.268302,60,406.220047
55.017023,60,406.300065
50.542556,60,406.398158
54.307359,60,406.489799
56.945948,60,406.589081
57.835263,60,406.68362
55.212211,60,406.77404
56.099236,60,406.86971
56.079805,60,406.964281
55.993221,60,407.049375
57.787688,60,407.134889
56.540532,60,407.224477
56.593679,60,407.320107
56.933766,60,407.405391
42.2512,60,407.492871
47.080049,60,407.574769
56.683463,60,407.655311
55.548502,60,407.727662
56.113717,60,407.819272
57.370207,60,407.902142
58.074949,60,407.990612
56.728232,60,408.073131
19.328988,42,408.127423
56.858047,60,408.207992
55.026053,60,408.292433
56.899707,60,408.378733
56.247741,60,408.459095
23.786344,60,408.555815
57.367046,60,408.646884
30.024144,60,408.7334
56.100713,60,408.823392
58.311192,60,408.898306
57.358805,60,408.985403
56.423655,60,409.0644
57.157809,60,409.14344
56.050724,60,409.235784
53.31878,60,409.317086
57.070086,60,409.393211
52.181766,60,409.474188
57.51889,60,409.562382
56.644668,60,409.648429
52.35441,60,409.736032
56.653423,60,409.823679
57.721957,60,409.901185
57.138491,60,409.980629
57.154471,60,410.049994
58.883237,60,410.126518
57.007518,60,410.201395
55.709207,60,410.28336
57.284513,60,410.370896
31.536465,60,410.455911
56.868427,60,410.545418
58.043222,60,410.631404
56.937188,60,410.713383
55.436741,60,410.789666
12.508056,32,410.839928
18.422265,40,410.897829
57.281373,60,410.976364
52.883897,60,411.069305
57.716551,60,411.152116
56.374037,60,411.238135
56.252695,60,411.330262
57.452584,60,411.414803
34.123631,60,411.507324
54.647192,60,411.593421
57.903863,60,411.677919
57.84205,60,411.771831
55.956255,60,411.861998
35.347259,60,411.955947
56.64353,60,412.047996
41.869191,60,412.140071
57.812905,60,412.225037
56.607427,60,412.325974
54.870532,60,412.410381
47.623361,60,412.494397
56.815748,60,412.573866
56.497345,60,412.654383
55.588496,60,412.733868
55.262962,60,412.819457
55.988991,60,412.899399
56.848195,60,412.976867
58.340294,60,413.060901
57.86253,60,413.142796
37.112422,60,413.23029
58.303874,60,413.32397
57.436054,60,413.422298
57.246279,60,413.504266
57.305096,60,413.607026
57.651547,60,413.701541
56.1846,60,413.793727
55.17758,60,413.889404
57.705887,60,413.973224
57.720826,60,414.064041
56.664769,60,414.14944
54.682633,60,414.239765
18.43044,38,414.297508
42.302383,60,414.389088
57.361007,60,414.46936
30.532501,55,414.549865
54.115517,60,414.639815
56.981232,60,414.726888
58.358861,60,414.807829
36.378685,60,414.901445
57.118999,60,414.987947
58.193874,60,415.075068
57.217356,60,415.154195
38.113864,60,415.225671
56.892928,60,415.304227
55.078802,60,415.393321
51.797949,60,415.47739
57.404465,60,415.562313
57.327917,60,415.657246
44.307107,60,415.744939
54.879315,60,415.827883
43.636078,60,415.904012
57.460408,60,415.997644
55.041384,60,416.086185
55.886002,60,416.180226
48.357082,60,416.265247
57.639717,60,416.361387
57.620918,60,416.448856
54.953049,60,416.532358
49.304875,60,416.630465
56.132165,60,416.718399
54.738947,60,416.804896
56.809422,60,416.904005
47.206971,60,416.993317
56.562336,60,417.085793
56.516323,60,417.174171
52.702887,60,417.263174
55.82362,60,417.339185
57.939083,60,417.427764
57.117502,60,417.513417
50.600447,60,417.600229
57.85102,60,417.688023
57.539123,60,417.76547
55.690467,60,417.844678
57.319654,60,417.930752
55.949872,60,418.01625
51.82152,60,418.101244
56.341423,60,418.194355
56.758391,60,418.275875
57.628652,60,418.364383
34.986044,60,418.448245
55.70462,60,418.533156
56.830038,60,418.622781
56.178433,60,418.701747
56.979679,60,418.790822
50.9293,60,418.874709
56.047617,60,418.96279
57.710831,60,419.043689
54.960067,60,419.133206
23.807161,60,419.221714
54.744495,60,419.305236
57.218448,60,419.393794
57.085629,60,419.476749
51.037454,60,419.56328
55.230435,60,419.647318
56.642987,60,419.735937
57.413329,60,419.820024
56.797362,60,419.901669
56.360052,60,419.986993
56.985113,60,420.063326
53.428869,60,420.143138
56.628736,60,420.227736
56.843723,60,420.321934
57.181659,60,420.411499
56.830556,60,420.509425
50.33512,60,420.600948
56.726759,60,420.698984
56.700334,60,420.791152
56.246914,60,420.874305
55.561648,60,420.952847
55.164549,60,421.045219
57.410064,60,421.130043
55.86341,60,421.206935
52.940429,60,421.301633
57.755167,60,421.391153
56.212177,60,421.478736
44.102824,60,421.565481
56.297353,60,421.654883
55.711758,60,421.773559
43.522734,60,421.887701
52.029652,60,421.97977
54.430232,60,422.080918
56.654177,60,422.186564
56.51261,60,422.283673
57.2724,60,422.380521
58.770291,60,422.46706
56.298132,60,422.562591
50.876408,60,422.662927
55.444164,60,422.757144
57.982768,60,422.850478
55.707677,60,422.94353
56.612644,60,423.022552
43.430133,60,423.109042
57.428257,60,423.195571
26.654275,60,423.285757
43.101227,60,423.374887
57.008652,60,423.469999
54.963214,60,423.564917
56.04319,60,423.674399
56.442561,60,423.761064
53.258025,60,423.859185
55.774055,60,423.948075
34.249319,60,424.047128
44.507548,60,424.144791
57.621324,60,424.255581
56.980523,60,424.352481
56.696255,60,424.446054
57.013925,60,424.532493
54.543847,60,424.626073
57.0268,60,424.719139
52.425482,60,424.812233
56.254799,60,424.903119
54.628775,60,425.005632
55.666731,60,425.093097
56.171142,60,425.174026
54.507189,60,425.25401
57.870466,60,425.344163
56.55329,60,425.42716
56.979103,60,425.504715
57.037575,60,425.590262
49.307023,60,425.673439
13.101467,60,425.748865
57.860901,60,425.83239
46.456509,60,425.906701
55.734231,60,425.983133
57.77173,60,426.063145
55.184081,60,426.147112
56.552835,60,426.22905
50.946405,60,426.312988
58.355488,60,426.3931
55.370057,60,426.489246
44.613613,60,426.571799
54.059354,60,426.661928
52.931683,60,426.744369
53.469904,60,426.830852
47.073133,60,426.912776
41.568397,60,427.001672
44.058454,60,427.086585
21.414747,56,427.155984
40.009415,60,427.237118
20.997566,55,427.322593
39.730781,60,427.412132
50.868535,60,427.499621
49.483662,60,427.582665
41.625002,60,427.67738
46.436686,60,427.757436
33.024268,60,427.845584
55.743409,60,427.927621
52.866608,60,428.020634
47.496406,60,428.104587
53.879339,60,428.188554
48.509553,60,428.276117
12.057963,47,428.338003
56.68335,60,428.416562
50.322469,60,428.493469
57.395873,60,428.582998
56.642689,60,428.670374
53.87012,60,428.750703
47.914109,60,428.835647
58.276262,60,428.922464
55.054283,60,429.000345
55.95904,60,429.080899
57.996601,60,429.167929
55.790671,60,429.251954
44.27432,60,429.343071
39.101863,60,429.422661
9.393886,48,429.48355
50.871656,60,429.579198
55.622467,60,429.695218
56.160802,60,429.787538
56.70391,60,429.870345
56.932342,60,429.954098
57.830642,60,430.041659
53.466433,60,430.12781
33.763394,60,430.222944
51.069318,60,430.352849
55.36319,60,430.473014
54.53802,60,430.556419
56.737853,60,430.641806
56.550546,60,430.729712
48.269149,60,430.81261
56.25085,60,430.90304
51.899099,60,430.985114
54.708592,60,431.067133
56.891921,60,431.161102
58.13116,60,431.243092
56.768729,60,431.329731
55.816594,60,431.417692
57.413969,60,431.501247
57.835618,60,431.580719
57.180916,60,431.672302
57.453769,60,431.758735
54.43653,60,431.854273
56.803395,60,431.942752
53.35397,60,432.033383
50.357874,60,432.126007
56.698132,60,432.211563
56.654179,60,432.301619
48.947614,60,432.394364
55.77858,60,432.477332
55.77547,60,432.573106
54.153334,60,432.657765
57.108717,60,432.74222
55.048758,60,432.831267
56.634878,60,432.924815
56.19929,60,433.006177
56.982152,60,433.099502
56.523886,60,433.186546
54.759903,60,433.270044
33.41331,53,433.340948
46.52664,60,433.427057
53.613798,60,433.503937
56.036732,60,433.587375
56.042943,60,433.672285
56.561188,60,433.751308
50.280225,60,433.848975
55.107493,60,433.935772
58.042272,60,434.026687
56.521684,60,434.116658
56.87496,60,434.216471
55.958331,60,434.300504
34.835199,60,434.401432
37.799808,60,434.479686
56.731447,60,434.571042
55.897783,60,434.664053
56.670036,60,434.738607
55.10909,60,434.827752
57.167877,60,434.924352
56.896533,60,435.004771
54.98589,60,435.097847
56.685348,60,435.190339
56.991307,60,435.280501
30.973111,60,435.374909
42.513597,60,435.465541
53.89699,60,435.557685
44.58358,60,435.646154
58.041217,60,435.744306
55.237073,60,435.830027
57.631731,60,435.921098
57.065192,60,435.998891
41.035084,60,436.082362
55.549455,60,436.162709
56.897785,60,436.25555
57.740514,60,436.339407
56.412906,60,436.432373
56.299767,60,436.514853
56.306639,60,436.595865
56.775229,60,436.682463
57.529977,60,436.782135
51.673094,60,436.861573
57.747963,60,436.949026
56.190075,60,437.037819
54.939551,60,437.127338
25.92655,46,437.197766
56.160553,60,437.291327
55.564762,60,437.386452
54.058207,60,437.485651
57.751632,60,437.576174
57.082652,60,437.670355
42.537939,60,437.765566
51.703715,60,437.85778
54.729661,60,437.950231
56.297835,60,438.048215
57.166796,60,438.13718
58.027166,60,438.238805
24.622846,60,438.342515
57.947605,60,438.438634
57.889502,60,438.62642
55.361569,60,438.737539
56.94268,60,438.827062
56.435254,60,438.918112
48.884447,60,439.021293
40.259921,60,439.107828
56.639202,60,439.194358
53.99796,60,439.277273
57.421538,60,439.369357
11.029249,41,439.42418
51.436807,60,439.513666
54.93065,60,439.610864
55.976176,60,439.696131
55.274437,60,439.785669
52.696052,60,439.871852
58.259244,60,439.957476
56.685796,60,440.049928
57.449494,60,440.133372
57.081744,60,440.227755
57.008324,60,440.316322
55.532823,60,440.396174
57.685416,60,440.482073
48.269721,60,440.578818
57.360958,60,440.665839
57.700491,60,440.755408
53.472137,60,440.838439
52.741746,60,440.924456
38.81199,60,441.012667
56.640463,60,441.093158
56.9416,60,441.168079
57.943872,60,441.252072
54.010606,60,441.334153
55.875361,60,441.425187
57.324665,60,441.516169
57.637278,60,441.61269
42.130797,60,441.699447
55.684346,60,441.79323
49.680997,60,441.883276
56.704279,60,441.970351
57.049125,60,442.066027
57.763557,60,442.167669
58.344223,60,442.259629
52.254993,60,442.351297
50.666759,60,442.43943
56.939473,60,442.520849
51.006733,60,442.605226
57.895288,60,442.689628
54.662265,60,442.780794
49.237879,60,442.874575
56.296285,60,442.966933
57.53611,60,443.072387
52.472843,60,443.175263
55.562317,60,443.267264
56.167684,60,443.350903
57.762944,60,443.420295
57.798253,60,443.4874
57.270407,60,443.550273
45.88677,60,443.614683
56.972049,60,443.680122
54.472479,60,443.747028
56.507262,60,443.822585
58.368007,60,443.885549
57.748691,60,443.954946
58.1691,60,444.043527
56.775356,60,444.132986
56.64555,60,444.232517
56.067717,60,444.348492
55.0362,60,444.455199
56.096157,60,444.570394
23.29524,44,444.651903
45.100108,60,444.757441
56.605865,60,444.87417
57.584116,60,444.973647
36.755422,60,445.069889
57.680227,60,445.180129
57.597664,60,445.27576
55.455556,60,445.362247
55.180666,60,445.430535
56.034723,60,445.497218
56.760952,60,445.574083
53.990888,60,445.65004
57.948745,60,445.720562
56.806413,60,445.821688
56.913231,60,445.926818
55.823275,60,446.006368
54.280206,60,446.09945
55.085157,60,446.200027
56.166189,60,446.287325
56.375623,60,446.385777
57.496045,60,446.464837
57.947744,60,446.548396
56.521635,60,446.640853
57.969176,60,446.730977
57.858984,60,446.819
55.91543,60,446.916617
57.056185,60,447.025209
56.50483,60,447.113245
56.201599,60,447.203698
57.132917,60,447.295497
57.598142,60,447.393951
53.575124,60,447.490503
56.879683,60,447.577304
55.577852,60,447.663522
56.729969,60,447.755888
56.141922,60,447.846262
42.262079,60,447.934034
52.149684,60,448.037233
55.068231,60,448.128701
54.680183,60,448.224104
48.619823,60,448.311618
57.193082,60,448.403727
40.801461,60,448.498168
51.653766,60,448.593614
49.995678,60,448.670058
55.868452,60,448.762172
38.613094,60,448.862354
53.34315,60,448.958935
42.645586,60,449.058599
50.870505,60,449.148326
55.062927,60,449.234413
55.403507,60,449.341594
56.910324,60,449.433427
49.484454,60,449.541657
50.955009,60,449.657597
41.09483,60,449.759107
56.923466,60,449.845687
41.402047,60,449.954481
52.478148,60,450.059655
55.353351,60,450.162606
57.136357,60,450.255298
57.240236,60,450.35301
35.243804,60,450.450451
46.979276,60,450.536293
57.153316,60,450.626166
22.810122,49,450.705553
50.471181,60,450.816607
50.393503,60,450.939162
54.772881,60,451.088532
56.380781,60,451.215971
50.274409,60,451.310508
48.133244,60,451.406023
52.692959,60,451.505749
56.567861,60,451.625058
56.829928,60,451.72922
56.442933,60,451.827286
50.475843,60,451.920412
55.008108,60,452.044366
25.746616,58,452.159658
55.868445,60,452.357308
50.938528,60,452.486547
47.87957,60,452.588146
50.925427,60,452.683925
57.125084,60,452.778944
57.003241,60,452.867361
55.748734,60,452.971469
56.875348,60,453.070561
57.70447,60,453.171658
47.530756,60,453.266792
56.734443,60,453.376629
17.901948,44,453.456996
54.188607,60,453.544677
51.458754,60,453.633652
52.891082,60,453.722779
56.125772,60,453.803162
55.696662,60,453.89713
47.38885,60,453.993215
57.100098,60,454.080743
49.400759,60,454.177278
55.517188,60,454.29713
54.67342,60,454.400822
32.104826,60,454.514337
56.586795,60,454.627387
55.74299,60,454.733811
56.260473,60,454.827906
56.317868,60,454.934061
33.979599,60,455.056932
56.664396,60,455.206145
56.626625,60,455.322924
57.069122,60,455.44528
56.544457,60,455.546024
57.836984,60,455.656604
55.620584,60,455.761838
56.019299,60,455.863983
55.855014,60,455.970761
56.884631,60,456.071733
55.51965,60,456.179461
56.123317,60,456.267457
50.452232,60,456.375114
55.770385,60,456.488353
57.554039,60,456.603618
55.827903,60,456.720004
52.268623,60,456.854491
56.779251,60,456.966574
57.697212,60,457.063769
50.427707,60,457.158422
56.729746,60,457.254986
57.332107,60,457.355315
57.217799,60,457.442283
57.208464,60,457.528393
54.085252,60,457.622015
57.23897,60,457.717126
53.642724,60,457.807144
57.615539,60,457.901566
49.827063,60,458.002307
57.192562,60,458.100682
55.419973,60,458.193303
57.435078,60,458.28267
53.03148,60,458.380435
50.136913,60,458.46699
57.010032,60,458.567243
41.637326,60,458.655518
54.74343,60,458.7444
49.069237,60,458.831477
56.990617,60,458.920298
41.413966,60,459.027928
56.944816,60,459.119422
57.080073,60,459.216624
50.894062,60,459.311565
49.038597,60,459.399136
57.616726,60,459.491567
56.960765,60,459.575431
56.22949,60,459.659929
33.65113,60,459.735393
57.112508,60,459.815382
47.230025,60,459.889419
54.877151,60,459.962941
50.053559,60,460.037365
57.456291,60,460.116177
55.902971,60,460.201527
56.647691,60,460.28962
58.090888,60,460.364646
36.811267,60,460.450489
56.830566,60,460.532823
54.528578,60,460.614231
57.62561,60,460.716471
49.634223,60,460.804999
57.253396,60,460.894061
57.174483,60,460.992649
51.240148,60,461.086749
57.429288,60,461.187914
42.723069,60,461.292501
40.489056,60,461.378246
56.737874,60,461.461107
57.995887,60,461.560316
57.816501,60,461.650567
57.946757,60,461.749557
56.998449,60,461.842725
56.228265,60,461.931745
53.148788,60,462.025082
56.452904,60,462.109645
56.102487,60,462.201259
29.111229,60,462.302359
56.566775,60,462.414046
57.546146,60,462.504197
57.145068,60,462.595728
57.223172,60,462.707865
56.649281,60,462.859038
50.464296,60,462.954385
57.033217,60,463.037961
56.170252,60,463.125424
13.355772,39,463.186169
55.740124,60,463.272816
55.487283,60,463.36628
56.488981,60,463.459808
58.227415,60,463.556463
49.43855,60,463.644747
56.392699,60,463.753548
57.500436,60,463.855298
47.119517,60,463.953425
51.714248,60,464.046042
56.783592,60,464.128431
55.591992,60,464.192889
57.85,60,464.259814
55.809467,60,464.331203
57.342362,60,464.402163
51.567408,60,464.473685
13.008113,60,464.544519
54.727313,60,464.630048
58.190046,60,464.720145
57.368722,60,464.813286
56.643334,60,464.906649
56.978759,60,465.000251
32.104747,56,465.0859
57.134587,60,465.173359
57.453142,60,465.253757
57.270147,60,465.347868
57.098039,60,465.439391
57.354829,60,465.525889
56.56956,60,465.608832
57.048196,60,465.676667
56.609141,60,465.741537
52.660246,60,465.809504
57.169995,60,465.866857
55.985961,60,465.946305
57.729668,60,466.038961
57.142576,60,466.125152
56.634452,60,466.210148
56.70226,60,466.292723
57.201127,60,466.389739
57.374995,60,466.476748
54.497929,60,466.556816
55.925745,60,466.642502
39.214219,60,466.719844
52.248232,60,466.782639
55.878602,60,466.847046
56.748631,60,466.923429
56.285399,60,466.999366
56.938107,60,467.073733
58.053109,60,467.144783
55.818586,60,467.218137
57.390943,60,467.296111
56.314598,60,467.376835
52.701679,60,467.454871
37.818562,60,467.530052
56.299652,60,467.604955
50.615961,60,467.682873
57.678512,60,467.74921
55.788334,60,467.827956
48.52141,60,467.899263
57.653425,60,467.973961
35.344404,60,468.053975
55.144761,60,468.127876
39.074013,60,468.204976
55.349642,60,468.296038
56.260998,60,468.379567
