#{"t_start": 1790474652.5015528, "env_id": "None"}
r,l,t
8.702917,34,3.622418
19.176614,60,3.724854
9.993467,35,3.795887
3.174655,30,3.846677
22.62504,60,3.953213
6.740471,41,4.024658
19.250343,60,4.113214
13.659187,48,4.194724
13.130627,60,4.292834
36.738378,60,4.384298
27.662025,60,4.483565
8.56613,49,4.559886
10.401547,51,4.644424
11.26868,60,4.743961
20.027773,60,4.841229
18.074924,54,4.931221
8.719355,49,5.009853
9.456674,43,5.06983
13.425278,53,5.157202
14.65785,60,5.258296
28.345203,60,5.38355
14.433017,49,5.471857
7.945293,45,5.541798
9.646244,60,5.634967
22.902315,60,5.760255
12.614886,48,5.854932
20.73176,60,5.956102
14.365886,60,6.083205
21.143983,60,6.173665
4.683213,41,6.25217
16.602363,56,6.330625
6.501084,33,6.381477
20.067751,60,6.496721
16.287769,60,6.603033
6.406017,46,6.682406
17.211392,46,6.757326
25.594089,60,6.851629
18.983534,60,6.954164
12.632812,43,7.017598
6.400205,51,7.09615
5.35091,25,7.125875
14.778849,60,7.213499
28.877546,60,7.295491
15.877589,56,7.378344
10.763697,56,7.456259
26.951936,60,7.540386
6.122918,43,7.606851
10.091922,41,7.676234
17.641588,53,7.763984
9.66728,48,7.842792
16.570101,60,7.93714
30.121268,60,8.025153
6.645826,53,8.101588
11.167032,47,8.167918
8.776202,54,8.258406
37.082543,60,8.352506
16.023404,59,8.447684
15.526521,55,8.531725
12.238009,41,8.633516
4.209211,38,8.712023
25.935535,60,8.820331
6.969985,38,8.880193
20.331515,50,8.967619
5.004034,49,9.054147
19.071998,60,9.144616
17.629483,60,9.256684
27.344994,60,9.379916
35.542909,60,9.48538
16.372435,56,9.577564
5.980835,35,9.628922
6.824441,39,9.689766
20.37009,60,9.781429
15.668173,46,9.866526
11.739045,43,9.936091
23.322342,60,10.033613
21.236897,60,10.120574
34.030041,60,10.196515
4.78177,35,10.241243
29.525408,60,10.323287
10.651913,60,10.404794
22.05407,60,10.486209
10.912315,60,10.565691
12.97471,60,10.645192
39.980004,60,10.729424
31.348166,60,10.833487
4.004685,57,10.917536
19.956969,49,10.98505
22.495716,60,11.085709
4.686485,34,11.14213
13.957124,60,11.238381
28.597502,60,11.326434
45.12693,60,11.419564
30.912807,60,11.505666
23.554281,60,11.604402
4.113675,49,11.681978
10.115999,60,11.771556
39.624967,60,11.873751
23.625685,60,11.965266
19.276053,59,12.05418
30.855527,60,12.160345
39.264984,60,12.246939
22.427484,60,12.341585
28.84841,60,12.458916
34.924641,60,12.547495
10.779472,59,12.634485
19.775417,60,12.718603
36.855481,60,12.791596
30.645566,60,12.858583
13.345618,60,12.928994
31.221027,60,12.997511
24.108069,60,13.067587
21.452507,60,13.136495
17.689494,60,13.200424
30.146754,60,13.298025
27.095263,60,13.40017
22.931208,60,13.491112
32.127172,60,13.580471
20.898719,60,13.675895
22.243417,60,13.772445
45.895655,60,13.872702
26.679255,60,13.968923
13.909551,44,14.042907
23.373316,60,14.136019
7.935922,52,14.216631
16.56323,60,14.318371
13.490586,53,14.389218
11.193285,31,14.431985
16.945511,56,14.530447
8.657002,34,14.581197
23.917307,60,14.668546
30.357166,60,14.773952
13.330464,60,14.864537
22.32952,53,14.919903
13.885363,60,14.990707
35.83522,60,15.064971
42.477656,60,15.125922
14.774272,50,15.201596
13.08514,57,15.296204
21.232652,60,15.395868
5.501308,32,15.445662
34.010711,60,15.535666
18.511954,60,15.630363
15.194539,60,15.803905
15.318747,51,15.885341
14.358338,34,15.935606
27.141481,60,16.024657
30.978867,60,16.118073
38.837958,60,16.208469
24.38316,60,16.302831
11.802158,55,16.379168
27.34366,60,16.466254
20.362886,60,16.546859
26.086051,60,16.639474
19.110671,60,16.732144
15.236058,51,16.808609
31.02765,60,16.906793
9.124647,60,16.991363
30.433731,60,17.068925
12.926675,42,17.140349
21.655075,60,17.221819
27.53584,60,17.316734
12.3593,50,17.40687
22.062038,55,17.497971
14.787229,48,17.572479
4.089074,26,17.62032
28.531327,60,17.724534
30.855645,60,17.822952
11.875477,60,17.914898
18.936392,60,18.016427
23.418451,60,18.103094
14.823324,60,18.18658
35.78757,60,18.274781
29.230273,60,18.353908
12.074612,46,18.415346
22.877237,60,18.503032
29.118913,60,18.587477
22.77875,60,18.679862
20.785216,60,18.777682
19.873801,60,18.877612
17.521802,49,18.953492
7.432623,30,19.000365
22.35372,60,19.090934
42.570479,60,19.18356
24.866374,60,19.286566
19.022113,60,19.385171
32.708996,60,19.474697
17.407079,60,19.569129
24.017461,60,19.651116
16.902018,60,19.745373
32.762709,60,19.829276
16.101931,55,19.909568
21.984161,60,20.005605
29.99603,60,20.087069
37.877437,60,20.178701
35.43433,60,20.259234
8.619891,60,20.34634
25.14136,60,20.433771
33.438653,60,20.534328
26.726598,60,20.624645
20.237546,60,20.729581
26.015782,60,20.814216
45.387061,60,20.905887
27.295254,60,20.986795
16.307418,59,21.0778
19.599881,60,21.175884
39.151206,60,21.275285
26.51065,60,21.37176
31.596421,60,21.463634
30.688775,60,21.548054
17.470947,50,21.62655
11.953925,49,21.705108
24.742591,60,21.802279
9.008343,60,21.890274
22.786698,60,21.983789
24.950574,60,22.071316
7.839495,33,22.125677
33.215478,60,22.214691
5.291645,27,22.253927
34.833714,60,22.344503
8.48264,33,22.39438
28.790992,60,22.476384
15.002276,60,22.566398
25.999462,55,22.647399
31.119445,60,22.737595
28.556325,60,22.829139
26.670551,60,22.927596
37.767521,60,23.03107
20.208334,60,23.120095
36.98943,60,23.211134
12.034888,55,23.286611
35.533985,60,23.373089
16.094903,40,23.430884
36.608031,60,23.512757
17.362796,60,23.598241
22.439495,60,23.688803
39.507166,60,23.777304
10.689331,47,23.844715
10.602318,55,23.938042
28.159863,60,24.036897
5.436122,39,24.092936
19.84297,60,24.181771
23.510161,60,24.274705
18.12671,60,24.363321
28.269515,60,24.452414
22.461007,60,24.519674
12.263306,56,24.581105
26.814812,60,24.661561
15.970892,51,24.732932
27.517487,60,24.81088
21.954489,60,24.89266
18.516203,60,24.97017
13.30015,60,25.051675
15.466334,53,25.131009
23.197829,60,25.209271
24.35223,60,25.291898
15.504913,46,25.351326
27.014342,60,25.431323
25.087008,60,25.506852
29.682929,60,25.586017
23.765428,60,25.679596
35.977076,60,25.768017
29.895118,60,25.850474
20.017218,59,25.931629
46.24052,60,26.0141
19.984816,60,26.091544
46.52284,60,26.178334
15.22825,49,26.251347
36.49962,60,26.339195
22.862424,51,26.415029
30.932489,60,26.501544
8.238199,30,26.544327
10.369685,36,26.594183
37.248702,60,26.675239
40.85731,60,26.762332
32.723726,60,26.838318
9.979938,42,26.901819
33.628497,60,26.996327
27.061632,60,27.080765
18.958649,60,27.168242
13.032371,60,27.264509
37.499561,60,27.34555
19.739993,60,27.446155
14.779093,55,27.54442
10.334231,60,27.640952
27.886606,60,27.755057
17.033659,60,27.836271
22.2481,60,27.911303
17.439763,60,28.01282
20.733972,60,28.099373
24.070794,60,28.163686
29.577603,60,28.251921
12.955148,36,28.312318
35.414246,60,28.416007
11.662849,48,28.503436
23.02096,60,28.596823
1.33522,25,28.630069
22.028613,60,28.700942
28.771306,60,28.812118
33.431766,60,28.9077
15.156989,60,29.000066
27.854901,60,29.10276
16.551817,60,29.193691
35.701202,60,29.284089
30.643671,60,29.37845
33.374244,60,29.477151
31.06215,60,29.568675
27.278056,60,29.669861
15.97617,60,29.759026
21.443876,60,29.867624
31.633577,60,29.96893
20.962417,60,30.070387
10.955009,60,30.185635
10.444527,53,30.271554
31.608384,60,30.367671
12.649648,53,30.45581
19.150062,60,30.551223
17.193079,60,30.657591
21.856408,60,30.766341
19.870452,60,30.876653
18.533284,60,30.990131
12.287193,60,31.095621
5.935409,39,31.164392
15.393855,60,31.255757
10.277883,59,31.348252
27.09766,60,31.438682
47.051958,60,31.527955
42.779712,60,31.60959
23.49994,60,31.709807
12.460366,60,31.811418
17.251543,60,31.901875
32.054324,60,31.999083
17.553253,60,32.090659
27.021442,60,32.182969
19.677982,60,32.274256
14.186886,60,32.374669
13.605223,38,32.437768
12.288186,60,32.532748
31.471415,60,32.633235
20.501371,60,32.725775
30.472766,60,32.823174
28.563249,60,32.901257
42.371615,60,32.995955
32.169867,60,33.098491
27.239827,60,33.187432
40.261315,60,33.279354
15.988116,57,33.367356
16.440233,60,33.457822
14.643608,60,33.544577
20.69947,60,33.637468
8.089434,39,33.699258
38.894368,60,33.788197
16.188472,60,33.878327
29.12225,60,33.966897
23.028654,60,34.054996
11.829908,60,34.146473
6.813047,56,34.220921
44.938526,60,34.300751
17.755315,60,34.391928
42.882777,60,34.482455
20.650742,60,34.574989
20.186984,51,34.656941
24.57633,60,34.748624
35.104398,60,34.839061
13.0399,60,34.919026
20.335402,60,35.013544
36.497004,60,35.099796
20.636644,60,35.199534
24.311598,60,35.289395
23.323096,60,35.391576
18.163895,60,35.480068
25.625768,60,35.565627
34.583936,60,35.656793
13.163093,51,35.741957
11.442714,39,35.799213
26.184366,60,35.903444
30.710103,60,35.996993
27.255017,60,36.09736
32.751776,60,36.187217
26.84757,60,36.287855
49.779675,60,36.37442
14.673312,60,36.472493
16.987751,60,36.566116
15.609816,60,36.655209
3.145446,25,36.699934
22.448765,60,36.786406
28.557536,60,36.873631
37.522711,60,36.967752
22.713637,60,37.05671
35.590989,60,37.149002
47.550543,60,37.24805
34.364844,60,37.335919
29.91213,60,37.422778
18.430808,60,37.515844
40.116173,60,37.609031
26.290284,60,37.70105
44.441568,60,37.807233
18.674196,60,37.905422
24.561039,60,38.01823
37.390708,60,38.113497
42.315516,60,38.203901
18.764843,60,38.296927
19.24364,60,38.394532
36.694779,60,38.490668
31.043727,60,38.605149
44.328181,60,38.701847
29.521642,60,38.817308
38.503515,60,38.915366
31.329459,60,39.014978
10.374401,48,39.08514
19.911859,58,39.184945
23.959813,60,39.285449
34.942276,60,39.376559
28.330205,60,39.468046
25.659276,60,39.562512
18.663598,55,39.642503
18.898247,60,39.734025
27.123035,60,39.820967
30.237605,60,39.924579
27.296937,60,40.017732
42.825261,60,40.108606
33.595124,60,40.199955
35.721446,60,40.297436
32.231969,60,40.379281
18.269948,60,40.474987
35.038228,60,40.56506
9.429777,32,40.614765
26.347727,60,40.704817
23.3132,60,40.793976
19.200763,60,40.8806
35.954592,60,40.986303
4.622872,25,41.017748
21.009717,60,41.097573
17.577877,58,41.189602
24.088937,60,41.281106
24.627335,60,41.370461
28.433362,60,41.458916
34.257066,60,41.553922
22.2812,60,41.64543
34.659267,60,41.732052
13.933243,53,41.823718
43.959267,60,41.90878
26.331025,60,41.998392
18.011325,60,42.081888
18.970817,52,42.147811
9.962232,31,42.19414
40.371758,60,42.285802
40.187898,60,42.378441
47.442147,60,42.473796
25.903009,60,42.577404
21.168758,46,42.648399
38.318929,60,42.742469
25.602484,60,42.835512
24.827702,60,42.926675
48.338627,60,43.021801
15.256719,56,43.109245
18.571231,60,43.203769
31.609623,60,43.290843
38.279209,60,43.382674
6.527679,47,43.450498
17.685995,60,43.544918
22.509692,60,43.650422
33.622111,60,43.755944
28.359182,60,43.848395
43.252513,60,43.94791
8.485928,31,43.993321
17.000565,50,44.068321
32.858959,60,44.15585
44.959332,60,44.255424
2.589631,35,44.307619
9.713891,30,44.352746
21.246732,60,44.443013
6.768033,37,44.49944
22.430631,60,44.589217
12.464677,58,44.683682
16.296686,48,44.750535
20.873438,60,44.834675
35.571673,60,44.929743
9.226625,44,45.002681
21.809369,60,45.089722
20.185549,60,45.189573
6.082843,35,45.247957
42.371931,60,45.345536
38.853828,60,45.440582
19.886004,60,45.525197
12.541439,60,45.614797
27.423564,60,45.713899
20.585615,50,45.793389
18.298249,60,45.892565
22.307446,47,45.96349
11.895909,54,46.048114
10.650194,60,46.148947
7.479822,41,46.218493
21.282054,60,46.313539
11.864603,60,46.413924
30.277989,60,46.498863
20.627424,60,46.607553
24.538023,60,46.703787
34.53548,60,46.803722
11.724973,60,46.903714
21.616467,60,46.997018
24.912288,60,47.092774
24.097346,60,47.19692
7.193238,39,47.267484
28.717031,60,47.357251
17.01254,60,47.454876
33.327452,60,47.5468
18.845514,59,47.640774
30.432955,60,47.733817
15.740667,60,47.817879
47.044465,60,47.909554
16.82477,60,47.995555
5.833746,33,48.062349
15.071931,39,48.117539
52.004895,60,48.209423
13.421354,46,48.281865
17.171898,60,48.374999
20.313926,60,48.45958
10.412716,41,48.519411
24.625649,60,48.617512
33.072937,60,48.703648
27.642885,60,48.807868
21.422947,60,48.899379
14.972805,60,48.986394
40.305262,60,49.092861
18.616896,60,49.186869
40.373843,60,49.297505
11.431683,58,49.407855
16.676435,53,49.495898
15.773848,60,49.594287
18.220528,60,49.684334
25.689929,60,49.789011
31.21807,60,49.89716
30.573778,60,49.996209
20.61314,60,50.088299
26.077809,60,50.190868
18.285192,60,50.28788
9.173286,51,50.370568
16.591431,60,50.467197
21.333181,60,50.556351
35.952863,60,50.644994
42.432395,60,50.743687
37.773146,60,50.846749
17.163828,47,50.925527
20.326389,60,51.027625
33.772274,60,51.118976
30.686032,60,51.215001
31.928771,60,51.309052
22.99753,60,51.409196
25.51401,60,51.510454
16.987884,59,51.611298
24.746857,60,51.704876
10.145854,45,51.786882
33.736165,60,51.883979
14.947289,51,51.972776
8.144801,43,52.043097
3.846607,31,52.089313
38.526972,60,52.181595
15.608794,60,52.282264
20.94435,60,52.369516
21.609015,60,52.465642
11.038654,46,52.530385
32.823544,60,52.622046
15.916893,50,52.702034
19.986984,60,52.788033
28.931633,60,52.880502
17.461254,52,52.968929
31.11887,60,53.054374
11.76604,42,53.10935
38.294294,60,53.199265
41.231305,60,53.308482
23.385662,60,53.396646
19.939036,60,53.469579
27.709431,60,53.547059
45.111375,60,53.636147
39.790717,60,53.714895
27.040872,60,53.812607
24.580457,60,53.899439
33.348324,60,54.022709
16.126523,60,54.102179
23.786254,60,54.191172
20.843484,53,54.262622
18.820179,60,54.354308
24.34823,60,54.446762
16.848212,60,54.530325
34.695746,60,54.618763
18.459872,52,54.689297
24.853043,60,54.771762
17.637544,60,54.863799
28.328304,60,54.949313
14.351423,60,55.038908
12.725605,37,55.093699
38.143004,60,55.180765
29.627973,60,55.282986
28.381504,60,55.376502
15.867141,53,55.464002
24.176466,60,55.561083
20.973943,60,55.659024
23.327282,60,55.752118
17.524654,54,55.840511
32.935557,60,55.930446
52.087478,60,56.021926
13.146584,60,56.116
12.428688,47,56.199524
15.416106,60,56.293249
34.423702,60,56.384348
31.69247,60,56.48992
8.944222,48,56.561985
27.433805,60,56.662207
12.521636,60,56.761395
8.518415,60,56.852084
33.631993,60,56.945769
16.614872,60,57.065855
24.982815,60,57.157985
28.053546,60,57.254336
11.11279,60,57.349041
22.996851,60,57.450177
18.317259,49,57.534012
32.381294,60,57.625066
20.289977,60,57.721793
27.185041,60,57.823425
17.394535,60,57.911887
23.456294,57,58.009042
33.811152,60,58.105559
22.231263,60,58.20921
12.971953,36,58.260496
34.355086,60,58.36354
20.97614,60,58.485639
30.616275,60,58.57709
3.89819,30,58.623735
16.483692,60,58.723144
26.432363,60,58.823763
14.494956,53,58.911431
29.255583,60,59.006607
10.37206,53,59.082122
20.369834,60,59.181602
51.677576,60,59.267065
23.345458,60,59.366112
23.570888,60,59.455733
29.339375,60,59.543678
23.786138,60,59.641664
20.156997,60,59.72958
30.235684,60,59.826097
10.329497,56,59.923212
21.558642,60,60.013836
11.99685,59,60.099308
18.76488,60,60.213854
9.472158,29,60.256081
24.674853,60,60.347491
26.019352,60,60.468565
15.682729,52,60.565085
39.314612,60,60.667211
25.635184,60,60.765838
19.383629,60,60.879017
16.696952,60,60.97501
34.361803,60,61.066975
33.093633,60,61.161561
32.065757,60,61.251521
21.326109,60,61.34433
26.044468,60,61.435595
35.255195,60,61.535544
18.824956,60,61.630167
38.378166,60,61.718418
26.280948,60,61.814541
36.251481,60,61.902022
33.967657,60,61.995106
32.615334,60,62.085357
25.095989,60,62.209175
41.337701,60,62.316183
13.333806,59,62.409251
44.432887,60,62.504306
26.308613,49,62.586129
16.419848,51,62.664056
30.052296,60,62.755555
23.26788,60,62.862862
37.208888,60,62.960479
16.48852,60,63.06211
23.717919,48,63.138295
55.50517,60,63.242121
31.037351,60,63.34423
37.454162,60,63.448338
43.493365,60,63.548681
30.351895,60,63.640213
16.32612,60,63.745934
49.876741,60,63.847933
46.984858,60,63.947723
25.155622,60,64.054507
25.891623,60,64.147422
10.491123,60,64.235874
27.387164,60,64.326357
26.744307,60,64.408885
45.636029,60,64.499021
17.28775,60,64.591468
21.671107,58,64.678303
37.572918,60,64.781554
36.940955,60,64.872014
38.810835,60,64.958452
17.684093,60,65.047508
50.18526,60,65.12989
26.075519,60,65.22601
38.361232,60,65.321546
35.063884,60,65.411193
22.314939,60,65.502347
33.831171,60,65.597029
8.972518,32,65.645844
31.722658,60,65.74345
33.353906,60,65.835047
34.592032,60,65.914034
26.531042,60,66.008549
33.46776,60,66.096902
28.600114,60,66.17925
36.00555,60,66.267235
41.517167,60,66.357725
28.675528,60,66.446794
31.678747,60,66.540344
7.098983,36,66.602735
32.112805,60,66.700811
16.341343,60,66.790436
31.289408,60,66.88102
32.357429,60,66.956919
26.741907,60,67.035544
18.8586,42,67.092007
28.446975,60,67.181587
15.892938,60,67.262554
33.985936,60,67.346704
23.16233,60,67.42774
29.493421,60,67.510121
7.330083,44,67.564822
21.739221,60,67.646337
35.572425,60,67.733478
28.80631,60,67.819047
11.35122,40,67.887401
11.431119,60,67.978358
35.363035,60,68.066451
14.487631,42,68.128406
30.197288,60,68.21849
27.273743,60,68.308534
44.538152,60,68.405794
10.265218,39,68.461485
38.123256,60,68.557206
41.086213,60,68.644867
30.218749,60,68.729184
28.617141,60,68.812129
35.708553,60,68.905908
45.998718,60,68.999001
20.542749,60,69.081318
31.834344,60,69.164722
40.264021,60,69.242076
32.351195,60,69.323628
27.713102,60,69.404258
26.066598,60,69.480753
27.091536,60,69.555732
46.576648,60,69.645013
27.00009,60,69.739969
39.462233,60,69.824572
32.6752,60,69.916135
27.993909,60,69.996477
25.13165,60,70.073854
32.171334,60,70.145715
43.399843,60,70.235829
29.003792,60,70.316881
28.49158,60,70.41303
24.105179,56,70.504729
36.083055,60,70.588609
28.470708,60,70.686584
13.511199,54,70.764307
15.231853,52,70.841669
26.802761,60,70.937544
21.190968,60,71.014638
31.332822,60,71.099107
21.348926,60,71.198304
37.529348,60,71.290072
22.08411,60,71.385138
28.250966,60,71.474834
37.753922,60,71.567966
39.507577,60,71.652532
26.994355,60,71.750734
38.654444,60,71.832265
25.913232,60,71.920608
16.847898,60,72.013196
26.750705,60,72.098907
29.702715,60,72.18394
17.302768,60,72.275017
31.38147,60,72.360945
31.015716,60,72.457477
12.087265,59,72.551048
40.771464,60,72.640175
19.527349,60,72.726558
34.158069,60,72.805166
35.312001,60,72.885292
22.14675,60,72.968814
22.128559,60,73.0661
27.465888,60,73.147155
22.521056,60,73.232242
36.836402,60,73.325335
22.56055,60,73.408909
25.340075,60,73.504099
32.017109,60,73.582611
26.724034,60,73.666069
37.099671,60,73.779853
22.094187,60,73.87394
42.736322,60,73.969952
16.895292,60,74.076619
32.102179,60,74.183252
39.703359,60,74.29092
33.317762,60,74.399141
25.764074,60,74.493213
20.387536,60,74.582702
36.67277,60,74.667192
38.024239,60,74.746994
20.960535,51,74.824195
42.853359,60,74.911779
38.591219,60,74.996227
39.554103,60,75.087079
29.477869,60,75.174566
24.280854,60,75.256615
31.504509,60,75.349216
30.151159,60,75.448948
31.223254,60,75.54201
32.17565,60,75.645065
10.513548,60,75.73694
20.347808,60,75.828974
28.64141,60,75.925099
24.750506,60,76.019976
14.137418,60,76.122109
32.738603,60,76.217177
19.482194,48,76.289077
14.668087,48,76.368526
26.421711,60,76.462645
44.93485,60,76.556813
38.622946,60,76.651804
25.496074,60,76.754811
5.657562,35,76.806123
21.970662,60,76.897085
30.162221,60,76.991244
41.821826,60,77.081787
11.624645,46,77.148691
40.161636,60,77.235764
18.552059,60,77.315429
25.927084,60,77.435122
22.142269,60,77.538694
20.549115,60,77.625194
21.631941,60,77.710796
31.972886,60,77.807338
18.181303,51,77.881331
22.402387,59,77.976395
46.421098,60,78.069858
13.051149,53,78.147443
34.528307,60,78.234089
35.273083,60,78.332266
28.684681,60,78.426762
26.866244,60,78.513353
14.795927,39,78.588819
37.553448,60,78.674565
33.747769,60,78.774612
18.928898,60,78.877094
20.905644,60,78.972019
30.461562,60,79.070129
42.007492,60,79.178857
16.119609,60,79.272691
33.895027,60,79.370758
18.914163,57,79.453731
16.466159,49,79.533764
31.768651,60,79.626296
25.74773,60,79.726902
17.688639,60,79.815003
24.045374,60,79.89505
37.500801,60,79.987085
36.342974,60,80.076661
31.00938,60,80.156464
25.547511,60,80.240005
14.612856,47,80.303869
38.744689,60,80.388399
37.063157,60,80.485018
16.148896,60,80.577274
34.838357,60,80.681469
24.044628,60,80.771986
35.808631,60,80.858938
43.675233,60,80.951838
37.567184,60,81.045011
29.945498,60,81.136071
56.300245,60,81.23332
26.666391,60,81.332587
39.224839,60,81.432752
19.937318,60,81.528406
46.538964,60,81.616408
32.558047,60,81.71349
22.190316,60,81.807621
26.180916,60,81.896261
24.535859,60,82.003433
17.359073,60,82.096991
35.469463,60,82.197853
14.920749,60,82.30757
23.835457,60,82.407761
41.733654,60,82.49388
13.00751,60,82.587983
31.610466,60,82.649898
36.841728,60,82.722211
31.749703,60,82.813679
53.078938,60,82.894762
29.389079,60,82.98283
23.451348,60,83.073961
46.085836,60,83.163053
23.611079,60,83.249477
31.096407,60,83.339313
24.288321,60,83.421323
20.768341,57,83.504837
14.979585,60,83.591988
32.393088,60,83.683068
29.7588,60,83.765162
41.943259,60,83.825564
31.712151,60,83.891448
24.899355,60,83.962189
31.364894,60,84.032763
31.407556,60,84.102293
13.352208,52,84.16278
25.068486,60,84.225683
25.682882,60,84.306712
41.863289,60,84.396321
25.978676,60,84.498032
15.48602,60,84.598459
31.669015,60,84.703927
42.715231,60,84.798424
39.337828,60,84.896082
39.821484,60,84.982617
30.330923,60,85.078725
35.592425,60,85.1743
31.00201,60,85.265977
48.329682,60,85.35462
40.830166,60,85.446272
10.956203,37,85.500947
28.610315,60,85.602818
29.583961,60,85.694866
48.233875,60,85.807472
32.815783,60,85.895018
15.388967,53,85.982104
30.881076,60,86.074633
27.375955,60,86.17399
20.988276,60,86.266363
9.91386,45,86.334258
18.332824,50,86.421935
35.586596,60,86.505848
26.137595,60,86.573763
23.143009,60,86.654276
37.417028,60,86.76044
22.394204,60,86.859967
25.202884,60,86.943946
41.170278,60,87.041931
11.424685,50,87.113947
28.163141,60,87.206764
32.799263,60,87.303396
19.058973,53,87.388349
39.047946,60,87.47991
35.161541,60,87.570973
32.187512,60,87.668522
18.398059,60,87.760575
40.158211,60,87.848947
36.114907,60,87.93255
10.307639,60,88.026672
19.724926,60,88.115293
11.553695,60,88.214059
35.853326,60,88.30766
18.225089,60,88.407276
31.204073,60,88.49956
32.415786,60,88.58767
15.580907,55,88.670701
22.202481,60,88.760666
46.960418,60,88.826493
26.663549,60,88.897699
26.38331,60,88.960268
23.02814,60,89.031569
31.944926,60,89.123197
32.098284,60,89.2003
31.67859,60,89.29291
25.117726,60,89.384827
21.481689,51,89.450088
44.204992,60,89.563495
18.353715,55,89.655894
18.423838,60,89.751534
10.1994,60,89.853505
35.593801,60,89.948945
51.761413,60,90.037952
24.643866,60,90.122808
18.57077,60,90.216395
42.494269,60,90.304453
25.813251,60,90.391377
36.202363,60,90.478241
13.116377,58,90.559712
42.67892,60,90.647241
18.769969,60,90.735554
40.695713,60,90.827603
46.657577,60,90.922831
18.241215,51,90.997884
34.039232,60,91.084932
19.292635,60,91.165391
38.742721,60,91.259514
31.45154,60,91.346359
37.032417,60,91.433353
35.041817,60,91.522336
43.336981,60,91.604318
25.242813,60,91.6959
36.922315,60,91.782912
32.349602,60,91.858403
12.733991,36,91.922353
30.973192,60,92.005376
36.765488,60,92.096443
24.477797,60,92.18805
19.349935,60,92.272448
23.541344,60,92.358804
26.13387,60,92.442361
40.880764,60,92.531512
43.286936,60,92.609494
31.505111,60,92.690474
20.714159,60,92.778031
27.464326,60,92.858937
36.134331,60,92.942023
22.633673,60,93.018975
24.424526,58,93.098118
31.904051,60,93.17688
23.251902,60,93.259845
42.401418,60,93.335251
19.758139,41,93.39042
42.022963,60,93.482499
21.866028,60,93.562017
27.02699,60,93.646991
28.411669,60,93.7347
42.78862,60,93.830759
13.69704,60,93.916744
33.453379,60,94.009229
34.401434,60,94.099848
41.197228,60,94.18686
42.37514,60,94.275027
7.577978,52,94.347526
29.297507,60,94.439449
38.808773,60,94.531991
26.588674,53,94.599863
31.37613,60,94.691938
21.783588,60,94.786788
26.069335,60,94.87387
25.80424,60,94.96495
17.332906,60,95.060732
23.65295,60,95.153821
24.70261,60,95.243274
21.649863,60,95.328565
18.394545,60,95.418355
25.918202,60,95.509505
44.449072,60,95.591443
32.105596,60,95.674054
19.417832,60,95.761656
38.052458,60,95.854563
46.289767,60,95.945683
31.798785,60,96.034688
40.979502,60,96.124244
41.895342,60,96.211331
39.043145,60,96.292839
22.135897,49,96.368749
29.331779,60,96.454233
44.21084,60,96.534342
32.085075,60,96.622823
33.660227,60,96.711306
33.526513,60,96.801708
40.263986,60,96.890929
23.735925,60,96.984623
38.039535,60,97.086269
22.898879,60,97.174067
18.389979,51,97.242525
17.343643,60,97.336562
28.171317,60,97.428113
18.631148,53,97.51517
27.948161,60,97.605942
39.098741,60,97.705963
26.43685,56,97.809503
36.821173,60,97.937036
29.166479,60,98.036626
22.225072,60,98.124648
20.279007,60,98.217723
24.361034,60,98.292103
20.922619,60,98.3736
25.606188,60,98.465205
26.650984,60,98.55126
22.926068,58,98.65293
51.654777,60,98.743724
17.798179,60,98.831637
34.70185,60,98.911016
34.25177,60,99.006139
22.453651,60,99.09967
46.805226,60,99.187989
25.147911,60,99.279549
44.28159,60,99.36457
23.634273,60,99.468103
42.418602,60,99.556617
30.01929,60,99.635059
28.317144,60,99.725582
26.107567,60,99.811197
52.341326,60,99.899791
42.577089,60,99.993316
23.747028,60,100.078302
31.220984,60,100.161305
40.376679,60,100.25237
26.285769,60,100.338413
24.17931,60,100.424467
38.61947,60,100.521581
36.290116,60,100.611617
21.963914,60,100.702758
26.475223,60,100.7858
19.094138,60,100.861786
33.934744,60,100.937238
23.906894,60,101.023117
35.072197,60,101.106862
32.715659,60,101.192197
45.762166,60,101.28512
30.497927,60,101.379253
39.158063,60,101.465773
36.387869,60,101.555895
49.216501,60,101.636444
23.681732,60,101.719402
36.786228,60,101.841616
24.513106,60,101.974854
25.705371,60,102.074744
26.049264,60,102.168308
34.364119,60,102.255347
37.107096,60,102.356129
17.731514,51,102.429003
44.407881,60,102.521603
36.730233,60,102.618218
23.320319,60,102.709229
12.314592,56,102.799819
24.691912,59,102.88955
31.537311,60,102.980556
38.597938,60,103.081202
34.340312,60,103.174303
25.544487,60,103.261857
31.554992,60,103.342437
29.181367,60,103.436479
21.546893,60,103.522853
43.005156,60,103.603659
22.733346,50,103.66811
21.877187,60,103.751729
29.233214,60,103.832269
37.92831,60,103.92314
38.715136,60,104.012693
29.493632,60,104.108255
29.21531,60,104.21072
27.059419,60,104.307042
22.996806,57,104.388242
49.601178,60,104.473616
18.114344,60,104.571123
34.690217,60,104.674588
25.1401,60,104.770527
11.892322,46,104.837882
42.383646,60,104.936567
33.991567,60,105.031269
33.519737,60,105.119317
46.319918,60,105.210416
28.200092,60,105.30207
18.233761,60,105.404353
46.105167,60,105.512737
39.32341,60,105.608479
29.250881,60,105.706769
47.74247,60,105.806746
24.778939,60,105.898927
42.423402,60,105.985304
32.946142,60,106.0941
38.793051,60,106.190013
28.976473,60,106.287057
33.388477,60,106.376132
10.517171,50,106.446139
37.104037,60,106.539213
35.769085,60,106.635281
24.978406,60,106.732674
41.019258,60,106.834298
47.044421,60,106.923536
21.583309,60,107.020075
33.529933,60,107.117702
47.204315,60,107.207829
34.861281,60,107.300861
23.467757,60,107.394442
27.942176,60,107.483464
28.257185,60,107.581045
46.047501,60,107.67159
30.715463,60,107.757157
3.322763,29,107.806458
32.789365,60,107.900405
24.868957,60,107.981445
32.20379,60,108.079592
31.792772,60,108.175949
36.813329,60,108.267598
25.643867,60,108.358578
35.258593,60,108.457216
8.959286,60,108.546337
25.162157,60,108.629941
36.213487,60,108.722561
26.384355,60,108.814653
51.068252,60,108.899156
31.984492,60,108.97713
38.359882,60,109.05831
37.639985,60,109.146184
18.799278,60,109.242303
26.971569,60,109.326801
47.966518,60,109.417376
22.382429,60,109.507632
35.263398,60,109.600245
30.117327,60,109.690362
52.865399,60,109.787994
29.863443,60,109.881079
37.07799,60,109.990122
31.66748,60,110.08363
20.185221,60,110.169693
19.726798,60,110.274951
20.31274,60,110.368087
33.699806,60,110.478299
45.427732,60,110.572796
26.704084,60,110.659968
21.813391,60,110.772243
29.367396,60,110.869202
28.033123,60,110.965822
19.280122,60,111.064884
23.607411,60,111.171515
22.748624,60,111.26152
34.509362,60,111.374464
16.927807,60,111.466473
29.720877,60,111.55584
53.708521,60,111.648269
25.418994,60,111.723197
29.79675,60,111.812227
31.76043,60,111.901138
45.93532,60,111.998307
15.642762,60,112.105655
42.733106,60,112.196332
23.953662,60,112.284424
21.709001,60,112.384537
33.020886,60,112.473061
13.174433,42,112.536363
25.643215,60,112.618252
23.12101,60,112.712929
28.555222,60,112.806816
20.243211,43,112.879637
32.58344,60,112.983616
20.720121,60,113.069499
36.149238,60,113.174857
29.931294,60,113.291107
16.714644,60,113.412388
42.527755,60,113.528345
35.391509,60,113.635018
20.345154,60,113.755267
16.910564,60,113.862386
27.731437,60,113.952816
16.888999,60,114.049463
36.181529,60,114.149534
8.991304,39,114.213931
36.667733,60,114.30942
13.9344,54,114.398413
23.518113,60,114.483914
27.487315,60,114.562823
16.527371,60,114.64491
34.756971,60,114.725933
28.729926,60,114.820497
27.942342,60,114.918136
19.438353,60,115.023689
44.228867,60,115.123014
31.24733,60,115.215079
19.827665,60,115.308422
47.483133,60,115.397453
40.671244,60,115.493038
40.812806,60,115.583154
28.535144,60,115.687871
44.736072,60,115.770855
38.375449,60,115.8619
8.077704,37,115.918133
25.753441,60,116.00805
35.448107,60,116.101611
29.850635,60,116.187104
23.881314,60,116.26813
42.826344,60,116.358029
42.073654,60,116.445039
29.677236,60,116.532565
31.901734,60,116.626128
15.659419,60,116.718259
44.427418,60,116.808338
33.258444,60,116.900043
30.076487,60,116.992622
31.899861,60,117.085
35.473716,60,117.179097
43.320075,60,117.269307
33.184229,60,117.358385
21.720294,60,117.450474
27.818468,60,117.545082
45.70919,60,117.634714
41.480594,60,117.738275
26.982035,60,117.829736
30.316745,60,117.915179
40.376522,60,118.012275
10.628239,31,118.065638
21.602184,45,118.137665
35.397508,60,118.225265
34.694147,60,118.33695
32.444093,60,118.437569
26.831001,60,118.550201
36.784968,60,118.64241
27.696009,60,118.720845
40.471524,60,118.791801
45.186493,60,118.858179
39.876085,60,118.9221
21.192156,58,118.986473
48.690122,60,119.053854
40.839274,60,119.121671
15.858918,60,119.20002
30.50356,60,119.267933
32.260383,60,119.351026
27.289949,60,119.448228
37.866423,60,119.527017
22.011784,60,119.614054
24.169269,60,119.696555
37.274836,60,119.775732
18.6847,41,119.82807
49.495428,60,119.909107
29.935452,60,119.99808
36.197784,60,120.097213
36.152159,60,120.191709
40.068833,60,120.286651
29.310444,60,120.375721
32.530528,60,120.463831
39.171373,60,120.552829
23.191618,60,120.650854
35.412681,60,120.740805
43.555794,60,120.841221
34.843694,60,120.936678
20.003626,43,121.001087
26.011638,60,121.105662
31.789364,60,121.195264
53.035792,60,121.291281
22.558647,60,121.394528
31.359201,60,121.485152
16.356132,45,121.552462
40.532158,60,121.647393
23.266427,60,121.745378
42.783799,60,121.843587
16.10788,48,121.918008
23.65617,60,122.012176
30.416062,60,122.101805
30.319318,60,122.195779
32.429134,60,122.281931
35.413825,60,122.363368
21.066619,60,122.459359
16.66534,59,122.544958
29.438539,60,122.628919
45.999736,60,122.719732
19.915277,60,122.811194
7.66661,57,122.920294
9.858564,53,123.003608
36.373198,60,123.096108
47.651322,60,123.184178
34.506111,60,123.283374
25.893559,60,123.381902
11.887342,60,123.481384
31.201832,60,123.564302
32.919604,60,123.65133
36.263401,60,123.751979
29.311145,60,123.841049
21.546946,60,123.936061
25.982568,60,124.03016
38.885884,60,124.112861
29.757201,60,124.216447
55.150022,60,124.300613
26.964555,60,124.387188
17.214717,49,124.45669
35.793222,60,124.546279
50.464122,60,124.636021
38.434761,60,124.723548
39.711813,60,124.817099
33.299322,60,124.909279
41.281773,60,125.003382
33.719772,60,125.091193
38.243464,60,125.17266
30.83745,60,125.259049
42.400174,60,125.355324
16.715332,60,125.446061
57.15175,60,125.548213
16.045755,58,125.641326
32.381885,60,125.740398
19.471388,60,125.837899
31.254146,60,125.938214
35.492379,60,126.030365
43.654549,60,126.123967
25.051236,60,126.187246
37.771985,60,126.255024
30.057564,60,126.322022
30.244693,60,126.392468
27.478983,60,126.458863
24.588857,60,126.537549
26.872714,60,126.626606
18.130339,60,126.729732
36.374114,60,126.809817
15.914863,55,126.909064
27.94749,60,127.014774
43.704055,60,127.11866
32.60167,60,127.2099
33.381533,60,127.307129
14.817747,59,127.397073
25.586125,60,127.474614
42.598137,60,127.568192
37.474839,60,127.649722
23.204968,60,127.732644
22.986901,60,127.825475
40.053456,60,127.923174
17.766634,60,128.026593
31.159374,60,128.134364
42.625929,60,128.220798
44.98306,60,128.327558
39.041318,60,128.429772
22.234118,60,128.526135
15.453614,60,128.630759
32.625023,60,128.739101
31.157157,60,128.842209
19.153801,60,128.956088
36.582181,60,129.053136
14.433662,60,129.174272
25.660337,60,129.294977
42.629211,60,129.520959
41.454361,60,129.647651
32.408799,60,129.736634
49.926875,60,129.85406
42.956266,60,129.959642
22.247366,60,130.110492
40.748825,60,130.246574
18.474049,60,130.352067
40.176983,60,130.475163
34.227256,60,130.588055
32.048272,60,130.696273
36.031927,60,130.8096
56.087752,60,130.917132
26.997819,60,131.052209
39.290342,60,131.160155
25.293506,60,131.292809
41.390347,60,131.40451
41.455914,60,131.501128
25.835289,60,131.607408
33.663631,60,131.696913
44.605407,60,131.802116
43.598721,60,131.897816
45.94873,60,131.987938
18.739739,57,132.080556
34.646107,60,132.182277
18.722467,60,132.276772
23.919844,60,132.373335
39.933892,60,132.462736
31.159334,60,132.54919
27.193626,60,132.648682
14.356241,60,132.738086
55.608049,60,132.840302
27.234626,60,132.944938
39.202185,60,133.044882
34.259516,60,133.142563
24.144697,60,133.251559
36.224056,60,133.335441
40.186398,60,133.422724
33.909492,60,133.505662
42.930473,60,133.592962
17.967363,60,133.692197
22.812293,60,133.778324
48.615301,60,133.871171
43.72487,60,133.972327
51.431401,60,134.053794
22.171543,60,134.135676
39.337671,60,134.228576
28.268594,60,134.315984
39.275333,60,134.405401
37.491948,60,134.496781
25.095322,60,134.580389
10.819898,43,134.633758
43.412778,60,134.728918
27.85414,60,134.819363
30.525332,60,134.915921
24.482731,60,135.003979
27.871766,60,135.088973
19.322906,53,135.173849
27.458163,60,135.256117
25.815495,60,135.356663
20.818057,60,135.451865
42.577736,60,135.548011
13.767147,47,135.615901
26.483902,60,135.71298
27.187548,60,135.805075
17.248445,60,135.895593
18.599452,48,135.961486
47.881616,60,136.052375
6.913668,48,136.11868
38.44189,60,136.200183
46.522543,60,136.292988
29.900179,60,136.376838
32.321408,60,136.470301
34.825166,60,136.565717
19.262838,55,136.655772
27.563434,60,136.739767
50.464181,60,136.830274
53.554715,60,136.916281
45.234405,60,137.013446
19.836925,60,137.106978
43.692155,60,137.200993
26.464533,60,137.300401
28.817402,60,137.389939
30.126042,60,137.476478
47.480832,60,137.577117
27.030864,60,137.670071
21.011752,60,137.77371
36.757497,60,137.861774
25.50823,60,137.947754
25.185723,60,138.041411
35.936989,60,138.136484
22.259825,60,138.224093
17.764309,60,138.308388
43.246361,60,138.409294
25.122152,60,138.500678
29.874812,60,138.593943
29.931979,60,138.684956
20.762049,60,138.767097
32.725653,60,138.851749
36.702045,60,138.946888
47.470627,60,139.054551
48.354341,60,139.141983
45.136254,60,139.233129
22.098797,60,139.321277
42.2076,60,139.417387
8.217389,38,139.478699
37.345613,60,139.57614
34.853764,60,139.677676
50.977187,60,139.768767
43.051773,60,139.867872
45.970599,60,139.957829
8.774077,38,140.021603
20.197032,60,140.113971
14.430019,60,140.21997
29.241355,60,140.310967
32.965124,60,140.419456
31.889431,60,140.523411
45.711048,60,140.622935
47.415747,60,140.727526
42.833075,60,140.833554
32.55824,60,140.920433
31.914367,60,141.024576
26.795604,52,141.118758
23.937844,60,141.210772
31.146881,60,141.304707
37.322823,60,141.391738
32.903429,60,141.482318
23.949423,60,141.57355
38.414712,60,141.668558
13.968516,42,141.743454
38.594759,60,141.826427
31.811494,60,141.910505
31.60676,60,142.001019
21.804262,60,142.095148
27.217501,60,142.188187
54.772443,60,142.276455
42.75219,60,142.366965
20.877859,60,142.456992
30.989275,60,142.543612
23.931588,46,142.623489
44.846162,60,142.719482
28.475163,60,142.816509
33.658014,60,142.910501
12.259849,60,143.001685
30.268332,60,143.106972
27.649095,60,143.196946
23.275724,60,143.297426
53.720513,60,143.388668
27.781644,60,143.481205
39.090403,60,143.570611
32.12326,60,143.666684
28.673141,60,143.756065
29.129173,60,143.847192
44.753833,60,143.945346
17.006889,60,144.02638
26.986353,60,144.131981
36.154783,60,144.230227
21.822314,60,144.31117
12.461147,60,144.395954
24.00202,60,144.481959
30.501259,60,144.567345
34.643863,60,144.655982
47.479913,60,144.741427
34.77128,60,144.825073
46.856219,60,144.906018
29.066057,60,144.998224
14.259124,50,145.070568
17.078681,51,145.147472
31.498567,60,145.235044
15.947259,43,145.303984
36.095395,60,145.40211
20.568194,60,145.498765
44.180257,60,145.59481
28.215962,60,145.680823
48.636418,60,145.769808
21.332482,60,145.858726
20.088184,45,145.921936
33.46998,60,146.00739
49.452645,60,146.090424
42.297388,60,146.179584
43.949446,60,146.280738
30.287734,60,146.373763
45.227831,60,146.46454
25.81443,60,146.548527
51.317298,60,146.639671
37.601889,60,146.721765
37.809206,60,146.804339
51.561885,60,146.890788
36.561598,60,146.966509
46.573702,60,147.052037
40.250047,60,147.134228
41.857395,60,147.214763
26.539164,60,147.305424
31.531225,60,147.392599
28.689441,60,147.466501
23.703785,60,147.547502
32.932713,60,147.627714
18.197215,60,147.710994
32.45401,60,147.79827
41.148593,60,147.892071
29.584588,60,147.976204
26.835248,60,148.066742
29.39331,60,148.154341
26.891727,60,148.242326
35.641966,60,148.333716
41.122258,60,148.424855
18.150319,60,148.514428
17.214159,60,148.61276
27.881831,60,148.705719
33.674881,60,148.792173
32.251012,60,148.872082
32.959075,60,148.957401
33.408922,60,149.041313
26.610042,60,149.123838
27.501601,60,149.226554
46.455814,60,149.30987
33.717923,60,149.394708
18.132985,60,149.490502
39.88827,60,149.570554
30.722917,60,149.656446
34.310959,60,149.741905
22.530084,60,149.828306
35.896492,60,149.92661
51.875062,60,150.027295
38.655189,60,150.123549
41.278204,60,150.205624
22.267079,60,150.283421
20.16125,60,150.370943
43.296767,60,150.456933
47.408651,60,150.549407
40.627495,60,150.635932
40.547027,60,150.72859
33.6248,60,150.815109
20.537607,60,150.901676
28.462481,60,150.994718
34.723643,60,151.079046
45.157262,60,151.178763
43.700761,60,151.271856
32.276891,60,151.362329
26.199754,60,151.454928
37.741232,60,151.541574
31.185405,60,151.634194
31.086071,60,151.726213
31.644522,60,151.8244
8.362414,32,151.874577
27.353891,60,151.968703
32.06763,60,152.054111
29.17856,60,152.135561
25.523237,60,152.218499
40.1394,60,152.310486
40.983466,60,152.401892
26.36382,60,152.486055
37.590585,60,152.587637
37.512545,60,152.68202
39.940861,60,152.777022
28.302344,60,152.867478
39.827041,60,152.963703
26.411878,58,153.056811
33.150866,60,153.153808
32.513639,60,153.241264
42.739028,60,153.354536
40.657592,60,153.450698
29.725948,60,153.544837
27.01637,60,153.659504
41.879254,60,153.74752
39.804592,60,153.84706
38.510902,60,153.939113
40.473262,60,154.02913
19.42747,60,154.130422
23.334329,60,154.232783
32.825048,60,154.33192
38.833107,60,154.425471
30.101739,60,154.522589
42.24739,60,154.616678
18.965415,60,154.710765
26.355701,60,154.799235
38.127499,60,154.882233
24.186909,60,154.976959
19.151227,60,155.074721
33.780345,60,155.188981
32.094676,60,155.301002
45.327515,60,155.396545
8.743214,34,155.450419
41.299453,60,155.540364
33.006768,60,155.625339
28.020013,60,155.715532
37.074767,60,155.81217
51.823227,60,155.903902
15.616191,60,155.999151
41.174285,60,156.105864
35.531065,60,156.190959
40.956848,60,156.297139
50.506822,60,156.38676
31.022467,60,156.484826
38.891022,60,156.587484
21.549835,60,156.691989
23.358634,60,156.803474
50.721606,60,156.908404
8.587444,32,156.957132
47.706543,60,157.054278
39.253029,60,157.151255
28.4725,60,157.23631
39.344668,60,157.334573
45.272732,60,157.431487
31.636536,60,157.519004
30.430402,60,157.605925
27.340184,60,157.698444
13.957735,60,157.786412
41.197677,60,157.879324
38.018878,60,157.960208
17.452719,60,158.047498
52.559146,60,158.134246
17.139121,60,158.219664
52.199029,60,158.305031
40.012337,60,158.395057
29.672173,60,158.483235
27.428018,60,158.570268
39.355272,60,158.662425
30.371076,60,158.751064
20.203072,60,158.849521
29.252236,60,158.943615
42.926058,60,159.034671
26.780157,60,159.123773
39.260578,60,159.212775
21.488049,60,159.304982
26.942863,60,159.391483
21.254278,60,159.490514
44.677881,60,159.574439
43.69888,60,159.675601
37.765276,60,159.769711
41.101847,60,159.859479
41.776356,60,159.947504
32.57358,60,160.045553
32.71124,60,160.124584
10.186622,29,160.176408
33.848484,60,160.26778
34.166262,60,160.354765
35.002184,60,160.45197
34.090261,60,160.54003
28.615349,60,160.633538
27.049956,60,160.727255
17.671981,60,160.822451
33.295601,60,160.908435
31.417942,60,161.005363
38.19465,60,161.102088
29.126852,60,161.201304
34.273601,60,161.312909
44.887457,60,161.416903
35.136529,60,161.520785
31.246152,60,161.605309
40.326228,60,161.701281
43.635129,60,161.800397
12.069813,43,161.864795
32.877741,60,161.955702
43.291724,60,162.047692
53.930306,60,162.145474
40.143297,60,162.265603
54.114573,60,162.37533
28.800284,60,162.486966
37.637109,60,162.576494
15.646809,57,162.684187
34.953033,60,162.774666
34.931769,60,162.857442
36.356725,60,162.943094
8.391902,45,163.005271
38.67065,60,163.10376
30.973631,60,163.187319
25.354525,60,163.286715
38.771846,60,163.379154
28.622985,60,163.461904
28.841045,60,163.543908
34.446306,60,163.62591
40.55744,60,163.713851
25.148584,60,163.80442
37.195258,60,163.907828
32.149467,60,164.009354
40.602599,60,164.102912
45.485473,60,164.20206
30.837963,60,164.291214
46.348312,60,164.394417
21.063361,60,164.47378
20.689892,60,164.558707
26.388792,60,164.661735
25.305162,60,164.743055
43.461445,60,164.837983
34.13826,60,164.929541
31.63034,60,165.021971
24.413153,60,165.113001
23.437833,60,165.204877
44.520073,60,165.302394
44.158651,60,165.388795
42.356384,60,165.480284
29.277666,60,165.557288
45.092011,60,165.642854
14.01149,59,165.747968
35.044917,60,165.837008
17.640311,60,165.914476
42.959177,60,166.012454
51.328028,60,166.100666
40.025016,60,166.186441
56.67108,60,166.275274
54.592465,60,166.370529
46.804822,60,166.466207
40.336834,60,166.5597
30.028214,60,166.636003
35.511068,60,166.720558
34.285539,60,166.812031
28.351035,60,166.897277
31.765097,60,166.981834
46.15661,60,167.07334
56.833773,60,167.163856
31.653128,60,167.265467
46.265658,60,167.345505
41.606267,60,167.426988
20.854943,52,167.502796
40.306983,60,167.592391
41.310856,60,167.681466
48.706625,60,167.761887
31.194217,60,167.847064
19.665759,60,167.93666
51.449591,60,168.025663
32.184023,60,168.122725
38.747915,60,168.214373
42.202833,60,168.311813
21.845561,60,168.404326
30.554563,60,168.491284
40.184189,60,168.575211
14.855416,60,168.667345
46.878594,60,168.766905
40.831476,60,168.854695
32.866239,60,168.947215
39.397077,60,169.039769
20.757374,60,169.140297
36.389564,60,169.230847
29.052922,60,169.320374
39.911983,60,169.426547
29.216917,60,169.514184
32.014274,60,169.607312
33.449803,60,169.707905
43.565876,60,169.808544
27.303665,60,169.907068
47.390493,60,170.006084
39.381625,60,170.106637
35.159209,60,170.216289
27.499337,60,170.321495
34.833534,60,170.411343
51.820048,60,170.514817
38.739889,60,170.61914
42.994652,60,170.716969
32.39076,60,170.818231
38.758153,60,170.897165
23.12861,60,170.990764
42.197521,60,171.084467
12.295612,48,171.16308
17.679623,60,171.260676
39.310514,60,171.343589
37.00252,60,171.427099
12.197578,59,171.508119
35.578241,60,171.593688
20.31352,60,171.683767
33.381631,60,171.785437
33.607697,60,171.880473
40.155937,60,171.979889
29.974517,60,172.069867
27.164664,60,172.171317
41.005793,60,172.269481
40.248214,60,172.3752
42.225162,60,172.477827
37.668624,60,172.569046
36.416982,60,172.68583
46.191167,60,172.780852
43.798239,60,172.87292
25.443654,60,172.986672
28.279169,60,173.08267
34.43684,60,173.182221
44.239436,60,173.280703
28.956489,60,173.37
52.131398,60,173.464044
43.645209,60,173.554616
43.303241,60,173.648218
49.859902,60,173.74531
33.561831,60,173.834976
36.785667,60,173.929618
20.819252,56,174.017072
50.989724,60,174.112283
25.710921,60,174.205203
32.156943,60,174.293146
46.585587,60,174.379244
46.964123,60,174.475821
47.382983,60,174.563072
45.47158,60,174.657168
15.510593,60,174.755829
38.446001,60,174.857869
26.687667,60,174.947904
20.934102,60,175.044336
24.110642,60,175.147915
31.86445,60,175.250171
30.954521,60,175.369451
37.886883,60,175.469988
27.194097,60,175.565588
51.597349,60,175.665692
24.662643,60,175.760711
10.938614,47,175.830597
44.032453,60,175.92956
36.651885,60,176.037177
35.334512,60,176.133453
19.823147,60,176.231724
43.890852,60,176.33636
36.5728,60,176.439912
32.34806,60,176.53831
20.505198,60,176.638021
16.882253,60,176.74406
38.655796,60,176.839908
53.070843,60,176.936887
32.560835,60,177.029389
40.562079,60,177.118845
37.212386,60,177.213825
31.574142,60,177.313553
31.677288,60,177.404189
20.160566,60,177.494589
21.674955,60,177.599743
33.14132,60,177.694308
30.525508,60,177.78626
40.939813,60,177.863171
35.205673,60,177.925176
42.236351,60,177.997171
43.576938,60,178.066594
44.498992,60,178.138031
48.915657,60,178.205113
54.648538,60,178.2749
32.245999,60,178.35183
22.240832,60,178.425811
27.591343,60,178.525816
42.776855,60,178.61704
24.43136,60,178.720831
32.182059,60,178.817862
20.169191,60,178.916152
23.448525,60,179.005166
31.597775,60,179.08442
49.15112,60,179.163737
37.619804,60,179.242724
39.480491,60,179.332229
56.001883,60,179.414988
40.23841,60,179.504852
53.893994,60,179.589371
50.855412,60,179.673951
11.751712,37,179.722743
40.791704,60,179.808119
41.850046,60,179.89688
55.078829,60,179.97566
41.230104,60,180.074507
42.779997,60,180.156531
41.650604,60,180.243123
39.689776,60,180.333311
37.614809,60,180.416276
46.867195,60,180.509273
44.058567,60,180.5994
39.538558,60,180.6877
44.737727,60,180.775769
40.233798,60,180.857673
28.685519,60,180.950678
36.527531,60,181.035824
14.041804,60,181.127985
37.121521,60,181.211446
27.775362,60,181.301921
40.738716,60,181.382879
46.37731,60,181.464319
31.975375,60,181.56753
43.382848,60,181.651578
37.840496,60,181.732535
30.118927,60,181.820134
45.006167,60,181.910726
21.563886,55,181.989311
49.187637,60,182.083715
50.349567,60,182.16861
51.210161,60,182.255596
36.253217,60,182.345265
43.668439,60,182.43788
41.825832,60,182.526992
49.365982,60,182.626689
28.64623,60,182.709192
41.623092,60,182.775628
45.890683,60,182.835482
37.066741,60,182.905119
47.765697,60,182.992064
53.848408,60,183.077021
45.426243,60,183.162152
51.534028,60,183.248742
45.41303,60,183.333745
37.931973,60,183.436887
50.050147,60,183.520856
34.858217,60,183.58861
38.931232,60,183.654543
13.228291,44,183.705325
42.548666,60,183.78936
49.002786,60,183.866313
45.615313,60,183.944953
50.374143,60,184.022503
36.31785,60,184.098994
53.430763,60,184.166821
42.654591,60,184.241348
36.079037,60,184.325991
19.041671,39,184.377941
42.704104,60,184.454527
44.029805,60,184.539156
14.316944,60,184.619188
52.544021,60,184.695451
42.286164,60,184.771415
45.793222,60,184.853456
40.037061,60,184.933932
53.627783,60,185.007885
20.242261,60,185.092938
35.258777,60,185.169591
24.569281,60,185.266622
39.656125,60,185.339195
29.409683,60,185.42568
40.238185,60,185.542658
42.356169,60,185.630963
38.778852,60,185.750281
21.62818,60,185.936742
50.192024,60,186.020794
42.823485,60,186.093677
40.56504,60,186.18106
52.391429,60,186.260507
53.130138,60,186.332976
44.82628,60,186.428094
37.223755,60,186.504514
47.112221,60,186.589391
23.596568,60,186.668759
47.89389,60,186.744599
29.013634,60,186.814064
54.249609,60,186.883083
52.055202,60,186.981377
41.625501,60,187.076007
40.699192,60,187.17423
35.299331,60,187.276701
47.180548,60,187.370372
24.431489,60,187.458931
35.686834,60,187.553578
47.039808,60,187.638049
21.126993,60,187.732196
50.298584,60,187.820915
55.247221,60,187.90638
41.800498,60,187.996876
40.25863,60,188.083786
49.123047,60,188.194411
48.017825,60,188.290875
44.125313,60,188.383238
45.670337,60,188.485231
46.533733,60,188.573255
27.412558,60,188.649717
56.413388,60,188.746332
36.42543,60,188.86259
31.795779,60,188.971355
43.404872,60,189.077456
53.504198,60,189.172078
54.77125,60,189.263437
29.685811,60,189.356462
37.287394,60,189.441433
29.759477,60,189.552687
35.289522,60,189.651852
26.226686,60,189.744866
33.337929,60,189.855459
11.163089,34,189.90438
8.79041,51,189.983909
56.770107,60,190.083083
42.756204,60,190.184213
29.808975,60,190.276839
35.873283,60,190.374931
43.491559,60,190.480538
41.302945,60,190.584236
46.494005,60,190.69681
35.250644,60,190.794977
51.391004,60,190.893106
24.308186,60,191.004401
39.387259,60,191.092919
30.080412,60,191.19202
33.14741,60,191.288603
50.333595,60,191.378731
25.612718,60,191.48089
54.327542,60,191.569606
44.077759,60,191.661024
31.838428,60,191.764622
42.309519,60,191.867794
32.804118,60,191.985959
51.875892,60,192.08487
35.785647,60,192.187737
56.294893,60,192.292345
45.426012,60,192.404601
47.621004,60,192.497438
42.882214,60,192.590366
31.868609,60,192.676489
34.454132,60,192.764455
43.001167,60,192.848003
37.576216,60,192.933137
34.204238,60,193.027689
46.960765,60,193.123255
31.262731,60,193.203035
34.318219,60,193.310509
47.127269,60,193.399405
24.277053,60,193.481805
35.388108,60,193.56776
17.045295,60,193.654182
23.499152,60,193.744827
39.675089,60,193.842451
34.013994,60,193.934983
46.561425,60,194.035197
27.90154,60,194.130839
39.96075,60,194.219741
37.550748,60,194.310855
28.454464,60,194.406463
55.281316,60,194.495888
43.601573,60,194.605988
33.953516,60,194.694066
41.767686,60,194.78663
54.564696,60,194.884183
43.513031,60,194.987842
55.856056,60,195.082333
50.772536,60,195.184543
56.10761,60,195.281675
31.650494,60,195.37973
33.132608,60,195.463124
28.166892,60,195.544445
24.822774,60,195.628808
36.737847,60,195.720298
18.255521,60,195.806776
48.664955,60,195.894359
42.395067,60,195.983001
40.032627,60,196.074807
54.274625,60,196.152255
51.279719,60,196.241787
45.645531,60,196.328335
43.15729,60,196.423867
21.623022,60,196.522578
41.96237,60,196.624107
55.021567,60,196.73271
48.935872,60,196.828304
20.000131,60,196.990733
52.657127,60,197.143206
25.009917,60,197.230221
35.033028,60,197.318815
51.991428,60,197.404808
43.462997,60,197.497808
34.116635,60,197.599115
42.674882,60,197.68102
49.390371,60,197.767507
36.937346,60,197.853055
29.636159,60,197.939173
56.824061,60,198.0246
43.585431,60,198.115469
33.601781,60,198.190393
46.93379,60,198.265253
38.603196,60,198.34055
45.780777,60,198.422073
44.870499,60,198.504543
48.47477,60,198.578529
49.750023,60,198.660525
27.13287,60,198.742491
40.876533,60,198.822879
52.300259,60,198.905912
58.138113,60,198.986385
22.088291,60,199.068024
18.976748,60,199.153437
20.867874,60,199.233764
24.625245,60,199.313664
51.002651,60,199.407632
55.792024,60,199.493736
28.137563,60,199.583469
43.320838,60,199.681234
40.271775,60,199.757771
30.702261,60,199.843399
47.731951,60,199.928371
36.029256,60,200.013832
26.865852,60,200.097469
54.993405,60,200.179993
19.452679,54,200.256502
43.271182,60,200.33643
51.561555,60,200.430613
9.018423,31,200.475777
42.185792,60,200.562235
56.306471,60,200.662732
55.245948,60,200.758862
32.620704,60,200.863656
33.087861,60,200.953356
39.980429,60,201.039346
30.756824,60,201.123827
31.815077,60,201.218784
26.440854,60,201.307417
39.939066,60,201.402981
42.743401,60,201.501548
37.690289,60,201.59773
55.282736,60,201.692933
45.615169,60,201.792514
27.049515,60,201.872461
55.16686,60,201.965106
49.196415,60,202.056614
49.037724,60,202.142813
33.973777,60,202.245829
21.169243,60,202.348851
51.511615,60,202.43726
42.318987,60,202.53539
44.407507,60,202.614397
49.327421,60,202.704893
42.802553,60,202.78855
35.253732,60,202.86955
55.98926,60,202.964639
53.47863,60,203.069777
42.036043,60,203.156288
41.068589,60,203.238831
37.514303,60,203.322761
53.357124,60,203.405923
47.601132,60,203.49607
35.315785,60,203.573087
24.244024,60,203.651633
24.981592,60,203.733241
33.183404,60,203.824748
50.723524,60,203.913216
53.035285,60,203.99025
44.888954,60,204.08259
45.576128,60,204.168901
20.707557,60,204.257859
23.690413,60,204.355356
32.405192,60,204.458447
32.573612,60,204.541215
33.510663,60,204.636108
48.89836,60,204.718088
36.635956,60,204.803659
28.115279,60,204.89412
48.13898,60,204.982712
25.572658,60,205.092971
28.141849,60,205.191248
50.548149,60,205.294182
29.955188,60,205.391888
27.255289,60,205.48146
32.495727,60,205.579159
33.193823,60,205.686324
23.840585,60,205.792536
38.375753,60,205.908157
41.476749,60,206.004861
35.044517,60,206.088753
21.770895,60,206.173738
31.043122,60,206.248675
41.125916,60,206.33068
43.372413,60,206.424285
23.584042,60,206.508857
35.081066,60,206.592895
53.314773,60,206.679007
41.9675,60,206.756038
46.878271,60,206.83348
33.692479,60,206.908758
28.325505,60,206.991733
40.598303,60,207.070976
41.5174,60,207.156312
26.468766,59,207.238398
35.638485,60,207.321422
33.753422,60,207.409497
52.463395,60,207.489524
40.691619,60,207.570982
38.986227,60,207.658177
33.726639,60,207.741689
43.156203,60,207.829514
40.511434,60,207.922106
42.572753,60,208.007963
28.221752,60,208.101757
21.516061,54,208.182071
13.151452,57,208.2765
32.262757,60,208.36858
11.718398,60,208.460517
47.894722,60,208.547383
45.289613,60,208.629423
47.586971,60,208.709502
38.347447,60,208.791992
23.460574,60,208.881597
44.953903,60,209.046274
45.947447,60,209.144672
56.194635,60,209.236105
50.638694,60,209.327608
34.476696,60,209.409981
34.201604,60,209.501472
30.904314,60,209.589113
41.159811,60,209.680224
37.93838,60,209.768723
37.305847,60,209.861382
41.791116,60,209.949984
37.899365,60,210.040723
38.918867,60,210.12623
46.777332,60,210.208322
30.584542,60,210.303995
49.058593,60,210.394009
36.264802,60,210.488993
53.139052,60,210.586091
44.6126,60,210.685394
42.12989,60,210.77993
39.220444,60,210.873335
42.552695,60,210.955036
44.684292,60,211.038587
43.559963,60,211.125415
49.98497,60,211.215235
50.495021,60,211.298758
39.808872,60,211.387316
44.066715,60,211.466197
43.308232,60,211.544611
46.750767,60,211.625966
36.764425,60,211.715934
34.135086,58,211.813845
51.680961,60,211.904279
46.574968,60,211.985772
26.2151,60,212.069348
30.239136,60,212.151348
50.737752,60,212.236328
56.481814,60,212.31732
31.303626,60,212.413399
57.337529,60,212.502427
55.221125,60,212.592593
38.633484,60,212.683096
55.161729,60,212.766228
54.588423,60,212.863854
36.513237,60,212.955878
46.965651,60,213.037937
54.993086,60,213.137096
30.931497,60,213.228637
41.784784,60,213.323667
56.777578,60,213.410152
20.388079,60,213.503218
44.613048,60,213.588785
38.58474,60,213.676275
39.005361,60,213.762128
46.293676,60,213.851138
53.799248,60,213.93843
48.044856,60,214.020398
53.497885,60,214.099907
38.99151,60,214.192391
55.846356,60,214.279447
17.258644,60,214.372956
38.131221,60,214.464975
35.410702,60,214.554438
40.409163,60,214.639474
16.017638,44,214.698309
35.989578,60,214.785935
53.623927,60,214.875979
43.113971,60,214.964561
24.97054,60,215.056398
29.598789,60,215.146027
50.062845,60,215.233541
49.327719,60,215.324478
55.733565,60,215.408896
29.387905,60,215.49652
46.165419,60,215.582488
42.680933,60,215.665158
40.202233,60,215.759829
51.428135,60,215.845482
50.409101,60,215.93186
50.263178,60,216.020959
37.02885,60,216.110615
51.599155,60,216.190955
48.408594,60,216.288441
31.743217,60,216.375463
44.048013,60,216.45806
31.004897,60,216.54396
53.08897,60,216.624902
52.061843,60,216.711541
30.001759,60,216.793046
42.448822,60,216.86544
46.049776,60,216.955063
32.575825,60,217.054527
43.69254,60,217.143983
44.501582,60,217.236821
48.018108,60,217.325732
51.538514,60,217.417431
46.099239,60,217.506996
53.32188,60,217.597071
49.560759,60,217.683153
51.627004,60,217.775768
29.272635,60,217.86879
22.646767,60,217.958964
39.633647,60,218.044257
43.555541,60,218.119262
51.776854,60,218.205798
53.152776,60,218.290725
30.870972,60,218.373611
42.425573,60,218.458463
56.707839,60,218.544504
39.302815,60,218.628116
29.869611,60,218.707027
52.549311,60,218.791633
42.102119,60,218.882212
45.784702,60,218.958762
30.336345,60,219.044189
34.634923,60,219.126101
51.422112,60,219.210715
34.126088,60,219.28629
46.708493,60,219.379417
47.658564,60,219.4649
31.945373,60,219.554025
54.380642,60,219.644626
45.353166,60,219.735953
33.087688,60,219.84098
55.32785,60,219.94056
48.975163,60,220.037215
52.650642,60,220.125686
27.163703,50,220.222721
34.89618,60,220.315295
20.647461,60,220.413446
43.917376,60,220.518553
43.098538,60,220.604998
49.333209,60,220.695746
36.127092,60,220.780276
27.38298,60,220.860226
47.99121,60,220.961881
47.663362,60,221.045441
54.745667,60,221.133491
43.810885,60,221.216005
31.17793,60,221.307044
56.977489,60,221.388429
54.120815,60,221.476852
44.932563,60,221.554796
34.434952,60,221.63012
41.294898,60,221.712993
31.109095,60,221.783916
45.332553,60,221.861931
53.969346,60,221.93495
39.537649,60,222.02196
56.692421,60,222.101274
49.944354,60,222.173776
34.858345,60,222.261334
22.411328,60,222.339714
42.642431,60,222.423673
55.488343,60,222.507389
38.031639,60,222.594415
21.947631,60,222.678287
56.823994,60,222.762773
55.18607,60,222.841296
24.75463,60,222.919293
24.460951,60,223.009654
48.273725,60,223.093655
38.810824,60,223.174688
53.43908,60,223.260291
44.947421,60,223.34095
45.402668,60,223.430545
30.842388,60,223.510457
41.853946,60,223.595246
53.001985,60,223.68131
31.411685,60,223.767816
24.18583,60,223.846143
42.489701,60,223.937576
41.20293,60,224.035143
46.917295,60,224.131853
46.207443,60,224.20425
47.798546,60,224.267712
22.312605,55,224.321561
32.949358,60,224.390063
46.555607,60,224.459274
43.823585,60,224.537292
54.483206,60,224.605701
52.087199,60,224.678537
47.090311,60,224.753034
17.118191,60,224.82357
50.41199,60,224.899065
52.542799,60,224.975993
12.589196,47,225.029851
33.031492,60,225.108928
16.557144,41,225.165803
50.343881,60,225.237304
47.281833,60,225.321337
45.381775,60,225.414096
50.774193,60,225.488141
49.91673,60,225.567092
51.977412,60,225.655723
54.767131,60,225.746706
49.548697,60,225.843245
8.092181,46,225.909737
42.216971,60,225.997304
42.71285,60,226.078319
30.844701,60,226.169187
51.449465,60,226.256294
40.883816,60,226.34463
51.456455,60,226.420593
49.513251,60,226.504644
54.255864,60,226.579664
39.284379,60,226.657091
40.929923,60,226.734566
43.17603,60,226.807556
52.349261,60,226.882535
52.50536,60,226.960063
44.918703,60,227.045144
54.510922,60,227.125782
48.036774,60,227.210288
47.004889,60,227.288994
48.48542,60,227.365889
50.654455,60,227.449701
46.037128,60,227.538559
51.355836,60,227.614023
17.371849,46,227.687996
34.02393,60,227.777005
55.037501,60,227.858477
43.878271,60,227.935898
44.807672,60,228.022982
42.146883,60,228.106301
39.132737,60,228.19488
37.811349,60,228.279967
31.559507,60,228.36189
55.581691,60,228.446304
46.30184,60,228.519698
36.405998,60,228.58761
55.378176,60,228.671606
18.001539,60,228.753292
44.8747,60,228.834101
51.08067,60,228.909056
51.491207,60,228.991577
40.349647,60,229.061905
39.240387,60,229.13839
53.026219,60,229.215973
44.306023,60,229.309101
41.771241,60,229.396637
32.723184,60,229.485648
49.627327,60,229.587868
37.499045,60,229.676068
46.685721,60,229.768521
39.769045,60,229.865154
18.587933,41,229.920905
44.897752,60,230.014011
43.05925,60,230.105103
31.650127,60,230.195152
43.287099,60,230.28579
49.56838,60,230.389475
38.460317,60,230.491547
56.119935,60,230.586012
23.506454,60,230.686084
48.781207,60,230.78592
48.493565,60,230.890278
46.634622,60,230.979171
41.866825,60,231.077116
47.818521,60,231.181727
25.501414,60,231.275744
45.767824,60,231.374462
47.706693,60,231.481843
49.102757,60,231.574443
45.70055,60,231.665415
29.711249,60,231.764116
50.55061,60,231.853495
40.341119,60,231.950753
38.426382,60,232.037184
35.991465,60,232.122137
46.369541,60,232.213128
34.115186,60,232.302563
39.86372,60,232.389234
31.174829,60,232.476796
56.606322,60,232.566841
41.850991,60,232.653379
39.868267,60,232.752859
34.782088,60,232.852007
46.389117,60,232.936006
51.136285,60,233.035089
25.679306,60,233.13244
56.155725,60,233.230582
38.506249,60,233.334176
46.582845,60,233.422803
53.962754,60,233.53454
12.568729,39,233.587352
53.566318,60,233.675892
33.975685,60,233.773885
53.797805,60,233.863236
27.995273,50,233.940357
49.950785,60,234.031092
49.929744,60,234.131418
48.15516,60,234.220994
28.727041,60,234.323756
36.800483,60,234.415453
36.842218,60,234.505455
47.617871,60,234.59215
55.235695,60,234.671487
40.475409,60,234.758022
56.929087,60,234.851295
49.491166,60,234.944265
50.769447,60,235.035728
55.500759,60,235.130714
56.406746,60,235.213675
21.913616,60,235.30169
47.018442,60,235.379209
53.913354,60,235.472254
42.034208,60,235.557907
43.23916,60,235.652064
15.250605,40,235.711456
56.221929,60,235.799041
45.573478,60,235.895897
18.642069,45,235.96435
51.924158,60,236.058995
39.281951,60,236.154159
55.867421,60,236.241642
54.312268,60,236.341091
43.245135,60,236.428114
51.699485,60,236.521203
42.940348,60,236.608681
45.342193,60,236.70775
29.902095,60,236.78956
34.559752,60,236.880961
46.442419,60,236.977513
49.814529,60,237.063877
45.230072,60,237.155542
54.663037,60,237.243628
23.797151,51,237.308637
45.139232,60,237.400455
49.393007,60,237.490537
39.949752,60,237.580539
54.703585,60,237.675081
52.712342,60,237.764631
45.162958,60,237.850434
53.290187,60,237.930932
48.285743,60,238.022992
56.151164,60,238.112608
44.794477,60,238.204776
37.66068,60,238.293779
53.04106,60,238.385234
44.262466,60,238.474571
42.555698,60,238.56455
39.648258,60,238.647052
50.950844,60,238.739308
47.342399,60,238.830889
21.416303,60,238.925454
29.308806,60,239.009451
52.231238,60,239.103148
43.88186,60,239.188786
49.474446,60,239.290327
53.739325,60,239.380552
36.987626,60,239.475572
32.472489,60,239.574125
34.685883,60,239.660769
42.905032,60,239.75827
52.557064,60,239.846871
54.813302,60,239.934052
34.277937,60,240.040016
46.840136,60,240.12494
54.437074,60,240.233316
48.995486,60,240.335475
52.653122,60,240.425044
28.386773,60,240.516774
50.413865,60,240.612851
33.815677,60,240.704887
47.131728,60,240.800569
33.419443,60,240.880158
40.682613,60,240.961257
42.344816,60,241.055745
55.526681,60,241.148084
56.95248,60,241.242703
38.487012,60,241.345287
38.284369,60,241.437276
41.105147,60,241.554104
44.247412,60,241.652723
53.364347,60,241.75236
28.386096,60,241.846426
48.871396,60,241.945041
54.834222,60,242.044277
53.816581,60,242.147274
45.294726,60,242.245459
40.595302,60,242.333468
55.77513,60,242.418462
55.464182,60,242.509143
46.62568,60,242.602331
27.437317,60,242.693927
39.565758,60,242.787798
45.999918,60,242.889779
48.309339,60,242.984755
49.198084,60,243.084814
31.688636,60,243.171761
46.468232,60,243.261253
48.040685,60,243.353383
40.523137,60,243.453998
46.503108,60,243.548509
45.705046,60,243.649604
7.889195,58,243.733218
57.231008,60,243.832353
55.212137,60,243.921194
42.61599,60,244.00864
46.238146,60,244.104132
54.90712,60,244.200629
29.982826,60,244.295232
44.065758,60,244.397816
55.283812,60,244.492819
51.564121,60,244.582936
44.506767,60,244.669702
56.233659,60,244.765658
41.030072,60,244.855634
45.985117,60,244.94688
30.457252,60,245.031083
38.253318,60,245.113018
36.722899,60,245.210511
17.096082,60,245.311355
40.068047,60,245.3976
37.945204,60,245.495374
42.927626,60,245.589002
49.273579,60,245.673401
55.735824,60,245.759852
51.482709,60,245.853898
38.659525,60,245.938434
53.408854,60,246.031442
57.129687,60,246.115569
53.589562,60,246.202651
51.114589,60,246.302749
41.925087,60,246.390084
44.454248,60,246.493403
44.15407,60,246.598829
50.081401,60,246.690327
38.105816,60,246.799291
51.608375,60,246.878725
50.341931,60,246.973298
42.48616,60,247.061323
36.649883,60,247.164737
41.15045,60,247.257244
55.50323,60,247.355331
52.802186,60,247.455355
51.51094,60,247.541168
52.05253,60,247.613461
45.55639,60,247.701392
41.501749,60,247.785696
54.455697,60,247.893424
50.357165,60,247.989997
34.265667,60,248.087673
53.134374,60,248.180591
45.352821,60,248.270155
24.250819,60,248.356455
36.778121,60,248.45672
54.079133,60,248.550326
45.257949,60,248.648016
55.036126,60,248.758164
54.849334,60,248.843167
49.046814,60,248.948435
52.653608,60,249.041748
51.735218,60,249.127319
50.303482,60,249.217426
54.570611,60,249.302502
38.070673,60,249.38961
51.996192,60,249.477717
37.74946,60,249.5557
51.528794,60,249.637771
56.992516,60,249.732724
47.771436,60,249.823661
23.275831,60,249.917269
30.258081,60,250.015029
55.339608,60,250.103116
47.869708,60,250.195546
45.37724,60,250.290713
55.532942,60,250.371205
32.627033,60,250.456588
54.939051,60,250.554998
52.855785,60,250.640403
22.66209,50,250.718974
55.305999,60,250.807381
55.573715,60,250.890413
55.075375,60,250.977225
53.598133,60,251.082084
53.45787,60,251.166599
37.484776,60,251.250143
34.746648,60,251.338711
46.833232,60,251.417766
53.36181,60,251.508771
56.094588,60,251.599381
53.340051,60,251.691753
56.756283,60,251.79385
51.660547,60,251.885302
48.701979,60,251.987662
50.967394,60,252.074936
30.812274,60,252.17086
52.126218,60,252.329325
40.909102,60,252.418333
33.850971,60,252.51146
53.217063,60,252.604936
51.280271,60,252.699319
44.986238,60,252.782232
48.757895,60,252.875323
40.615976,60,252.95949
54.601537,60,253.045465
51.640908,60,253.133038
54.403716,60,253.206439
51.767058,60,253.286358
48.661127,60,253.376437
54.309843,60,253.470084
54.972151,60,253.567211
57.21226,60,253.664089
56.839787,60,253.75707
57.185446,60,253.855112
48.790748,60,253.935068
48.243606,60,254.030631
40.740859,60,254.134085
52.80674,60,254.239063
42.448596,60,254.338599
55.231195,60,254.446605
54.084272,60,254.547093
57.181777,60,254.652804
55.26833,60,254.748026
45.400838,60,254.851161
42.337394,60,254.951432
39.26157,60,255.057271
51.208021,60,255.156365
51.811213,60,255.274002
43.858519,60,255.379567
45.374508,60,255.474108
26.023143,60,255.560502
53.407299,60,255.65018
35.504741,60,255.744031
53.862634,60,255.830813
56.218103,60,255.9178
49.82385,60,255.990268
52.611699,60,256.05306
27.548479,60,256.126915
36.944395,60,256.192212
56.764957,60,256.260662
55.279041,60,256.332107
34.791638,60,256.42118
38.553282,60,256.51221
47.023015,60,256.615494
54.543342,60,256.717098
42.951453,60,256.820648
57.182213,60,256.902652
45.420126,60,256.995213
26.207351,60,257.086257
53.186547,60,257.172222
37.627428,60,257.267052
49.803566,60,257.358088
40.438679,60,257.443624
30.452088,60,257.537762
35.657974,60,257.630377
51.942502,60,257.713204
41.362316,60,257.776109
41.82452,60,257.842511
53.246121,60,257.919019
51.031852,60,257.998008
39.207748,60,258.066325
46.386746,60,258.140192
52.959004,60,258.211272
52.221976,60,258.281813
54.41822,60,258.36075
34.145007,60,258.435318
44.680038,60,258.513332
47.490108,60,258.590926
39.432439,60,258.665349
46.745916,60,258.740791
55.344647,60,258.811617
53.187322,60,258.888014
54.803017,60,258.968942
27.578875,60,259.048498
42.631888,60,259.131006
47.004866,60,259.211451
21.867575,59,259.292058
55.175347,60,259.372028
51.214942,60,259.444073
56.724808,60,259.526413
52.692828,60,259.608822
51.016116,60,259.69339
56.592722,60,259.775422
43.691233,60,259.855478
36.061519,60,259.944983
55.400049,60,260.025363
54.506535,60,260.09478
53.404915,60,260.177235
55.537141,60,260.270307
54.030887,60,260.354906
47.298498,60,260.432686
53.66719,60,260.500446
18.245182,51,260.564633
47.77896,60,260.648532
44.756664,60,260.728054
51.321924,60,260.814072
14.443365,60,260.896116
50.729197,60,260.984128
57.338201,60,261.070183
53.180011,60,261.145192
33.574089,60,261.212788
45.761277,60,261.278169
54.286967,60,261.342051
37.960831,60,261.410019
56.275669,60,261.484073
43.939757,60,261.56206
55.701019,60,261.658708
46.196037,60,261.759297
42.635742,60,261.835079
54.562217,60,261.92214
30.712607,60,262.005188
4.543363,48,262.076109
26.237189,60,262.185378
54.553442,60,262.273424
55.289553,60,262.370555
54.999785,60,262.472744
44.5174,60,262.589499
47.869236,60,262.681653
36.370762,60,262.782783
16.958798,59,262.882437
41.021965,60,262.973961
56.242748,60,263.059068
21.266711,60,263.145134
52.797173,60,263.228397
54.863389,60,263.322398
55.86813,60,263.406959
50.921147,60,263.504125
50.508766,60,263.591629
42.847329,60,263.679094
48.417946,60,263.756623
50.458003,60,263.849214
41.083989,60,263.93819
43.61075,60,264.022275
33.857497,60,264.131941
47.987007,60,264.228456
56.317518,60,264.328599
38.957262,60,264.42602
30.711287,60,264.511091
49.798155,60,264.613335
53.155662,60,264.710023
32.027775,60,264.812277
43.634094,60,264.904902
46.537695,60,264.987614
31.401297,60,265.079895
35.718976,60,265.171875
30.544297,60,265.257829
51.077906,60,265.354783
55.040948,60,265.460366
44.383211,60,265.550923
11.401774,38,265.607804
35.537442,60,265.695885
31.988476,60,265.774517
48.639112,60,265.856472
39.749838,60,265.954051
53.562632,60,266.041574
23.98161,60,266.131571
51.074546,60,266.233639
53.52202,60,266.324591
57.410301,60,266.42135
34.568386,60,266.513867
54.263204,60,266.604897
52.230934,60,266.70207
54.196428,60,266.802216
32.270608,60,266.883685
46.873701,60,266.98676
16.186911,41,267.053482
54.484589,60,267.134867
46.373364,60,267.23597
54.009869,60,267.320389
47.30396,60,267.415847
55.363141,60,267.50842
44.46813,60,267.594844
42.024152,60,267.683964
54.857063,60,267.774121
26.302104,60,267.859686
53.165876,60,267.937183
41.698447,60,268.030369
37.104292,60,268.12035
16.73718,47,268.189108
51.256473,60,268.268515
53.379228,60,268.350234
50.115116,60,268.429785
55.904493,60,268.509429
55.507946,60,268.595969
57.447222,60,268.683541
54.098544,60,268.782338
50.054329,60,268.865885
52.515832,60,268.947918
54.171746,60,269.028718
50.096043,60,269.119755
53.334437,60,269.20822
55.145421,60,269.300069
46.625889,60,269.388528
46.709778,60,269.47976
20.138756,47,269.5588
50.709976,60,269.656431
51.460062,60,269.744432
46.676498,60,269.842885
55.110531,60,269.930363
53.77614,60,270.030454
54.151017,60,270.121555
43.252679,60,270.21257
53.97275,60,270.307184
33.956029,56,270.414671
48.709544,60,270.523963
53.114283,60,270.627809
53.863698,60,270.740656
50.866601,60,270.835124
56.525947,60,270.932736
45.756318,60,271.017271
40.194338,60,271.122569
41.978807,60,271.242259
54.444036,60,271.358545
53.738091,60,271.492017
52.81315,60,271.593331
56.906994,60,271.686963
52.479954,60,271.78968
47.335155,60,271.907008
49.293722,60,272.011028
51.928901,60,272.123463
47.508234,60,272.232933
52.459771,60,272.329938
42.129086,60,272.447747
56.300778,60,272.545852
56.406281,60,272.660054
52.378136,60,272.769678
53.975569,60,272.892848
39.807392,60,273.001733
54.616531,60,273.104713
53.607747,60,273.214249
52.218153,60,273.313207
52.791189,60,273.411612
52.199493,60,273.516276
55.051434,60,273.62251
54.195472,60,273.727105
45.652345,60,273.833317
53.96702,60,273.931816
52.092792,60,274.029093
30.040356,60,274.121605
50.156764,60,274.210506
54.030648,60,274.312121
55.663612,60,274.418488
55.380554,60,274.515422
39.070483,60,274.625377
27.514664,60,274.730122
52.067912,60,274.828761
45.527378,60,274.927987
36.276519,60,275.020994
52.56227,60,275.118137
49.779805,60,275.224816
48.976608,60,275.309281
44.052685,60,275.419055
50.163678,60,275.513524
24.209326,60,275.608051
52.041888,60,275.706703
48.066401,60,275.793779
52.01791,60,275.898378
55.894912,60,275.993475
46.337752,60,276.084183
18.887481,51,276.172742
51.69152,60,276.279548
46.185569,60,276.361648
55.117777,60,276.459217
43.041531,60,276.554668
54.303668,60,276.64218
39.041288,60,276.730467
54.853365,60,276.817335
31.246652,60,276.89503
56.28605,60,276.974391
50.204062,60,277.05576
41.396988,60,277.151783
29.299189,60,277.259398
54.149948,60,277.357576
49.163795,60,277.453151
25.874617,60,277.542188
53.759654,60,277.628121
42.722198,60,277.730346
50.982163,60,277.812282
49.542437,60,277.901149
55.403864,60,278.000058
52.233313,60,278.127304
50.942344,60,278.227102
52.499963,60,278.321745
54.194077,60,278.414376
46.698734,60,278.522655
51.373604,60,278.612711
52.227985,60,278.701175
55.528762,60,278.801658
40.324718,60,278.89269
56.665766,60,278.998363
47.856519,60,279.100494
55.081602,60,279.188057
53.8226,60,279.271591
56.601537,60,279.345049
54.676971,60,279.424204
53.61079,60,279.503667
54.089841,60,279.598858
50.667153,60,279.679362
54.814874,60,279.758388
53.220622,60,279.840077
52.424468,60,279.93174
44.764179,60,280.012342
55.362075,60,280.111235
24.188229,60,280.213219
54.488466,60,280.308141
55.03856,60,280.40338
52.201831,60,280.492542
54.379749,60,280.61731
50.724184,60,280.715998
52.32963,60,280.79601
56.761959,60,280.882075
52.584356,60,280.997384
54.944904,60,281.083448
55.575486,60,281.191518
53.175137,60,281.299562
49.9874,60,281.399598
50.312581,60,281.509632
55.937071,60,281.600984
48.971179,60,281.709918
51.255273,60,281.805023
55.634229,60,281.906605
42.530996,60,282.008769
49.175128,60,282.112457
54.360165,60,282.205908
53.378443,60,282.299979
53.800137,60,282.393945
43.342308,60,282.484385
53.561949,60,282.575239
56.735869,60,282.661389
50.137103,60,282.74902
40.058172,60,282.831482
56.612796,60,282.914923
51.745666,60,283.009154
54.776477,60,283.087716
54.978818,60,283.168186
47.443821,60,283.257851
55.688055,60,283.340272
53.837426,60,283.426749
50.993632,60,283.512867
27.694622,60,283.603961
52.834258,60,283.684471
52.53139,60,283.768519
55.167079,60,283.853603
50.910862,60,283.936148
55.371687,60,284.022577
55.882128,60,284.107058
30.70974,60,284.186555
55.251344,60,284.274673
53.368937,60,284.357537
56.158538,60,284.439597
56.040063,60,284.52152
56.703042,60,284.60995
52.878519,60,284.68643
24.306696,51,284.769858
34.364646,60,284.844749
48.12375,60,284.920881
50.975916,60,285.003764
55.596425,60,285.077439
51.151315,60,285.154376
12.65199,60,285.228887
53.415366,60,285.307361
49.768947,60,285.389868
44.172201,60,285.458309
44.945563,60,285.546896
55.269396,60,285.622452
37.82507,60,285.702516
53.061088,60,285.780883
44.452262,60,285.86482
55.906774,60,285.944323
55.306018,60,286.032932
43.818573,60,286.112392
48.206907,60,286.190927
56.276792,60,286.284019
50.856737,60,286.375659
49.505095,60,286.46465
50.278984,60,286.550087
53.136576,60,286.632514
49.910753,60,286.720448
54.392288,60,286.814298
55.967439,60,286.894053
55.384591,60,286.977932
10.901688,60,287.063024
55.311298,60,287.156148
55.739934,60,287.22202
55.802386,60,287.284475
46.260854,60,287.363335
54.671439,60,287.436885
56.075872,60,287.512803
42.151732,60,287.591869
52.870836,60,287.670871
47.000917,60,287.75247
46.401612,60,287.834543
45.817973,60,287.909985
54.366233,60,287.99457
51.89306,60,288.067003
55.164678,60,288.140563
46.68677,60,288.215691
53.680576,60,288.290827
42.093958,60,288.374117
55.693706,60,288.450913
23.035015,60,288.530915
54.977379,60,288.595752
40.92385,60,288.664705
24.68645,60,288.744772
53.960367,60,288.826766
53.4361,60,288.908888
48.93564,60,288.99446
55.78232,60,289.08977
34.834967,60,289.16919
55.747672,60,289.233449
55.071317,60,289.305502
52.819764,60,289.385539
51.510379,60,289.470599
54.110616,60,289.551017
51.186919,60,289.644123
56.324437,60,289.746781
51.716118,60,289.840709
56.514082,60,289.934312
53.468174,60,290.013197
52.293517,60,290.100644
54.364977,60,290.186671
51.241402,60,290.28581
53.720897,60,290.372359
41.10089,60,290.475468
54.321688,60,290.570361
16.207274,53,290.643118
51.714851,60,290.730234
24.985514,60,290.838297
49.511953,60,290.924105
56.695402,60,291.022688
51.880304,60,291.118707
54.152137,60,291.214645
55.043831,60,291.314721
54.203125,60,291.40827
56.546776,60,291.50972
56.184288,60,291.60244
53.586037,60,291.701457
53.27149,60,291.815346
55.6453,60,291.919674
51.512915,60,292.035847
55.741474,60,292.153531
38.391065,60,292.266299
52.917621,60,292.370424
53.570107,60,292.474502
56.433987,60,292.568494
56.522347,60,292.674776
48.148621,60,292.786502
56.515813,60,292.887612
54.0487,60,293.0063
55.013743,60,293.108436
51.133407,60,293.199959
54.711524,60,293.308839
34.795126,60,293.40362
46.786026,60,293.505893
38.863251,60,293.620636
56.318688,60,293.723123
55.018514,60,293.837148
55.949979,60,293.946723
53.760923,60,294.040695
56.111989,60,294.14418
51.632404,60,294.272938
47.388463,60,294.385993
54.14535,60,294.484714
56.587592,60,294.575731
54.906604,60,294.673351
47.126357,60,294.771615
55.789203,60,294.868054
50.501063,60,294.956702
18.085127,48,295.039748
53.894457,60,295.132272
31.65623,60,295.21678
30.066164,60,295.310383
52.405901,60,295.391765
44.522425,60,295.488349
30.638147,60,295.587355
46.255247,60,295.673659
41.809507,60,295.768888
48.679736,60,295.86813
54.825103,60,295.954169
43.056147,60,296.047299
55.652128,60,296.140504
37.975719,60,296.23454
50.742771,60,296.32097
56.829419,60,296.402508
50.742696,60,296.487834
52.771186,60,296.571348
28.864432,60,296.652547
56.983816,60,296.742419
34.527597,60,296.835536
56.496635,60,296.915609
56.42752,60,297.008769
55.114111,60,297.090119
53.962897,60,297.184648
43.513583,60,297.279152
10.734149,36,297.338261
56.270726,60,297.44435
45.289142,60,297.539304
47.753244,60,297.657965
54.53476,60,297.75645
54.431165,60,297.854576
56.063134,60,297.953966
56.836369,60,298.043387
55.314475,60,298.141907
40.739606,60,298.235394
56.477547,60,298.32415
42.400954,60,298.48406
32.788991,60,298.584574
19.121828,48,298.655984
55.450815,60,298.743975
56.924815,60,298.840973
55.954423,60,298.930839
51.213496,60,299.022511
54.230831,60,299.112423
43.08402,60,299.201997
50.723038,60,299.300762
55.359638,60,299.389213
49.51795,60,299.490766
49.851303,60,299.57681
56.168774,60,299.666902
55.520651,60,299.75239
56.247361,60,299.845881
55.043946,60,299.94388
54.798353,60,300.041032
56.186148,60,300.131667
47.821026,60,300.221563
50.854488,60,300.31243
53.841305,60,300.397843
55.63751,60,300.491331
50.765888,60,300.583916
45.649614,60,300.673551
51.872287,60,300.778656
53.634673,60,300.871603
53.895972,60,300.96357
50.64965,60,301.049435
46.298689,60,301.14452
51.405935,60,301.230992
50.690944,60,301.323506
53.063193,60,301.419479
56.114389,60,301.514137
55.532324,60,301.605176
56.269116,60,301.684096
52.105432,60,301.770176
51.765586,60,301.865116
41.087346,60,301.963723
55.045897,60,302.057427
29.20127,60,302.150975
56.026628,60,302.236372
56.236559,60,302.328609
45.261492,60,302.417118
52.083342,60,302.506058
43.791235,60,302.596445
45.020909,60,302.700862
52.901261,60,302.79282
20.289046,52,302.878121
52.527982,60,302.978175
54.917353,60,303.061597
52.373702,60,303.16414
38.313582,60,303.252396
43.805861,60,303.352295
50.757564,60,303.451275
52.519761,60,303.535594
56.521224,60,303.627495
55.783544,60,303.721002
53.232072,60,303.811122
40.601177,60,303.901213
54.482798,60,303.998312
30.426027,60,304.085977
53.633947,60,304.184063
45.291214,60,304.271121
56.711577,60,304.36418
55.522843,60,304.447212
51.983519,60,304.537225
34.761492,60,304.620612
57.355057,60,304.726216
21.466285,46,304.799046
35.837341,60,304.884221
49.573521,60,304.976808
53.113979,60,305.078998
43.750305,60,305.16901
54.430981,60,305.273259
56.562233,60,305.36169
56.26034,60,305.457119
52.764765,60,305.55767
16.85411,56,305.635113
55.859109,60,305.73129
51.329376,60,305.827592
56.851455,60,305.920117
47.377366,60,306.022866
48.468411,60,306.116878
47.732544,60,306.204363
57.292323,60,306.289385
38.381925,60,306.385674
56.144938,60,306.475186
52.119125,60,306.576944
55.137045,60,306.670908
54.47508,60,306.759891
53.917694,60,306.848573
52.317048,60,306.934116
55.141007,60,307.010833
44.363388,60,307.101875
46.399602,60,307.189469
50.331734,60,307.279494
54.302366,60,307.374068
54.368733,60,307.451692
56.335508,60,307.536317
55.258505,60,307.615696
56.565645,60,307.693755
35.685457,60,307.776818
56.86274,60,307.870487
56.986506,60,307.957402
49.672912,60,308.039325
54.485748,60,308.132433
50.545305,60,308.21333
55.287372,60,308.291598
54.254322,60,308.369936
56.120429,60,308.447507
52.730683,60,308.54126
55.685989,60,308.62778
49.383258,60,308.708825
56.707201,60,308.793948
57.052063,60,308.887542
32.853294,60,308.975093
55.954894,60,309.058992
56.257369,60,309.149034
55.462047,60,309.228031
55.503665,60,309.326344
47.504245,60,309.44209
48.217118,60,309.538769
49.9187,60,309.620369
53.334124,60,309.703774
35.944917,60,309.782636
54.760494,60,309.875045
38.649891,60,309.962085
49.544585,60,310.050086
57.981469,60,310.136553
51.135648,60,310.235483
56.610894,60,310.319239
52.247901,60,310.385099
55.024447,60,310.451037
56.318181,60,310.522537
52.459144,60,310.58733
55.798811,60,310.65937
42.628731,60,310.728942
54.851774,60,310.821654
53.905213,60,310.904032
56.79571,60,310.988989
52.797351,60,311.07403
56.805354,60,311.157354
48.564667,60,311.244921
50.063707,60,311.337107
54.787464,60,311.421098
27.939818,60,311.507214
48.320989,60,311.604409
54.032294,60,311.684953
56.426372,60,311.766352
42.720309,60,311.837237
56.91682,60,311.899542
55.589135,60,311.967925
57.114698,60,312.037785
54.896299,60,312.110342
47.397088,60,312.181344
57.741822,60,312.253772
56.96182,60,312.322574
40.889212,60,312.393813
51.50423,60,312.465993
53.567221,60,312.536005
54.430029,60,312.606516
53.701494,60,312.677605
57.179329,60,312.750517
51.152762,60,312.823003
27.994806,60,312.888929
50.873172,60,312.972788
55.514758,60,313.045496
56.202099,60,313.117939
51.445152,60,313.201292
51.500293,60,313.277779
50.294609,60,313.347864
50.092122,60,313.420851
49.520334,60,313.484291
55.784044,60,313.55944
44.206414,60,313.633479
57.012881,60,313.708414
24.859621,60,313.778807
55.027413,60,313.857326
44.492082,60,313.92735
56.498469,60,313.998776
29.30713,60,314.063738
53.510959,60,314.13372
54.578887,60,314.203002
30.657741,53,314.267815
43.247469,60,314.335739
50.59993,60,314.404225
49.135708,60,314.473704
55.581162,60,314.544105
56.510185,60,314.615155
50.380626,60,314.688122
56.561745,60,314.759009
54.21161,60,314.83448
55.680557,60,314.910428
55.870887,60,314.983748
52.595455,60,315.054275
42.616799,60,315.13182
56.77252,60,315.20233
54.512554,60,315.28386
56.530168,60,315.37137
47.802108,60,315.451828
52.120495,60,315.53011
44.955414,60,315.606085
49.475916,60,315.679677
55.858464,60,315.76069
55.667144,60,315.83667
26.303727,60,315.910152
56.600266,60,315.983008
57.665361,60,316.064567
55.6854,60,316.141049
55.145347,60,316.220094
56.406195,60,316.293992
53.739551,60,316.377973
42.319346,60,316.452676
15.364128,42,316.504989
52.041424,60,316.570561
56.778493,60,316.654148
57.76812,60,316.750372
54.541085,60,316.850482
50.722458,60,316.94567
56.681042,60,317.040726
53.612644,60,317.141468
42.524917,60,317.237414
53.208965,60,317.323823
54.680109,60,317.416883
55.75188,60,317.506545
56.013695,60,317.594046
53.794583,60,317.68102
54.739472,60,317.773171
55.567899,60,317.857129
25.502074,60,317.944992
56.191021,60,318.031331
57.569399,60,318.123684
48.985269,60,318.213283
29.984169,60,318.288232
55.813489,60,318.380445
46.924074,60,318.449126
45.803864,60,318.519958
54.054363,60,318.582324
56.124923,60,318.647186
17.632919,60,318.724159
43.087137,60,318.811208
52.112196,60,318.906011
56.609057,60,319.022734
55.997601,60,319.108294
36.594423,60,319.186891
53.610713,60,319.263399
42.916091,60,319.336236
55.395416,60,319.40871
47.824255,60,319.488742
55.797204,60,319.576252
55.649681,60,319.652743
54.449776,60,319.734773
55.446882,60,319.821367
51.277158,60,319.900312
29.296703,60,319.97782
50.812517,60,320.065846
53.333329,60,320.156585
56.184968,60,320.232645
56.281019,60,320.307156
54.130031,60,320.394003
47.538468,60,320.473581
54.120504,60,320.54756
56.723217,60,320.62436
57.469346,60,320.711413
56.069681,60,320.798848
40.583167,60,320.874925
56.704022,60,320.953938
55.73287,60,321.033643
53.29715,60,321.108446
45.371775,60,321.188359
10.78731,30,321.222665
55.493687,60,321.298147
53.1637,60,321.380234
42.766358,60,321.4627
42.223492,60,321.538234
55.028825,60,321.62636
55.825554,60,321.725271
53.699901,60,321.813043
32.392974,60,321.891329
52.33599,60,321.97584
57.569456,60,322.053368
52.945546,60,322.143375
46.519004,60,322.223732
54.039756,60,322.305201
57.381401,60,322.401313
56.354156,60,322.485343
49.997761,60,322.558455
51.047212,60,322.639052
57.352518,60,322.717983
56.952554,60,322.797476
41.636663,60,322.87999
54.930772,60,322.958949
56.673821,60,323.033812
39.721154,60,323.117337
56.665597,60,323.194918
53.503982,60,323.281603
49.037567,60,323.376232
57.075651,60,323.456286
54.942784,60,323.537236
55.27311,60,323.61325
57.889939,60,323.690133
57.279726,60,323.777188
57.784891,60,323.861765
51.145879,60,323.943722
54.341209,60,324.01211
44.135433,60,324.077964
57.406288,60,324.17314
45.546061,60,324.24604
52.94923,60,324.363685
56.585557,60,324.462901
56.922586,60,324.543011
51.502696,60,324.639578
53.221939,60,324.733751
50.729174,60,324.830801
47.806292,60,324.92574
55.373072,60,325.022835
56.764565,60,325.113719
57.720976,60,325.20993
56.994517,60,325.294958
56.797706,60,325.397078
52.139639,60,325.4961
53.518177,60,325.594142
12.021635,37,325.661476
40.754757,60,325.75946
52.085606,60,325.853967
56.878726,60,325.942402
56.112824,60,326.042057
57.556739,60,326.133961
52.631308,60,326.226595
45.45623,60,326.316578
52.899817,60,326.400988
51.752662,60,326.500868
48.406778,60,326.599321
45.185763,60,326.700888
53.363702,60,326.796498
49.099059,60,326.899638
56.219083,60,326.99384
57.050324,60,327.079854
52.473224,60,327.179768
34.044279,60,327.295253
53.162252,60,327.41206
56.145527,60,327.509116
57.273267,60,327.598703
55.781568,60,327.690871
36.20283,60,327.788434
51.18097,60,327.867327
45.61135,60,327.956582
55.402526,60,328.065177
53.445212,60,328.171509
56.956907,60,328.280744
30.531943,60,328.382062
54.210717,60,328.475136
56.681141,60,328.60656
54.217594,60,328.742814
56.962744,60,328.827811
55.543943,60,328.932509
52.938887,60,329.050218
50.050682,60,329.167773
49.804329,60,329.261404
17.511048,43,329.326264
56.029341,60,329.415757
57.23558,60,329.503667
50.662082,60,329.598245
33.926086,53,329.670197
34.848093,60,329.761268
51.276198,60,329.847552
58.739692,60,329.932981
57.878261,60,330.041992
49.954697,60,330.150668
40.522858,60,330.264603
55.325662,60,330.359726
57.425799,60,330.455735
54.624505,60,330.554866
55.405764,60,330.647516
34.457184,60,330.747442
56.919506,60,330.866721
57.338769,60,330.974846
56.096962,60,331.075999
55.731749,60,331.174972
56.476026,60,331.263863
53.013067,60,331.358387
53.760262,60,331.465431
53.54427,60,331.569386
50.051874,60,331.666321
52.592662,60,331.76327
51.82192,60,331.878526
51.523698,60,331.98508
56.607396,60,332.082082
54.699284,60,332.183916
56.098259,60,332.279816
57.371861,60,332.384826
53.986776,60,332.495152
56.404349,60,332.611937
57.115508,60,332.707013
51.145226,60,332.797371
55.783231,60,332.886421
42.351989,60,332.983569
54.606043,60,333.069118
56.976332,60,333.170311
55.157299,60,333.26138
43.299563,60,333.349407
53.986584,60,333.461538
56.323139,60,333.556464
50.577893,60,333.638344
54.795413,60,333.73339
55.360858,60,333.822421
27.008802,50,333.896951
42.351784,60,333.98349
56.557967,60,334.067926
6.020001,30,334.108769
56.235133,60,334.193725
54.612589,60,334.284117
43.626615,60,334.372632
57.22264,60,334.460601
56.759747,60,334.548156
49.944188,60,334.627788
56.682059,60,334.710827
49.768044,60,334.791309
55.971846,60,334.871268
56.993857,60,334.952325
43.590292,60,335.041406
40.831887,60,335.137007
56.442717,60,335.230904
57.029611,60,335.319392
56.730242,60,335.425308
56.656243,60,335.50359
51.292697,60,335.594714
55.955715,60,335.680806
55.036765,60,335.763945
56.234582,60,335.853307
55.42013,60,335.937309
55.857937,60,336.03491
40.685527,60,336.125671
56.965943,60,336.204656
56.593086,60,336.301316
52.17663,60,336.387447
55.75976,60,336.487892
41.274236,60,336.574793
56.521101,60,336.668826
53.025253,60,336.756634
52.547238,60,336.856655
20.072092,60,336.947873
24.236158,60,337.038146
56.249728,60,337.128234
53.143705,60,337.21182
42.88694,60,337.295412
57.764329,60,337.393604
56.326505,60,337.487606
55.980429,60,337.576992
56.865239,60,337.661941
42.674238,60,337.750312
55.29691,60,337.83671
53.689797,60,337.928641
57.700891,60,338.017645
50.536585,60,338.118393
56.204441,60,338.212477
57.539244,60,338.300524
55.736535,60,338.397743
50.16799,60,338.490333
27.706841,60,338.592926
51.489335,60,338.677544
57.962994,60,338.765018
54.947701,60,338.865473
52.036566,60,338.958127
51.06707,60,339.054633
57.993047,60,339.1417
57.518402,60,339.245763
54.606786,60,339.331703
40.884427,60,339.426868
54.258101,60,339.516467
52.285691,60,339.596403
54.723527,60,339.681852
56.374425,60,339.759781
52.139157,60,339.832798
53.057216,60,339.916332
53.902673,60,340.008184
28.598831,60,340.0926
57.241345,60,340.188219
55.316009,60,340.277617
44.873192,60,340.363102
51.18802,60,340.4618
53.442934,60,340.542324
55.844499,60,340.623734
31.34815,60,340.713219
53.482537,60,340.80074
52.527959,60,340.893588
54.980425,60,340.99209
41.72862,60,341.080967
54.89634,60,341.171496
54.847073,60,341.252035
51.49675,60,341.334899
41.605745,60,341.427921
54.56435,60,341.513484
56.242501,60,341.597456
56.965533,60,341.679404
54.07478,60,341.764791
56.677255,60,341.841651
52.896311,60,341.920725
54.849258,60,342.005803
53.478178,60,342.08731
55.620899,60,342.171285
56.949173,60,342.252836
55.48427,60,342.331418
56.376799,60,342.409169
57.491642,60,342.494615
57.245519,60,342.572813
51.386143,60,342.658189
55.77987,60,342.750329
56.432027,60,342.831181
56.96894,60,342.914705
48.155671,60,342.994699
55.897127,60,343.082384
45.43549,60,343.161235
54.290193,60,343.248822
55.612359,60,343.330699
53.803712,60,343.410459
52.356986,60,343.498538
54.974288,60,343.580342
54.489054,60,343.667578
50.324391,60,343.756146
56.086597,60,343.835967
55.935736,60,343.922105
44.980702,60,344.003429
53.407582,60,344.085494
54.716435,60,344.164417
54.717546,60,344.253431
51.747962,60,344.338468
57.718955,60,344.433028
55.519769,60,344.526422
56.479841,60,344.600246
55.883332,60,344.687394
55.561942,60,344.768582
56.710717,60,344.843288
55.890206,60,344.923732
54.408888,60,345.010818
53.205491,60,345.099368
50.189863,60,345.187975
23.739118,56,345.263448
52.015257,60,345.348471
51.950001,60,345.432209
56.279513,60,345.513685
56.786995,60,345.601685
51.853154,60,345.681971
27.536115,60,345.772434
52.254719,60,345.850834
48.268994,60,345.937938
56.776748,60,346.028496
28.036118,47,346.100032
54.82677,60,346.188547
57.101397,60,346.269935
56.090112,60,346.353317
55.531369,60,346.441755
34.635354,60,346.522741
56.911453,60,346.610892
37.647643,60,346.699877
57.645509,60,346.794197
52.411392,60,346.871419
55.70777,60,346.963124
55.661163,60,347.049778
47.671893,60,347.131335
13.886571,43,347.194721
55.087563,60,347.269764
55.472865,60,347.352398
51.30361,60,347.430436
54.073675,60,347.522
23.948059,59,347.610468
56.686133,60,347.697398
54.587451,60,347.791095
57.351958,60,347.872438
56.245085,60,347.956628
55.834676,60,348.040663
56.486255,60,348.127697
32.312261,60,348.214439
56.392939,60,348.302477
56.390404,60,348.385593
56.622589,60,348.479421
53.384533,60,348.567196
56.002046,60,348.648613
57.799934,60,348.732705
54.122544,60,348.818312
56.762958,60,348.902817
58.235059,60,348.9955
55.433177,60,349.086418
52.299554,60,349.171185
57.085318,60,349.259158
37.073539,60,349.348864
55.540089,60,349.443371
56.564608,60,349.533388
37.995682,60,349.626856
55.974824,60,349.711207
43.954999,60,349.798225
50.416436,60,349.878731
43.528103,60,349.955708
55.384534,60,350.035841
48.73548,60,350.133373
54.660175,60,350.225888
56.30916,60,350.32552
55.212715,60,350.419461
53.363286,60,350.508014
51.52651,60,350.594528
57.472764,60,350.68358
56.39222,60,350.769193
30.061855,60,350.87346
56.994582,60,350.978868
51.905228,60,351.075855
57.536268,60,351.182827
56.863868,60,351.276233
53.31386,60,351.374186
55.712023,60,351.45848
52.826988,60,351.556387
56.479226,60,351.655765
51.992982,60,351.746516
35.737643,60,351.837825
56.976296,60,351.927273
56.714845,60,352.018803
46.08154,60,352.119656
53.303072,60,352.219308
50.904819,60,352.319468
56.352655,60,352.432536
54.394311,60,352.534657
56.543963,60,352.625783
42.282566,60,352.735417
56.329091,60,352.830825
56.771835,60,352.935452
54.560502,60,353.022897
44.574028,60,353.107798
54.012409,60,353.191278
55.578708,60,353.290297
57.483295,60,353.382366
50.755286,60,353.476529
25.809014,60,353.566548
56.648067,60,353.652464
46.224873,60,353.736078
39.175628,60,353.822577
57.545555,60,353.909638
54.870489,60,353.995694
53.405674,60,354.080636
41.072725,60,354.172865
53.704329,60,354.270539
46.246895,60,354.361696
58.013751,60,354.449062
51.592884,60,354.54092
56.463032,60,354.626891
56.673551,60,354.705171
57.19452,60,354.793076
56.942463,60,354.883457
52.398189,60,354.960254
57.218371,60,355.041161
44.442111,60,355.114103
53.910122,60,355.191529
45.689762,60,355.280662
53.370207,60,355.363227
56.272717,60,355.455109
55.553064,60,355.534776
57.688766,60,355.614069
54.505194,60,355.691555
55.646836,60,355.767075
57.310732,60,355.849618
57.542715,60,355.933275
57.692672,60,356.023445
57.557901,60,356.106495
50.148547,60,356.200541
41.891296,60,356.285016
56.836794,60,356.370527
57.28301,60,356.459103
54.644053,60,356.543195
57.67301,60,356.627599
53.763746,60,356.714144
19.282628,45,356.772424
43.695663,60,356.857822
55.974833,60,356.935256
56.170574,60,357.027897
15.713929,38,357.079663
52.710177,60,357.168407
54.68105,60,357.255457
49.981472,60,357.333378
43.856431,60,357.420362
56.806486,60,357.501383
56.70583,60,357.576767
55.185618,60,357.64857
56.658022,60,357.726775
55.069512,60,357.804987
57.645882,60,357.887418
56.422486,60,357.973394
57.503291,60,358.055876
57.787324,60,358.134369
57.395485,60,358.218353
49.084515,60,358.300866
44.848006,60,358.388951
57.170921,60,358.470704
24.335059,54,358.548579
55.294275,60,358.627399
55.835675,60,358.71944
57.501607,60,358.80311
56.354509,60,358.887606
31.472119,60,358.982231
53.229103,60,359.065329
55.692973,60,359.15332
34.16214,60,359.247344
54.22112,60,359.329252
56.469524,60,359.420763
39.718733,60,359.498627
53.942525,60,359.593238
55.41877,60,359.678288
17.412229,60,359.772393
55.208446,60,359.857701
37.505019,60,359.940043
56.879382,60,360.031116
48.314688,60,360.112286
47.864451,60,360.187758
53.416315,60,360.278296
57.377084,60,360.369826
57.200679,60,360.471897
56.509248,60,360.569582
51.7554,60,360.658963
55.201909,60,360.745315
56.375609,60,360.832833
48.622639,60,360.916435
56.529123,60,361.002533
52.557062,60,361.100063
52.467833,60,361.193971
54.823384,60,361.287228
57.941746,60,361.374246
56.953504,60,361.470324
55.560932,60,361.555336
56.45284,60,361.650357
54.665726,60,361.739364
43.766776,60,361.827366
56.640179,60,361.929129
54.646033,60,362.019533
57.553286,60,362.122038
54.485308,60,362.213295
55.905685,60,362.312711
54.130218,60,362.397667
57.612947,60,362.496274
53.50954,60,362.584866
47.08313,60,362.6744
54.255955,60,362.771897
56.059922,60,362.858441
7.675241,36,362.922461
56.076391,60,363.017038
50.629152,60,363.122833
55.296358,60,363.226919
57.071746,60,363.318485
56.237545,60,363.408022
56.728791,60,363.507235
58.663557,60,363.59678
55.307207,60,363.686161
58.145426,60,363.776138
56.802238,60,363.880597
43.717156,60,363.971582
54.604917,60,364.070735
52.493328,60,364.164423
53.23723,60,364.262193
47.948367,60,364.362214
56.859328,60,364.467876
57.306792,60,364.576643
34.249596,60,364.678297
52.332469,60,364.775321
50.958683,60,364.874856
55.322546,60,364.977774
45.161631,60,365.083996
53.776676,60,365.179595
56.547888,60,365.368218
56.564748,60,365.486543
56.886908,60,365.582956
56.536927,60,365.677571
57.022134,60,365.76798
51.93658,60,365.85092
29.166238,60,365.936825
46.84789,60,366.027955
56.757429,60,366.122602
56.599575,60,366.226879
57.058321,60,366.320045
55.016547,60,366.413124
57.009163,60,366.492066
47.327618,60,366.58322
55.051995,60,366.67586
55.199466,60,366.763022
57.600111,60,366.864132
57.142535,60,366.955965
51.399644,60,367.051488
57.185555,60,367.142982
56.691893,60,367.238078
47.210963,60,367.335286
55.474843,60,367.427326
56.525546,60,367.529983
56.186228,60,367.616263
55.911596,60,367.712364
55.942457,60,367.816153
56.31944,60,367.916732
57.183902,60,368.012325
50.52967,60,368.123078
37.047044,60,368.218215
53.196315,60,368.31228
57.444176,60,368.408743
57.7514,60,368.507608
55.100058,60,368.600611
50.547085,60,368.691455
57.567027,60,368.774016
12.528924,36,368.836421
56.496611,60,368.923508
57.118614,60,369.020558
19.86779,43,369.091517
51.530319,60,369.184381
29.559576,60,369.27188
42.492558,60,369.366414
57.763974,60,369.465943
57.571195,60,369.552862
45.115825,60,369.655097
54.684714,60,369.742657
57.025569,60,369.832192
21.885105,60,369.920854
53.538574,60,370.002908
57.203701,60,370.100677
55.777362,60,370.187835
51.221905,60,370.2778
52.413763,60,370.372489
53.270527,60,370.460955
39.684717,60,370.556472
55.571462,60,370.655562
56.528823,60,370.738074
52.371614,60,370.822091
52.377054,60,370.910553
57.254327,60,371.002414
48.300847,60,371.094086
56.460341,60,371.175044
57.610829,60,371.256232
40.605712,60,371.339124
18.600773,60,371.430634
48.883051,60,371.516717
56.418045,60,371.609899
55.806554,60,371.705071
54.28657,60,371.79409
56.641302,60,371.879577
54.855228,60,371.972106
54.296504,60,372.059478
55.715646,60,372.150193
55.025198,60,372.237809
57.148795,60,372.322765
54.027129,60,372.417851
52.262155,60,372.51049
47.068593,60,372.60398
56.699275,60,372.697502
29.880011,60,372.777308
55.629439,60,372.87269
53.257049,60,372.963073
57.034692,60,373.057675
56.949691,60,373.150105
56.400822,60,373.244678
56.313435,60,373.333118
57.495844,60,373.429811
56.259104,60,373.523831
26.403217,60,373.602806
57.862068,60,373.69487
35.483763,60,373.772923
56.965015,60,373.854271
57.837502,60,373.93801
58.147131,60,374.025216
57.966132,60,374.107197
55.28311,60,374.208839
51.204297,60,374.293852
49.33428,60,374.38142
56.229416,60,374.458888
58.170769,60,374.539718
55.275996,60,374.624005
49.500024,60,374.710128
52.395771,60,374.794039
57.510637,60,374.875528
57.213265,60,374.957899
56.872485,60,375.039828
56.572447,60,375.122196
55.043829,60,375.205191
55.426455,60,375.287129
55.427116,60,375.374712
57.08793,60,375.462327
51.33681,60,375.550771
55.876313,60,375.636211
56.414646,60,375.725305
57.042364,60,375.814258
56.258114,60,375.897271
56.624145,60,375.991471
39.742994,60,376.08036
23.528435,45,376.140347
56.797777,60,376.228426
55.993564,60,376.308723
57.495559,60,376.389871
57.974093,60,376.484963
50.129273,60,376.572887
21.616332,42,376.63423
6.97812,34,376.691571
52.942977,60,376.786223
53.661489,60,376.874644
48.615387,60,376.959658
56.657189,60,377.042218
54.562454,60,377.132842
57.039751,60,377.223981
36.791671,60,377.317066
56.173495,60,377.407509
53.952742,60,377.501493
26.371651,50,377.57782
41.690907,60,377.660571
55.305842,60,377.761536
54.584935,60,377.848532
52.3889,60,377.936101
57.163883,60,378.030738
55.339559,60,378.120841
47.0832,60,378.218468
54.327084,60,378.302526
57.232495,60,378.398728
56.753861,60,378.489245
55.664848,60,378.593638
58.11664,60,378.682403
57.052733,60,378.765315
55.95336,60,378.853
54.234,60,378.936671
41.350007,60,379.008624
55.579481,60,379.100725
56.280518,60,379.186356
56.645263,60,379.283837
52.778609,60,379.373814
58.558819,60,379.459767
49.768471,60,379.546642
56.817584,60,379.639416
55.534606,60,379.720863
56.024528,60,379.810914
49.681138,60,379.901928
17.021881,60,379.982419
56.346268,60,380.072851
57.437537,60,380.162193
57.626872,60,380.255141
20.255543,43,380.323719
57.151235,60,380.412076
57.502088,60,380.510351
57.421009,60,380.607474
56.647939,60,380.686346
57.520357,60,380.780984
56.064363,60,380.873016
57.296144,60,380.966111
57.004734,60,381.053621
53.665344,60,381.156418
57.400515,60,381.249655
56.964448,60,381.335014
57.587546,60,381.422965
56.990462,60,381.509496
55.093869,60,381.591651
57.781694,60,381.678647
52.663161,60,381.761818
46.502525,60,381.861968
56.908177,60,381.952543
57.38713,60,382.041742
24.171861,50,382.109133
50.304045,60,382.196104
56.822221,60,382.284159
53.667432,60,382.366542
47.744442,60,382.454711
55.94173,60,382.532767
54.864688,60,382.61831
55.463225,60,382.699856
56.260559,60,382.782777
57.470219,60,382.870738
56.160448,60,382.955281
56.626349,60,383.051418
54.044989,60,383.162177
57.409162,60,383.267213
55.672483,60,383.37222
56.36626,60,383.476652
52.812163,60,383.561981
56.691547,60,383.650575
56.534244,60,383.736912
40.044267,60,383.828288
54.951096,60,383.910521
55.480214,60,383.999756
46.452047,60,384.07936
54.660602,60,384.163733
57.108613,60,384.251028
56.424857,60,384.334568
57.482088,60,384.4373
51.002585,60,384.528382
57.924641,60,384.615887
57.940824,60,384.695971
55.787058,60,384.781425
56.138405,60,384.867525
57.87698,60,384.965593
56.071368,60,385.051513
55.152736,60,385.138443
57.129532,60,385.230403
45.737978,60,385.309411
32.664688,60,385.39666
53.081601,60,385.481683
53.936786,60,385.565689
56.481229,60,385.660326
57.11122,60,385.743876
56.190542,60,385.835069
56.497695,60,385.922446
49.761913,60,386.007948
49.018855,60,386.094581
54.923338,60,386.181501
37.688815,60,386.267958
55.835271,60,386.354612
58.240839,60,386.432755
57.147283,60,386.509139
49.457557,60,386.591365
42.181268,60,386.66989
55.036693,60,386.759319
55.102582,60,386.836323
46.882379,60,386.923549
55.977644,60,387.015125
56.873263,60,387.097978
30.014524,60,387.187033
56.295916,60,387.268927
57.200376,60,387.356998
57.841443,60,387.440896
58.04633,60,387.529068
56.23188,60,387.614006
50.832551,60,387.699711
57.175294,60,387.787738
50.949988,60,387.872132
52.340194,60,387.968851
55.179242,60,388.058397
54.482943,60,388.141937
57.093578,60,388.231915
55.081684,60,388.330946
55.475764,60,388.422957
48.877397,60,388.519602
46.164258,60,388.610206
56.505535,60,388.693523
54.874068,60,388.790667
57.816606,60,388.876589
58.092092,60,388.952366
57.595698,60,389.035327
49.20502,60,389.115453
57.631248,60,389.191908
52.310724,60,389.280453
40.98892,60,389.367131
57.073712,60,389.453464
46.053716,60,389.541876
46.318411,60,389.623423
45.282861,60,389.708453
55.417391,60,389.796137
54.966015,60,389.882663
56.580422,60,389.962112
53.094477,60,390.05217
55.510065,60,390.135504
56.177722,60,390.226145
57.887304,60,390.312746
57.385679,60,390.398712
55.74427,60,390.49024
56.247754,60,390.574802
57.62322,60,390.662804
56.4846,60,390.75925
56.197403,60,390.841017
51.981544,60,390.93189
57.131947,60,391.022067
53.226242,60,391.118304
50.231893,60,391.208503
57.857471,60,391.306827
56.782006,60,391.404526
57.513514,60,391.501215
57.974303,60,391.58967
51.520621,60,391.666612
56.600922,60,391.73791
50.708965,60,391.830016
49.879749,60,391.91815
49.71561,60,392.002762
55.793945,60,392.098186
56.354726,60,392.184597
56.618076,60,392.267081
56.351307,60,392.353613
56.475028,60,392.435105
57.488733,60,392.525511
46.301635,60,392.621301
57.286802,60,392.709664
56.509264,60,392.80579
52.301085,60,392.906821
56.882914,60,392.997836
55.14965,60,393.102935
48.792952,60,393.19087
56.543253,60,393.296524
53.999414,60,393.411363
56.004545,60,393.503918
57.160598,60,393.597625
55.735801,60,393.692677
52.146418,60,393.786744
54.554435,60,393.871483
56.390396,60,393.968914
57.840768,60,394.067428
56.479291,60,394.159914
56.645711,60,394.245042
45.280001,60,394.332144
57.221277,60,394.420995
55.977715,60,394.511661
56.784504,60,394.597603
57.585135,60,394.686005
55.272209,60,394.772653
57.673591,60,394.862648
56.843302,60,394.953958
54.683557,60,395.047977
55.832176,60,395.135449
56.828848,60,395.231932
57.482905,60,395.328477
57.050274,60,395.41652
56.782951,60,395.529351
56.292539,60,395.628073
56.465615,60,395.73216
41.046619,60,395.816578
57.115626,60,395.909139
50.122159,60,396.006358
52.262162,60,396.096729
40.13828,60,396.182683
56.799065,60,396.273738
53.664695,60,396.370392
26.587039,60,396.47106
56.446104,60,396.57118
46.727089,60,396.667881
57.035654,60,396.757951
56.542998,60,396.849262
55.77136,60,396.924691
55.806971,60,397.009128
56.449095,60,397.099058
37.292979,60,397.188128
57.015229,60,397.287295
57.679594,60,397.383423
55.042516,60,397.484054
51.218869,60,397.578657
55.679672,60,397.658661
57.218221,60,397.744181
47.897431,60,397.825812
31.743384,60,397.925769
55.811317,60,398.015393
56.872056,60,398.098393
54.439624,60,398.194534
56.883748,60,398.281963
51.089061,60,398.371106
56.276815,60,398.46905
55.481925,60,398.559994
57.453616,60,398.654445
57.546954,60,398.743377
57.425459,60,398.831209
52.171194,60,398.922304
53.976926,60,399.017502
55.264832,60,399.103534
56.455686,60,399.198144
54.810276,60,399.291722
56.723903,60,399.385384
55.337783,60,399.471879
43.056131,60,399.545424
57.830153,60,399.623278
57.357801,60,399.706053
50.432689,60,399.788683
42.34547,60,399.86775
56.893717,60,399.953875
50.571685,60,400.040116
41.78185,60,400.124002
53.696878,60,400.203938
41.791536,60,400.285869
56.528133,60,400.360647
48.460451,60,400.445222
56.679691,60,400.534677
56.500324,60,400.626135
56.202202,60,400.724308
56.995792,60,400.814244
57.737431,60,400.905754
36.60064,60,400.998027
46.844195,60,401.084449
57.691022,60,401.16933
56.350123,60,401.26159
57.509276,60,401.345248
57.305816,60,401.435919
57.039885,60,401.527988
57.161929,60,401.611504
58.078988,60,401.693663
56.691679,60,401.780247
57.962919,60,401.861175
56.512135,60,401.945062
56.726745,60,402.02913
45.393611,60,402.117251
53.154233,60,402.199907
56.882713,60,402.286867
56.539215,60,402.371426
57.100244,60,402.464931
52.796862,60,402.564509
35.537307,60,402.660586
53.431448,60,402.759586
57.721554,60,402.8666
50.929149,60,402.960072
56.949977,60,403.05164
57.563569,60,403.16447
48.082525,60,403.262109
18.835304,60,403.355242
57.111036,60,403.453267
53.648133,60,403.538316
56.481006,60,403.628246
56.550571,60,403.714167
57.110695,60,403.801806
57.193689,60,403.890477
47.683146,60,403.972418
57.396697,60,404.055966
49.764515,60,404.140642
56.245203,60,404.233782
57.142687,60,404.316208
55.947516,60,404.405566
54.543972,60,404.505668
54.584165,60,404.589674
54.857377,60,404.684818
57.344591,60,404.763282
56.106663,60,404.845288
57.118215,60,404.944006
50.136497,60,405.032534
56.794228,60,405.129161
55.261493,60,405.219989
50.699174,60,405.30795
46.6871,60,405.400381
58.000954,60,405.498049
56.705085,60,405.584612
57.080815,60,405.671037
56.53411,60,405.771131
33.909521,60,405.857715
56.516298,60,405.944955
49.261068,60,406.045025
57.26382,60,406.134086
56.611152,60,406.22868
56.434647,60,406.319309
56.541993,60,406.416597
52.473128,60,406.513098
56.57823,60,406.604547
51.585431,60,406.702216
55.587209,60,406.799309
57.368082,60,406.888941
56.393217,60,406.96891
57.602408,60,407.056485
57.88348,60,407.148606
57.58635,60,407.235405
57.209216,60,407.318875
56.32111,60,407.397191
56.856654,60,407.480296
56.64408,60,407.559169
56.832005,60,407.641184
36.757191,60,407.727107
56.921744,60,407.81155
57.254077,60,407.898611
57.681704,60,407.980077
58.400757,60,408.057127
56.491325,60,408.139507
55.191923,60,408.222306
56.261977,60,408.299171
57.495196,60,408.390843
56.225805,60,408.485924
30.418157,54,408.56642
57.194243,60,408.660427
53.07351,60,408.735341
41.516083,60,408.818926
58.216305,60,408.898422
50.175248,60,408.973438
57.002117,60,409.060261
53.855252,60,409.145107
57.416453,60,409.229734
57.150274,60,409.30871
57.058752,60,409.399954
55.824363,60,409.474391
50.789177,60,409.567035
56.595788,60,409.653151
57.645169,60,409.729643
55.988647,60,409.808628
43.276076,60,409.881963
52.866822,60,409.956022
56.931176,60,410.031895
54.94066,60,410.10734
55.789723,60,410.194864
57.06523,60,410.277347
55.608137,60,410.369876
51.406081,60,410.459858
57.540042,60,410.545397
56.676311,60,410.625201
56.33838,60,410.710712
56.453539,60,410.783168
54.25203,60,410.872226
56.611077,60,410.958524
23.97715,60,411.040333
48.643472,60,411.13559
53.317331,60,411.216546
56.726491,60,411.306698
56.454703,60,411.395231
56.009494,60,411.479803
57.719273,60,411.571646
56.267826,60,411.656847
56.609209,60,411.745789
57.211,60,411.836764
56.626456,60,411.93437
56.333175,60,412.018872
57.45679,60,412.107798
57.248111,60,412.196157
56.805327,60,412.282112
55.015339,60,412.369693
56.108432,60,412.452209
52.25596,60,412.52867
57.061716,60,412.608256
57.08017,60,412.700275
52.933306,60,412.780156
55.068413,60,412.86425
56.923339,60,412.947169
54.623597,60,413.035683
56.491468,60,413.117226
36.754195,60,413.211937
55.315287,60,413.296015
57.23498,60,413.387654
54.655622,60,413.490305
55.942086,60,413.577878
37.37921,60,413.679017
57.866799,60,413.765108
15.734169,36,413.8193
56.703579,60,413.909117
54.810033,60,413.995318
55.548964,60,414.08081
57.623476,60,414.177714
56.034094,60,414.263222
56.396394,60,414.352184
57.546597,60,414.428594
55.499185,60,414.51968
57.622732,60,414.602146
57.794612,60,414.696261
55.926331,60,414.783241
58.238833,60,414.866822
57.832233,60,414.95299
49.703346,60,415.031003
56.749574,60,415.106047
40.922038,60,415.187581
43.586424,60,415.275766
56.158799,60,415.356141
56.968035,60,415.445573
56.974257,60,415.529927
40.256606,60,415.618196
52.503754,60,415.701589
57.925256,60,415.788367
56.214832,60,415.875405
56.410715,60,415.960906
57.143157,60,416.050027
54.37964,60,416.133953
54.392743,60,416.231133
57.280861,60,416.320587
53.629626,60,416.407075
57.85128,60,416.499602
56.534324,60,416.584601
37.48202,60,416.671109
51.739896,60,416.767711
57.45646,60,416.851936
57.898824,60,416.942927
57.075717,60,417.038311
57.530359,60,417.121887
51.236725,60,417.198849
50.951619,60,417.291974
56.426486,60,417.383042
57.58696,60,417.469351
24.227009,60,417.550234
57.024282,60,417.628259
56.691319,60,417.710853
56.103638,60,417.799418
27.019198,60,417.880407
56.938726,60,417.966423
57.490264,60,418.061661
57.45556,60,418.141191
56.7146,60,418.228064
57.458472,60,418.30936
55.498786,60,418.399843
56.745872,60,418.484482
55.992575,60,418.567469
54.310974,60,418.650969
57.597827,60,418.738422
54.585296,60,418.82653
56.247026,60,418.909411
51.416225,60,419.001847
45.723215,60,419.087445
49.008969,60,419.174989
56.388038,60,419.258985
56.895234,60,419.340931
56.823354,60,419.428068
56.973833,60,419.519136
57.063583,60,419.602198
57.449807,60,419.68315
56.868365,60,419.770324
54.911237,60,419.851152
57.119777,60,419.928959
56.687942,60,420.005313
57.442078,60,420.094548
56.289415,60,420.188171
57.207078,60,420.286703
54.329292,60,420.387685
53.821395,60,420.483755
54.551216,60,420.58638
13.4782,34,420.635736
56.70502,60,420.72136
56.212763,60,420.791877
56.145305,60,420.886768
56.427293,60,420.970069
56.069373,60,421.051558
56.184258,60,421.141679
56.489089,60,421.232217
33.493018,60,421.326911
39.370155,60,421.412086
14.79185,34,421.456779
45.17655,60,421.611616
55.597543,60,421.712163
56.140199,60,421.802714
57.143305,60,421.909381
56.689456,60,422.013072
15.964529,43,422.081455
52.606596,60,422.184179
7.888436,29,422.229631
48.73568,60,422.324676
56.593039,60,422.417702
54.965298,60,422.520002
55.793892,60,422.610736
56.24834,60,422.696563
54.882726,60,422.79214
54.74479,60,422.876178
56.218022,60,422.95865
55.578949,60,423.046193
57.206577,60,423.12783
56.425693,60,423.215611
45.134808,60,423.30402
55.571237,60,423.390898
11.840017,60,423.499143
57.707236,60,423.589562
55.243624,60,423.690178
53.127059,60,423.771067
56.870541,60,423.86657
57.12933,60,423.961219
57.592159,60,424.07053
54.550122,60,424.167872
57.64743,60,424.260981
55.505854,60,424.357977
57.537632,60,424.455067
56.083503,60,424.54462
51.049687,60,424.631633
55.119573,60,424.726345
56.514721,60,424.829609
56.648281,60,424.912071
21.732685,60,424.990927
42.664456,60,425.075989
57.06655,60,425.162053
55.984698,60,425.251135
56.125759,60,425.326608
57.603484,60,425.415207
57.172623,60,425.4979
57.479914,60,425.570316
56.364691,60,425.653825
57.366291,60,425.732621
58.233505,60,425.811112
58.184034,60,425.885591
57.025488,60,425.969067
55.694477,60,426.049004
19.874545,43,426.111277
38.415617,60,426.193258
56.775721,60,426.283005
57.626186,60,426.368566
32.624898,60,426.461719
57.415539,60,426.546245
57.595852,60,426.629627
52.384468,60,426.716623
44.303844,60,426.798542
43.789757,60,426.887413
56.624785,60,426.965832
56.826356,60,427.051044
56.323824,60,427.139065
57.029826,60,427.220462
56.651748,60,427.308506
56.329649,60,427.394089
54.903515,60,427.478675
33.941033,60,427.568291
55.81678,60,427.659936
53.337603,60,427.749587
55.94515,60,427.83406
56.322264,60,427.916942
56.78238,60,427.998945
56.954815,60,428.088489
56.906204,60,428.171024
56.241752,60,428.249584
58.03258,60,428.328988
30.062793,60,428.421041
57.224317,60,428.507908
56.875695,60,428.58674
57.489487,60,428.673183
55.195413,60,428.756986
38.379376,60,428.83738
56.376076,60,428.917936
57.319211,60,429.006976
53.440171,60,429.090995
44.597711,60,429.181661
53.356194,60,429.257689
56.141708,60,429.341691
25.693796,60,429.428279
58.199243,60,429.538289
55.29286,60,429.634632
41.427428,60,429.72342
29.03283,60,429.808175
56.526661,60,429.897854
56.223814,60,429.975461
50.142058,60,430.070001
55.85584,60,430.207508
58.552228,60,430.319579
55.402165,60,430.40001
56.808945,60,430.497426
52.028213,60,430.584799
55.935735,60,430.669227
57.262498,60,430.750624
52.003893,60,430.831683
57.81152,60,430.916219
52.205718,60,431.008173
57.548389,60,431.085705
55.491064,60,431.175865
40.813797,60,431.261808
57.243993,60,431.345335
56.357364,60,431.418751
57.274025,60,431.51083
57.470342,60,431.597291
57.780206,60,431.690301
56.28545,60,431.770226
55.81619,60,431.863888
55.493482,60,431.955506
55.735452,60,432.038035
57.347833,60,432.125092
54.98164,60,432.216643
57.715718,60,432.296293
57.14359,60,432.393163
53.27118,60,432.481234
56.537196,60,432.564699
57.352324,60,432.654755
57.83183,60,432.744776
46.226441,60,432.823622
55.838139,60,432.915377
36.491006,60,433.000468
56.751009,60,433.087482
30.007626,55,433.169946
55.741672,60,433.253545
56.853158,60,433.331941
55.001191,60,433.40428
57.066986,60,433.490194
56.497955,60,433.569262
52.27198,60,433.661345
53.966153,60,433.755639
56.682205,60,433.840632
54.934349,60,433.930606
54.199023,60,434.028638
56.71955,60,434.11188
54.174668,60,434.200312
56.844209,60,434.290628
56.692959,60,434.372906
36.028384,60,434.469943
56.757828,60,434.551494
56.315116,60,434.633555
56.152747,60,434.734741
48.267515,60,434.813658
47.377234,60,434.910201
57.032094,60,435.004716
51.858842,60,435.098921
34.187276,60,435.198902
57.526325,60,435.295516
54.696971,60,435.385184
53.82909,60,435.468137
57.575057,60,435.559668
55.614632,60,435.646948
57.888241,60,435.737038
57.15229,60,435.816858
57.56658,60,435.898264
54.894637,60,435.977637
55.435901,60,436.073496
57.410919,60,436.158834
56.602307,60,436.24326
56.760762,60,436.329775
56.544717,60,436.411776
51.625667,60,436.494838
55.924011,60,436.585916
51.786199,60,436.673469
56.653616,60,436.760391
15.851798,60,436.85179
56.56801,60,436.931752
56.692964,60,437.023754
57.71231,60,437.117273
56.713388,60,437.213442
58.102562,60,437.306473
57.805764,60,437.394083
56.161408,60,437.48375
57.494067,60,437.579977
53.577981,60,437.661509
56.694978,60,437.765636
58.122185,60,437.866663
57.780807,60,437.955105
55.893533,60,438.057764
58.372831,60,438.154923
57.324301,60,438.24343
55.932829,60,438.385457
57.598422,60,438.511733
57.453828,60,438.612798
50.594698,60,438.699832
58.309352,60,438.788297
58.235137,60,438.884966
57.586023,60,438.972511
57.999332,60,439.055023
56.998519,60,439.138439
57.043442,60,439.222447
57.58378,60,439.305972
57.681593,60,439.408609
56.790121,60,439.492397
56.541453,60,439.578903
54.637405,60,439.664647
57.3048,60,439.751225
57.657888,60,439.848325
57.001771,60,439.922621
50.382511,60,440.010208
56.977429,60,440.107051
54.536443,60,440.194042
52.331049,60,440.280402
56.741275,60,440.36382
54.773295,60,440.454097
50.975829,60,440.538133
56.436688,60,440.621687
52.853251,60,440.708661
56.302292,60,440.791726
16.979665,46,440.859259
57.994767,60,440.932686
20.30765,43,440.991488
56.889193,60,441.07305
56.67958,60,441.161142
57.825767,60,441.242086
58.246504,60,441.33964
56.653855,60,441.436664
57.73534,60,441.525425
56.562429,60,441.618193
57.638449,60,441.710752
57.663839,60,441.79582
38.30405,60,441.894517
50.453328,60,441.984583
51.27091,60,442.081599
55.877472,60,442.171721
54.403413,60,442.266389
56.905238,60,442.34833
37.912851,60,442.440247
56.23145,60,442.524655
55.328078,60,442.613815
53.027727,60,442.696075
56.53353,60,442.787913
56.935058,60,442.892863
56.556528,60,442.990221
58.054549,60,443.081704
56.636642,60,443.174847
57.380233,60,443.2523
54.603593,60,443.31791
57.879852,60,443.373764
57.662328,60,443.436652
58.519398,60,443.504601
56.061061,60,443.57353
55.958596,60,443.641466
56.852249,60,443.710862
54.219572,60,443.776921
56.92621,60,443.853338
53.44949,60,443.935843
57.219723,60,444.025872
41.882854,60,444.141306
57.170246,60,444.242472
56.818157,60,444.357631
55.775833,60,444.479271
52.422718,60,444.584912
52.418095,60,444.700137
57.773214,60,444.796625
55.369358,60,444.889232
56.946748,60,444.996497
54.497947,60,445.094693
56.048571,60,445.180188
58.247374,60,445.253501
56.714008,60,445.317208
39.350463,60,445.391448
51.75852,60,445.456385
35.167788,60,445.527808
50.976688,60,445.628541
57.480026,60,445.721621
55.570332,60,445.810211
53.999142,60,445.913816
55.432451,60,446.012454
55.989415,60,446.103793
57.812685,60,446.19066
54.247671,60,446.281256
54.723151,60,446.366316
58.28392,60,446.452719
23.078616,60,446.540294
57.909002,60,446.633917
56.235304,60,446.729978
58.40271,60,446.83458
56.328987,60,446.92417
56.039145,60,447.017648
57.382291,60,447.106461
38.701361,60,447.200847
54.986695,60,447.293806
55.648801,60,447.382715
53.49862,60,447.466477
56.954421,60,447.555759
55.353926,60,447.639576
51.220515,60,447.731206
56.461317,60,447.836031
57.023199,60,447.928608
53.757471,60,448.028
55.506379,60,448.114005
57.060688,60,448.199033
56.176507,60,448.301555
54.947144,60,448.38744
56.117713,60,448.477356
56.31392,60,448.565052
45.876974,60,448.661641
56.557414,60,448.76022
56.162983,60,448.8578
55.486457,60,448.948106
56.557645,60,449.030745
57.289152,60,449.121226
56.972457,60,449.22128
46.345488,60,449.32698
54.312406,60,449.43936
56.774846,60,449.548411
51.112406,60,449.644449
57.071141,60,449.745697
56.402034,60,449.844378
58.055104,60,449.938985
56.994365,60,450.040087
50.247792,60,450.139923
55.10167,60,450.237661
56.977498,60,450.328682
53.973073,60,450.416477
56.928787,60,450.510908
57.875497,60,450.625531
56.93821,60,450.743007
50.66512,60,450.874222
54.218581,60,451.009156
56.843912,60,451.120372
30.15802,60,451.20937
53.765841,60,451.294952
56.348001,60,451.42188
57.864258,60,451.526497
51.943886,60,451.624131
57.333911,60,451.721164
55.407289,60,451.818907
57.410869,60,451.935303
53.164138,60,452.043978
56.681569,60,452.180274
57.247442,60,452.320568
57.109941,60,452.431225
57.104032,60,452.518972
51.262345,60,452.615464
57.628137,60,452.697882
44.684179,60,452.800963
54.808501,60,452.900554
55.386413,60,453.009185
56.331204,60,453.11444
57.181557,60,453.233236
55.679261,60,453.324454
57.743353,60,453.407291
56.913355,60,453.491333
56.744897,60,453.581464
57.482043,60,453.665816
57.337872,60,453.763398
57.566316,60,453.853872
54.594112,60,453.943924
48.011592,60,454.034425
57.110266,60,454.150281
57.246102,60,454.263591
56.824469,60,454.376486
55.884177,60,454.489537
51.172989,60,454.591446
27.93613,60,454.698084
22.743807,60,454.805437
52.448923,60,454.938354
41.779158,60,455.076442
49.339405,60,455.204322
56.109731,60,455.318582
57.123881,60,455.417747
56.941169,60,455.527344
34.670655,60,455.629533
57.324952,60,455.738801
55.759853,60,455.836416
53.439822,60,455.929441
56.647443,60,456.039142
57.17991,60,456.137692
47.028528,60,456.247416
54.431682,60,456.358095
56.10916,60,456.469345
56.486377,60,456.590044
57.648317,60,456.711141
56.368321,60,456.81477
56.832644,60,456.908377
58.045481,60,457.017054
57.05026,60,457.111109
57.014729,60,457.21699
54.648401,60,457.304558
57.236017,60,457.384568
55.632246,60,457.474652
55.851832,60,457.571263
56.805449,60,457.664376
41.138507,60,457.769649
51.411377,60,457.866395
55.370083,60,457.959249
56.105164,60,458.053267
44.831386,60,458.141411
51.045825,60,458.229566
42.025639,60,458.317626
55.394352,60,458.419374
57.334617,60,458.509674
56.890892,60,458.598013
57.328728,60,458.680039
56.765981,60,458.772888
57.397353,60,458.87651
49.956371,60,458.960471
57.27666,60,459.053669
56.798873,60,459.149601
56.111422,60,459.241187
56.824273,60,459.337119
56.796599,60,459.424035
52.535997,60,459.504002
53.785983,60,459.580984
57.413711,60,459.658946
56.591656,60,459.730978
37.451631,60,459.805497
56.470603,60,459.890468
57.591454,60,459.968749
57.226009,60,460.055146
56.489621,60,460.139736
57.630136,60,460.223866
56.340029,60,460.303566
36.289237,58,460.38593
57.140792,60,460.469891
57.721386,60,460.567139
52.957863,60,460.661142
58.67327,60,460.753257
46.562732,60,460.856361
57.124031,60,460.948469
58.463223,60,461.048139
54.196116,60,461.14608
57.351165,60,461.232335
56.078409,60,461.326285
56.959623,60,461.422025
56.857805,60,461.508198
47.916823,60,461.618752
58.261574,60,461.708077
55.846641,60,461.789375
57.313581,60,461.881295
57.31066,60,461.965293
48.520067,60,462.062909
56.489164,60,462.166543
32.385452,60,462.28077
43.571966,60,462.36836
56.335514,60,462.462405
57.466528,60,462.646587
57.348102,60,462.743242
43.447378,60,462.834646
57.326041,60,462.92123
56.914164,60,463.012677
44.771176,60,463.107336
48.521473,60,463.196802
56.018701,60,463.288295
56.030007,60,463.373916
51.94545,60,463.461157
56.494045,60,463.563378
57.636628,60,463.663645
55.930674,60,463.758754
47.965985,60,463.850899
55.526224,60,463.940334
58.094788,60,464.000736
56.942443,60,464.061188
54.431525,60,464.136104
57.30985,60,464.204918
56.815271,60,464.276437
58.006499,60,464.344889
45.050127,60,464.432894
56.501127,60,464.520853
54.988438,60,464.606024
49.871855,60,464.693751
54.567349,60,464.782357
56.860718,60,464.871536
53.034481,60,464.959139
56.554375,60,465.047073
56.206566,60,465.135636
55.744096,60,465.23113
57.019187,60,465.318175
57.236868,60,465.402128
56.557011,60,465.479521
53.229085,60,465.549443
57.989997,60,465.614817
48.140994,60,465.681241
56.672141,60,465.760215
55.625341,60,465.847806
26.94378,60,465.933018
56.897145,60,466.00493
56.732925,60,466.090977
57.338313,60,466.176027
56.520413,60,466.259906
32.439355,60,466.349039
48.24375,60,466.443787
55.677867,60,466.52379
57.728484,60,466.589996
56.886895,60,466.651992
44.880761,60,466.722806
41.369895,60,466.7952
58.696548,60,466.871039
54.460989,60,466.945086
57.068246,60,467.015875
49.26951,60,467.089911
57.115336,60,467.166556
55.646094,60,467.240131
57.379269,60,467.319683
33.579817,60,467.394724
56.367251,60,467.474727
53.463682,60,467.548567
55.28524,60,467.622
