#{"t_start": 1790474652.3365755, "env_id": "None"}
r,l,t
9.979853,60,3.755664
14.847765,60,3.862699
32.147333,60,3.981953
16.845858,60,4.085516
20.434348,60,4.189136
3.159047,41,4.255088
36.195593,60,4.35166
14.645799,60,4.456806
13.868573,44,4.516476
14.64818,60,4.618319
9.757172,55,4.707795
8.166913,58,4.805337
17.990297,60,4.908938
19.460035,58,5.005199
7.293263,37,5.068064
6.658379,41,5.128928
18.515768,60,5.22562
11.920206,38,5.28444
42.236109,60,5.386038
15.501373,60,5.501666
7.692943,45,5.593041
20.124665,60,5.688662
12.515536,56,5.776261
13.575579,48,5.855298
19.427351,60,5.977644
8.046787,49,6.068142
12.544417,60,6.199985
10.770874,40,6.270276
3.131498,31,6.321045
13.256512,60,6.428197
6.06961,45,6.48804
20.972077,60,6.595748
13.525781,56,6.703534
3.144702,31,6.762489
4.737501,36,6.816573
13.747775,49,6.899671
20.73383,60,6.991462
35.208399,60,7.087974
5.617609,41,7.152412
10.856821,49,7.227947
19.478521,60,7.320089
30.086318,60,7.401609
25.468535,60,7.493608
3.384774,38,7.551858
11.08738,48,7.612691
21.452604,60,7.699848
20.336996,60,7.79451
42.612727,60,7.898392
19.575955,60,8.001253
19.602235,60,8.090487
27.526452,60,8.184094
37.627571,60,8.273148
11.927216,43,8.348994
19.474386,50,8.429434
11.629919,57,8.516475
26.713033,60,8.616177
14.187301,60,8.722871
14.291104,57,8.842199
8.390413,60,8.956158
5.176056,33,9.011494
8.189022,46,9.09691
18.299819,60,9.205074
10.556732,59,9.289474
3.236982,40,9.360794
21.841763,60,9.465467
26.431734,60,9.61015
28.971594,60,9.719903
12.094349,60,9.80847
7.351327,55,9.897074
26.656111,60,9.999853
26.802907,60,10.102575
19.28243,60,10.201632
15.623253,53,10.277529
18.472362,60,10.356436
16.895526,49,10.424406
10.292991,52,10.491265
20.412019,56,10.569772
25.074905,60,10.650687
12.255862,58,10.733168
29.826738,60,10.813168
13.755763,60,10.89849
27.718604,60,10.998464
19.325961,60,11.086533
22.821284,60,11.17517
4.519157,32,11.228541
23.469841,60,11.327226
16.03638,60,11.417967
19.854509,60,11.503454
24.589263,60,11.600158
11.029318,55,11.671644
32.390889,60,11.767371
19.14871,58,11.863051
12.915344,44,11.925474
7.518032,60,12.03064
14.631491,57,12.118182
15.208779,53,12.198053
30.767318,60,12.301104
11.752943,40,12.367119
14.82397,51,12.440135
45.346152,60,12.539282
5.778259,34,12.601761
38.219687,60,12.697414
34.208218,60,12.781373
25.076228,60,12.869035
11.171668,39,12.915272
20.271179,60,12.981373
34.524721,60,13.058836
18.653644,60,13.123818
16.723255,56,13.190356
31.375242,60,13.25825
25.945964,60,13.318064
22.763689,60,13.395066
32.442631,60,13.48514
22.778441,60,13.589755
14.95228,60,13.68273
12.110582,60,13.780079
19.270394,60,13.875046
16.38485,57,13.96359
32.477284,60,14.061877
15.168249,60,14.164062
37.386907,60,14.259244
27.441414,60,14.349421
18.116634,60,14.439618
21.535016,60,14.529563
21.318373,48,14.597463
11.450244,60,14.703956
21.158589,60,14.793368
28.636307,60,14.891683
2.588228,19,14.921856
5.048219,38,14.982643
10.137086,37,15.035027
11.689841,39,15.076306
24.039063,60,15.146153
7.895181,34,15.186769
36.535099,60,15.256197
7.230784,29,15.283367
29.606463,60,15.366573
10.58982,44,15.44409
41.825611,60,15.551283
11.937699,60,15.640808
12.497111,60,15.723807
21.106134,60,15.873321
27.828283,60,16.019167
20.503857,60,16.111178
16.485145,47,16.186085
21.81234,60,16.273002
22.666735,60,16.361899
7.423328,40,16.425104
15.3245,60,16.507962
12.191632,60,16.592981
18.452168,60,16.685186
26.905155,60,16.774768
28.739789,60,16.872975
29.343127,60,16.957977
25.721802,60,17.051158
27.973018,60,17.143572
23.852148,60,17.228899
22.755156,60,17.317918
21.481472,60,17.4109
24.734474,60,17.51294
35.486706,60,17.61914
35.582728,60,17.714313
23.34052,60,17.819494
20.606794,60,17.932696
24.503553,60,18.016518
12.212424,49,18.093437
19.620784,60,18.191951
29.960072,60,18.284647
12.541563,60,18.3692
24.063038,60,18.451332
50.789856,60,18.534464
16.529463,44,18.602468
8.56467,38,18.659966
8.413846,60,18.745926
32.349562,60,18.841837
17.497591,60,18.93364
20.275043,50,19.01247
38.631521,60,19.118469
29.366219,60,19.207173
19.215966,60,19.296181
14.304268,60,19.390234
14.50272,60,19.485197
7.262242,42,19.554172
15.160842,53,19.634618
15.128375,52,19.723537
26.56527,60,19.808055
12.950955,53,19.891591
34.098206,60,19.969679
17.999008,44,20.029365
30.127222,60,20.122292
14.646053,60,20.211824
35.394758,60,20.291825
24.048314,60,20.384952
29.463142,60,20.483145
33.564088,60,20.564074
33.763921,60,20.651965
6.648372,49,20.728482
14.651971,44,20.793144
18.871576,60,20.896062
7.31554,33,20.931298
20.276944,60,21.030005
39.840846,60,21.11113
4.325214,27,21.148266
41.217936,60,21.24227
11.885999,42,21.312663
22.609304,60,21.398191
17.723786,60,21.496017
25.871449,60,21.584899
9.592376,31,21.630626
10.862308,50,21.703003
11.087767,36,21.757814
28.588908,60,21.851942
7.122981,27,21.893263
13.784485,37,21.951164
4.703922,40,22.011978
24.405669,59,22.103002
8.034316,36,22.160337
13.077761,60,22.252417
21.508041,49,22.326868
10.61366,38,22.381175
26.68785,60,22.464701
46.517954,60,22.560359
7.38594,38,22.614736
23.6658,60,22.705275
15.913364,56,22.792273
11.998246,60,22.878382
18.30204,44,22.940815
33.034572,60,23.034315
19.144111,60,23.139307
35.098938,60,23.230747
36.874484,60,23.324304
46.56735,60,23.412866
25.729961,60,23.496861
20.903661,60,23.577295
7.440533,31,23.618545
26.047053,60,23.701861
23.069853,55,23.77883
25.721864,60,23.869864
2.836974,47,23.937275
26.79684,60,24.022231
6.647903,50,24.104517
4.170881,25,24.148131
16.995306,46,24.219275
20.572659,60,24.312157
8.257848,27,24.35177
7.265788,40,24.410516
9.929422,32,24.45832
9.499498,39,24.516228
23.007265,60,24.60633
9.599945,32,24.647079
23.392565,60,24.708809
5.397021,21,24.733473
2.452832,37,24.771695
31.655831,60,24.860703
7.11432,27,24.893394
32.596457,60,24.971318
12.499102,60,25.053597
22.739234,60,25.132647
14.739033,41,25.188444
13.212622,60,25.275396
20.945112,60,25.358107
6.032176,38,25.408099
9.328201,58,25.487673
39.06938,60,25.569672
2.959495,20,25.598805
16.651858,60,25.674344
8.740496,52,25.745896
19.809878,60,25.836008
19.022558,45,25.899361
11.792938,60,25.997338
27.959195,60,26.077958
19.156208,45,26.143337
26.14806,60,26.216786
25.476266,60,26.297478
19.700269,54,26.383144
10.440898,55,26.46502
8.113614,32,26.511225
28.948128,60,26.606177
19.535057,60,26.683611
35.893579,60,26.770224
25.786922,60,26.851268
23.235524,60,26.944423
3.37536,27,26.983188
9.272195,46,27.04764
35.679113,60,27.134615
15.252398,60,27.223156
21.163203,60,27.309119
14.829826,44,27.378575
27.712269,60,27.473283
26.878812,53,27.544253
15.373868,42,27.614137
33.608639,60,27.724477
23.427428,60,27.821511
26.334331,60,27.933103
38.203214,60,28.010303
13.040069,42,28.05921
23.428083,60,28.147621
32.713208,60,28.236681
9.061434,41,28.284448
19.182669,60,28.359421
33.14024,60,28.4602
25.334194,60,28.562873
21.925835,60,28.673933
12.766601,55,28.757288
19.016332,51,28.83731
18.107896,60,28.941883
16.902818,50,29.016298
32.036527,60,29.114829
23.784709,60,29.220511
30.315566,60,29.317507
34.23056,60,29.409865
13.520138,43,29.476527
17.98434,46,29.560046
27.270208,60,29.652175
17.012254,60,29.749305
40.179039,60,29.854027
24.192729,60,29.958747
14.038374,60,30.063861
19.743637,52,30.156553
29.10235,60,30.264507
7.999136,30,30.319461
29.860581,60,30.423441
14.59358,60,30.524108
11.037851,47,30.605687
18.985313,60,30.696102
23.635282,60,30.803949
11.290492,60,30.918754
19.783805,60,31.038107
17.794214,60,31.156623
25.074818,60,31.2591
16.385335,60,31.351424
7.056683,60,31.447894
14.686027,53,31.527832
15.507326,60,31.614196
39.972187,60,31.701961
26.65174,60,31.787643
13.284302,48,31.867216
19.926242,60,31.971378
28.803554,60,32.057798
29.362142,60,32.16406
2.810887,25,32.204325
14.577485,60,32.294873
11.051927,37,32.351945
7.379045,44,32.413601
26.479369,60,32.513566
31.801452,60,32.611274
29.002516,60,32.709755
25.113969,60,32.803226
7.054939,36,32.854608
31.461498,60,32.942613
27.961257,60,33.036038
18.745147,60,33.114132
11.592612,60,33.212664
34.834569,60,33.309209
32.086421,60,33.398624
19.593543,60,33.491541
17.034028,60,33.581099
11.759422,60,33.677666
29.63498,60,33.770806
26.022601,60,33.856718
17.574602,60,33.95569
2.9357,24,33.999012
16.182318,46,34.073023
18.377379,60,34.155975
25.477659,60,34.25166
17.058778,48,34.318465
24.74829,60,34.402484
20.051076,60,34.487414
25.165046,60,34.573572
18.688459,41,34.637368
16.504779,45,34.699201
14.726554,60,34.796206
35.839134,60,34.885373
24.5644,58,34.977378
11.52213,54,35.054381
32.490316,60,35.150403
12.003714,57,35.234682
12.309989,36,35.28683
13.387291,60,35.38011
14.63693,53,35.46393
9.985372,38,35.524424
27.40728,60,35.62189
18.915648,60,35.711495
37.100177,60,35.803166
15.810842,40,35.871223
32.798708,60,35.961191
17.150127,60,36.058351
24.656739,60,36.150403
10.749657,47,36.233203
18.435141,60,36.327595
33.120983,60,36.434262
15.366568,56,36.519797
8.083719,43,36.591136
14.645894,60,36.688287
13.93444,45,36.748726
29.979638,60,36.833754
6.0091,28,36.878496
30.031314,60,36.959546
24.338034,60,37.042123
18.143078,48,37.119634
35.424778,60,37.212151
32.001086,60,37.30121
8.275579,60,37.397491
28.812951,60,37.482346
36.604113,60,37.571163
14.210576,60,37.659163
27.706793,60,37.757388
15.270963,47,37.832852
16.96147,40,37.895728
21.108531,60,37.999874
16.311419,60,38.103108
20.84476,60,38.20733
16.848967,60,38.298064
19.60967,60,38.388996
29.208776,60,38.494153
26.296942,54,38.583671
23.450224,60,38.700557
26.176264,60,38.805921
30.442743,60,38.912624
21.968661,60,39.014971
19.857457,60,39.122023
21.434266,58,39.216446
19.774898,54,39.304956
25.790773,60,39.40466
22.173585,60,39.497264
22.435847,59,39.584673
24.702128,60,39.673985
12.836597,43,39.735518
19.826433,60,39.829593
23.731287,60,39.917077
26.418778,60,40.017621
8.048432,33,40.073452
9.62851,40,40.138568
17.418674,60,40.229365
28.801704,60,40.318789
28.977773,60,40.414208
16.167423,49,40.483969
10.686275,60,40.573933
25.353688,60,40.66912
26.633146,60,40.763304
11.422511,35,40.81492
17.551384,60,40.909033
22.137727,58,40.996756
21.864002,60,41.088888
26.081171,60,41.184726
14.229861,41,41.241967
9.02473,38,41.300783
35.880843,60,41.39737
10.851101,60,41.484775
20.94645,57,41.573119
22.746201,60,41.658096
36.850979,60,41.756625
25.256184,60,41.844189
20.505768,60,41.948437
21.363306,60,42.040016
19.58341,57,42.123534
40.281961,60,42.218219
33.116793,60,42.300166
33.029967,60,42.379301
11.07372,45,42.449265
24.405176,60,42.544419
29.225472,60,42.637274
24.261668,60,42.734849
20.360148,60,42.834008
31.802798,60,42.923503
14.659591,60,43.013089
16.629457,44,43.076555
3.762159,31,43.124841
37.555587,60,43.221422
14.217032,55,43.314886
32.88165,60,43.401855
26.666293,60,43.49796
12.326611,40,43.556711
40.807647,60,43.644103
31.039359,60,43.751089
22.211949,60,43.85211
24.478788,55,43.937495
13.622557,44,44.012373
21.072121,49,44.096799
8.277391,52,44.174852
24.68241,60,44.271049
22.910494,60,44.363049
21.0825,60,44.454515
10.193881,45,44.521724
11.432286,60,44.615511
12.751863,47,44.684682
43.813915,60,44.780708
11.315383,49,44.86272
21.17959,60,44.954273
30.346822,60,45.038902
26.237611,60,45.133908
27.838691,60,45.228533
26.934059,60,45.321666
17.433241,42,45.387782
42.811488,60,45.482282
15.284617,48,45.557806
32.634111,60,45.646323
29.365368,60,45.738927
20.292932,60,45.832644
19.726446,60,45.944287
26.980657,60,46.040413
21.628857,60,46.127462
18.769998,60,46.224698
25.881052,60,46.321472
18.503128,57,46.403069
27.854287,60,46.507117
19.994293,48,46.581401
28.564899,60,46.670876
17.911657,46,46.752862
32.111165,60,46.850539
40.529778,60,46.948627
8.549554,49,47.036027
24.753453,60,47.130873
8.622036,38,47.200097
17.049706,60,47.293073
29.525357,60,47.405773
36.363969,60,47.499547
11.87622,48,47.588657
24.74363,60,47.689208
12.129057,60,47.777615
19.045363,60,47.871116
8.373758,38,47.923424
17.91037,60,48.010228
15.832078,60,48.105718
22.679341,60,48.20626
18.870053,44,48.27199
11.829789,37,48.32933
28.48564,52,48.413651
35.162718,60,48.503253
28.925326,60,48.59128
33.667043,60,48.679881
32.210882,60,48.773933
20.85761,60,48.860538
21.776107,47,48.932615
27.775826,60,49.027666
25.64473,60,49.120168
31.205602,60,49.22437
13.569013,60,49.321711
19.399641,49,49.39614
29.042435,60,49.501593
26.811012,60,49.608067
25.301374,60,49.705442
13.413334,39,49.769323
5.208164,28,49.814139
22.793015,60,49.907223
28.385161,60,50.007844
26.601903,60,50.105335
21.196034,60,50.202995
32.093417,60,50.304093
25.936527,60,50.412668
39.978541,60,50.508393
25.091134,49,50.58433
30.014024,60,50.677576
30.82818,60,50.771676
14.782741,43,50.844629
5.50546,25,50.877817
23.311438,60,50.974055
21.085116,60,51.08248
34.257608,60,51.180515
38.955191,60,51.275948
39.494207,60,51.368924
12.798349,49,51.450866
29.268228,60,51.55254
24.14834,50,51.633198
9.5121,60,51.731428
30.564018,60,51.82107
4.49841,24,51.8588
11.225899,55,51.958398
23.462233,60,52.054469
49.743296,60,52.161831
23.838912,60,52.265846
35.764206,60,52.352111
41.109973,60,52.453287
28.313856,60,52.544573
28.858443,60,52.634618
34.056843,60,52.726112
24.08544,60,52.820682
10.476093,58,52.92081
17.118545,52,52.994216
26.08844,59,53.089252
32.049534,60,53.178662
27.781255,60,53.268814
22.302263,60,53.351657
16.507564,60,53.458316
21.836358,60,53.541428
24.066426,60,53.613429
28.021745,60,53.695923
11.688484,54,53.777991
27.807668,60,53.860766
27.921465,60,53.960913
12.58555,46,54.027789
30.324708,60,54.135338
42.696419,60,54.231426
19.540666,60,54.311901
14.241673,60,54.399916
25.821029,60,54.476991
26.743601,60,54.573556
14.705035,60,54.660609
29.20998,60,54.747561
18.329254,46,54.82204
32.694732,60,54.901083
8.028808,32,54.946784
11.329394,41,55.011677
17.577345,60,55.095678
3.851193,24,55.125413
29.203629,60,55.211445
23.252536,60,55.307058
28.873289,60,55.398147
17.633908,39,55.464603
15.608659,60,55.553526
25.210104,60,55.658653
29.79136,60,55.755679
39.764531,60,55.853649
25.468908,60,55.952785
34.932663,60,56.050153
24.389798,60,56.145715
17.886258,60,56.240683
23.472642,60,56.34637
16.868884,60,56.441619
21.08473,60,56.537765
18.569587,60,56.640814
21.744993,60,56.73403
11.933214,43,56.804021
14.521469,60,56.904209
26.216665,60,57.004292
26.590567,60,57.092689
43.017652,60,57.209223
55.690584,60,57.302768
40.324138,60,57.395639
25.426359,60,57.493381
16.253243,43,57.566813
13.736878,48,57.654225
46.454265,60,57.744222
27.286999,60,57.836428
18.811156,60,57.943587
21.070268,60,58.03261
43.391555,60,58.131696
9.403251,60,58.229789
14.086383,49,58.321312
12.208351,60,58.409392
19.023353,60,58.502868
33.296945,60,58.61446
15.22298,60,58.717474
26.451166,60,58.808258
16.36535,39,58.868553
18.853043,60,58.969096
25.596441,60,59.070357
15.739282,60,59.161016
13.914018,54,59.2471
21.249573,60,59.337505
12.21368,48,59.409873
30.14872,60,59.503466
18.25695,60,59.60512
11.087626,60,59.693081
39.074638,60,59.780495
32.080591,60,59.871423
26.646282,60,59.967483
19.846489,60,60.076622
18.019602,54,60.159688
16.280575,60,60.255214
33.080226,60,60.361748
24.569123,60,60.450191
37.353119,60,60.54561
30.797674,60,60.679344
22.73981,60,60.792951
46.742844,60,60.892999
36.79588,60,61.001239
23.415996,60,61.106374
10.239981,30,61.152525
26.974793,60,61.240508
26.885748,60,61.333572
23.192824,60,61.421026
35.285585,60,61.514328
28.28621,60,61.611115
16.782824,50,61.685479
16.671017,45,61.760974
27.066938,60,61.849099
32.373763,60,61.950312
41.323763,60,62.033808
12.805334,60,62.126869
32.574233,60,62.212575
13.278278,49,62.30414
20.398388,60,62.427013
18.668815,60,62.517908
17.59484,60,62.609508
28.924406,60,62.702848
13.455373,60,62.803402
14.204108,50,62.884314
18.633171,59,62.977504
31.083925,60,63.074134
42.157293,60,63.172247
26.766093,60,63.276579
32.07377,60,63.378956
21.310416,60,63.483081
36.306252,60,63.590737
30.142337,60,63.686828
20.461743,60,63.789088
31.584136,60,63.881796
27.380607,60,63.983823
35.746911,60,64.079628
24.607888,60,64.180877
13.050479,41,64.247094
17.787147,60,64.339021
41.264034,60,64.423419
21.562037,60,64.516014
8.652989,37,64.566837
27.422887,60,64.657981
33.597902,60,64.748429
24.010926,55,64.835259
33.224442,60,64.925894
41.389122,60,65.013875
25.547137,60,65.102841
14.318282,60,65.195939
21.756805,53,65.27227
23.526421,60,65.365306
43.226165,60,65.456885
18.463973,60,65.54795
48.538708,60,65.635058
21.357004,60,65.73226
26.225131,53,65.80982
35.11143,60,65.89939
32.399401,60,66.001026
40.196929,60,66.078011
1.441502,54,66.163989
33.956779,60,66.253785
9.334563,33,66.300536
13.109135,60,66.385486
42.115537,60,66.471435
22.072311,60,66.560398
33.227528,60,66.643427
24.358844,60,66.739498
48.16839,60,66.839082
25.244226,60,66.940771
32.762761,60,67.035456
40.340562,60,67.111856
20.788291,60,67.193472
17.206741,60,67.282776
31.325567,60,67.361656
17.311432,60,67.44013
10.311691,56,67.521239
13.962481,56,67.597763
14.097005,60,67.679103
12.703658,60,67.754008
37.324363,60,67.836949
12.545422,44,67.904974
15.114015,60,67.992074
29.402659,60,68.090605
20.045373,60,68.174077
37.998249,60,68.273239
31.841124,60,68.36334
27.622647,60,68.45338
22.328124,60,68.557235
30.665787,60,68.644506
11.007812,58,68.736303
16.004286,54,68.808337
39.577586,60,68.890139
31.316331,60,68.975067
21.220724,60,69.067371
13.223943,50,69.144904
34.009372,60,69.223219
34.880916,60,69.310642
40.703484,60,69.388871
6.474799,26,69.425119
8.38098,32,69.46992
28.924472,60,69.558161
32.263269,60,69.638188
21.741073,60,69.716697
22.51585,55,69.793868
13.087065,60,69.888362
19.569253,60,69.979509
33.696941,60,70.072044
23.434047,60,70.14993
22.145064,51,70.212234
24.785125,60,70.287617
10.143905,56,70.360551
28.767543,60,70.445695
13.375703,45,70.506986
13.718878,60,70.619299
25.204999,60,70.712807
34.508728,60,70.800831
5.442507,34,70.85507
23.435487,60,70.949898
23.954623,60,71.037832
32.477128,60,71.124162
45.196698,60,71.210321
21.705821,60,71.298346
21.516273,60,71.392948
37.247741,60,71.480727
11.785871,60,71.576725
30.933533,60,71.663991
35.105562,60,71.751069
30.050764,60,71.839677
12.962492,60,71.935839
18.417333,60,72.016831
32.344588,60,72.112175
19.426874,52,72.187711
38.072728,60,72.268403
24.618757,60,72.353957
12.855523,58,72.435977
18.294602,60,72.521388
26.835147,60,72.618945
15.761026,60,72.720703
19.878826,60,72.810195
24.266885,60,72.893542
17.276168,59,72.972157
27.641143,57,73.043725
14.022625,60,73.128275
12.396252,50,73.203163
32.745013,60,73.288974
26.608562,60,73.374996
25.978614,60,73.470184
34.656558,60,73.544663
26.901019,60,73.630237
27.198636,60,73.712322
6.407925,52,73.784788
9.626523,36,73.835082
22.430967,60,73.946853
21.705264,60,74.044934
12.373088,60,74.150049
29.985924,60,74.246625
33.150905,60,74.349234
31.074975,60,74.453867
24.213587,60,74.567646
32.60944,60,74.66119
33.511334,60,74.751199
13.806551,59,74.833668
16.975963,60,74.91247
29.98246,59,74.999239
32.597679,60,75.083277
28.62794,60,75.180274
26.157346,60,75.27216
37.250076,60,75.361704
24.350377,60,75.455746
13.685479,54,75.535299
52.02147,60,75.635057
31.241656,56,75.718068
31.014557,60,75.812058
29.459118,60,75.909983
33.047504,60,76.01009
26.561632,60,76.101668
17.459805,60,76.194016
23.195841,60,76.29863
28.922145,60,76.386667
19.453761,60,76.477185
28.763719,60,76.577322
27.392719,60,76.668921
27.903795,58,76.760331
27.621527,60,76.848394
18.980831,58,76.943892
29.872205,60,77.039912
21.961215,60,77.139148
24.963942,60,77.227156
39.593946,60,77.31317
33.150543,60,77.403742
29.056643,60,77.488429
15.570795,45,77.613657
28.954021,60,77.713713
23.452065,60,77.800768
29.254991,60,77.889328
8.112017,60,77.977841
8.571691,36,78.032736
24.776394,60,78.123781
16.027842,53,78.209725
37.586471,60,78.299275
13.482409,48,78.365796
9.375997,50,78.440339
30.083734,60,78.538969
13.324518,58,78.625993
25.21643,60,78.731659
21.883362,60,78.821366
35.993839,60,78.925029
18.07531,59,79.027533
20.985985,57,79.115382
17.256071,60,79.219539
28.215613,60,79.325203
11.919407,42,79.393542
13.628122,48,79.471794
10.402154,51,79.545786
14.332045,59,79.633779
9.812014,44,79.70378
16.313812,60,79.790265
32.421486,60,79.89037
32.131354,60,79.97998
29.866747,60,80.074111
24.523288,60,80.161633
25.424612,60,80.245144
21.004196,60,80.321441
46.527276,60,80.405484
14.221918,60,80.490468
26.20918,60,80.580049
26.499913,60,80.670643
21.210091,60,80.764923
30.330699,60,80.87307
10.132183,41,80.932417
35.874991,60,81.019914
27.513275,60,81.10824
20.485657,60,81.209988
22.842542,60,81.291516
39.413423,60,81.386689
24.846916,60,81.49002
27.600295,60,81.590665
14.457865,60,81.685847
29.348074,60,81.770359
14.197254,60,81.869907
43.033935,60,81.967067
28.46048,60,82.046677
20.07276,60,82.153819
40.857561,60,82.252423
33.238165,60,82.353744
16.372259,58,82.46398
36.926512,60,82.564712
24.243484,60,82.653297
53.362564,60,82.750961
20.23601,60,82.814875
32.600781,60,82.885674
27.036528,60,82.978657
15.93263,54,83.052191
15.137868,42,83.112141
36.238778,60,83.210158
21.506506,60,83.297826
36.170756,60,83.388833
17.447196,51,83.468571
27.410311,60,83.556152
35.535041,60,83.641643
11.999227,60,83.728755
38.523231,60,83.816818
20.083071,60,83.902424
18.955216,60,83.969926
23.898413,60,84.033714
16.970282,49,84.086516
15.021192,60,84.158068
33.081319,60,84.230512
26.83606,60,84.294015
27.136471,60,84.362005
25.307348,60,84.435464
38.975051,60,84.520499
46.780435,60,84.616129
27.958846,60,84.713207
41.828745,60,84.812668
48.366699,60,84.900581
33.626553,60,85.002658
28.685423,60,85.099806
26.700659,60,85.193905
52.867411,60,85.293618
33.41264,60,85.390091
28.402309,60,85.47927
25.033872,60,85.570468
32.091976,60,85.65841
23.337496,60,85.75525
43.088017,60,85.852288
24.914083,60,85.950875
22.964779,60,86.043934
14.428,41,86.1204
27.404425,60,86.20949
14.228566,60,86.305366
37.159207,60,86.403212
23.574756,60,86.493676
42.475312,60,86.596974
26.254217,60,86.673351
33.847731,60,86.747321
29.110383,60,86.823766
23.868529,60,86.924408
24.175917,60,87.023937
30.680062,60,87.108422
32.026345,60,87.214966
29.86956,60,87.304597
14.878095,60,87.39848
30.910193,60,87.491008
30.297371,60,87.588498
26.231457,60,87.672577
23.032346,60,87.769096
32.717524,60,87.863221
28.813045,60,87.953145
39.080484,60,88.047181
31.206863,60,88.129182
12.07183,54,88.214854
22.769518,60,88.301434
22.329758,60,88.398241
12.054609,43,88.470136
21.814256,60,88.568752
27.495472,60,88.66253
34.083708,60,88.754665
36.551617,60,88.8412
35.420841,60,88.92966
26.665439,60,88.994982
31.514444,60,89.068707
39.993634,60,89.138797
48.507108,60,89.193017
29.287714,60,89.278588
37.16151,60,89.353697
26.552388,60,89.446298
26.44592,60,89.542254
18.021727,60,89.632218
27.6293,60,89.749612
34.235049,60,89.844525
26.21061,60,89.936618
16.723875,42,90.011938
33.345567,60,90.101862
39.001927,60,90.207451
39.80619,60,90.288821
27.125099,60,90.38338
33.206266,60,90.473429
23.707039,60,90.561876
20.697378,60,90.651792
45.034128,60,90.739915
22.832086,60,90.830305
35.000408,60,90.921119
29.760638,60,91.008742
42.488888,60,91.103894
22.113065,60,91.196517
42.834944,60,91.28463
21.060949,60,91.368633
29.340883,60,91.458347
19.545201,60,91.544458
30.603029,60,91.640141
22.620903,60,91.719974
20.007492,60,91.807562
35.322645,60,91.889558
20.071828,60,91.972527
43.721094,60,92.060606
28.92887,60,92.153234
26.697099,60,92.245859
35.396579,60,92.336742
20.770423,60,92.421382
32.026694,60,92.503161
26.314818,60,92.591719
19.071647,60,92.682378
38.047454,60,92.763408
34.863486,60,92.852408
42.828704,60,92.942009
14.800615,60,93.021906
25.37149,60,93.100954
27.486515,60,93.182945
30.482165,60,93.262595
8.870021,47,93.324737
25.837674,58,93.402209
21.073968,60,93.485149
28.06315,60,93.569476
14.683394,60,93.661573
32.474892,60,93.743052
15.059877,59,93.829092
19.317986,60,93.909707
37.810531,60,94.007731
37.475293,60,94.088784
36.457991,60,94.178738
13.010514,37,94.229564
15.228667,60,94.313601
58.25531,60,94.398346
18.972189,60,94.482813
21.901356,60,94.571296
19.405702,52,94.655635
27.17113,60,94.733164
39.347156,60,94.820717
37.706915,60,94.919502
15.908631,38,94.975944
12.978639,60,95.06199
30.06015,60,95.148581
15.554448,60,95.249385
36.677156,60,95.339995
29.296492,60,95.432827
20.562372,60,95.521122
50.48513,60,95.612609
17.898932,60,95.693558
18.176182,60,95.773507
19.929724,60,95.85211
22.46514,60,95.940695
12.039863,56,96.024574
31.455951,60,96.113174
37.995934,60,96.215769
27.429279,60,96.298329
41.975878,60,96.386349
39.524612,60,96.469373
25.089509,60,96.560414
20.823253,56,96.64483
24.786088,60,96.736011
21.602125,60,96.826026
50.608154,60,96.904896
41.432361,60,96.999936
34.16204,60,97.086163
39.459192,60,97.178268
27.537132,60,97.273599
37.84398,60,97.361211
31.447395,60,97.457826
32.163495,60,97.54879
18.510677,60,97.628812
41.748333,60,97.719953
27.435358,60,97.809199
30.3614,60,97.902591
14.180947,49,97.997716
21.193409,60,98.11561
10.97623,40,98.181954
25.061272,60,98.272469
38.978264,60,98.362067
11.528071,60,98.443461
40.66429,60,98.527973
40.502794,60,98.616582
43.09951,60,98.701633
20.706304,53,98.797332
31.28998,60,98.885549
10.963358,44,98.955416
26.393095,60,99.043371
20.67142,60,99.133413
35.090278,60,99.221881
30.772754,60,99.31574
39.182968,60,99.40785
23.255024,60,99.496919
31.807198,60,99.591369
39.904602,60,99.683885
19.343923,60,99.767858
21.250722,60,99.857352
7.815559,33,99.904721
30.125035,60,99.98371
25.193955,60,100.079842
27.629542,60,100.172832
42.026789,60,100.262352
31.455396,60,100.342893
34.972202,60,100.437505
19.608719,60,100.526062
27.23246,60,100.61004
27.752179,60,100.700105
10.76017,31,100.747895
30.805643,60,100.826989
12.030327,60,100.912049
18.119327,60,100.993557
25.121213,60,101.071094
33.289408,60,101.156959
19.529417,60,101.248287
31.237448,60,101.337636
18.956029,60,101.425515
28.179643,60,101.52157
18.741073,57,101.610295
40.2388,60,101.691205
26.199949,60,101.782335
31.030044,60,101.863275
35.29053,60,101.973464
23.507933,60,102.079439
25.477641,60,102.206058
26.439772,60,102.302148
42.468556,60,102.389201
40.976745,60,102.491006
19.818387,60,102.581367
49.17798,60,102.670005
24.382364,60,102.765124
10.42202,45,102.82902
24.673685,60,102.921095
30.814629,60,103.022786
26.004729,60,103.109332
17.541516,59,103.202413
25.434876,60,103.292459
41.793556,60,103.391166
28.035136,60,103.473654
17.308027,60,103.560723
39.450538,60,103.645663
21.309736,60,103.73331
15.795114,60,103.808913
17.594375,60,103.889458
25.937335,60,103.972553
27.929027,60,104.063457
31.388532,60,104.152045
37.68049,60,104.245641
15.783663,47,104.321575
34.956158,60,104.423092
33.815567,60,104.51062
34.720786,60,104.599365
43.34645,60,104.698374
46.707073,60,104.799845
34.796399,60,104.90387
28.530138,60,104.991288
33.510639,60,105.084453
37.548016,60,105.181139
50.976611,60,105.278268
52.266385,60,105.375394
19.289718,60,105.470053
25.620488,60,105.571331
14.763369,60,105.674256
30.248699,60,105.768954
27.366565,60,105.86474
39.318707,60,105.968726
35.216193,60,106.060897
36.503181,60,106.149275
33.252105,60,106.250542
25.359602,60,106.34895
24.169961,60,106.45052
24.104561,60,106.538095
23.882902,60,106.621665
24.891256,60,106.715267
29.501451,60,106.813305
19.246781,55,106.904707
48.12876,60,107.009879
32.086871,60,107.09861
40.763342,60,107.193082
24.189409,60,107.285196
23.46711,60,107.377827
34.507845,60,107.468856
36.244361,60,107.560418
55.16649,60,107.648442
14.679468,50,107.730414
50.183082,60,107.826503
39.52297,60,107.912593
36.558409,60,108.009186
8.744326,34,108.061299
43.097671,60,108.149935
42.844029,60,108.24761
11.249902,44,108.321508
40.855223,60,108.414413
23.400377,60,108.507982
32.387889,60,108.604088
38.163353,60,108.698222
20.209352,60,108.78534
18.961778,54,108.869879
28.098857,60,108.963033
27.247128,60,109.051069
35.431685,60,109.13005
25.18597,60,109.212725
22.842128,60,109.298595
17.035124,60,109.393162
41.619939,60,109.474704
33.238159,60,109.573319
40.64158,60,109.664055
10.390212,37,109.720399
47.583518,60,109.813045
10.592269,31,109.852801
21.209761,60,109.949957
16.265829,45,110.021942
24.462355,60,110.110393
38.681899,60,110.21993
45.969564,60,110.31453
30.560105,60,110.419788
46.847089,60,110.506428
37.824228,60,110.613087
5.986248,46,110.689033
23.490657,60,110.783466
14.712309,56,110.87836
29.477956,60,110.991529
24.623477,60,111.089537
37.596452,60,111.187646
16.594487,60,111.292239
43.13667,60,111.388774
32.602,60,111.48652
32.859508,60,111.591274
33.700266,60,111.677111
13.742511,45,111.74646
30.704395,60,111.831921
22.254653,60,111.915375
19.333038,60,112.007375
39.006805,60,112.107404
27.141351,60,112.204529
35.823873,60,112.303384
36.170219,60,112.392517
35.564773,60,112.488558
46.711558,60,112.584213
12.832039,36,112.64005
32.422855,60,112.728477
36.749619,60,112.826067
21.258676,60,112.91716
42.043777,60,113.008443
27.46121,60,113.114483
50.696068,60,113.201795
33.278915,60,113.302534
46.249407,60,113.414853
25.81865,60,113.533032
17.054488,60,113.657103
9.355798,35,113.714434
28.613603,60,113.824125
26.337164,60,113.950445
31.246949,60,114.050996
26.238869,60,114.154032
29.328201,60,114.245628
9.895946,47,114.329082
14.95972,60,114.43418
15.043611,47,114.504544
39.280368,60,114.600098
27.112255,60,114.687075
42.544615,60,114.770619
33.163686,60,114.862772
24.243915,51,114.935169
15.975065,60,115.030766
34.457213,60,115.135391
27.483243,60,115.240048
28.336892,60,115.331282
35.941781,60,115.426702
14.443703,60,115.516227
22.401415,59,115.612747
16.736718,60,115.711366
24.230301,60,115.811011
28.45289,60,115.900607
27.676489,60,115.988656
17.705958,54,116.08261
15.963746,60,116.171527
5.048083,47,116.240898
32.357075,60,116.330937
28.212666,60,116.414001
25.352552,60,116.506964
28.512116,60,116.585358
25.302088,60,116.67334
31.711969,60,116.763398
24.576213,60,116.851482
30.032526,60,116.943129
32.158626,60,117.032865
15.198027,59,117.129463
22.70636,57,117.210443
16.530782,47,117.285722
40.390536,60,117.38181
23.991375,60,117.46696
17.113532,60,117.555102
4.630654,25,117.589286
39.179388,60,117.684396
27.963177,60,117.771543
36.198889,60,117.868549
20.816134,60,117.969098
31.410469,60,118.056986
13.158273,50,118.122892
43.474362,60,118.224044
34.506388,60,118.318778
25.302995,60,118.419417
38.428961,60,118.530681
24.477363,60,118.635285
23.663627,60,118.747562
27.492959,60,118.827978
14.831451,60,118.907965
29.600001,60,118.971334
23.758216,60,119.038732
37.669363,60,119.102231
12.833979,45,119.14945
41.762836,60,119.215817
24.645819,60,119.286649
25.42288,60,119.358954
20.875008,60,119.43291
30.480574,60,119.522017
41.085909,60,119.616717
23.628373,60,119.696043
34.949381,60,119.77953
24.631714,60,119.862539
20.161266,48,119.924643
37.65272,60,120.000123
18.244232,60,120.075627
43.830958,60,120.163057
25.321142,60,120.263189
25.506526,60,120.353145
29.339261,60,120.451129
24.920586,60,120.538685
28.51238,60,120.632824
17.400402,49,120.704211
22.708082,60,120.800773
6.103868,38,120.856518
12.003426,35,120.907281
38.104669,60,121.006198
33.436573,60,121.099621
14.123238,60,121.188694
43.123318,60,121.288754
49.966943,60,121.376835
32.089044,60,121.472847
24.222474,60,121.568112
12.379168,52,121.639556
13.848063,50,121.722951
26.645216,60,121.81237
43.059264,60,121.902243
31.127247,60,122.009572
27.085366,60,122.112758
19.422795,60,122.209372
31.23384,60,122.30097
30.126881,60,122.39239
12.379544,38,122.441143
42.664222,60,122.528845
35.583306,60,122.625845
15.31702,46,122.687227
42.347651,60,122.770787
46.547019,60,122.864644
25.10997,60,122.955535
29.969231,60,123.067226
44.428273,60,123.172087
12.25045,44,123.239983
29.359487,60,123.332028
14.664838,60,123.42719
29.493854,60,123.529284
28.334272,60,123.617258
27.442664,60,123.712687
26.760233,60,123.798713
25.098609,60,123.895802
35.166458,60,123.98384
21.780503,60,124.078402
32.839588,60,124.178536
25.065608,60,124.261236
32.500731,60,124.348766
50.598755,60,124.449419
24.465802,52,124.529043
22.222052,60,124.615636
25.788565,60,124.705234
33.093965,60,124.79598
11.112828,47,124.859812
36.345738,60,124.955936
12.902217,60,125.045069
14.156628,60,125.133179
16.915411,60,125.231202
43.197462,60,125.310455
38.603473,60,125.395272
22.331539,60,125.490963
31.243627,60,125.588112
32.417392,60,125.686067
20.893513,60,125.787197
19.863776,60,125.881275
45.095852,60,125.978226
21.415859,55,126.068034
28.810407,60,126.167084
35.879129,60,126.261258
38.522777,60,126.336682
32.49217,60,126.399954
42.013955,60,126.467311
18.961804,60,126.532773
42.999393,60,126.59568
22.649247,60,126.672773
31.110503,60,126.757839
23.962827,60,126.860102
16.564394,52,126.936108
9.657082,33,126.988408
23.822886,60,127.090651
31.222175,60,127.187781
16.223719,60,127.29118
33.739504,60,127.383939
38.705598,60,127.480645
34.316611,60,127.576691
40.152666,60,127.662186
32.483236,60,127.747778
17.622347,60,127.825742
7.069178,45,127.884027
33.283022,60,127.982913
18.330486,60,128.087653
32.393057,60,128.196585
12.24702,60,128.2928
31.138981,60,128.387284
26.658715,60,128.495049
25.471865,60,128.603792
10.723778,34,128.662954
37.180289,60,128.761524
23.488065,60,128.866801
34.849658,60,128.964973
30.567158,55,129.048143
38.795459,60,129.156231
45.859638,60,129.252773
18.167876,60,129.389588
35.344963,60,129.577777
24.223669,60,129.759303
21.974355,60,129.867413
21.74782,60,129.964075
31.78438,60,130.079872
33.901315,60,130.18288
39.197646,60,130.314675
21.95483,60,130.424595
25.73139,60,130.549659
41.429064,60,130.66774
34.445506,60,130.776715
24.700144,60,130.88535
28.572387,60,130.992643
18.088156,40,131.069051
46.004474,60,131.199614
32.800471,60,131.315101
37.277037,60,131.435617
21.858605,60,131.545374
37.958393,60,131.646998
29.656306,60,131.751262
15.9691,60,131.849791
25.779413,60,131.952512
31.21764,60,132.058241
43.936979,60,132.14188
37.993147,60,132.24002
50.866144,60,132.346754
31.822173,60,132.44225
28.963204,60,132.547852
26.925157,60,132.630727
32.59499,60,132.72268
20.380623,60,132.818675
24.503595,60,132.900028
23.892782,60,133.00578
15.834211,60,133.103855
28.215977,51,133.190713
21.025896,60,133.284292
1.730304,31,133.346726
46.754683,60,133.441634
35.700363,60,133.523005
27.178843,60,133.610322
19.460322,53,133.684898
26.129348,60,133.772543
25.583172,60,133.87025
26.759274,60,133.953028
32.793598,60,134.044709
16.244839,60,134.140819
27.571826,60,134.235377
51.857473,60,134.322754
28.965569,60,134.409129
23.630699,60,134.499039
39.331111,60,134.586948
47.988427,60,134.675844
31.62198,60,134.750399
40.314287,60,134.845046
33.178607,60,134.932108
16.872084,60,135.018401
22.758879,60,135.112091
36.78299,60,135.19561
42.015756,60,135.290062
21.115801,60,135.382465
15.537982,60,135.461864
25.364434,60,135.560427
14.98597,57,135.658093
25.790738,60,135.748667
25.550023,60,135.840278
33.903701,60,135.93535
41.37059,60,136.027945
46.043286,60,136.102272
27.853545,60,136.195918
16.44448,60,136.276637
35.01,60,136.361123
18.563196,60,136.45295
33.107091,60,136.532763
22.925252,60,136.626748
48.781496,60,136.720646
14.605209,60,136.805617
23.721293,60,136.896686
19.556728,42,136.963501
27.542282,60,137.054105
36.829661,60,137.137583
27.390948,60,137.243853
37.807487,60,137.335297
33.911383,60,137.424758
42.236027,60,137.520258
25.763463,60,137.607212
15.499829,60,137.710947
36.888615,60,137.807442
29.689939,60,137.897949
35.398507,60,137.989009
35.941886,60,138.072478
40.710508,60,138.169129
19.076315,53,138.256164
25.850819,60,138.364961
29.542028,60,138.446768
16.849381,49,138.531623
38.177783,60,138.630511
23.740697,60,138.722814
42.925878,60,138.819743
33.606562,60,138.902365
42.352266,60,138.986444
23.278457,60,139.081614
16.414673,58,139.185845
36.672754,60,139.286899
22.164107,60,139.381365
17.757892,60,139.470055
18.975904,60,139.568764
19.154254,60,139.660269
44.083005,60,139.759232
34.830209,60,139.857767
36.136479,60,139.9503
32.196132,60,140.050479
24.654986,60,140.140876
44.557404,60,140.239862
19.170382,60,140.342699
28.86503,60,140.43624
34.51287,60,140.53876
15.060435,50,140.631127
30.75638,60,140.723513
38.685148,60,140.830651
35.696156,60,140.925205
38.518758,60,141.02569
41.995032,60,141.114532
26.950153,60,141.217262
6.228742,31,141.270642
16.12682,60,141.370736
38.146618,60,141.463669
37.479096,60,141.552692
28.561773,60,141.643781
23.687072,60,141.734512
24.502409,60,141.832529
24.938641,60,141.941119
29.446754,60,142.032754
20.724027,60,142.120173
37.474853,60,142.220361
17.308225,59,142.31246
30.096111,60,142.401898
45.366511,60,142.487763
40.231955,60,142.581124
29.531492,60,142.672874
7.172068,40,142.735716
31.455969,60,142.83071
27.285886,60,142.922699
33.257155,60,143.022751
27.035646,60,143.118479
48.186559,60,143.221043
39.125249,60,143.319733
18.941604,54,143.396083
38.233973,60,143.489618
17.568651,60,143.582361
35.198189,60,143.673281
48.971955,60,143.76236
35.724002,60,143.865295
45.709026,60,143.951689
20.115469,60,144.051893
27.585353,60,144.141598
18.532073,60,144.225058
31.116892,60,144.332276
49.273301,60,144.42736
35.869831,60,144.509737
37.855468,60,144.603742
23.864756,60,144.687082
49.093328,60,144.775205
42.400888,60,144.859087
26.099032,55,144.942674
30.324779,60,145.023746
16.957071,47,145.086782
13.165881,46,145.157671
44.806059,60,145.247135
43.567023,60,145.33156
46.019307,60,145.416157
17.9992,60,145.521305
38.031736,60,145.614868
32.919835,60,145.71803
27.000697,60,145.813632
20.304148,51,145.886984
11.808666,54,145.973502
34.702859,60,146.05581
37.338474,60,146.138141
34.972452,60,146.224243
26.211432,60,146.308313
38.305443,60,146.406944
23.213853,48,146.476357
23.397225,60,146.57065
28.429994,59,146.656168
8.853686,47,146.72209
20.085373,60,146.810677
41.042266,60,146.892269
22.556802,60,146.98039
15.366848,60,147.063812
31.882462,60,147.144751
15.574102,48,147.214651
34.548588,60,147.306245
35.069694,60,147.38681
20.935952,60,147.475968
37.441178,60,147.563597
27.485849,60,147.647114
38.165568,60,147.72408
38.417841,60,147.808798
30.26952,60,147.89199
27.013263,60,147.976797
51.337925,60,148.074184
30.348489,60,148.159782
22.50556,60,148.255851
18.427454,60,148.342429
24.935232,60,148.42722
30.161921,60,148.52536
33.293451,60,148.615666
22.125666,58,148.699977
20.735115,60,148.799791
23.424604,60,148.881758
21.591632,60,148.975739
53.191766,60,149.057646
33.652,60,149.137509
34.941253,60,149.217828
20.607512,60,149.308431
9.919901,60,149.40522
31.030712,60,149.490889
31.410854,60,149.582276
11.179101,33,149.628803
36.806673,60,149.711364
11.984325,58,149.788286
16.622678,49,149.860642
19.832782,58,149.947575
34.911794,60,150.036398
26.103353,60,150.138299
40.736542,60,150.228041
36.766491,60,150.316232
19.791994,60,150.397744
20.168124,60,150.48611
40.012096,60,150.569619
22.862559,55,150.661577
24.266741,60,150.745043
25.032176,60,150.822572
31.51091,60,150.923709
50.127994,60,151.012283
15.805887,53,151.095821
38.705802,60,151.189827
33.835712,60,151.274198
46.366623,60,151.369855
41.558488,60,151.467494
28.146701,60,151.564088
43.094295,60,151.649569
26.429973,60,151.744313
38.22145,60,151.83682
39.908463,60,151.930489
12.696483,60,152.026001
24.026099,60,152.115116
34.650551,60,152.206028
18.221482,45,152.267895
37.551042,60,152.351307
34.36467,60,152.433235
25.233449,60,152.529723
30.33169,60,152.613881
28.506113,60,152.712437
44.172476,60,152.811873
29.453356,60,152.907843
46.298316,60,152.996735
48.670201,60,153.086933
24.383445,60,153.177504
28.808278,60,153.282648
42.331056,60,153.376623
28.703686,60,153.475703
35.374647,60,153.582492
20.741598,60,153.673158
31.731315,60,153.777248
26.11511,60,153.870249
31.995774,60,153.960708
30.000365,60,154.065857
32.585447,60,154.153361
18.394853,60,154.25609
39.519283,60,154.358058
34.550386,60,154.465199
30.47111,60,154.55825
37.388683,60,154.661401
28.092776,60,154.747951
45.203586,60,154.842541
25.824843,60,154.93612
32.967938,60,155.021069
47.614578,60,155.109638
32.400591,60,155.209023
11.494978,55,155.31215
32.723163,60,155.419295
16.518847,60,155.529243
30.647034,60,155.629462
34.800392,60,155.718943
22.943361,60,155.813414
17.683846,60,155.903656
33.192253,60,155.999306
36.598398,60,156.089011
25.243045,60,156.183229
22.325847,60,156.279418
28.731771,60,156.364474
37.137187,60,156.47622
16.444097,60,156.571351
20.137878,60,156.672469
33.312684,60,156.77411
34.477737,60,156.875515
43.524974,60,156.977
35.41069,60,157.077909
45.060166,60,157.176515
14.300459,60,157.272066
22.263383,60,157.362492
13.768466,53,157.444209
27.97387,60,157.529669
25.752765,60,157.625081
10.675401,51,157.699023
17.474807,60,157.799037
6.25817,34,157.848364
22.054089,60,157.93427
19.647245,60,158.030719
30.453262,60,158.111102
37.847293,60,158.192393
22.161044,60,158.276109
36.73377,60,158.366529
35.208158,60,158.45244
29.298292,60,158.536422
31.422658,60,158.623058
36.626772,60,158.706038
13.945971,40,158.765955
16.802097,55,158.856624
35.120247,60,158.934636
34.68567,60,159.036112
23.909442,60,159.124709
22.97661,60,159.221821
26.453783,60,159.314856
17.441427,44,159.3732
20.363105,60,159.472459
12.570398,55,159.569526
29.544944,60,159.662508
30.576372,60,159.754017
13.721257,60,159.858695
22.108695,60,159.956788
17.903803,60,160.049573
18.645846,60,160.147718
32.952804,60,160.237668
13.138269,60,160.333295
45.443553,60,160.42322
31.778705,60,160.513231
43.567437,60,160.612429
31.348468,60,160.694974
20.86423,60,160.791977
26.384707,60,160.881165
22.958403,60,160.978901
27.900321,60,161.065891
22.274038,60,161.167842
48.503163,60,161.263545
32.605716,60,161.358264
14.786118,54,161.450753
33.293773,60,161.557296
23.935707,60,161.654579
8.559102,30,161.701349
15.282489,48,161.774801
33.564685,60,161.868251
28.878549,60,161.966878
22.754875,60,162.051942
13.484828,60,162.157405
25.422126,60,162.243073
10.335152,37,162.312459
40.603762,60,162.434141
30.88861,60,162.543326
25.135123,60,162.654461
31.320221,60,162.735966
30.555741,60,162.850664
32.874827,60,162.934635
35.847759,60,163.018407
22.200136,55,163.09951
29.901477,60,163.186342
27.323836,60,163.279817
17.980312,60,163.365902
47.091429,60,163.464267
40.55887,60,163.552171
39.547857,60,163.638922
31.095884,60,163.724476
20.579115,60,163.809998
28.739498,60,163.908196
29.844374,60,163.993473
42.881106,60,164.085356
21.746211,60,164.187897
12.327349,59,164.281972
28.125756,60,164.37813
29.976938,60,164.471745
41.279166,60,164.574466
30.211299,60,164.660399
34.414413,60,164.746333
43.377607,60,164.839266
56.28488,60,164.91806
24.458017,60,165.013529
23.169329,60,165.099531
40.786456,60,165.194517
16.267031,60,165.289529
37.193686,60,165.391421
6.761861,45,165.458313
20.335633,60,165.544735
16.444896,58,165.631155
24.040634,60,165.712184
29.846442,60,165.796259
45.699519,60,165.894862
47.49923,60,165.989926
11.489335,52,166.065388
34.804593,60,166.165872
27.801616,60,166.254617
13.119368,60,166.339383
35.275833,60,166.419175
3.827073,29,166.467842
49.449661,60,166.563238
40.536643,60,166.658318
13.444609,60,166.749749
38.137613,60,166.834143
19.543704,60,166.928728
7.086495,33,166.978009
34.266157,60,167.058752
35.974846,60,167.13726
46.434478,60,167.22723
17.233001,47,167.299664
18.740681,50,167.374635
31.322315,60,167.466728
20.156019,60,167.550711
44.396842,60,167.635174
34.598813,60,167.723146
41.070241,60,167.809825
54.661509,60,167.890166
43.404257,60,167.96725
35.992363,60,168.057866
23.010844,60,168.139815
32.46917,60,168.231847
18.472904,58,168.32291
25.18109,60,168.415533
35.312399,60,168.513454
16.078653,60,168.601515
5.571405,38,168.656261
34.893162,60,168.750731
47.987785,60,168.831316
22.328319,60,168.934428
40.357104,60,169.020174
32.979097,60,169.111691
39.374019,60,169.207782
48.198613,60,169.304773
40.908103,60,169.397824
32.744724,60,169.492872
19.970078,60,169.587516
28.882862,60,169.676647
30.975726,60,169.770289
19.921245,60,169.871876
41.080331,60,169.977033
30.853282,60,170.079095
13.186512,50,170.157506
16.396029,60,170.267107
34.714785,60,170.379266
48.542814,60,170.480676
26.792079,60,170.570799
20.760594,60,170.684307
33.801977,60,170.784117
30.869514,60,170.881439
12.393482,60,170.980701
32.246239,60,171.071184
42.781769,60,171.163282
19.422527,60,171.263724
36.347416,60,171.357712
35.317152,60,171.455306
29.702634,60,171.541746
27.691894,60,171.633334
47.320843,60,171.703779
42.170391,60,171.797412
45.950338,60,171.891557
34.450188,60,171.986235
38.488467,60,172.082109
26.026243,60,172.183056
20.86908,60,172.283552
39.773571,60,172.386616
36.493785,60,172.480739
35.453638,60,172.596024
34.075157,60,172.696609
8.707846,45,172.772771
43.930022,60,172.870929
32.234383,60,172.962933
23.148014,60,173.06205
35.451866,60,173.169238
19.5285,60,173.264757
20.337278,58,173.366325
36.70165,60,173.469355
11.814103,46,173.531929
43.616197,60,173.622968
33.457896,60,173.713076
35.141618,60,173.806668
48.990011,60,173.893195
32.812279,60,173.976276
24.653133,60,174.069991
32.639803,60,174.15938
41.421615,60,174.255148
26.249,60,174.347091
25.46019,60,174.438538
12.849775,48,174.508008
14.425394,49,174.581944
51.869466,60,174.669596
20.607203,60,174.75975
43.594496,60,174.846146
43.683486,60,174.94644
38.132144,60,175.05
31.861567,60,175.139059
48.773898,60,175.248522
37.459628,60,175.349202
38.914425,60,175.45035
32.514431,60,175.565591
22.807296,60,175.650586
30.681912,60,175.752189
38.244828,60,175.855844
42.492979,60,175.943761
17.133631,60,176.046354
50.1011,60,176.150724
38.930845,60,176.257103
42.44463,60,176.36144
29.580116,60,176.460644
27.297879,60,176.569721
49.001732,60,176.670047
5.223295,27,176.714453
46.700617,60,176.815098
22.185564,60,176.923072
54.767746,60,177.015913
29.035766,60,177.115988
6.089445,39,177.180275
37.606683,60,177.275292
22.968729,60,177.36525
17.312928,60,177.450284
29.073595,60,177.551024
18.871561,60,177.644997
19.280984,60,177.746118
42.456806,60,177.847211
44.197017,60,177.950239
20.814045,58,178.026649
22.095543,60,178.091664
53.056037,60,178.163661
53.01003,60,178.231571
32.015288,60,178.303009
49.263331,60,178.377119
31.209756,60,178.446045
25.7298,60,178.531345
23.705089,60,178.602856
7.611996,49,178.666659
51.118857,60,178.761848
32.780853,60,178.865155
30.184891,60,178.97277
25.814064,60,179.065062
35.19366,60,179.159121
18.712449,60,179.241855
29.452253,60,179.324704
21.1895,60,179.406702
34.541142,60,179.492669
48.490348,60,179.574449
15.663969,60,179.668831
42.343897,60,179.755355
11.553697,60,179.839429
39.334104,60,179.914821
30.407814,60,180.011699
23.744933,60,180.096529
31.683912,60,180.189409
42.490056,60,180.281203
35.247107,60,180.364829
31.210054,60,180.453956
30.446525,60,180.54208
16.220558,60,180.624972
40.556743,60,180.718568
34.503362,60,180.808017
34.109401,60,180.900052
34.370964,60,180.984539
22.698228,60,181.076414
27.824733,60,181.171602
36.507419,60,181.261215
26.837385,60,181.340702
40.550296,60,181.435235
21.938716,49,181.516195
19.002535,60,181.598142
23.011863,60,181.695256
36.755703,60,181.780814
48.579303,60,181.86785
31.934673,60,181.955916
36.194945,60,182.04802
30.881559,60,182.138239
53.357255,60,182.233161
26.106361,60,182.319
47.849466,60,182.401946
6.77619,48,182.471494
43.831423,60,182.56301
42.831092,60,182.657253
23.002634,60,182.760982
44.114901,60,182.853556
23.938137,60,182.916479
17.40946,48,182.970774
37.058536,60,183.039222
25.988358,54,183.094669
30.463819,60,183.183661
34.545772,60,183.271206
26.632158,60,183.361935
26.929858,60,183.45297
29.10401,60,183.537476
24.937301,60,183.638093
29.097302,60,183.719446
30.514805,60,183.777183
42.238301,60,183.837097
36.401675,60,183.918541
45.040184,60,183.998565
40.746954,60,184.075131
41.575782,60,184.153274
25.819487,60,184.228721
45.892695,60,184.301663
42.853351,60,184.369036
25.462524,60,184.450657
43.417778,60,184.532796
25.086178,60,184.611973
43.573412,60,184.694061
42.942113,60,184.773063
29.640498,60,184.851313
49.03068,60,184.922787
22.045143,60,184.995765
29.415223,60,185.077811
13.873688,43,185.137143
10.753785,47,185.201585
16.535434,57,185.2854
28.896022,60,185.361168
21.008884,60,185.455842
24.842814,57,185.523801
14.010603,51,185.609222
18.784279,60,185.726943
25.019002,48,185.790913
13.513367,60,185.899575
14.391117,60,186.081087
21.459098,60,186.155557
21.524194,48,186.218878
27.817208,60,186.280212
20.491357,60,186.374215
29.679934,60,186.451633
25.722995,60,186.534252
11.443984,56,186.611166
22.380318,60,186.694622
19.355718,60,186.780947
27.110277,60,186.85132
23.666331,60,186.930232
34.904047,60,186.998755
28.912737,60,187.06772
17.317596,60,187.167008
37.739047,60,187.273155
36.190624,60,187.374358
37.398351,60,187.476361
14.395925,48,187.546391
23.917405,60,187.638487
19.958373,60,187.731107
18.919766,60,187.817096
22.874226,60,187.909267
34.675408,60,187.988399
43.680037,60,188.082946
25.508542,60,188.176945
29.355202,60,188.269867
33.042419,60,188.376975
7.786417,30,188.421669
8.943729,37,188.471897
23.836095,60,188.570286
37.147181,60,188.669817
23.008527,60,188.750774
17.094984,60,188.837836
32.017646,60,188.93845
20.253755,60,189.049266
31.564248,60,189.152899
47.320796,60,189.2646
33.652,60,189.352652
25.599485,60,189.446501
44.396593,60,189.545064
39.932138,60,189.63806
50.525042,60,189.741355
32.236116,60,189.835384
23.881736,60,189.930479
34.079313,60,190.036551
25.539845,60,190.127267
43.883034,60,190.230005
33.251661,60,190.333628
35.929459,60,190.42919
29.669939,60,190.512736
35.69282,60,190.627434
32.797394,60,190.731111
22.327526,60,190.841713
26.382619,60,190.947404
17.642462,60,191.049531
50.098677,60,191.159202
41.052174,60,191.258397
52.414939,60,191.348454
38.031563,60,191.443016
31.991459,60,191.538643
36.05334,60,191.646368
12.810273,60,191.738086
22.648089,60,191.835528
30.002982,60,191.935186
37.194702,60,192.036309
40.112156,60,192.142388
40.963399,60,192.248846
50.081023,60,192.350709
50.116081,60,192.450265
38.544396,60,192.556959
42.288932,60,192.653378
17.157073,47,192.721677
34.732397,60,192.809268
28.487482,60,192.896743
34.331164,60,192.981293
43.215862,60,193.066342
37.678829,60,193.151477
21.377161,60,193.250009
42.691015,60,193.329847
35.11969,60,193.428301
28.264193,60,193.522682
33.848619,60,193.608614
32.861674,60,193.697525
49.366808,60,193.781969
39.014951,60,193.871459
23.199784,60,193.966205
30.350866,60,194.063769
38.575202,60,194.158868
34.586307,60,194.252464
41.212859,60,194.344492
24.075282,60,194.432593
34.222307,60,194.534738
19.441431,60,194.62676
32.759946,60,194.728238
37.080218,60,194.827376
51.096213,60,194.914307
37.983216,60,195.007941
34.91829,60,195.108063
43.589092,60,195.202537
19.830015,57,195.29365
37.89825,60,195.397314
32.250337,60,195.488954
31.013022,60,195.582329
34.475402,60,195.671274
47.498754,60,195.75406
29.178881,60,195.844011
40.671175,60,195.933049
14.953455,59,196.018141
18.278022,60,196.109605
30.483116,60,196.20001
33.205495,60,196.286086
33.723908,60,196.36904
22.486279,60,196.462667
36.38218,60,196.553203
13.882124,33,196.607006
39.411227,60,196.708732
21.559492,60,196.81625
27.616314,60,196.92488
53.40695,60,197.017931
28.498069,60,197.166787
29.043114,60,197.331769
38.101093,60,197.417775
30.979588,60,197.50543
25.679883,60,197.595933
57.878635,60,197.691508
26.670923,60,197.789248
37.104931,60,197.866215
31.801035,60,197.953605
44.173429,60,198.035671
44.077869,60,198.125756
25.299938,50,198.199114
25.48767,60,198.286541
27.77584,60,198.362901
28.067139,60,198.441265
19.6163,60,198.519107
31.371563,60,198.606161
49.985833,60,198.689131
27.633896,60,198.764603
33.747875,60,198.847126
32.18721,60,198.927138
14.687017,60,199.010957
49.075345,60,199.091496
44.510398,60,199.176237
26.02812,60,199.263141
45.240388,60,199.348062
19.910997,60,199.433345
31.165574,60,199.517703
40.70155,60,199.605416
35.022474,60,199.692487
33.35153,60,199.785711
39.20854,60,199.881922
25.748232,60,199.966561
51.052568,60,200.056173
33.504236,60,200.138152
14.131453,60,200.222639
26.465687,60,200.308192
29.267952,60,200.390236
39.125078,60,200.480812
31.254588,60,200.574905
29.337868,60,200.663883
33.512943,60,200.746302
39.776741,60,200.840778
24.396155,60,200.943517
39.600593,60,201.034651
34.77558,60,201.125887
22.427608,60,201.212363
20.965941,60,201.307929
42.768774,60,201.405095
15.205772,60,201.488956
42.569502,60,201.59463
37.654193,60,201.701245
36.207056,60,201.78231
44.705847,60,201.879547
49.494354,60,201.97156
53.965824,60,202.057091
27.737375,60,202.154721
29.515054,60,202.245255
39.171394,60,202.341455
30.360548,60,202.435416
31.031365,60,202.530385
25.685001,60,202.622861
14.90142,60,202.71657
32.299852,60,202.800024
43.545509,60,202.891541
28.310122,60,202.974175
18.794703,60,203.067741
34.251669,60,203.155275
34.729671,60,203.24535
40.843126,60,203.331351
25.832451,60,203.423941
51.768645,60,203.511821
25.300085,60,203.5981
33.266527,60,203.683253
26.02977,60,203.76024
51.466384,60,203.838832
21.293695,60,203.916344
27.7336,60,204.006276
23.041318,60,204.092293
33.623891,60,204.178878
32.574263,60,204.271589
47.692845,60,204.35803
47.549089,60,204.443451
42.524741,60,204.538452
38.272323,60,204.636984
38.100083,60,204.725783
38.920857,60,204.812148
41.636453,60,204.899162
25.255837,60,204.983261
38.379961,60,205.074175
20.021257,60,205.174809
32.097333,60,205.280135
23.698503,60,205.367788
27.4559,60,205.462706
42.993208,60,205.560382
45.997295,60,205.657487
35.194021,60,205.759193
31.98701,60,205.865424
42.685143,60,205.967061
46.634067,60,206.074154
39.674288,60,206.160308
25.543867,60,206.246715
42.181902,60,206.337217
44.701966,60,206.421671
40.489024,60,206.503192
36.954145,60,206.593272
39.317719,60,206.687939
55.647972,60,206.778998
28.660197,60,206.861061
44.050825,60,206.941092
31.841817,60,207.017333
30.416875,60,207.100411
41.939151,60,207.1863
25.699033,60,207.271084
34.477766,60,207.361053
27.722095,60,207.446166
23.253586,60,207.525161
23.167962,60,207.614237
46.235861,60,207.699739
40.13215,60,207.785883
24.453077,60,207.86794
21.459935,60,207.951483
39.111407,60,208.0439
48.643787,60,208.127781
43.438461,60,208.211214
31.716985,60,208.304095
38.501766,60,208.402261
44.651324,60,208.493329
29.427741,60,208.592857
51.922437,60,208.678716
47.386339,60,208.760632
36.360574,60,208.848833
41.879944,60,208.9243
24.14719,60,209.015885
35.567619,60,209.184086
19.563628,60,209.281454
42.86951,60,209.369414
48.711505,60,209.464567
30.850153,60,209.55637
25.520937,60,209.644821
41.021528,60,209.727397
33.018513,60,209.815997
28.532426,60,209.907485
46.464241,60,209.999101
54.418908,60,210.090755
38.177362,60,210.178064
33.033289,60,210.266549
36.036335,60,210.357145
20.606508,50,210.427609
37.678521,60,210.521277
42.43335,60,210.620807
44.650015,60,210.719363
40.088641,60,210.805934
43.703286,60,210.899102
47.561416,60,210.980495
48.474632,60,211.076555
22.778821,51,211.150717
25.341007,60,211.235004
17.231556,60,211.325179
18.411382,60,211.41238
24.322972,60,211.489418
38.011637,60,211.57498
41.198428,60,211.651304
26.020026,60,211.73217
41.736676,60,211.819089
33.993585,60,211.91004
16.810518,47,211.985846
20.51534,60,212.072301
43.894676,60,212.156802
48.863676,60,212.243896
45.31174,60,212.330378
26.611213,60,212.412909
22.965467,60,212.505444
32.024451,60,212.602033
9.489074,36,212.653823
22.870373,56,212.73394
24.960228,60,212.825489
46.045522,60,212.906984
32.275866,60,212.989065
54.594797,60,213.082109
49.294834,60,213.161542
43.959372,60,213.248227
53.804482,60,213.346431
45.051852,60,213.438387
15.326944,49,213.515775
31.386745,60,213.607331
35.39317,60,213.698373
34.969297,60,213.778904
25.942932,60,213.869883
27.733517,60,213.958795
43.61264,60,214.044538
21.561881,60,214.130602
28.211984,60,214.206976
54.597468,60,214.287932
36.090793,60,214.375952
31.766934,60,214.451953
37.343063,60,214.539934
36.510575,60,214.641003
32.329485,60,214.734519
45.715925,60,214.822022
55.891169,60,214.90901
49.476681,60,214.999214
41.26219,60,215.088748
42.612451,60,215.170924
55.263657,60,215.25771
30.633453,60,215.342767
15.090011,60,215.437255
42.65577,60,215.521065
36.622491,60,215.608556
48.53076,60,215.695668
28.51791,60,215.775742
32.901019,60,215.851262
21.217414,60,215.941921
19.624163,60,216.026521
42.582508,60,216.11695
22.60659,60,216.212121
38.451022,60,216.300216
39.775237,60,216.381028
18.229915,60,216.477584
42.482847,60,216.550496
25.415106,60,216.633892
34.787683,60,216.721
20.850056,55,216.796924
51.915182,60,216.890061
41.756819,60,216.976626
35.977407,60,217.051074
5.377452,26,217.089449
33.761401,60,217.189869
29.357053,60,217.286378
39.864887,60,217.374225
46.263856,60,217.471627
49.965011,60,217.561257
38.397879,60,217.652383
46.753391,60,217.739376
41.666926,60,217.827474
36.681957,60,217.910986
35.46956,60,218.005658
55.050281,60,218.096772
15.705787,60,218.183953
23.479744,60,218.264539
20.495275,60,218.347191
36.953979,59,218.430065
34.793733,60,218.51494
27.388754,60,218.598404
44.588622,60,218.692907
33.078812,60,218.779976
46.832525,60,218.860936
20.766197,60,218.943499
34.394671,60,219.03513
39.863643,60,219.109595
39.857538,60,219.202099
42.263294,60,219.283573
27.283917,60,219.367124
55.639966,60,219.442718
32.42077,60,219.539857
32.123481,60,219.626352
43.915945,60,219.709921
50.12684,60,219.799052
40.338251,60,219.891886
32.588728,60,219.990851
38.169767,60,220.096448
32.880784,60,220.196651
26.410256,60,220.286148
47.532968,60,220.398259
36.079261,60,220.490849
32.824015,60,220.577423
21.59964,60,220.681995
50.168924,60,220.767476
21.83099,60,220.862736
55.195963,60,220.945254
47.299023,60,221.031232
42.488853,60,221.138421
24.211437,60,221.221976
35.436828,60,221.304498
19.180233,60,221.388586
54.623858,60,221.483079
44.457204,60,221.566443
46.968588,60,221.65845
31.922469,60,221.740389
35.910514,60,221.815649
46.741307,60,221.897555
37.826282,60,221.971068
42.456278,60,222.047071
48.612061,60,222.121057
43.517025,60,222.20883
37.962202,60,222.297496
20.138813,60,222.378975
46.351276,60,222.461996
47.308106,60,222.538434
39.89034,60,222.621866
53.617984,60,222.709644
40.035632,60,222.796038
33.609291,60,222.875438
51.555355,60,222.968058
36.133703,60,223.048019
39.093568,60,223.136933
44.526821,60,223.221357
48.253469,60,223.294323
55.345198,60,223.38448
33.964996,60,223.468275
46.473826,60,223.551198
53.834793,60,223.63533
48.054209,60,223.720474
32.243563,60,223.806425
46.116447,60,223.89356
50.999367,60,223.972471
35.204535,60,224.065847
38.347633,60,224.163934
42.193048,60,224.261109
41.773375,60,224.346608
19.380072,60,224.410554
22.567577,60,224.475
15.04549,54,224.531822
47.106999,60,224.604819
43.966876,60,224.681106
27.008249,60,224.75511
39.445471,60,224.83047
44.789077,60,224.90842
50.0312,60,224.983021
49.397205,60,225.051939
50.595079,60,225.129846
25.45022,60,225.204397
42.130241,60,225.280934
30.083512,60,225.357027
43.654686,60,225.439034
41.436352,60,225.527018
33.846604,60,225.610294
31.064981,60,225.679772
56.108061,60,225.76981
34.03428,60,225.851921
34.97005,60,225.949471
44.333859,60,226.037966
37.237764,60,226.131075
31.433373,60,226.217629
21.540377,49,226.284486
27.098128,60,226.373993
25.063474,60,226.464065
39.129827,60,226.552344
46.696634,60,226.637419
30.486142,60,226.713912
12.701334,54,226.778281
36.558336,60,226.861802
50.292028,60,226.933776
37.784438,60,227.014737
40.185816,60,227.090797
35.834833,60,227.169379
10.177724,33,227.219172
33.239113,60,227.299792
31.363608,60,227.375266
38.211436,60,227.458982
31.228891,60,227.536904
27.942201,60,227.617676
40.12388,60,227.714595
45.664862,60,227.789052
26.088408,60,227.892704
8.571326,31,227.930406
52.162517,60,228.007857
27.430662,60,228.085327
35.287038,60,228.174882
38.666685,60,228.264241
36.157656,60,228.34876
24.234892,60,228.435345
51.837235,60,228.512768
41.810791,60,228.595253
25.683037,60,228.66961
45.576084,60,228.739538
37.279856,60,228.825018
55.36644,60,228.903667
54.764207,60,228.983517
41.12189,60,229.060982
52.703736,60,229.145028
35.503795,60,229.221834
46.756897,60,229.308883
34.367613,60,229.39051
48.801324,60,229.487142
44.746762,60,229.575221
22.33587,60,229.67629
54.192588,60,229.778441
40.687073,60,229.868651
44.258667,60,229.970755
38.283128,60,230.060208
14.624526,38,230.120613
45.485998,60,230.210142
28.909785,60,230.296187
44.765786,60,230.385786
40.886831,60,230.482522
51.858985,60,230.589681
29.596553,60,230.688187
51.03869,60,230.791709
45.137256,60,230.891995
38.193499,60,230.987123
40.71362,60,231.08287
32.757287,60,231.175265
48.81097,60,231.274762
52.149966,60,231.37939
48.156778,60,231.467949
31.738318,60,231.564604
41.525681,60,231.672999
56.408936,60,231.765521
35.680173,60,231.851031
49.518739,60,231.950657
41.978355,60,232.036903
51.091844,60,232.133342
38.497865,60,232.218131
39.435886,60,232.307244
44.434338,60,232.401244
36.747974,60,232.487138
44.149707,60,232.57235
42.075049,60,232.665435
20.312954,60,232.755514
41.092061,60,232.850529
34.06987,60,232.946608
26.933143,56,233.037142
55.787633,60,233.133184
46.081104,60,233.226184
49.000917,60,233.322026
19.591,60,233.44181
27.424876,60,233.537917
47.159348,60,233.637634
36.967641,60,233.73375
42.207644,60,233.823202
37.522078,60,233.926796
37.960463,60,234.006165
29.155625,60,234.106833
52.398205,60,234.203598
53.209594,60,234.303937
42.930304,60,234.395038
36.402096,60,234.494761
51.408519,60,234.584453
40.303641,60,234.67547
45.674453,60,234.752601
42.367963,60,234.837464
44.965864,60,234.916963
52.15055,60,235.003701
37.788577,60,235.090147
42.646662,60,235.185625
26.505805,60,235.281641
24.926957,60,235.370582
38.25561,60,235.451592
43.74498,60,235.536083
53.268737,60,235.624145
37.135023,60,235.715824
35.136983,60,235.807974
29.834279,60,235.902067
41.932469,60,235.993884
48.801956,60,236.085984
33.505464,60,236.171075
28.997731,60,236.27086
37.604327,60,236.363932
37.488585,60,236.458753
45.361514,60,236.550816
30.607466,60,236.638443
28.996018,60,236.734443
23.55704,60,236.82192
39.121682,60,236.910889
51.575995,60,236.9957
29.938565,60,237.088187
56.355151,60,237.180147
48.118437,60,237.273689
36.931005,60,237.360798
27.601448,60,237.444931
26.090404,60,237.52936
30.2285,60,237.6163
50.66038,60,237.710356
55.001309,60,237.810921
47.218323,60,237.903966
36.673485,60,237.993104
41.108278,60,238.07524
41.440058,60,238.168338
47.298299,60,238.256467
32.249613,60,238.346126
53.731371,60,238.436109
45.328177,60,238.520582
18.168912,43,238.592415
32.895454,60,238.676723
43.898641,60,238.765758
53.061159,60,238.857426
30.654475,60,238.945511
40.913469,60,239.039649
49.483281,60,239.128695
48.538317,60,239.215171
48.597397,60,239.313005
45.843643,60,239.400461
40.006175,60,239.49474
44.812216,60,239.587773
42.677689,60,239.685857
19.696041,43,239.754755
44.862015,60,239.846271
43.954545,60,239.93885
29.517377,60,240.025946
44.268069,60,240.119668
38.48363,60,240.225631
38.150705,60,240.319797
42.962456,60,240.420421
47.439416,60,240.515098
46.501707,60,240.609176
40.584694,60,240.705906
49.626987,60,240.799947
39.70546,60,240.886976
23.172042,60,240.986204
40.828417,60,241.075808
44.614596,60,241.162437
49.049385,60,241.253748
46.86779,60,241.346251
33.392207,60,241.446844
40.818864,60,241.540884
52.720319,60,241.646068
46.636106,60,241.7573
52.820985,60,241.848883
45.147237,60,241.95411
42.994548,60,242.047661
44.277379,60,242.1455
46.29312,60,242.248391
28.206487,60,242.349418
30.191024,60,242.447196
53.198281,60,242.538189
49.623428,60,242.627284
27.556445,60,242.715827
42.294248,60,242.806558
28.910214,60,242.895048
36.152442,60,243.000515
22.924931,60,243.101457
50.118496,60,243.199532
14.189503,60,243.301575
41.810259,60,243.395562
24.373992,60,243.485173
38.336374,60,243.582745
47.372484,60,243.677793
33.665612,60,243.774832
39.213444,60,243.869488
54.406915,60,243.963641
30.478079,60,244.063115
52.038147,60,244.151438
47.145313,60,244.249492
28.580983,60,244.343911
39.342683,60,244.440592
48.250418,60,244.544171
41.83272,60,244.640723
45.887065,60,244.736351
19.798028,60,244.829643
24.495466,60,244.92056
53.367759,60,245.00905
54.958318,60,245.099548
47.522394,60,245.183531
41.882664,60,245.26844
40.65679,60,245.358427
35.965553,60,245.457778
45.236923,60,245.55002
38.968958,60,245.646785
28.834422,60,245.749951
46.067198,60,245.833377
44.688477,60,245.918806
37.859948,60,246.011341
46.237382,60,246.097857
49.480972,60,246.188891
25.387154,60,246.280546
51.506817,60,246.377171
46.284226,60,246.479286
20.784265,60,246.558575
52.087077,60,246.654363
53.625253,60,246.760753
48.419353,60,246.849264
43.680867,60,246.945174
36.862137,60,247.04019
40.467715,60,247.130732
44.208472,60,247.219757
47.538543,60,247.315173
31.911844,60,247.410632
32.886066,60,247.51328
35.072394,60,247.620333
53.003016,60,247.703638
52.108226,60,247.788479
31.59418,60,247.875904
36.237108,60,247.964274
56.585235,60,248.059907
41.326787,60,248.155972
37.017691,60,248.256165
55.004123,60,248.35007
53.507094,60,248.440647
45.139362,60,248.534644
26.148729,60,248.634781
33.743932,60,248.726869
44.711701,60,248.826558
31.651849,60,248.934709
39.67088,60,249.024734
55.262748,60,249.130544
52.221953,60,249.224294
35.42631,60,249.316456
39.778652,60,249.403077
49.792745,60,249.488155
53.267288,60,249.571198
43.535909,60,249.659322
46.22621,60,249.739275
42.617306,60,249.822363
53.672707,60,249.91735
46.327774,60,250.017283
51.255483,60,250.103899
55.623165,60,250.204174
31.039294,60,250.289706
46.205434,60,250.386742
46.826239,60,250.473341
40.737114,60,250.549239
44.173134,60,250.63766
51.540732,60,250.739545
49.866649,60,250.825017
53.410751,60,250.922416
54.126589,60,251.005088
49.508154,60,251.09303
34.191153,60,251.181332
49.659561,60,251.282755
20.943625,60,251.362737
50.673498,60,251.447793
19.05317,60,251.534938
40.225266,60,251.613924
37.205734,60,251.699427
23.376452,60,251.795458
52.933987,60,251.903619
44.974858,60,252.001557
22.755547,60,252.089422
50.900939,60,252.195773
28.082177,60,252.276518
49.123509,60,252.413821
21.620664,60,252.517483
38.643967,60,252.608968
38.762617,60,252.700546
53.870813,60,252.800598
44.740236,60,252.887372
31.678994,60,252.973875
43.851816,60,253.06555
41.837143,60,253.148601
52.224268,60,253.228542
50.01162,60,253.309053
34.478742,60,253.383011
19.759963,60,253.463526
43.108692,60,253.552523
44.082162,60,253.646116
45.353341,60,253.738199
41.640755,60,253.843111
47.635741,60,253.931076
44.541424,60,254.031651
53.104479,60,254.11766
54.029488,60,254.211661
44.631697,60,254.325668
52.792988,60,254.421613
52.226953,60,254.529178
51.086,60,254.635242
39.540338,60,254.739163
34.577084,60,254.846365
44.324122,60,254.94162
47.89562,60,255.045876
41.715827,60,255.145614
48.27347,60,255.252931
43.495329,60,255.353543
37.478001,60,255.457553
47.186476,60,255.559615
28.187281,60,255.653165
36.907034,60,255.74705
54.379466,60,255.834755
39.081837,60,255.930072
49.524638,60,256.018886
54.376019,60,256.106395
49.155722,60,256.175363
42.598539,60,256.247688
22.459854,60,256.316486
41.567329,60,256.380317
42.570922,60,256.456327
39.886019,60,256.522672
31.97788,60,256.610795
37.933221,60,256.71606
52.611443,60,256.811177
50.267324,60,256.910146
46.977677,60,257.009244
51.735546,60,257.09437
43.153579,60,257.193943
41.43941,60,257.280484
19.056743,60,257.36628
51.240877,60,257.466169
37.291449,60,257.55168
49.114729,60,257.635807
46.888696,60,257.726393
38.176765,60,257.82849
48.198378,60,257.900367
47.784823,60,257.967736
55.072679,60,258.040163
49.964504,60,258.115169
42.265124,60,258.190094
48.467691,60,258.256377
51.341364,60,258.333005
39.008672,60,258.408449
50.067392,60,258.483514
43.279335,60,258.56304
44.631103,60,258.636987
52.198482,60,258.714204
16.58327,42,258.761919
36.258636,60,258.838346
54.782317,60,258.913831
36.482068,60,258.989647
52.98811,60,259.064042
42.400487,60,259.144986
49.348068,60,259.228576
49.306201,60,259.307033
43.655527,60,259.389036
36.548438,60,259.470102
52.876951,60,259.549555
26.41276,60,259.631649
53.898795,60,259.707457
19.931997,60,259.785861
29.46288,60,259.872467
49.255614,60,259.9515
42.762275,60,260.037036
40.719528,60,260.119504
29.817591,60,260.19837
31.079185,60,260.272856
49.224744,60,260.352771
38.022599,60,260.445863
48.816184,60,260.52944
50.473042,60,260.609725
44.529525,60,260.678467
42.900752,60,260.764802
46.328877,60,260.847239
39.738824,60,260.930302
53.190345,60,261.012807
32.331153,60,261.094803
50.425403,60,261.185378
48.747761,60,261.269902
46.37921,60,261.342063
52.687324,60,261.408444
49.324573,60,261.470301
48.586762,60,261.539227
47.144609,60,261.598737
42.645341,60,261.681873
34.410014,60,261.764804
39.6687,60,261.862908
39.036323,60,261.961418
48.854955,60,262.062433
43.067072,60,262.146466
55.16466,60,262.226474
30.520015,60,262.331244
46.525115,60,262.428365
41.986179,60,262.519939
25.606292,48,262.608007
38.18256,60,262.71521
33.400268,60,262.804863
55.452131,60,262.90551
39.933203,60,263.004287
48.777232,60,263.092731
56.181697,60,263.184261
46.47879,60,263.2735
56.567423,60,263.356965
51.841396,60,263.451677
54.629873,60,263.533697
15.965186,60,263.62129
38.337061,60,263.7139
41.069285,60,263.796863
37.009208,60,263.879852
37.316469,60,263.964894
54.228312,60,264.055422
49.543613,60,264.14446
48.388038,60,264.237111
52.103004,60,264.33567
53.243964,60,264.434742
26.755814,52,264.527756
46.619584,60,264.618635
57.32672,60,264.7159
38.848602,60,264.808532
46.903512,60,264.897346
49.356436,60,264.998948
36.664752,60,265.089936
39.67034,60,265.175155
57.13628,60,265.26445
37.611935,60,265.355437
55.640163,60,265.445886
51.115471,60,265.550409
55.011061,60,265.653586
55.440689,60,265.745608
45.859376,60,265.839764
53.345283,60,265.922884
55.564751,60,266.006902
55.716877,60,266.099393
53.593778,60,266.187948
42.788531,60,266.277984
47.696626,60,266.381022
39.987262,60,266.480037
42.905154,60,266.576276
44.488604,60,266.670284
34.737906,60,266.760312
47.120121,60,266.859984
24.218163,60,266.967692
42.471485,60,267.052677
41.94587,60,267.149223
49.450809,60,267.242117
49.069243,60,267.332103
42.817927,60,267.428562
28.60212,60,267.512999
51.899725,60,267.608459
31.29972,60,267.694592
39.835397,60,267.770876
35.127807,60,267.86361
54.707624,60,267.952203
54.688261,60,268.038211
44.561586,60,268.123841
40.184479,60,268.225641
53.249377,60,268.317447
23.242285,60,268.399311
44.730593,60,268.476799
46.012717,60,268.553438
46.982736,60,268.63103
47.89997,60,268.722223
52.465875,60,268.808755
52.981059,60,268.904853
50.720245,60,268.996679
53.409226,60,269.084742
53.219012,60,269.161578
41.847073,60,269.242426
34.958336,60,269.335004
51.776611,60,269.423319
51.278168,60,269.516313
51.482885,60,269.59886
44.966823,60,269.697577
52.067706,60,269.801776
46.223674,60,269.880249
37.010214,60,269.978211
43.321568,60,270.068151
41.648018,60,270.164245
42.842144,60,270.259372
44.649681,60,270.34987
53.796086,60,270.45002
39.854068,60,270.547941
54.221192,60,270.654669
49.449603,60,270.761016
49.552109,60,270.874882
47.855587,60,270.975463
43.782227,60,271.081111
25.745582,60,271.172168
49.868152,60,271.278487
46.938811,60,271.405736
54.820481,60,271.516499
40.908791,60,271.652477
19.947371,60,271.75931
30.765231,60,271.864554
49.801282,60,271.973224
39.306262,60,272.077493
28.919342,60,272.188582
47.85313,60,272.30001
36.33421,60,272.393404
28.864324,60,272.495945
36.54689,60,272.607196
33.89485,60,272.716383
37.013608,60,272.834592
48.00826,60,272.944209
38.659637,60,273.073923
38.817527,60,273.183808
56.314969,60,273.301366
41.908783,60,273.410851
48.776705,60,273.507802
34.181202,60,273.614266
32.872548,60,273.715536
21.186811,60,273.827728
54.047821,60,273.928814
51.628026,60,274.035984
56.239591,60,274.122042
53.959174,60,274.217693
50.91251,60,274.313173
52.82748,60,274.415193
56.716811,60,274.515526
55.655737,60,274.618609
45.437315,60,274.719108
48.854604,60,274.831368
19.949135,60,274.922212
48.332883,60,275.029023
44.519851,60,275.122619
44.480353,60,275.214602
27.261267,60,275.321827
46.466693,60,275.418941
51.126229,60,275.515009
55.200638,60,275.619562
15.032977,52,275.694055
48.239879,60,275.789123
40.47614,60,275.884774
38.778244,60,275.977848
45.700976,60,276.086457
50.12815,60,276.180115
54.97847,60,276.264753
52.95043,60,276.356878
46.913475,60,276.457112
50.724836,60,276.556317
41.251988,60,276.655867
41.768166,60,276.743822
52.104569,60,276.830726
50.153946,60,276.921042
49.327085,60,277.001366
51.218654,60,277.075084
47.712645,60,277.168027
27.937821,60,277.260961
53.489203,60,277.372042
47.607282,60,277.47669
32.301981,60,277.569767
45.431101,60,277.656868
51.292235,60,277.739915
55.864319,60,277.837111
53.881422,60,277.935536
37.953035,60,278.027962
44.41104,60,278.12887
49.879292,60,278.240941
50.443236,60,278.351232
49.666528,60,278.449943
36.790209,60,278.53755
41.479995,60,278.634747
40.111386,60,278.737469
43.373174,60,278.829993
32.325755,60,278.932976
51.824094,60,279.031565
22.872711,60,279.125117
28.134588,60,279.229227
39.302427,60,279.307711
45.162604,60,279.397331
46.771587,60,279.478338
45.029587,60,279.558282
40.0521,60,279.639989
52.813935,60,279.733609
47.140817,60,279.814132
49.788402,60,279.897195
47.331727,60,279.972104
23.752726,52,280.044345
45.603027,60,280.134551
57.456348,60,280.226535
43.734235,60,280.328471
35.596634,60,280.428424
42.768785,60,280.513276
22.460876,60,280.605669
38.959846,60,280.7224
34.056341,60,280.835687
56.58998,60,280.923279
47.747916,60,281.007838
54.958949,60,281.143178
53.056506,60,281.23438
31.280229,60,281.325819
13.054391,49,281.426859
52.719771,60,281.525362
54.25616,60,281.634923
34.332252,60,281.733851
48.821993,60,281.838739
53.329664,60,281.938215
54.460389,60,282.035883
56.122408,60,282.151088
53.705506,60,282.255297
47.768221,60,282.349746
53.902013,60,282.440761
34.890134,60,282.540834
33.268933,60,282.629306
20.09202,53,282.701518
20.668473,42,282.759556
53.706916,60,282.844476
24.345862,60,282.931578
54.382411,60,283.017573
50.044523,60,283.104079
23.789311,60,283.198341
50.261676,60,283.283904
31.397839,60,283.367465
48.535335,60,283.448439
50.209382,60,283.537448
50.968648,60,283.627072
47.865607,60,283.719653
43.969377,60,283.806145
55.556682,60,283.890766
50.594866,60,283.98635
21.799802,56,284.06644
54.56075,60,284.1499
56.036579,60,284.23636
51.371188,60,284.312788
47.96886,60,284.402398
45.861195,60,284.487351
57.839812,60,284.57086
37.257963,60,284.655366
55.625268,60,284.73869
51.056044,60,284.818704
52.955954,60,284.904154
51.046078,60,284.987622
39.015711,60,285.064777
34.184405,60,285.144612
26.775965,60,285.218773
37.512236,60,285.295189
46.134426,60,285.366225
44.791242,60,285.443597
37.504841,60,285.527651
24.183695,55,285.599609
50.736839,60,285.690687
52.967466,60,285.772876
49.287248,60,285.849423
44.495735,60,285.924735
43.898077,60,286.009682
50.97491,60,286.09473
52.27854,60,286.176233
43.508172,60,286.262294
29.042284,60,286.340797
44.920563,60,286.424373
50.795988,60,286.512475
38.389628,60,286.588879
24.233836,60,286.682413
54.679569,60,286.768319
27.581787,60,286.854811
55.276089,60,286.951719
33.798416,60,287.040982
53.263756,60,287.130868
32.222584,60,287.220473
53.172753,60,287.313085
53.529574,60,287.380428
34.27179,60,287.443923
18.800788,47,287.506222
41.353614,60,287.585718
54.446413,60,287.65963
54.619112,60,287.739741
25.959819,60,287.815703
50.060654,60,287.894348
55.713254,60,287.976329
53.892371,60,288.056385
45.524825,60,288.136426
54.166878,60,288.212899
52.066416,60,288.283897
51.741826,60,288.359525
38.061899,60,288.435972
21.702443,46,288.498431
53.48044,60,288.576236
44.595992,60,288.646372
55.881763,60,288.723008
47.620796,60,288.792928
40.098843,60,288.868477
39.016749,60,288.946928
52.431621,60,289.023959
38.277974,60,289.113174
41.665766,60,289.188854
27.088482,60,289.268784
54.326246,60,289.344703
53.83409,60,289.408527
44.902374,60,289.488614
55.801531,60,289.570677
35.735845,60,289.655683
36.943688,60,289.740699
46.784339,60,289.83826
41.130749,60,289.936867
44.47434,60,290.033369
54.616887,60,290.122914
47.343195,60,290.208316
49.945607,60,290.296834
46.384327,60,290.388911
57.41112,60,290.485482
43.208273,60,290.574079
57.351052,60,290.673822
24.449516,60,290.763916
50.411518,60,290.852913
46.644318,60,290.947453
40.770185,60,291.047388
52.437702,60,291.140407
57.192747,60,291.239464
56.646826,60,291.322944
18.756095,52,291.410837
54.184432,60,291.507861
53.302759,60,291.602381
55.800049,60,291.709425
21.223198,59,291.805102
50.299494,60,291.905737
50.464129,60,292.02065
45.11958,60,292.128332
39.154806,60,292.242604
37.247944,60,292.368876
37.41691,60,292.488048
48.905937,60,292.588626
52.594703,60,292.68624
55.231856,60,292.783362
55.205909,60,292.889042
53.664854,60,292.997236
37.842928,60,293.104366
48.594959,60,293.222656
50.671991,60,293.321768
48.384763,60,293.437185
57.020912,60,293.534717
52.390649,60,293.626069
50.270829,60,293.740852
48.012115,60,293.842402
43.968808,60,293.944436
39.551847,60,294.062449
49.540233,60,294.165981
48.214584,60,294.267453
57.143052,60,294.384581
38.602743,60,294.493648
9.542793,60,294.600887
35.205076,60,294.696975
52.995866,60,294.783939
54.834038,60,294.881853
54.036737,60,294.989303
53.840077,60,295.083367
48.728417,60,295.178004
43.282148,60,295.264104
57.457776,60,295.356612
46.811843,60,295.461265
54.531242,60,295.551187
51.621583,60,295.644793
42.635103,60,295.741781
57.191771,60,295.830705
47.365104,60,295.926819
49.848061,60,296.014468
43.871187,60,296.113625
43.516076,60,296.206245
48.85679,60,296.301466
53.521408,60,296.394485
53.867683,60,296.483934
50.181295,60,296.564973
33.86328,60,296.647028
45.810466,60,296.725797
52.904628,60,296.818025
57.106597,60,296.905895
43.786377,60,297.002631
47.612764,60,297.090652
55.788802,60,297.181794
57.078493,60,297.264126
43.77794,60,297.359665
37.575619,60,297.449632
30.371146,60,297.552011
52.873673,60,297.65354
55.048202,60,297.771188
46.820823,60,297.875711
54.120286,60,297.963395
51.639144,60,298.063616
46.805935,60,298.153632
53.093765,60,298.238002
49.323692,60,298.344633
35.730949,60,298.437265
47.688586,60,298.606266
44.527586,60,298.709349
27.201622,60,298.799339
53.789094,60,298.890298
53.330454,60,298.991365
49.530635,60,299.080269
55.264294,60,299.172925
18.501689,40,299.238751
41.729034,60,299.318716
37.97175,60,299.417834
21.947687,60,299.51164
55.436992,60,299.606955
55.290098,60,299.701568
54.51331,60,299.793648
47.685722,60,299.883688
56.10041,60,299.976756
56.606301,60,300.069101
28.265302,60,300.160163
50.076428,60,300.261413
53.374619,60,300.346352
51.387389,60,300.4493
52.484408,60,300.535202
50.041295,60,300.627164
47.304054,60,300.719671
48.798937,60,300.805212
56.550628,60,300.910462
57.633547,60,301.00594
54.625792,60,301.094349
46.716293,60,301.187347
52.880255,60,301.289336
49.404123,60,301.377366
55.629158,60,301.473427
54.58709,60,301.566801
51.448571,60,301.659392
45.396074,60,301.750561
52.608198,60,301.837309
56.224328,60,301.928631
17.550506,60,302.032106
53.140144,60,302.1292
47.081601,60,302.225919
50.776835,60,302.315953
48.011247,60,302.401856
49.825022,60,302.495088
54.388529,60,302.593653
54.700977,60,302.687631
51.661028,60,302.783008
50.189086,60,302.884543
28.619004,60,302.970325
40.319413,60,303.064682
48.366389,60,303.158199
55.103249,60,303.253733
46.143098,60,303.350747
28.242281,60,303.438986
8.86842,52,303.525304
54.574383,60,303.616252
56.756109,60,303.707092
54.838401,60,303.79797
46.093379,60,303.89453
47.75026,60,303.983147
52.443016,60,304.074205
52.629893,60,304.169319
51.295168,60,304.263512
39.771379,60,304.356604
53.535253,60,304.442113
44.679884,60,304.534688
51.380033,60,304.624732
47.489132,60,304.720303
47.346031,60,304.808176
47.992949,60,304.90878
31.324138,60,304.997205
35.885642,60,305.084424
42.023905,60,305.182033
53.869574,60,305.279194
50.748164,60,305.375205
51.582598,60,305.472941
54.218749,60,305.564363
55.007469,60,305.667303
29.863024,60,305.757817
52.540152,60,305.843407
53.106475,60,305.947685
55.637326,60,306.042741
54.425662,60,306.143973
55.930604,60,306.243619
55.65471,60,306.32905
51.238537,60,306.42569
57.116103,60,306.518055
50.8052,60,306.602925
39.258291,60,306.694083
51.737391,60,306.795617
51.221362,60,306.886464
45.479937,60,306.978236
45.706448,60,307.070418
49.8387,60,307.152867
46.096926,60,307.236661
37.250625,60,307.315243
53.220344,60,307.399172
54.690396,60,307.496768
57.171233,60,307.578417
55.365954,60,307.655473
56.574076,60,307.738988
28.730672,60,307.820482
57.362116,60,307.899457
49.834337,60,307.98108
41.246901,60,308.077648
45.116559,60,308.165037
42.019645,60,308.249489
54.610144,60,308.335574
16.042694,48,308.395385
50.797186,60,308.474148
56.770233,60,308.550476
29.486524,60,308.63011
55.549751,60,308.723882
49.174018,60,308.806305
54.289118,60,308.894424
18.525993,48,308.955917
35.514419,60,309.056034
54.589504,60,309.141096
51.301885,60,309.226971
53.538708,60,309.318527
55.480292,60,309.400074
54.972786,60,309.491321
54.739866,60,309.631786
51.070528,60,309.718908
21.724618,60,309.801946
42.39241,60,309.885827
53.350456,60,309.975344
30.509826,60,310.070767
51.371107,60,310.161273
45.437902,60,310.244812
55.486671,60,310.337159
55.885645,60,310.429024
52.730575,60,310.51191
50.217841,60,310.580312
44.303896,60,310.651777
51.688714,60,310.715543
57.960611,60,310.783544
27.056398,60,310.846999
47.428255,60,310.924608
55.53292,60,311.02082
57.263471,60,311.108277
53.736803,60,311.20063
37.203332,60,311.28324
53.302964,60,311.366626
4.231682,28,311.40789
55.397742,60,311.485932
47.884385,60,311.57502
39.985998,60,311.664621
49.319285,60,311.758835
54.711197,60,311.843424
44.560923,60,311.927811
39.101265,60,311.998111
56.328889,60,312.061513
49.486169,60,312.121856
40.971642,60,312.192115
31.244571,59,312.263761
56.133942,60,312.337736
57.103356,60,312.412237
48.091871,60,312.48705
36.234552,60,312.56194
32.499611,60,312.630971
52.328311,60,312.694401
52.557547,60,312.766456
50.167879,60,312.837542
55.923444,60,312.91097
48.892595,60,312.981925
54.895044,60,313.054907
55.81359,60,313.137265
53.792047,60,313.207963
57.390465,60,313.275818
55.297281,60,313.358749
42.075488,60,313.435739
55.596594,60,313.50579
53.974364,60,313.577756
53.673689,60,313.647767
48.432883,60,313.722403
44.797585,60,313.795956
34.766563,60,313.866358
30.55233,60,313.940271
57.471249,60,314.017776
47.338393,60,314.089287
51.709697,60,314.161252
54.714905,60,314.23378
57.654969,60,314.303729
42.385929,60,314.375531
55.219903,60,314.438805
47.582314,60,314.507744
55.540884,60,314.578735
40.728241,60,314.654767
56.77398,60,314.724709
52.322456,60,314.799251
52.646991,60,314.871186
52.545391,60,314.946171
55.012954,60,315.018078
47.994127,60,315.093039
52.279336,60,315.167304
54.939874,60,315.24642
56.636352,60,315.324963
49.033238,60,315.393988
54.81365,60,315.480241
49.729577,60,315.566971
54.487639,60,315.636883
38.58283,60,315.715239
55.080694,60,315.787163
52.818965,60,315.867261
54.852861,60,315.946766
55.731609,60,316.023282
54.44577,60,316.099263
49.288701,60,316.174678
51.212438,60,316.247664
55.504726,60,316.321639
33.1286,60,316.406228
53.546871,60,316.487101
42.368198,60,316.568468
55.792704,60,316.641225
56.322456,60,316.708318
54.869442,60,316.788329
16.603756,60,316.876062
56.631035,60,316.972709
53.343254,60,317.073385
51.449573,60,317.164907
50.403273,60,317.265159
26.411377,60,317.361218
53.850003,60,317.455115
52.43329,60,317.547643
47.316524,60,317.624705
44.769138,60,317.712239
55.612355,60,317.797273
57.645728,60,317.898391
53.654997,60,317.981379
51.965467,60,318.068747
57.702303,60,318.163734
50.665,60,318.260558
54.211885,60,318.344579
47.874486,60,318.42662
56.493659,60,318.499116
50.614262,60,318.586457
57.077727,60,318.650782
20.387186,60,318.715149
39.121706,60,318.780487
52.420901,60,318.857433
50.156721,60,318.936462
43.727441,60,319.024066
56.650854,60,319.158565
24.713211,60,319.263746
57.6251,60,319.340259
51.756229,60,319.41881
42.226855,60,319.496161
55.588056,60,319.568135
46.184237,60,319.643661
55.387168,60,319.73067
50.725551,60,319.808653
50.188722,60,319.893729
53.066646,60,319.97831
56.298823,60,320.061273
56.294601,60,320.143298
54.959677,60,320.230823
28.53806,60,320.318005
54.656568,60,320.396616
55.993678,60,320.474133
56.021929,60,320.563501
56.090792,60,320.644111
57.09115,60,320.71855
54.363015,60,320.797874
52.167643,60,320.884435
57.840112,60,320.967355
56.138161,60,321.041943
47.392555,60,321.121459
49.042594,60,321.20518
53.220007,60,321.275425
54.986035,60,321.356839
56.751053,60,321.435939
54.606549,60,321.512491
54.907731,60,321.589921
53.090877,60,321.666934
52.22998,60,321.749102
28.063227,60,321.845538
46.616944,60,321.93177
53.857116,60,322.025329
57.052983,60,322.106111
42.705794,60,322.191673
55.591128,60,322.272629
51.627716,60,322.357095
48.182683,60,322.436983
54.703555,60,322.530086
48.404749,60,322.62115
56.028276,60,322.701746
5.534732,29,322.739017
54.308387,60,322.821619
43.43122,60,322.895519
42.752903,60,322.977547
48.647231,60,323.057525
55.839494,60,323.14705
41.74874,60,323.218431
49.410386,60,323.305525
55.226606,60,323.388111
41.496953,60,323.482225
55.330707,60,323.564338
55.129387,60,323.645388
15.378772,60,323.759144
54.594532,60,323.841065
45.439548,60,323.926056
56.17426,60,324.013639
56.392352,60,324.100666
37.423791,60,324.169033
55.973001,60,324.234351
52.515422,60,324.316457
33.407077,60,324.399909
49.905065,60,324.5121
53.540592,60,324.614282
40.374862,60,324.689867
52.535517,60,324.792985
48.089958,60,324.886146
53.732657,60,324.978711
54.237714,60,325.082691
45.59353,60,325.182807
56.141752,60,325.277689
53.925846,60,325.373406
52.914214,60,325.469479
24.790359,52,325.555535
53.155574,60,325.655063
55.395263,60,325.752613
47.495854,60,325.864115
34.357303,60,325.955075
54.199582,60,326.048536
54.86645,60,326.140099
11.294838,45,326.213615
53.512635,60,326.305481
53.227705,60,326.397572
53.583199,60,326.489618
48.93444,60,326.576006
51.453936,60,326.671373
48.637414,60,326.771835
44.682102,60,326.871429
56.279093,60,326.96899
46.023358,60,327.076227
55.539357,60,327.171967
54.863056,60,327.259883
56.592527,60,327.360838
56.717427,60,327.466263
38.245475,60,327.585589
45.726728,60,327.682132
56.107243,60,327.772241
55.711973,60,327.863426
55.714486,60,327.959917
15.486977,60,328.044928
56.396207,60,328.144187
54.102406,60,328.242369
49.938773,60,328.34958
33.496324,60,328.456551
56.481615,60,328.552577
52.861387,60,328.653704
55.952342,60,328.858536
55.066603,60,328.965142
48.369704,60,329.055164
55.46502,60,329.182559
44.517513,60,329.292047
53.125728,60,329.394663
52.174242,60,329.487705
55.502228,60,329.574683
53.4424,60,329.672165
55.778544,60,329.757682
42.039425,60,329.848794
57.03971,60,329.940777
15.166315,39,330.006007
57.074802,60,330.092951
50.143582,60,330.192895
56.316341,60,330.305094
55.96827,60,330.420533
56.322733,60,330.516663
49.338645,60,330.618194
56.912536,60,330.713824
31.300959,60,330.80644
55.151798,60,330.904335
57.941749,60,331.011619
56.885777,60,331.131813
57.074668,60,331.230939
56.032885,60,331.327357
52.399583,60,331.42884
56.590308,60,331.519821
56.139559,60,331.631415
57.384743,60,331.732363
54.767477,60,331.82277
45.986561,60,331.925734
55.971041,60,332.04099
26.843455,60,332.14854
55.332172,60,332.247558
34.844573,60,332.347394
53.548706,60,332.447294
41.144368,60,332.549803
54.237129,60,332.651586
15.236805,60,332.766348
51.464548,60,332.866965
48.171576,60,332.965347
44.746387,60,333.056425
55.523154,60,333.156083
55.233538,60,333.244144
55.179612,60,333.352406
49.539723,60,333.442164
54.999749,60,333.536485
53.253788,60,333.641596
55.081724,60,333.734996
53.70505,60,333.822399
55.203351,60,333.920492
50.890859,60,334.006996
54.378214,60,334.094615
50.004387,60,334.177116
36.21756,60,334.267675
56.345087,60,334.351174
50.865389,60,334.442089
55.050796,60,334.524503
49.237502,60,334.604953
48.185281,60,334.698064
51.187406,60,334.779677
55.806234,60,334.857676
52.38918,60,334.93867
51.137986,60,335.02519
37.085759,60,335.106734
55.414479,60,335.20487
57.421755,60,335.295938
55.707392,60,335.38983
57.364017,60,335.476303
55.011649,60,335.575723
57.05481,60,335.663567
53.817859,60,335.754635
57.374725,60,335.844277
48.18183,60,335.927414
56.875732,60,336.017784
55.593662,60,336.101785
57.193468,60,336.19838
54.14797,60,336.281062
55.019038,60,336.367628
57.027249,60,336.463279
33.930413,60,336.549877
44.098361,60,336.649663
33.804632,60,336.737247
8.005298,31,336.788038
54.861076,60,336.876086
56.933683,60,336.971517
55.481279,60,337.062408
29.884601,60,337.152581
57.145327,60,337.243863
52.009755,60,337.324885
56.924768,60,337.404465
33.038821,60,337.492639
55.315231,60,337.587279
54.180666,60,337.680701
55.07645,60,337.768064
55.147894,60,337.862058
51.498554,60,337.947434
57.560371,60,338.028789
55.849694,60,338.118706
54.731948,60,338.207346
56.17361,60,338.307507
44.57161,60,338.402163
53.591258,60,338.485105
54.494073,60,338.588842
56.259083,60,338.675408
56.016049,60,338.776494
56.815691,60,338.862103
52.660301,60,338.953075
43.287337,60,339.061709
51.542461,60,339.154275
41.357587,60,339.246849
48.755984,60,339.339849
57.162771,60,339.438411
53.757962,60,339.529382
53.130914,60,339.630615
54.886611,60,339.715657
52.085268,60,339.803575
50.580387,60,339.882027
48.532481,60,339.954935
53.363788,60,340.036949
55.349286,60,340.124068
46.202969,60,340.218406
55.233019,60,340.309423
56.204044,60,340.402409
51.942446,60,340.487347
20.8795,60,340.580436
55.154652,60,340.668094
57.049395,60,340.747938
56.062841,60,340.83199
54.117298,60,340.919935
45.075179,60,341.00649
56.058737,60,341.104374
51.403211,60,341.197735
54.74122,60,341.285161
56.077821,60,341.368779
50.330031,60,341.452744
54.102481,60,341.535994
45.798999,60,341.627593
56.548974,60,341.708627
55.947687,60,341.798353
56.721727,60,341.880516
52.430165,60,341.963386
50.065406,60,342.037817
51.167058,60,342.128008
41.391836,60,342.217109
53.670755,60,342.301066
49.569224,60,342.385611
33.011898,60,342.4613
56.208882,60,342.540486
51.90007,60,342.620923
55.407312,60,342.700168
32.675332,59,342.774922
53.95129,60,342.867035
44.421951,60,342.953444
35.124731,60,343.033847
56.797981,60,343.11444
56.59564,60,343.194894
53.635091,60,343.275052
55.288592,60,343.357437
51.180176,60,343.447004
57.368045,60,343.528754
35.363313,60,343.611283
54.895024,60,343.697162
55.733695,60,343.780403
50.913783,60,343.865185
55.148063,60,343.954562
54.825288,60,344.034695
54.623977,60,344.124183
55.552501,60,344.200655
29.490526,60,344.285201
52.545124,60,344.364638
44.966035,60,344.450136
54.275786,60,344.52861
56.564033,60,344.62961
36.995165,60,344.709439
22.535393,49,344.779245
52.749261,60,344.864406
49.004662,60,344.944092
56.497674,60,345.020827
16.630516,55,345.093223
35.410321,60,345.183336
57.849194,60,345.27142
22.613246,60,345.361488
49.822813,60,345.453573
57.050108,60,345.538724
49.620667,60,345.62432
55.344278,60,345.704832
39.57704,60,345.787246
38.667733,60,345.873046
56.91793,60,345.961505
47.918357,60,346.048579
56.41884,60,346.144681
54.863984,60,346.24034
54.567582,60,346.329816
14.274731,57,346.40727
40.167666,60,346.491223
54.747196,60,346.579585
48.681988,60,346.667145
56.00078,60,346.753681
48.477523,60,346.841249
51.888455,60,346.934071
41.735177,60,347.012809
57.186424,60,347.094784
48.020177,60,347.185045
57.093366,60,347.269626
21.785719,60,347.361705
55.573976,60,347.435746
54.296065,60,347.510345
57.008736,60,347.591913
27.139825,60,347.681478
55.158667,60,347.771441
41.750298,60,347.857819
52.453725,60,347.94798
39.467522,60,348.03291
51.0875,60,348.114566
55.309222,60,348.198602
55.845498,60,348.284641
43.291691,60,348.362254
56.729394,60,348.452385
50.851097,60,348.536279
56.395029,60,348.626819
51.441386,60,348.720613
45.581204,60,348.803551
57.534388,60,348.889619
56.802755,60,348.98329
56.076646,60,349.065294
56.225538,60,349.15445
57.685643,60,349.244361
53.050591,60,349.328612
56.820288,60,349.427647
57.176829,60,349.520888
55.892325,60,349.617904
57.376547,60,349.705915
54.371239,60,349.79683
54.706431,60,349.888222
55.066035,60,349.976772
37.287218,60,350.056808
45.427167,60,350.135746
58.465051,60,350.222479
51.836515,60,350.320996
38.953202,60,350.413019
56.462013,60,350.502069
52.635496,60,350.592479
55.458339,60,350.682544
56.78412,60,350.77109
42.332471,60,350.864179
45.900517,60,350.95377
43.032589,60,351.062018
33.915621,60,351.163967
49.30329,60,351.257399
55.340174,60,351.353863
52.111052,60,351.445217
50.672917,60,351.546171
55.769085,60,351.643019
57.387895,60,351.746492
54.913792,60,351.842534
40.875606,60,351.933031
52.289598,60,352.01686
52.652481,60,352.113418
57.222962,60,352.196818
56.920668,60,352.309741
56.474977,60,352.416524
55.349973,60,352.518577
56.547061,60,352.639713
47.284563,60,352.726306
49.557557,60,352.829513
54.970826,60,352.926562
51.020548,60,353.017904
56.119789,60,353.123567
56.206954,60,353.214033
53.429614,60,353.298443
47.797084,60,353.391455
57.457383,60,353.483999
57.672318,60,353.562944
25.827188,60,353.657086
57.023782,60,353.742079
56.001725,60,353.828993
53.265711,60,353.919158
55.350169,60,354.00366
50.976926,60,354.093208
48.8893,60,354.174224
56.329562,60,354.252664
54.859622,60,354.344388
53.899502,60,354.436516
57.882809,60,354.525173
55.076354,60,354.622087
50.173591,60,354.717952
57.598767,60,354.800885
58.494789,60,354.887218
55.107371,60,354.972646
47.176788,60,355.063491
30.510049,49,355.128233
54.725261,60,355.208139
53.561591,60,355.290624
57.506136,60,355.36455
51.99987,60,355.455707
56.359463,60,355.538243
52.067512,60,355.6251
56.515063,60,355.70676
54.384208,60,355.786566
43.248013,60,355.86611
41.123215,60,355.947136
50.502355,60,356.023611
56.760385,60,356.106848
54.910491,60,356.197968
38.659343,60,356.285045
46.203842,60,356.380109
54.282055,60,356.46459
52.35042,60,356.543544
57.143617,60,356.644715
15.941593,60,356.720243
56.833413,60,356.802633
45.562989,60,356.892191
56.018863,60,356.972079
45.748381,60,357.059959
49.683394,60,357.147477
54.558667,60,357.232581
50.66011,60,357.315771
46.466674,60,357.397298
55.844318,60,357.481308
53.817652,60,357.565208
55.829559,60,357.648215
58.427734,60,357.717668
55.192467,60,357.795985
56.873419,60,357.877691
55.835177,60,357.96194
47.609605,60,358.037301
56.703576,60,358.119291
56.636664,60,358.203266
56.477675,60,358.283239
52.854062,60,358.364726
56.2706,60,358.449206
44.189531,60,358.537824
29.270468,60,358.617893
53.103729,60,358.697515
56.356706,60,358.781471
52.263849,60,358.870865
28.740008,60,358.961024
51.764297,60,359.042048
53.139791,60,359.136097
42.800176,60,359.217183
28.385505,60,359.304232
45.61805,60,359.3937
57.198732,60,359.481673
56.877846,60,359.568136
56.659765,60,359.654543
48.432338,60,359.749662
54.072438,60,359.828134
53.462929,60,359.919192
54.101598,60,360.013636
57.516717,60,360.09548
56.595765,60,360.187036
56.093765,60,360.272751
56.264711,60,360.352235
55.781199,60,360.437732
54.968314,60,360.529238
49.095428,60,360.628331
52.932956,60,360.726527
55.928987,60,360.806863
52.061711,60,360.895213
51.2097,60,360.976217
56.61201,60,361.068339
57.855859,60,361.15492
34.665142,60,361.25048
51.966949,60,361.341888
42.04702,60,361.439504
56.855486,60,361.523087
31.936139,60,361.624752
32.329633,60,361.715273
54.486315,60,361.816337
50.014596,60,361.908355
48.987568,60,362.003442
56.638348,60,362.104153
51.417816,60,362.196038
51.809714,60,362.290029
44.810435,60,362.380286
42.996805,60,362.474686
50.559113,60,362.574247
55.396888,60,362.671341
47.478894,60,362.761919
57.593924,60,362.861977
52.58572,60,362.951972
57.476571,60,363.036043
44.745393,60,363.147333
55.10231,60,363.242476
50.198379,60,363.352223
53.259952,60,363.446794
53.467319,60,363.531775
47.76981,60,363.633386
52.981102,60,363.727998
54.581257,60,363.815467
46.896222,60,363.906875
28.802245,55,364.002965
55.996483,60,364.098354
53.782982,60,364.208007
57.018023,60,364.303328
49.737172,60,364.396573
45.205377,60,364.494939
56.512948,60,364.599124
41.062104,60,364.707395
55.879212,60,364.80297
56.603178,60,364.89507
54.955456,60,365.004611
55.524184,60,365.104509
52.413038,60,365.210166
40.135709,60,365.311904
55.842359,60,365.470833
55.980301,60,365.595691
56.221259,60,365.704799
45.688437,60,365.804299
53.835787,60,365.896223
16.091721,37,365.953562
25.292163,60,366.042058
52.890838,60,366.127445
52.180557,60,366.221129
42.469166,60,366.308206
56.765886,60,366.407909
55.543732,60,366.496581
54.371169,60,366.593216
56.752802,60,366.680351
53.020229,60,366.774384
54.775769,60,366.865997
54.524557,60,366.958171
52.391679,60,367.049172
53.372635,60,367.136475
45.663047,60,367.231553
49.897339,60,367.329066
55.208215,60,367.433273
55.157882,60,367.525398
53.967846,60,367.621977
49.571093,60,367.720531
55.304967,60,367.804312
56.042562,60,367.902251
56.049143,60,367.999702
51.819403,60,368.102335
57.715705,60,368.205938
57.701025,60,368.314234
36.72008,60,368.402296
55.371681,60,368.497836
55.115654,60,368.589773
53.733838,60,368.680636
52.80541,60,368.769108
55.268828,60,368.858937
55.845463,60,368.950095
54.965073,60,369.044212
55.175044,60,369.135219
14.745453,40,369.20066
54.697829,60,369.291687
44.512972,60,369.382189
47.024394,60,369.474593
54.986564,60,369.565529
51.441515,60,369.658076
55.187823,60,369.752075
56.606975,60,369.84871
56.162667,60,369.937319
18.709812,60,370.033501
49.367468,60,370.117569
51.075096,60,370.204638
45.069673,60,370.297839
55.171923,60,370.38446
54.858557,60,370.482127
49.963597,60,370.571166
57.22438,60,370.659102
52.091549,60,370.748561
43.68367,60,370.850734
56.630153,60,370.93674
55.328546,60,371.020238
56.42195,60,371.11077
55.837472,60,371.19903
56.391529,60,371.289215
56.353568,60,371.370204
57.724357,60,371.44781
51.936518,60,371.536219
49.652992,60,371.633393
56.851982,60,371.719989
57.352736,60,371.816185
53.575241,60,371.906218
56.035885,60,371.991233
52.270361,60,372.076224
35.265518,60,372.167202
55.647225,60,372.250638
54.125718,60,372.352958
40.013732,60,372.437543
51.301698,60,372.53407
55.216678,60,372.629139
53.373151,60,372.718194
56.50601,60,372.817846
44.966404,60,372.907125
54.816993,60,372.996517
55.590159,60,373.094336
56.841052,60,373.177817
57.02079,60,373.274321
48.666442,60,373.379021
54.685643,60,373.463447
56.859904,60,373.557562
56.932169,60,373.659693
53.604608,60,373.747666
38.257713,60,373.843176
57.029731,60,373.918779
56.867052,60,374.003699
54.629997,60,374.090947
53.404826,60,374.180151
55.121506,60,374.264116
50.875142,60,374.364781
22.993745,60,374.455312
56.679381,60,374.540378
48.230062,60,374.613808
56.495595,60,374.694156
44.080168,60,374.776905
55.250139,60,374.86656
56.20733,60,374.953487
57.190749,60,375.033984
55.847072,60,375.117346
42.452097,60,375.198788
46.984207,60,375.281652
57.194755,60,375.367647
52.354985,60,375.452107
56.613418,60,375.54019
50.142995,60,375.630845
53.440389,60,375.720279
57.272864,60,375.808855
41.302391,60,375.902259
43.556673,60,375.980234
57.281785,60,376.065762
55.836292,60,376.161491
54.999675,60,376.247841
47.610503,60,376.334051
54.195106,60,376.417793
58.015187,60,376.497311
57.209867,60,376.573477
58.572122,60,376.660989
53.410747,60,376.746932
52.700211,60,376.839961
37.130524,60,376.932126
50.385194,60,377.026022
54.102104,60,377.109571
46.530079,60,377.197648
54.592308,60,377.287719
45.824572,60,377.368781
58.345374,60,377.469985
21.285002,51,377.545416
53.74277,60,377.646903
31.718064,60,377.744808
54.906057,60,377.826547
53.559082,60,377.918492
51.170683,60,378.004978
26.001639,56,378.089523
26.384701,60,378.187154
51.904176,60,378.273234
52.935361,60,378.367795
56.408625,60,378.459983
56.235786,60,378.546144
32.920802,60,378.634624
34.026679,60,378.732515
51.663837,60,378.823778
58.111837,60,378.909628
38.260269,60,378.999848
57.290659,60,379.082413
53.23896,60,379.164046
50.977338,60,379.253098
55.120895,60,379.345776
54.205975,60,379.441789
24.05776,60,379.534271
32.474923,60,379.620747
56.274183,60,379.705092
57.051619,60,379.797851
56.755732,60,379.883837
56.56571,60,379.962312
56.338017,60,380.051829
53.125127,60,380.134326
43.428808,60,380.22478
58.62968,60,380.314134
56.181406,60,380.400049
57.590084,60,380.496715
56.089963,60,380.586081
53.270159,60,380.687392
54.67971,60,380.781995
56.717869,60,380.866868
57.006942,60,380.965534
57.722375,60,381.063648
43.778539,60,381.152683
56.683095,60,381.243257
57.493851,60,381.34394
56.208101,60,381.429181
55.930228,60,381.519597
56.573545,60,381.612092
57.028232,60,381.694071
32.256241,60,381.777752
53.812341,60,381.86676
39.034354,60,381.949947
32.831143,60,382.051077
55.584296,60,382.134191
55.230783,60,382.223341
49.881312,60,382.304332
51.493977,60,382.391912
56.199687,60,382.474258
41.431619,60,382.558747
31.433026,60,382.64036
21.349242,60,382.723956
53.550263,60,382.81043
56.358966,60,382.888936
57.288246,60,382.97642
52.443341,60,383.063375
50.584714,60,383.139908
39.942112,60,383.253601
54.881828,60,383.364375
57.847783,60,383.492033
46.660417,60,383.57278
57.05787,60,383.672154
57.362455,60,383.756644
55.477777,60,383.84069
50.532945,60,383.934025
55.854661,60,384.021358
50.487788,60,384.102564
51.577966,60,384.193166
42.404634,60,384.270936
49.369852,60,384.362035
55.941281,60,384.444228
38.843087,60,384.527253
56.406389,60,384.627924
57.228196,60,384.715943
56.215408,60,384.800964
43.791981,60,384.886541
55.526161,60,384.967587
44.982781,60,385.054174
57.12254,60,385.147201
55.33924,60,385.235588
51.664268,60,385.329534
56.740348,60,385.415977
51.420199,60,385.500045
49.43918,60,385.592888
49.194361,60,385.675843
52.863187,60,385.764351
57.500574,60,385.858971
56.775609,60,385.947618
50.379905,60,386.036684
55.873496,60,386.130172
56.339845,60,386.215607
57.020475,60,386.305782
56.960017,60,386.389197
54.160979,60,386.474307
56.635579,60,386.557413
57.042372,60,386.640433
57.240595,60,386.723694
55.053694,60,386.801638
57.240893,60,386.883583
43.137041,60,386.971001
56.64682,60,387.04781
54.53692,60,387.134309
56.47751,60,387.220732
50.032259,60,387.303754
52.296278,60,387.386626
51.059985,60,387.472711
55.483453,60,387.559114
57.432854,60,387.647664
56.937161,60,387.72874
47.153988,60,387.813255
57.644861,60,387.90291
17.928755,60,387.988897
48.533164,60,388.072963
55.11535,60,388.171108
48.645653,60,388.254636
57.724972,60,388.339166
56.245734,60,388.435639
54.069054,60,388.524031
34.013235,60,388.626747
56.60536,60,388.72082
54.247276,60,388.806341
42.464587,60,388.89734
52.20572,60,388.98783
58.624887,60,389.072657
44.611955,60,389.152982
55.209656,60,389.238168
56.648442,60,389.320178
55.243507,60,389.404199
46.770512,60,389.490431
57.635414,60,389.570771
57.489299,60,389.666633
46.4616,60,389.754198
52.102565,60,389.836228
50.848426,60,389.922761
49.575632,60,390.009398
56.324332,60,390.097395
57.003016,60,390.184924
9.474597,35,390.237812
55.702198,60,390.320121
57.519874,60,390.411722
12.390858,34,390.461614
49.881552,60,390.545604
50.415705,60,390.634004
51.094461,60,390.715662
49.882234,60,390.803668
35.94426,60,390.899639
54.294939,60,390.98842
26.083508,60,391.075279
35.257284,60,391.16593
52.483553,60,391.265646
57.437327,60,391.355803
57.283953,60,391.4446
33.021806,60,391.54076
57.203421,60,391.626848
38.185172,60,391.722287
51.07859,60,391.801404
43.155373,60,391.881728
56.030797,60,391.968337
54.22489,60,392.06349
50.844542,60,392.145155
54.568179,60,392.238581
58.584188,60,392.326927
56.252372,60,392.413954
58.481975,60,392.497455
54.750591,60,392.589536
57.830736,60,392.68296
53.391075,60,392.779279
57.530826,60,392.863537
42.013874,60,392.953129
55.236931,60,393.053718
53.470691,60,393.150773
57.593716,60,393.258374
40.290015,60,393.350332
51.190489,60,393.457474
53.60451,60,393.57634
57.981951,60,393.662331
57.61375,60,393.75959
56.350534,60,393.851644
57.757452,60,393.94667
57.440119,60,394.041502
56.682544,60,394.146469
55.72296,60,394.242006
56.447773,60,394.332533
54.650145,60,394.415041
46.359282,60,394.498637
47.783552,60,394.586473
54.700239,60,394.678646
56.378786,60,394.767115
49.461686,60,394.860584
56.571718,60,394.955269
55.258045,60,395.042247
57.421324,60,395.129905
57.208056,60,395.219971
56.613536,60,395.307456
13.825824,36,395.365294
56.939562,60,395.461751
54.08643,60,395.561344
56.148035,60,395.670192
57.080839,60,395.762735
58.986175,60,395.860953
53.483921,60,395.956898
55.712669,60,396.04385
54.570209,60,396.145251
54.686509,60,396.238616
54.374026,60,396.336111
57.457861,60,396.432679
55.886298,60,396.530353
51.487291,60,396.623988
57.66772,60,396.722101
57.140157,60,396.806672
57.427118,60,396.889213
57.754958,60,396.973873
54.904452,60,397.063476
56.025564,60,397.145892
52.465747,60,397.232293
43.100442,60,397.320412
56.606324,60,397.423597
55.882254,60,397.516201
55.627461,60,397.611308
57.182918,60,397.703374
56.156276,60,397.795417
56.913671,60,397.881036
56.618994,60,397.965196
56.750097,60,398.062594
44.144718,60,398.157194
56.073454,60,398.240722
16.693919,41,398.312188
48.719313,60,398.397208
55.703514,60,398.477642
50.662979,60,398.577323
57.627669,60,398.674195
57.179431,60,398.76863
57.442976,60,398.862658
57.878767,60,398.948012
55.208258,60,399.042421
54.009911,60,399.13868
45.703967,60,399.218693
56.726473,60,399.308758
38.308976,60,399.402438
48.868216,60,399.488416
54.895424,60,399.587566
56.716483,60,399.67022
51.982504,60,399.745563
57.049177,60,399.824379
52.770724,60,399.901956
54.72755,60,399.984933
56.626857,60,400.069006
55.911666,60,400.159572
16.580571,44,400.218127
57.078879,60,400.301539
55.438018,60,400.379986
55.975109,60,400.462385
53.86745,60,400.538167
34.008642,60,400.630267
56.778412,60,400.714722
54.923366,60,400.8027
56.437255,60,400.893347
56.81395,60,400.988242
49.825489,60,401.085821
19.618242,45,401.1583
56.90922,60,401.246404
53.850289,60,401.336307
57.748613,60,401.425065
49.142147,60,401.511725
56.65376,60,401.604922
57.561674,60,401.699992
47.517491,60,401.790127
47.403346,60,401.878259
57.155104,60,401.966321
44.345599,60,402.045232
56.85492,60,402.129141
51.561883,60,402.21227
55.327694,60,402.295837
55.185663,60,402.375964
51.184579,60,402.460932
50.366129,60,402.542955
56.585725,60,402.636919
51.525604,60,402.732996
52.120746,60,402.831576
55.949859,60,402.941644
55.011362,60,403.049147
58.06156,60,403.153628
40.324691,60,403.250415
56.982551,60,403.361184
53.965957,60,403.455777
56.523021,60,403.556871
30.338192,60,403.652492
53.298361,60,403.736522
56.818145,60,403.826931
52.684553,60,403.910436
48.933564,60,404.004065
58.210644,60,404.094156
53.739464,60,404.174112
45.153446,60,404.2582
58.230035,60,404.35097
55.238444,60,404.434456
58.187628,60,404.522063
56.762646,60,404.614214
56.927159,60,404.707325
56.807646,60,404.796899
57.087599,60,404.883988
56.866597,60,404.967038
56.075928,60,405.049563
56.162925,60,405.148702
53.781664,60,405.237251
56.720122,60,405.340832
55.322531,60,405.429134
43.046923,60,405.519714
51.053822,60,405.612206
47.993676,60,405.710371
55.307456,60,405.793844
51.931499,60,405.886862
58.327732,60,405.981946
54.836954,60,406.067429
56.069351,60,406.170291
57.061444,60,406.258304
56.534303,60,406.348939
24.276256,50,406.419326
47.270135,60,406.508919
55.318003,60,406.612472
54.14177,60,406.705221
56.078453,60,406.805229
54.257995,60,406.895901
56.497693,60,406.990993
56.338595,60,407.081579
56.329703,60,407.163042
55.405328,60,407.256705
49.012147,60,407.346994
56.553236,60,407.433978
57.465171,60,407.515953
51.924858,60,407.592358
57.091343,60,407.671389
56.254259,60,407.753357
56.457794,60,407.841871
39.141848,60,407.9233
56.907906,60,408.010803
53.916293,60,408.092767
56.520587,60,408.171773
55.989266,60,408.248818
53.994461,60,408.33907
56.665938,60,408.417417
46.202055,60,408.506461
47.724802,60,408.596584
53.9203,60,408.688072
54.818549,60,408.7857
57.337141,60,408.870107
13.21114,60,408.946559
54.735032,60,409.030684
57.389903,60,409.114142
54.539919,60,409.206176
57.222594,60,409.291014
56.855002,60,409.368602
58.109186,60,409.451051
52.009781,60,409.536768
52.272505,60,409.615654
59.015164,60,409.698307
57.980003,60,409.787385
52.800886,60,409.869462
35.567498,60,409.950458
48.632286,60,410.02782
56.848285,60,410.102372
56.857377,60,410.178166
56.25476,60,410.253201
50.207771,60,410.338125
57.385318,60,410.422235
54.072186,60,410.509738
56.861841,60,410.599705
56.937194,60,410.685352
52.290996,60,410.766081
57.029273,60,410.85705
55.142042,60,410.931548
56.537331,60,411.021159
56.038996,60,411.110465
57.46212,60,411.192265
55.372881,60,411.286462
56.539185,60,411.369958
53.888351,60,411.459576
51.911747,60,411.548085
57.705478,60,411.633684
42.603124,60,411.730108
57.815634,60,411.820323
51.213454,60,411.906209
55.258382,60,411.997181
54.798756,60,412.094832
57.777951,60,412.182352
55.669803,60,412.269232
56.622724,60,412.357067
57.061993,60,412.443076
9.934482,32,412.490896
57.235237,60,412.572864
55.173158,60,412.656398
53.18183,60,412.736396
56.851156,60,412.826485
11.190538,59,412.909438
51.666699,60,412.991519
54.938803,60,413.075459
57.541284,60,413.162376
56.973919,60,413.248385
44.396663,60,413.343213
58.024146,60,413.431867
45.52188,60,413.519898
56.675233,60,413.625097
56.92152,60,413.716685
55.419137,60,413.813818
40.194088,60,413.904449
55.796913,60,413.992296
57.051477,60,414.088648
50.635594,60,414.175861
45.52464,60,414.265371
44.93206,60,414.360889
55.58949,60,414.441255
50.307964,60,414.527224
54.471625,60,414.617199
55.351764,60,414.706792
57.393972,60,414.793274
36.148291,60,414.891399
56.551992,60,414.975394
55.067185,60,415.06248
54.773653,60,415.145147
53.004698,60,415.221158
52.471969,60,415.298711
56.229576,60,415.388791
57.788656,60,415.467821
53.570203,60,415.550255
54.301865,60,415.642728
57.179227,60,415.731392
23.215719,60,415.816332
56.490357,60,415.894955
55.557077,60,415.985056
56.378325,60,416.071587
54.020806,60,416.16663
56.158289,60,416.247148
52.347579,60,416.335199
56.475501,60,416.430789
56.984752,60,416.513764
56.864762,60,416.605776
55.913993,60,416.700308
39.020291,60,416.787771
57.529426,60,416.888896
57.660833,60,416.980257
55.250521,60,417.068228
57.115065,60,417.162107
57.428797,60,417.251609
56.493364,60,417.328645
57.26,60,417.416706
57.465102,60,417.503871
53.001167,60,417.593711
51.532802,60,417.681515
55.666372,60,417.759968
55.13201,60,417.842669
46.061242,60,417.925213
54.022263,60,418.00366
52.980644,60,418.093197
56.480115,60,418.190299
51.242034,60,418.276374
54.733482,60,418.359365
44.346202,60,418.446246
44.353923,60,418.532155
57.112146,60,418.619274
52.128224,60,418.698221
57.003255,60,418.791828
55.896076,60,418.871193
57.521591,60,418.962796
57.603468,60,419.04169
56.109331,60,419.13069
56.090767,60,419.217175
57.984644,60,419.301219
57.77083,60,419.388261
56.65615,60,419.468221
29.169063,49,419.537108
56.120472,60,419.624186
53.82863,60,419.708792
54.835779,60,419.783747
57.580956,60,419.866165
17.097393,60,419.950863
38.76114,60,420.033697
28.244632,49,420.103502
52.164136,60,420.183866
57.404432,60,420.275646
56.786783,60,420.367731
55.074082,60,420.470256
56.653489,60,420.561697
56.816424,60,420.656785
56.731971,60,420.755914
47.818335,60,420.84198
32.57518,60,420.916624
56.658994,60,420.998078
57.379371,60,421.09637
56.454325,60,421.179753
57.479521,60,421.278998
56.965907,60,421.36651
57.256188,60,421.46215
52.501232,60,421.550416
53.178196,60,421.629292
55.444191,60,421.797737
56.786713,60,421.896793
57.352775,60,421.984292
55.960235,60,422.101672
55.135189,60,422.196122
45.231496,60,422.296289
56.91411,60,422.393108
57.155395,60,422.473586
54.770915,60,422.564587
56.737031,60,422.66894
57.148,60,422.76367
56.507544,60,422.852981
56.566575,60,422.946558
51.361414,60,423.025574
56.24192,60,423.10907
56.925291,60,423.192563
57.458042,60,423.28074
56.925197,60,423.3633
55.69314,60,423.460447
53.571118,60,423.552877
56.238998,60,423.658082
55.94673,60,423.746946
56.317484,60,423.847114
38.248728,60,423.925503
42.873701,60,424.019987
53.423719,60,424.116155
54.913645,60,424.217907
57.38237,60,424.321898
47.366695,60,424.413382
56.328615,60,424.511365
56.219355,60,424.606978
57.510057,60,424.693998
56.929062,60,424.789595
53.687913,60,424.886295
40.233266,60,424.991586
51.714067,60,425.077549
53.462486,60,425.158921
53.644088,60,425.246482
56.589596,60,425.337623
56.747767,60,425.42213
56.90207,60,425.496618
45.263826,60,425.582225
54.537248,60,425.668905
56.93069,60,425.750912
56.175623,60,425.831389
48.967558,60,425.908733
54.741213,60,425.984646
43.657427,60,426.05561
56.266462,60,426.138568
55.840424,60,426.219519
56.441684,60,426.306956
56.247135,60,426.391093
58.118854,60,426.4817
52.755876,60,426.567747
54.172004,60,426.659925
51.913064,60,426.738844
54.829425,60,426.824293
55.623441,60,426.906714
56.653886,60,426.993635
49.547839,60,427.080084
53.582628,60,427.158582
57.478587,60,427.244658
56.654914,60,427.332639
54.271466,60,427.413138
56.504731,60,427.501643
53.065592,60,427.585679
57.2864,60,427.673871
52.546041,60,427.756935
55.441036,60,427.84609
57.486327,60,427.929638
57.223467,60,428.021638
51.745121,60,428.103585
56.222109,60,428.184522
55.737504,60,428.273601
56.437125,60,428.356621
46.448689,60,428.436165
57.279913,60,428.513085
57.314882,60,428.6061
57.615246,60,428.693975
57.339559,60,428.773856
57.334876,60,428.860237
44.258874,60,428.940061
58.032083,60,429.022502
56.431492,60,429.106045
47.550839,60,429.190073
35.899668,60,429.275595
52.046632,60,429.369873
36.552174,60,429.448393
57.021147,60,429.53391
56.780101,60,429.631941
52.742892,60,429.730359
52.72808,60,429.822696
57.500685,60,429.911465
30.000199,60,429.994836
22.780741,60,430.079978
57.731677,60,430.161049
54.537199,60,430.251574
55.761529,60,430.404585
16.13005,36,430.461476
57.659095,60,430.542363
56.000802,60,430.633749
54.941245,60,430.724676
57.60252,60,430.80507
55.966783,60,430.89502
8.807125,36,430.943375
55.855885,60,431.024413
57.119449,60,431.115401
56.151707,60,431.19986
55.995203,60,431.286423
55.714306,60,431.375475
56.531562,60,431.463017
56.286695,60,431.545491
56.27123,60,431.631033
53.198667,60,431.724026
57.938891,60,431.818605
56.683009,60,431.904984
54.398719,60,431.989082
56.16537,60,432.091797
56.954467,60,432.171283
55.489677,60,432.255866
51.615938,60,432.349458
57.504722,60,432.433022
56.720445,60,432.52748
48.277394,60,432.610804
54.759191,60,432.697983
56.926769,60,432.786484
33.351445,60,432.881541
55.915228,60,432.962485
21.2132,60,433.048044
53.339551,60,433.138819
57.080431,60,433.22332
53.408767,60,433.306315
53.885277,60,433.390382
57.846482,60,433.471278
56.925852,60,433.549133
55.577896,60,433.632582
56.944103,60,433.716594
54.803242,60,433.804579
36.578195,60,433.895421
55.361318,60,433.981977
56.737346,60,434.071995
56.073682,60,434.1715
27.448184,48,434.248729
55.682679,60,434.339196
56.853408,60,434.426519
56.327967,60,434.508291
33.00941,60,434.601158
56.414147,60,434.695293
14.402916,40,434.75074
55.635678,60,434.838323
58.093573,60,434.93591
57.856039,60,435.016345
54.174368,60,435.114428
56.111547,60,435.206889
56.615813,60,435.298607
57.543145,60,435.385972
37.028251,60,435.483218
56.277035,60,435.574788
55.698324,60,435.66485
10.889599,57,435.756395
55.053451,60,435.844634
56.220587,60,435.92911
49.753093,60,436.006435
53.350118,60,436.08336
55.506039,60,436.161708
56.90302,60,436.255049
50.465027,60,436.338911
56.588987,60,436.432888
57.093259,60,436.521394
57.607145,60,436.595365
16.401329,60,436.678454
56.860598,60,436.767482
32.477059,60,436.857519
54.586059,60,436.948024
56.469547,60,437.032815
56.146083,60,437.119829
56.703537,60,437.210347
54.401707,60,437.30237
56.328267,60,437.399562
35.051902,60,437.48816
56.996867,60,437.575172
56.734184,60,437.668347
56.321289,60,437.763065
57.359243,60,437.851279
52.180155,60,437.949729
56.834018,60,438.052235
57.28835,60,438.139192
56.506804,60,438.237803
54.448292,60,438.338991
7.013943,34,438.390357
53.507692,60,438.540822
56.853875,60,438.682745
56.255713,60,438.782804
56.74743,60,438.871371
58.128358,60,438.964855
58.346926,60,439.061035
57.042802,60,439.140539
57.401004,60,439.226517
56.547813,60,439.310478
56.907445,60,439.404035
56.6757,60,439.492049
53.091329,60,439.589175
41.642689,60,439.673544
55.24555,60,439.767474
47.489587,60,439.847719
56.627722,60,439.93634
56.322767,60,440.034366
49.647499,60,440.118807
56.72782,60,440.20644
59.032066,60,440.296695
23.574814,60,440.382113
57.345426,60,440.471009
58.076223,60,440.556411
56.681131,60,440.647254
52.335649,60,440.730772
55.667436,60,440.82035
58.105639,60,440.904823
53.230982,60,440.99147
57.407373,60,441.071039
56.094916,60,441.148423
55.081562,60,441.227448
56.311939,60,441.315547
57.024237,60,441.401555
57.41595,60,441.503618
58.397572,60,441.599142
55.189355,60,441.686371
56.790303,60,441.78267
56.585499,60,441.875729
55.511934,60,441.958783
49.939992,60,442.057458
56.002092,60,442.156591
57.556394,60,442.246577
55.54278,60,442.336151
57.781652,60,442.428852
54.312569,60,442.511795
58.463489,60,442.603723
45.992483,60,442.684581
44.113578,60,442.770269
57.393979,60,442.862051
44.430339,60,442.95289
56.755079,60,443.053328
55.971999,60,443.155198
48.126168,60,443.246682
53.383169,60,443.332759
53.435836,60,443.400679
55.452079,60,443.460556
56.429468,60,443.52417
55.049415,60,443.58957
41.93858,60,443.656549
51.495612,60,443.727417
54.199499,60,443.794827
56.257068,60,443.867288
56.969406,60,443.928332
56.671104,60,444.004733
55.359418,60,444.097805
56.80751,60,444.189848
56.644327,60,444.308298
57.025918,60,444.409492
56.591669,60,444.522608
57.034644,60,444.643751
40.089259,60,444.733777
57.626721,60,444.860599
57.33363,60,444.96261
58.161743,60,445.070388
57.604048,60,445.17812
58.068967,60,445.270739
56.828429,60,445.352692
57.294224,60,445.421485
45.52575,60,445.482185
54.96888,60,445.557458
50.82813,60,445.625877
56.338329,60,445.699365
54.604973,60,445.798039
55.158418,60,445.898672
51.158364,60,445.985741
48.245459,60,446.070261
57.689595,60,446.164896
57.564346,60,446.255213
53.204927,60,446.344087
52.363936,60,446.429647
57.238101,60,446.518724
55.051691,60,446.601632
58.266783,60,446.692175
57.310494,60,446.783288
57.709167,60,446.86624
27.716904,60,446.967335
54.153164,60,447.062434
55.567898,60,447.159524
58.066514,60,447.253881
55.50628,60,447.353782
45.271441,60,447.44523
29.94085,56,447.525078
54.667529,60,447.610911
57.738829,60,447.696632
55.098851,60,447.793021
55.663571,60,447.881597
56.457934,60,447.983376
54.069838,60,448.079037
56.852957,60,448.171904
56.763939,60,448.25831
55.82757,60,448.341901
55.748506,60,448.435869
52.909339,60,448.528799
47.238525,60,448.621731
57.738357,60,448.706354
40.422172,60,448.80097
54.055264,60,448.89656
56.959064,60,448.988067
57.079568,60,449.077208
49.197122,60,449.164545
57.380494,60,449.249552
57.24512,60,449.356139
55.173667,60,449.463521
57.532085,60,449.576246
55.617225,60,449.679202
50.621888,60,449.776187
57.075087,60,449.864342
57.637761,60,449.978183
54.745194,60,450.072725
51.218787,60,450.181267
58.089259,60,450.283361
55.238957,60,450.379079
56.092001,60,450.470095
56.972723,60,450.554858
56.278577,60,450.646286
25.970873,51,450.743217
52.374466,60,450.875347
56.763641,60,451.000514
55.967807,60,451.141937
58.024249,60,451.246114
57.701234,60,451.340154
57.465361,60,451.428692
51.12854,60,451.549219
57.057698,60,451.655207
55.262049,60,451.770506
55.410984,60,451.872579
51.249337,60,451.974809
56.705348,60,452.089191
35.668561,60,452.194854
54.535483,60,452.39909
55.600874,60,452.53833
56.545762,60,452.632976
56.404175,60,452.731086
54.638218,60,452.818405
27.844324,60,452.915668
55.150299,60,453.012367
56.145719,60,453.11575
57.502691,60,453.213985
42.123422,60,453.319153
57.136485,60,453.434388
58.054239,60,453.524123
58.078473,60,453.611001
57.43623,60,453.705132
46.138076,60,453.783575
47.540571,60,453.875
55.899543,60,453.977627
48.924693,60,454.06011
55.547425,60,454.160176
52.878303,60,454.270977
53.258303,60,454.374646
55.69269,60,454.492672
55.672964,60,454.598785
36.086146,60,454.706229
57.356092,60,454.807806
57.095785,60,454.906338
37.870863,60,455.01361
44.861541,60,455.173329
55.891919,60,455.274104
57.830608,60,455.427149
58.002436,60,455.526396
56.137799,60,455.632451
57.6121,60,455.736176
56.231628,60,455.835263
43.323219,60,455.950104
50.503044,60,456.056123
57.158192,60,456.162889
56.788541,60,456.255925
47.944368,60,456.367094
57.435233,60,456.474759
56.58994,60,456.586024
52.868109,60,456.700696
57.836297,60,456.838953
56.304712,60,456.956545
46.806253,60,457.048207
56.957543,60,457.145878
58.169779,60,457.236396
54.554208,60,457.334694
25.529353,50,457.422672
56.125049,60,457.505718
48.473778,60,457.588808
56.181083,60,457.676368
35.872577,60,457.772484
57.143246,60,457.872993
56.724035,60,457.978752
56.161403,60,458.082069
54.998589,60,458.181716
56.561346,60,458.272089
56.943354,60,458.368879
56.938018,60,458.451407
40.395778,60,458.54817
57.255432,60,458.641454
54.937444,60,458.731858
54.077257,60,458.813852
56.511014,60,458.897713
51.498141,60,458.998132
56.030724,60,459.099374
57.591681,60,459.180321
53.007267,60,459.276394
57.348514,60,459.370501
55.658785,60,459.459966
54.780544,60,459.546317
55.238562,60,459.633321
54.542014,60,459.714267
53.809883,60,459.791219
57.691044,60,459.862241
32.893078,60,459.939802
47.391298,60,460.023301
33.0005,60,460.099653
57.466152,60,460.180953
58.109981,60,460.269452
52.358372,60,460.350075
56.485209,60,460.434365
58.407559,60,460.517221
53.172877,60,460.595148
58.019196,60,460.698894
56.915853,60,460.781384
57.220853,60,460.871473
55.980168,60,460.964501
57.25966,60,461.060587
51.2155,60,461.160748
53.343096,60,461.270931
56.522254,60,461.362712
56.571836,60,461.450555
57.738687,60,461.550794
55.148379,60,461.641013
54.144787,60,461.731998
58.718893,60,461.829905
56.502138,60,461.912647
56.651696,60,461.996916
54.561258,60,462.088996
58.256249,60,462.18468
55.153352,60,462.298851
43.877878,60,462.413045
51.55785,60,462.505704
57.072256,60,462.602273
57.386373,60,462.719436
56.342101,60,462.824658
50.092162,60,462.929819
57.003102,60,463.017243
58.431267,60,463.11136
50.100391,60,463.198289
55.540743,60,463.295932
56.317352,60,463.388861
57.587884,60,463.480958
57.050576,60,463.567062
57.538653,60,463.65931
56.368323,60,463.766093
41.924604,60,463.864837
56.834651,60,463.964991
44.611621,60,464.057629
57.372517,60,464.134459
56.319145,60,464.202018
40.959968,60,464.262325
56.381247,60,464.329701
57.582942,60,464.396119
57.591531,60,464.470183
55.939425,60,464.53852
57.082578,60,464.627532
56.439085,60,464.716111
52.401057,60,464.814784
57.356774,60,464.902125
56.861507,60,464.995728
46.648745,60,465.087922
56.6913,60,465.1784
53.251613,60,465.263304
52.259274,60,465.354422
56.463257,60,465.445902
56.709728,60,465.532927
55.206055,60,465.618896
58.723223,60,465.681718
50.201891,60,465.7501
56.621104,60,465.818054
54.079106,60,465.884464
56.246912,60,465.963417
57.89836,60,466.061203
56.956384,60,466.140229
56.496437,60,466.222241
56.970491,60,466.301264
56.40682,60,466.401313
57.021467,60,466.486822
53.058023,60,466.57701
57.308023,60,466.663133
56.990661,60,466.733872
48.842927,60,466.799806
57.18308,60,466.863647
51.304367,60,466.93654
55.430292,60,467.009404
52.277187,60,467.08537
57.875293,60,467.160902
55.096326,60,467.236787
51.046719,60,467.315786
57.723376,60,467.39597
56.439042,60,467.471562
58.24131,60,467.545101
53.875127,60,467.62312
54.215709,60,467.697959
57.699219,60,467.770844
56.752251,60,467.847026
56.616832,60,467.920818
57.388262,60,467.994587
56.962689,60,468.072097
57.192827,60,468.146015
57.125102,60,468.226144
57.03788,60,468.316119
55.489822,60,468.41126
56.985154,60,468.491783
56.114264,60,468.574031
57.338968,60,468.66571
56.484183,60,468.745306
13.720863,53,468.829451
22.123971,60,468.922618
55.510111,60,469.002138
56.399428,60,469.09011
56.956885,60,469.172014
57.634635,60,469.252891
58.169664,60,469.329633
56.947604,60,469.410928
57.527519,60,469.499019
21.61605,60,469.58914
57.854587,60,469.674298
