#{"t_start": 1790474181.4729724, "env_id": "None"}
r,l,t
6.593817,42,2.36609
7.92489,38,2.378707
19.256254,60,2.398809
18.991946,59,2.417433
19.820425,60,2.438032
1.459262,43,2.451671
17.795134,57,2.471348
11.355693,60,2.492454
29.191528,60,2.516145
5.890956,35,2.527208
19.841775,60,2.545846
10.371065,60,2.564964
13.022204,60,2.58459
18.131853,49,2.599161
7.357294,42,2.610764
4.260408,36,2.62233
17.545373,55,2.639951
19.577975,60,2.662098
21.165236,60,2.686267
8.975797,51,2.707695
18.727206,60,2.731804
9.031641,50,2.753358
0.842264,24,2.762911
14.052956,60,2.786509
25.292335,60,2.805602
22.023189,52,2.826696
23.429748,60,2.846252
18.749887,54,2.86639
3.726382,60,2.885524
29.172646,60,2.904637
18.653472,59,2.923214
4.360213,35,2.935263
13.709138,52,2.953515
16.471212,60,2.976155
24.669532,60,2.998278
19.026492,60,3.018403
20.476071,60,3.038542
11.688847,47,3.055681
9.812183,40,3.070825
13.260713,46,3.086383
19.148121,60,3.10546
27.272097,60,3.128146
20.560703,60,3.148851
4.350559,41,3.163476
8.736162,60,3.184668
14.990169,54,3.201785
5.478174,47,3.222419
29.448381,60,3.242567
14.710902,60,3.265242
12.705745,48,3.282401
28.95275,60,3.303534
6.244155,54,3.324186
3.318142,34,3.33774
17.438717,60,3.36244
15.377514,60,3.38862
15.49758,60,3.412332
10.984869,35,3.421912
10.192327,60,3.441055
9.409789,50,3.456644
16.261799,60,3.475329
11.73424,52,3.492416
4.005442,31,3.501969
9.586429,36,3.514042
15.362847,60,3.532173
13.01924,56,3.549288
7.598242,35,3.558356
28.181151,60,3.578687
13.033184,54,3.595789
11.267256,41,3.610359
20.243527,60,3.631451
20.663812,60,3.650516
16.194291,60,3.671689
4.708425,28,3.682225
15.393478,60,3.704318
15.76888,60,3.72649
17.728606,60,3.748738
12.196019,45,3.763304
14.26869,60,3.782459
8.123918,60,3.800643
16.184472,60,3.818729
12.174462,60,3.838352
13.681577,60,3.85843
18.561464,60,3.878073
3.161486,42,3.893177
25.109485,60,3.911772
26.081037,60,3.933892
20.594642,60,3.954514
17.253877,60,3.974664
15.374393,60,3.99631
21.411969,60,4.017346
28.783317,60,4.03846
22.948953,60,4.062068
20.904181,60,4.083755
17.162695,60,4.13642
30.010879,60,4.187736
16.310685,60,4.244118
12.147755,47,4.292252
39.082091,60,4.353758
23.552769,60,4.410661
5.006367,39,4.446875
22.355025,60,4.501276
17.781874,60,4.555076
11.927759,51,4.604394
17.536418,48,4.647616
16.952219,60,4.703987
16.836323,60,4.764157
6.094966,42,4.819508
24.754325,60,4.890602
1.489653,25,4.92328
20.692043,51,4.986689
17.976944,52,5.038461
22.136297,60,5.099358
14.112065,60,5.164216
23.019704,60,5.224485
5.81293,44,5.268767
3.366286,35,5.302459
31.124846,60,5.361854
16.929055,60,5.41622
21.077397,60,5.467224
3.05095,60,5.523366
5.167809,39,5.55967
29.305155,60,5.637706
3.255655,38,5.672362
38.445658,60,5.735846
19.500867,60,5.80637
18.188501,60,5.868343
24.412811,60,5.924721
4.79353,29,5.954371
21.286487,58,6.015756
19.003768,60,6.082667
21.788921,60,6.14117
23.488409,60,6.197106
9.815067,42,6.238814
25.869607,60,6.294706
22.572629,60,6.363248
15.923486,49,6.417183
28.135683,60,6.490123
10.035485,47,6.539922
15.045999,60,6.603282
21.329052,53,6.658053
5.199195,34,6.691217
12.607614,59,6.753282
33.0894,60,6.819836
26.643645,60,6.880813
26.679005,60,6.957207
31.176557,60,7.032588
19.609954,60,7.09704
29.559921,60,7.154914
11.197182,43,7.195865
7.361154,60,7.250234
14.934673,45,7.289905
20.210183,58,7.351866
18.196748,60,7.423874
4.132256,38,7.466202
11.594751,48,7.515527
26.262056,60,7.583383
6.375234,29,7.614059
14.943064,57,7.677018
18.7341,58,7.73937
22.214081,60,7.790779
14.945064,51,7.842656
17.638449,60,7.902917
20.288962,56,7.955614
19.366137,60,8.014392
17.550069,60,8.072749
14.743765,60,8.13271
10.006025,53,8.182589
19.442512,60,8.241369
14.988538,60,8.302343
13.202886,57,8.364298
11.304843,44,8.409652
13.660445,60,8.463665
20.526082,60,8.519325
12.824056,58,8.574241
18.140317,60,8.633636
21.157026,60,8.693545
25.651138,60,8.761544
14.71531,59,8.818316
8.083267,60,8.876756
19.451407,60,8.941345
-0.152404,26,8.970544
9.821406,41,9.014326
21.859621,60,9.076507
36.498781,60,9.133823
8.568127,45,9.178104
13.914213,55,9.224379
11.763218,58,9.281807
14.549263,50,9.326687
32.450294,60,9.379525
30.419643,60,9.441962
11.824684,40,9.494289
22.587034,60,9.559689
10.319067,59,9.616073
3.424254,40,9.65132
12.133412,48,9.697215
21.903278,60,9.754578
4.950523,36,9.785833
27.503489,60,9.838661
20.46422,60,9.89249
11.969928,41,9.929703
7.120971,36,9.964945
21.081283,57,10.020316
16.636647,58,10.072166
17.806085,60,10.127519
13.360177,60,10.184865
22.298448,60,10.245207
11.825974,42,10.283023
1.573737,44,10.323249
22.588997,60,10.383223
39.544943,60,10.438604
21.605066,60,10.490412
22.120791,60,10.544843
11.972913,57,10.591202
9.092078,55,10.640954
24.120573,60,10.695763
29.293123,60,10.74705
13.391064,60,10.799835
23.254903,60,10.850155
31.541078,60,10.907473
10.228168,60,10.961946
30.993755,60,11.012831
30.181735,60,11.069722
25.926557,60,11.125592
23.710402,60,11.179568
11.727392,43,11.214266
19.186894,60,11.270173
21.705048,60,11.330224
14.092001,60,11.385959
11.050154,47,11.433094
7.933816,40,11.476245
11.536041,53,11.523087
17.014112,55,11.577128
21.818055,60,11.632089
11.032324,53,11.679396
16.296625,60,11.73782
29.607552,60,11.797706
15.369739,60,11.855201
12.25993,51,11.903944
11.307058,45,11.94622
22.183386,60,11.999234
40.256596,60,12.053616
8.106872,41,12.088322
10.836023,42,12.126603
9.974909,35,12.155249
23.432359,60,12.236795
33.157282,60,12.302704
12.428305,60,12.359442
29.473002,60,12.416344
37.196756,60,12.470677
19.647591,60,12.533047
26.095252,60,12.600072
7.216145,49,12.650384
1.58386,30,12.682235
11.250003,60,12.741725
23.35176,60,12.797115
8.761992,38,12.832381
17.519744,55,12.886306
23.748327,60,12.938533
20.356026,60,12.997798
15.676453,58,13.053995
21.423305,59,13.109235
15.75772,55,13.158497
13.783704,60,13.217981
9.897773,46,13.262289
20.450677,60,13.317206
10.044951,47,13.368426
15.284859,57,13.435897
12.01404,60,13.492302
23.992025,60,13.54826
9.87159,54,13.607136
4.712139,41,13.649285
13.957846,60,13.71508
16.222893,42,13.762439
8.267604,45,13.811839
16.954162,60,13.883846
8.382752,41,13.928628
9.48472,52,13.983943
19.420639,60,14.037821
12.385894,54,14.089299
10.27906,43,14.153853
20.792714,60,14.214155
15.704957,60,14.269996
15.6111,60,14.324312
27.956669,60,14.378158
23.735752,60,14.434015
20.501157,60,14.493438
10.650381,50,14.541722
22.040351,60,14.597566
9.375671,60,14.652978
13.063035,60,14.711438
19.821413,60,14.774853
15.213114,60,14.832203
9.029206,58,14.887556
16.88022,60,14.941911
31.76729,60,14.994769
6.600163,43,15.035541
23.85152,60,15.093799
5.213215,43,15.129529
15.214634,57,15.181299
19.481943,60,15.235618
29.737117,60,15.29255
27.238266,60,15.345919
21.452211,60,15.406847
23.128109,60,15.462265
18.424125,60,15.518224
8.551788,40,15.557656
8.553481,42,15.595315
22.505914,60,15.650774
8.397046,29,15.676965
17.869545,60,15.729278
21.929145,60,15.787303
29.884898,60,15.843211
17.94691,60,15.900001
13.999467,52,15.95186
12.944163,47,15.997668
19.210609,49,16.042487
8.965587,47,16.090803
23.934916,60,16.150436
26.687076,60,16.20516
19.658815,60,16.269886
11.285356,51,16.317077
26.624587,60,16.373391
11.363427,55,16.431238
20.772416,60,16.490208
23.56558,60,16.552172
8.123262,45,16.596496
5.8692,49,16.648328
21.919594,60,16.706262
7.533432,43,16.745963
7.78647,60,16.799171
12.176601,50,16.845527
17.082555,50,16.893301
28.772978,60,16.949712
22.672103,60,17.004693
17.34655,60,17.06167
17.915447,60,17.112099
11.464138,39,17.148357
29.549355,60,17.20575
21.602284,60,17.262201
24.113278,60,17.31563
3.172059,32,17.348239
30.422804,60,17.403452
9.527252,55,17.451194
9.492732,39,17.488511
15.164958,46,17.53336
19.455946,60,17.589183
15.49342,60,17.643576
26.085903,60,17.700001
12.480142,46,17.744326
5.768764,33,17.77302
13.793404,58,17.825923
17.009614,60,17.885666
24.701169,60,17.945004
22.861183,60,18.000024
19.373956,60,18.059445
13.706345,46,18.105691
29.136004,60,18.16212
29.508877,60,18.218531
19.507279,60,18.277968
9.339204,47,18.321324
20.959432,60,18.374169
14.545428,60,18.433899
25.051586,60,18.488294
26.591321,60,18.546252
21.87791,60,18.606404
27.287992,60,18.659802
12.645885,56,18.715127
15.731558,60,18.775612
8.832982,44,18.81843
37.076741,60,18.877231
8.162425,42,18.914649
2.605784,34,18.94955
12.507238,43,18.98936
24.412959,60,19.042844
6.440817,54,19.09112
9.978574,46,19.132925
19.354952,60,19.189561
13.456201,44,19.231316
17.764737,60,19.286267
18.762703,60,19.347732
17.189868,48,19.395615
12.118943,52,19.448515
23.402518,60,19.511975
26.042531,60,19.576919
8.838007,45,19.619201
23.181478,60,19.681073
25.732797,60,19.737328
10.255549,41,19.774591
7.714219,43,19.822411
20.15765,60,19.884673
15.036467,60,19.939212
13.16901,60,19.996685
24.931313,60,20.056617
15.318583,60,20.114084
21.884436,59,20.167929
36.260163,60,20.233418
9.707302,60,20.290804
8.888391,44,20.332986
23.912417,60,20.396441
5.244805,32,20.433663
19.56491,60,20.494597
12.574269,60,20.551974
26.733455,60,20.618401
18.807898,50,20.669154
34.935605,60,20.726456
18.494494,47,20.776428
15.621361,51,20.83215
14.52348,51,20.886034
24.420871,60,20.956511
22.010043,60,21.019444
25.200008,60,21.078351
3.931847,37,21.113593
38.068462,60,21.177562
14.616151,60,21.242004
5.49709,43,21.284338
25.371497,60,21.345106
16.662687,60,21.408302
8.114057,38,21.446702
17.11838,60,21.508114
6.281229,36,21.542337
22.908811,60,21.597595
3.199375,33,21.627377
9.407872,45,21.671748
17.18623,60,21.732603
15.126521,44,21.77689
33.38746,60,21.843337
14.280362,60,21.91178
15.97306,60,21.973727
13.504575,38,22.011501
20.14382,60,22.07133
16.539838,60,22.127632
6.402472,33,22.159934
21.104905,60,22.221311
6.509587,44,22.266561
9.62897,44,22.310635
15.732362,60,22.373545
29.16623,60,22.438159
16.555901,60,22.496765
3.200762,31,22.529987
3.643521,30,22.560177
20.288056,48,22.612514
18.663573,60,22.671474
17.203889,60,22.731871
17.856413,57,22.79333
22.563653,60,22.890051
24.004107,60,22.969815
26.037741,60,23.029149
5.734931,41,23.069952
11.668359,44,23.113413
16.381067,60,23.168316
9.352141,56,23.223637
22.334525,60,23.279015
35.732838,60,23.339508
17.380561,56,23.391289
14.405882,60,23.447007
9.491782,58,23.499963
18.926976,60,23.559401
6.484865,41,23.598094
15.019101,46,23.642943
6.351415,38,23.678103
14.242491,60,23.737008
5.553433,33,23.765197
17.179089,60,23.817129
6.505295,42,23.849341
20.85987,60,23.905895
30.228127,60,23.962084
7.261245,33,23.99332
19.437512,60,24.04425
21.342588,60,24.099584
22.754195,60,24.160129
5.510439,33,24.190265
15.659084,47,24.231998
16.631612,60,24.292949
26.133731,60,24.353352
4.48605,25,24.378456
34.287697,60,24.43524
45.595763,60,24.49808
21.731035,57,24.566533
22.639282,60,24.632025
13.93325,52,24.682384
17.393784,60,24.750794
25.890944,60,24.816312
16.545545,60,24.879152
26.279576,60,24.94534
16.608248,60,25.007866
8.327945,42,25.048008
17.336228,60,25.107785
4.418877,37,25.147483
14.057701,60,25.215532
15.777244,60,25.277012
21.307884,58,25.33198
7.823684,48,25.384326
28.89837,60,25.44637
7.078764,60,25.50223
11.198487,41,25.542451
20.036539,60,25.602186
22.739028,60,25.65706
27.500573,60,25.719373
13.782678,60,25.780348
25.0012,60,25.837065
8.495856,37,25.878333
15.129423,56,25.933124
27.324903,60,25.985941
23.52876,60,26.038354
18.641586,58,26.093714
17.424134,60,26.153663
37.559025,60,26.21148
27.984092,60,26.264806
41.446077,60,26.323649
21.306053,60,26.379987
6.26493,39,26.417109
20.299838,60,26.473829
19.511673,60,26.53319
13.240982,57,26.585002
33.094957,60,26.649034
9.306499,60,26.716562
6.423715,46,26.764927
12.318954,41,26.804198
20.567667,60,26.872221
22.546442,60,26.937608
10.456614,41,26.983914
30.737926,60,27.041158
2.764645,32,27.069949
23.57757,60,27.132894
7.32394,44,27.179163
20.461845,60,27.245974
25.76306,60,27.305969
14.586283,60,27.378972
13.426096,55,27.434818
19.696917,60,27.493068
20.865493,60,27.560831
15.943004,60,27.622773
9.962522,52,27.678187
24.871423,60,27.746022
14.0539,56,27.80944
6.832575,39,27.84771
20.338205,60,27.908648
18.066711,56,27.967904
19.536739,60,28.030259
4.779925,51,28.084441
15.202896,60,28.144309
25.763843,60,28.20229
18.003283,59,28.280824
2.759211,32,28.315006
29.004524,58,28.372359
15.624086,38,28.408007
17.217344,60,28.471432
17.108812,60,28.52982
33.504595,60,28.590069
10.006839,56,28.642697
33.312285,60,28.700471
24.824076,60,28.75825
32.819273,60,28.821706
15.184772,60,28.884614
3.581175,27,28.911798
6.621712,60,28.973735
5.67454,31,29.017487
23.428202,60,29.089861
18.699442,48,29.145669
12.884127,51,29.202047
35.170148,60,29.265416
21.039991,60,29.32458
35.274431,60,29.393968
10.767185,42,29.44179
29.371625,60,29.505908
20.583517,60,29.564364
15.350093,48,29.612178
30.885528,60,29.674459
5.009785,29,29.707595
28.103615,60,29.766544
9.726969,57,29.824925
33.93387,60,29.892827
11.908137,58,29.949261
16.219315,60,30.001106
47.233018,60,30.044377
37.612062,60,30.093796
15.170547,44,30.126569
9.894604,40,30.15827
32.479182,60,30.207576
6.38462,60,30.260304
13.017468,54,30.305581
16.337182,49,30.352886
12.907698,60,30.402358
20.852647,60,30.443619
50.047785,60,30.485349
34.054398,60,30.532739
30.416583,60,30.584641
32.47876,60,30.634913
33.619962,60,30.675278
16.558193,59,30.72661
33.918316,60,30.771871
14.025505,60,30.815148
9.404735,38,30.845337
28.133096,60,30.891667
13.270856,60,30.938042
11.575634,60,30.979318
29.404091,60,31.031372
28.362617,60,31.077675
18.028693,48,31.116323
25.778691,60,31.16666
27.444447,60,31.221105
21.018311,60,31.27749
14.554877,60,31.338848
26.851883,60,31.394664
37.506281,60,31.451656
14.804707,60,31.50906
36.89729,60,31.565897
11.693271,47,31.611214
38.920526,60,31.669099
23.167491,60,31.724816
8.120296,36,31.757931
12.426275,39,31.793707
6.809749,31,31.825983
21.879732,60,31.884834
9.713763,41,31.924649
23.7853,60,31.984006
20.686895,60,32.043032
24.98733,60,32.098932
18.886232,49,32.160361
23.166237,60,32.227744
27.939817,60,32.293689
10.298989,44,32.336973
28.68208,60,32.400861
13.829883,52,32.453726
34.145674,60,32.517163
37.004896,60,32.580626
18.077992,60,32.642432
21.493272,60,32.702896
15.661901,60,32.762818
29.835008,60,32.820923
13.315055,47,32.865717
26.527079,60,32.928078
16.872992,60,32.987955
13.490459,60,33.045825
2.113071,32,33.076499
8.73834,36,33.113266
20.713747,60,33.171165
47.743527,60,33.228147
18.203929,60,33.290606
25.581501,60,33.353962
13.773753,60,33.418258
28.343881,60,33.478232
18.420851,51,33.526956
23.158969,60,33.583294
12.586307,60,33.646777
22.02159,60,33.70414
19.839143,60,33.762494
26.040796,60,33.818855
30.548856,60,33.874279
25.920107,60,33.933749
28.387416,60,33.988129
18.140376,60,34.045938
7.908033,57,34.105296
25.265774,60,34.164048
16.077425,59,34.221404
30.256244,60,34.281728
20.564027,60,34.345186
13.527608,59,34.407761
30.380772,60,34.469748
20.171936,60,34.527173
27.759351,60,34.588054
27.803481,60,34.645338
34.713571,60,34.704163
15.436022,60,34.763581
10.089529,60,34.829231
8.14948,60,34.889026
13.148974,54,34.940344
11.523111,60,35.003252
16.905715,60,35.062041
25.30183,60,35.124446
11.619861,44,35.168926
24.468223,60,35.226753
10.445618,42,35.268927
9.764384,60,35.331973
14.515707,49,35.378233
27.539999,60,35.441586
22.450097,60,35.504005
38.223478,60,35.566947
44.244462,60,35.624129
15.376858,58,35.684595
38.382564,60,35.744133
21.743475,60,35.800922
9.279267,60,35.859169
17.004247,60,35.914492
17.297944,60,35.970745
13.577187,50,36.018543
30.987777,60,36.077897
15.045702,48,36.121701
28.394623,60,36.181604
15.175992,51,36.233565
28.681198,60,36.291504
30.084448,60,36.35031
20.296538,54,36.408149
23.936383,60,36.466675
9.752415,39,36.503931
30.837309,60,36.565257
13.833448,48,36.615525
18.684372,57,36.672235
19.1293,60,36.733572
18.502566,60,36.793993
16.982403,53,36.852345
23.380713,60,36.911746
10.250915,48,36.957547
21.776264,60,37.015769
28.571348,60,37.077908
6.329893,51,37.129317
22.019792,60,37.189812
11.193652,43,37.236002
21.208636,60,37.297242
37.951481,60,37.355479
17.431179,60,37.415434
17.885949,60,37.474757
32.75007,60,37.531118
37.165046,60,37.589458
30.07809,60,37.65139
18.965112,60,37.709706
19.192907,60,37.771365
34.663845,60,37.829142
29.400755,60,37.885047
13.41713,52,37.93688
30.548972,60,38.00078
19.456831,45,38.04859
17.318291,60,38.10794
29.660165,60,38.169402
29.597065,60,38.227228
34.555231,60,38.285116
31.300622,60,38.351086
2.662718,28,38.379246
22.442548,60,38.439541
29.365351,60,38.499809
14.744258,45,38.555087
6.979086,40,38.602288
20.877019,60,38.668089
22.888383,60,38.736149
12.82441,60,38.798053
36.470351,60,38.862361
30.061498,60,38.921694
12.499418,60,38.988912
21.367942,59,39.052836
14.823288,60,39.123294
25.751758,60,39.187806
25.221815,60,39.255302
32.489511,60,39.324764
44.437202,60,39.384671
23.073897,60,39.445293
42.695174,60,39.506664
24.104509,60,39.571961
4.079296,27,39.599146
16.991188,60,39.665141
44.023586,60,39.733592
18.691415,60,39.825228
20.704219,60,39.904836
49.83405,60,39.97432
10.69407,59,40.03374
14.321451,60,40.094691
7.649639,47,40.146112
18.554685,60,40.20639
29.291595,60,40.271245
28.579294,60,40.329606
26.485891,59,40.383912
30.991398,60,40.448771
16.782846,60,40.507631
28.801305,60,40.569063
15.804749,60,40.636967
26.746682,60,40.697189
24.182139,60,40.757583
11.912701,59,40.821989
22.255169,60,40.88689
19.361734,60,40.947111
12.102257,49,40.997623
27.291732,60,41.061869
16.697516,60,41.171538
26.794288,60,41.242027
32.831238,60,41.3049
28.077467,60,41.37131
20.294159,58,41.435656
30.692656,60,41.501625
22.198931,60,41.569062
16.432848,60,41.638037
7.098751,47,41.690937
27.651892,60,41.754838
12.723068,41,41.795074
32.163993,60,41.858833
25.242116,60,41.923644
34.273394,60,41.985615
9.754779,41,42.030926
12.631983,49,42.077215
43.889261,60,42.137106
25.160967,60,42.199547
13.387399,40,42.237191
17.760808,60,42.291044
24.559488,60,42.35296
33.392631,60,42.415489
14.648591,46,42.464282
14.866197,60,42.527742
24.601949,60,42.591614
15.85146,49,42.639396
30.082369,60,42.702361
32.403681,60,42.763292
10.497133,37,42.800046
25.610916,60,42.860381
20.747369,46,42.913733
17.084796,60,42.979797
33.358196,60,43.03918
49.695833,60,43.098644
22.621921,58,43.157003
19.126742,56,43.216416
13.431793,42,43.265795
24.88458,60,43.331356
38.630507,60,43.393823
48.125392,60,43.455222
14.242009,60,43.515721
19.174931,60,43.573559
18.33202,60,43.634921
43.018287,60,43.698749
20.323403,60,43.757315
24.82355,60,43.82221
46.835606,60,43.881131
42.186375,60,43.940433
27.664199,60,44.002334
7.008712,52,44.054271
12.434316,59,44.114173
35.914701,60,44.179605
17.916047,60,44.238475
12.970166,54,44.292166
19.162738,60,44.357655
27.207191,60,44.418078
10.372812,46,44.465348
17.54235,60,44.52464
22.989053,60,44.587572
15.356795,60,44.656472
31.005218,60,44.720469
14.969207,44,44.764745
14.479324,60,44.83014
38.031816,60,44.897069
24.00409,60,44.96147
7.232578,41,45.003658
21.193966,60,45.067951
11.345481,60,45.133021
33.700034,60,45.195344
31.603709,60,45.263901
25.133088,60,45.325466
39.782899,60,45.387788
25.818192,60,45.4486
15.376074,56,45.507949
11.091248,38,45.544648
15.619538,46,45.591921
31.915031,60,45.656038
17.209529,60,45.712024
18.455643,43,45.755673
5.977621,29,45.786783
23.199142,60,45.849674
13.087756,54,45.906027
16.016009,60,45.96695
22.432197,60,46.031935
47.393857,60,46.091893
13.511898,53,46.144741
10.661375,44,46.193242
15.731077,58,46.252983
29.806557,60,46.316812
35.557304,60,46.381779
21.324462,60,46.444633
19.260968,60,46.507509
48.554982,60,46.571378
42.649534,60,46.635357
25.248111,60,46.70596
31.872553,60,46.777841
5.335323,48,46.83409
9.133208,58,46.900421
16.968634,46,46.947126
14.309521,60,47.008979
43.341049,60,47.073352
7.016285,29,47.10251
37.226016,60,47.160724
27.140686,60,47.220979
20.852353,60,47.282345
29.692739,60,47.342295
24.033989,60,47.40163
44.164854,60,47.462513
29.372231,60,47.519482
21.797555,60,47.579901
27.73133,60,47.64025
27.158877,60,47.705607
30.813888,60,47.771087
30.752801,60,47.83755
46.925788,60,47.905632
18.729854,48,47.956625
14.690013,60,48.017643
7.73135,29,48.049446
32.571089,60,48.11238
37.563033,60,48.170789
10.297056,39,48.206937
11.980439,47,48.259177
21.499598,60,48.327981
29.793836,60,48.393188
30.932992,60,48.453117
13.186993,37,48.489897
22.04789,60,48.551742
22.042475,60,48.613102
9.956049,54,48.669541
34.279032,60,48.729698
19.168583,60,48.794194
17.8526,60,48.856932
27.157292,60,48.919338
26.671908,60,48.981183
28.627495,60,49.047208
24.036933,55,49.103498
23.390733,60,49.166242
25.224468,60,49.229456
51.021777,60,49.294024
35.146463,60,49.357542
29.808682,60,49.420455
27.749924,60,49.484364
31.73295,60,49.544728
14.017089,60,49.61069
39.153103,60,49.674629
10.496911,59,49.733478
22.005149,60,49.802917
12.96432,60,49.861906
23.377857,60,49.922731
7.230136,36,49.962045
36.315667,60,50.030465
27.67475,60,50.09298
35.464033,60,50.152334
12.875984,47,50.200539
25.098778,60,50.261895
17.297327,60,50.32483
35.928826,60,50.387712
18.118919,60,50.44707
48.766545,60,50.512023
20.159792,60,50.571874
20.735543,60,50.633717
17.430879,60,50.695575
9.894656,35,50.731345
34.841819,60,50.795741
32.886158,60,50.864766
36.305452,60,50.938746
20.296509,52,50.993092
35.93599,60,51.056475
27.744129,60,51.131817
13.065058,46,51.17897
29.452589,60,51.242388
16.34108,60,51.302306
27.008288,60,51.363716
28.618434,60,51.426019
34.095346,60,51.491526
25.85842,60,51.555937
27.756434,60,51.621836
15.359739,60,51.684703
26.835019,60,51.747754
36.289692,60,51.808541
23.467474,60,51.875909
40.546125,60,51.9373
34.346183,60,51.998664
26.971484,60,52.061584
17.923915,52,52.116448
17.855775,60,52.176355
12.098454,60,52.242296
19.334026,60,52.301713
50.644509,60,52.362531
12.202808,60,52.428899
4.692635,42,52.478663
26.490092,60,52.541824
31.680728,60,52.604209
27.480472,60,52.670167
19.758145,60,52.73558
47.555044,60,52.79842
46.588715,60,52.862216
40.418689,60,52.925517
10.70518,49,52.980454
50.048552,60,53.047482
34.180784,60,53.114015
37.630918,60,53.177491
13.985535,48,53.224774
13.858408,60,53.285209
27.503394,60,53.347486
42.1262,60,53.406522
23.563023,60,53.468847
27.55418,60,53.531374
28.192565,60,53.591761
25.614662,60,53.651156
20.249054,60,53.713965
40.97492,60,53.774641
20.377445,60,53.834057
41.518195,60,53.898513
33.471988,60,53.960117
41.054132,60,54.026512
27.703579,60,54.089383
12.866622,47,54.13778
19.871233,60,54.197673
14.944499,57,54.254648
44.778858,60,54.317493
26.329374,60,54.380351
35.805716,60,54.437125
26.657306,60,54.500003
27.918287,60,54.569897
48.370976,60,54.632468
20.055181,60,54.690363
7.803161,47,54.740137
46.192848,60,54.800588
33.047893,60,54.863909
8.274108,47,54.908864
15.577356,60,54.97024
28.451147,60,55.030528
21.323207,60,55.100409
16.922355,51,55.152354
28.842442,60,55.216814
32.454111,60,55.27779
22.022936,50,55.333627
10.949875,29,55.361826
40.567104,60,55.430349
39.645247,60,55.493998
35.119334,60,55.55849
23.507292,60,55.645469
17.687488,38,55.691193
23.015582,60,55.754972
26.143201,60,55.823459
40.878105,60,55.884741
39.82884,60,55.956107
37.133992,60,56.022575
53.613752,60,56.094116
10.223435,38,56.147794
36.091,60,56.233834
34.06545,60,56.294711
15.774262,60,56.363684
37.66716,60,56.432578
38.340298,60,56.497192
28.559412,60,56.560226
12.266861,60,56.625243
27.805821,60,56.682604
19.747975,60,56.73959
14.752337,60,56.806982
47.715775,60,56.869929
24.827598,60,56.929792
24.726645,52,56.980639
15.275648,41,57.022875
19.303475,60,57.086212
26.783773,60,57.155747
23.237782,59,57.226675
11.91404,51,57.279129
40.048341,60,57.345603
34.42906,60,57.421613
31.813671,60,57.50558
49.567288,60,57.581482
32.602786,60,57.656853
44.127254,60,57.734138
26.428196,60,57.802873
23.223637,60,57.867377
23.696958,60,57.930283
36.789604,60,57.992722
25.765015,60,58.055092
28.220404,60,58.123057
41.371266,60,58.184025
40.330031,60,58.246881
17.700197,51,58.29673
24.507067,60,58.358449
30.419811,60,58.424784
14.042309,60,58.488775
36.321927,60,58.55218
15.754552,60,58.615045
9.228567,41,58.665923
28.68035,60,58.739956
39.963844,60,58.805456
28.522251,60,58.872279
32.213643,60,58.935226
15.108679,60,59.002165
12.618696,57,59.056566
18.602914,60,59.116982
25.569546,60,59.17837
19.656227,60,59.241791
44.519393,60,59.306757
28.300803,60,59.37079
28.740607,60,59.436631
44.228758,60,59.501626
26.050183,60,59.563859
44.072287,60,59.627275
36.064643,60,59.69173
12.93963,58,59.756081
43.673823,60,59.816433
22.035434,60,59.880753
43.835496,60,59.941101
37.426962,60,60.002805
9.825408,60,60.064629
23.915958,60,60.125061
42.355954,60,60.184411
35.131956,60,60.248665
42.263942,60,60.309643
12.584246,54,60.370532
32.939436,60,60.437474
20.835278,60,60.498408
30.712471,60,60.562098
34.678568,60,60.626366
34.75565,60,60.686807
37.041959,60,60.751816
35.793429,60,60.826778
39.429166,60,60.899775
41.552396,60,60.965862
38.993244,60,61.037331
32.549822,60,61.109388
29.229795,60,61.197624
36.858398,60,61.273627
53.560492,60,61.336646
33.43338,60,61.401086
35.89405,60,61.46213
10.680475,48,61.517066
25.832363,60,61.580997
8.490539,52,61.634742
43.089977,60,61.6972
11.660421,52,61.751623
36.566002,60,61.813134
16.907012,60,61.875455
27.666932,60,61.93272
29.6611,60,61.996535
30.809776,60,62.057483
12.467238,51,62.11132
33.821147,60,62.175207
33.927937,60,62.239733
24.096821,60,62.301664
48.840944,60,62.365605
24.417581,60,62.426574
38.725671,60,62.486946
37.291882,60,62.55638
27.771545,60,62.616659
34.956437,60,62.683478
20.681045,60,62.74732
50.417965,60,62.809866
26.537958,60,62.873212
20.646999,60,62.935064
39.722525,60,62.996031
1.173447,36,63.034272
45.710454,60,63.096092
5.411728,31,63.128256
10.037717,44,63.180651
31.800932,60,63.244562
28.383621,60,63.3074
41.161957,60,63.370965
34.184327,60,63.434387
54.354686,60,63.500851
25.268336,59,63.561281
32.535423,60,63.624166
46.886424,60,63.685788
31.637813,60,63.750732
28.179816,60,63.814209
32.215947,60,63.880775
31.689363,60,63.942246
37.919224,60,64.007156
49.782766,60,64.070067
37.579959,60,64.132523
26.883862,60,64.193594
9.312892,50,64.245031
24.252734,60,64.306035
27.203238,60,64.366359
36.232841,56,64.426106
28.13188,60,64.489476
33.597622,60,64.551924
32.300682,60,64.619292
46.1905,60,64.680813
41.629418,60,64.742743
38.721729,60,64.803487
36.283851,60,64.866268
15.130757,60,64.931694
17.717053,60,64.996103
48.82406,60,65.060793
47.911178,60,65.123635
33.012939,60,65.183577
40.770376,60,65.24895
12.090401,48,65.298722
32.125191,60,65.362649
43.998692,60,65.431219
33.568722,60,65.49365
16.350431,38,65.533415
28.970584,60,65.595245
30.152226,60,65.665173
32.538817,60,65.729112
18.608781,60,65.790075
17.999786,45,65.84097
11.565292,43,65.885708
39.654694,60,65.952572
42.62982,60,66.018377
40.542398,60,66.088266
26.03914,53,66.145616
21.909146,60,66.211125
27.283843,60,66.274
40.81465,60,66.334956
27.663909,60,66.396872
43.355129,60,66.458266
20.415142,51,66.509156
39.219467,60,66.571016
25.767205,60,66.633772
16.967437,46,66.683082
39.936302,60,66.747519
24.413281,60,66.807424
30.184803,60,66.870866
25.973366,60,66.934223
50.56213,60,66.99709
17.389574,60,67.05751
34.332447,60,67.12047
37.018007,60,67.181726
44.119474,60,67.245197
41.456165,60,67.308537
35.877777,60,67.373982
34.923105,60,67.441503
34.037346,60,67.504959
28.949212,60,67.570913
16.590486,60,67.633893
36.51865,60,67.700878
45.672192,60,67.766724
29.213727,60,67.827136
30.523674,60,67.892067
33.521593,60,67.95694
32.203775,60,68.016265
40.01469,60,68.083872
33.14933,60,68.147322
33.206425,60,68.214889
41.950358,60,68.278208
31.5089,60,68.342076
4.925694,27,68.370806
39.51676,60,68.438612
41.780543,60,68.50248
25.248304,60,68.566761
41.447707,60,68.629117
29.136908,60,68.691514
28.726589,60,68.752984
17.894781,60,68.814352
47.924444,60,68.875917
18.425587,60,68.939535
34.263656,60,69.001085
38.772465,60,69.081867
45.685043,60,69.165388
31.511614,60,69.232886
37.704461,60,69.29283
39.466587,60,69.355247
39.592833,60,69.417193
43.368022,60,69.482659
30.769912,60,69.547034
54.707087,60,69.611124
32.572641,60,69.674568
13.517153,60,69.734961
29.084435,60,69.799442
22.692474,55,69.856333
14.126952,60,69.917187
43.238382,60,69.979546
17.225272,60,70.044177
14.724105,59,70.107673
18.204171,60,70.166736
34.778186,60,70.23367
34.181359,60,70.300563
55.072562,60,70.364857
24.72718,60,70.427251
31.002143,60,70.495756
33.21877,60,70.558158
23.016599,60,70.623099
30.621645,60,70.686353
51.31926,60,70.75176
33.339772,60,70.814418
29.693921,60,70.88149
15.709391,60,70.946691
43.417236,60,71.007249
50.314047,60,71.070838
15.43896,60,71.132315
49.121025,60,71.196149
42.14754,60,71.259601
20.559274,51,71.313967
51.021491,60,71.378421
42.873531,60,71.441873
30.256061,60,71.508347
44.823309,60,71.574208
38.509087,60,71.637122
36.188518,60,71.701093
40.305145,60,71.763572
6.504474,33,71.795295
36.330662,60,71.860802
29.333024,60,71.921718
41.036723,60,71.987122
42.769281,60,72.05146
32.63956,60,72.114944
8.07274,38,72.156133
42.646219,60,72.219666
25.751464,56,72.281085
49.881591,60,72.350025
10.904593,55,72.41149
29.08861,60,72.474349
32.542001,60,72.543819
52.341598,60,72.609553
50.632819,60,72.674262
35.310973,60,72.740583
40.414684,60,72.805954
12.794673,54,72.863865
38.040998,60,72.92876
46.212799,60,72.995729
25.223176,60,73.059001
21.726923,60,73.123495
38.865293,60,73.188343
31.90425,60,73.253829
35.571957,60,73.31381
45.690845,60,73.376221
24.750892,60,73.438004
30.557502,60,73.500521
18.260271,60,73.564067
42.842892,60,73.630046
45.845843,60,73.695385
48.292521,60,73.758276
6.382177,33,73.795549
27.020277,60,73.859446
50.303674,60,73.922947
29.940295,60,73.985857
37.357723,60,74.051227
13.274055,49,74.100992
42.98983,60,74.163512
45.239091,60,74.231344
33.041433,60,74.297263
18.161347,60,74.36274
29.001478,60,74.429084
13.644302,60,74.494524
26.055849,60,74.559509
24.999302,60,74.625952
45.943341,60,74.68938
41.616333,60,74.755111
43.253077,60,74.822574
43.687105,60,74.88702
11.398357,60,74.950857
45.963847,60,75.018214
41.894279,60,75.084968
31.848478,60,75.149875
40.686051,60,75.212411
48.208546,60,75.281827
15.762023,38,75.32313
35.735482,60,75.387058
28.576928,60,75.454962
38.111085,60,75.515447
25.662119,60,75.574794
33.298396,60,75.636061
48.801788,60,75.69962
44.013551,60,75.761035
48.360651,60,75.821967
36.147183,60,75.891057
50.468712,60,75.955094
46.830584,60,76.021645
47.158687,60,76.084468
30.945973,60,76.149609
43.77137,60,76.213725
52.844813,60,76.2762
39.449219,60,76.342632
52.891191,60,76.403468
12.84198,60,76.468319
24.169179,60,76.538293
33.174504,60,76.601728
36.836495,60,76.668082
29.392076,58,76.731419
42.523892,60,76.790818
40.878619,60,76.85726
28.5712,60,76.923636
37.353053,60,76.990099
51.772612,60,77.054043
44.261712,60,77.120619
47.912546,60,77.181482
34.834362,60,77.244975
35.557763,60,77.312053
43.287641,60,77.376578
11.179836,56,77.437294
29.051803,60,77.506443
26.160445,60,77.573778
45.25607,60,77.638679
26.102875,60,77.704091
41.642203,60,77.769626
39.075363,60,77.833967
31.530752,60,77.898101
37.956191,60,77.962039
47.744692,60,78.024899
45.797173,60,78.087297
39.906855,60,78.150276
41.580795,60,78.213676
31.963179,60,78.28561
53.791327,60,78.35199
23.717152,60,78.417323
19.470583,60,78.47832
41.954525,60,78.542251
20.319645,60,78.603556
26.728067,55,78.662342
37.945344,60,78.723807
27.767979,59,78.78718
20.947865,60,78.851956
2.970004,28,78.882247
36.816279,60,78.950181
40.524018,60,79.014814
39.505935,60,79.078803
22.873635,53,79.140708
22.974636,60,79.209963
16.906204,55,79.270888
43.960586,60,79.340351
30.172981,60,79.402288
48.56637,60,79.469228
52.275211,60,79.534319
53.2459,60,79.60174
45.076867,60,79.669092
33.560535,60,79.734147
36.202441,60,79.80065
31.267925,60,79.867131
30.904941,54,79.924029
29.015424,60,79.989499
55.221019,60,80.053947
24.459936,60,80.115729
31.77311,60,80.180517
50.934462,60,80.243811
38.9032,60,80.307292
28.149393,60,80.3732
22.098241,60,80.440152
44.947507,60,80.501605
33.477652,60,80.571024
43.488575,60,80.63887
44.296842,60,80.705374
24.025802,60,80.769625
48.70707,60,80.835552
27.286893,60,80.905607
49.753286,60,80.971562
32.874375,60,81.041644
38.784486,60,81.108073
13.147957,47,81.159414
39.978992,60,81.225375
25.851749,60,81.290251
53.47148,60,81.353941
41.506053,60,81.42243
31.974416,60,81.489825
29.055057,60,81.553371
40.962451,60,81.619321
37.098159,60,81.685401
43.605155,60,81.748353
42.05342,60,81.814775
30.4776,60,81.881637
44.034211,60,81.946424
12.654016,43,81.99379
33.708748,60,82.059741
24.40412,60,82.12723
40.947339,60,82.19186
47.941697,60,82.257758
40.238693,60,82.321687
26.113468,60,82.388068
43.985299,60,82.452692
53.78554,60,82.51801
31.733471,60,82.583388
32.580715,60,82.6472
44.416472,60,82.710634
41.875951,60,82.772522
48.96911,60,82.8379
25.365866,60,82.903325
28.575421,60,82.969151
49.095314,60,83.037043
21.264765,60,83.102935
27.852785,60,83.172227
44.366324,60,83.238044
42.909123,60,83.308074
44.669282,60,83.373589
52.142517,60,83.440451
41.593026,60,83.506913
45.870963,60,83.574895
30.879431,60,83.643864
43.525303,60,83.711885
40.674157,60,83.776779
35.498129,60,83.841266
34.518478,60,83.913131
51.111859,60,83.98019
46.453374,60,84.046588
41.071088,60,84.110524
40.937873,60,84.176473
37.343434,60,84.246355
49.24135,60,84.311318
51.104948,60,84.38072
51.789195,60,84.448673
42.817508,60,84.514961
46.207158,60,84.579823
46.293527,60,84.646173
37.358912,60,84.708125
31.624581,60,84.77396
46.296036,60,84.838758
43.953306,60,84.902647
17.043519,48,84.953921
44.77105,60,85.019994
51.663385,60,85.087874
47.956582,60,85.155201
39.021783,60,85.220707
44.807335,60,85.28286
45.0665,60,85.348828
50.919583,60,85.410554
30.311425,60,85.481245
21.12705,60,85.547639
32.928411,60,85.617134
52.332238,60,85.685193
34.491039,60,85.748023
30.955031,60,85.813761
37.403605,60,85.881733
38.434374,60,85.943138
54.511163,60,86.013076
41.749229,60,86.081672
54.03459,60,86.146781
43.114054,60,86.214738
52.869018,60,86.280487
54.545938,60,86.344198
42.697578,60,86.41122
36.788587,60,86.482491
33.518721,60,86.564444
34.869849,60,86.643881
40.6049,60,86.726804
36.170221,60,86.795206
48.389397,60,86.865063
39.830603,60,86.937049
29.252687,60,87.001977
35.86012,60,87.070449
8.04462,32,87.106651
55.205645,60,87.172538
33.30425,60,87.238749
32.642993,60,87.304165
38.117081,60,87.367739
37.509603,60,87.444223
49.757228,60,87.51612
45.627305,60,87.590955
47.238884,60,87.664552
46.803662,60,87.735052
55.109708,60,87.803549
39.104589,60,87.86729
30.094543,60,87.933297
44.631454,60,88.00074
48.614627,60,88.066636
45.54133,60,88.138163
36.020958,60,88.203591
36.312177,60,88.27143
37.853735,60,88.33588
43.491709,60,88.402265
45.518186,60,88.477888
57.442529,60,88.548197
37.142062,60,88.616107
49.543386,60,88.683614
42.341866,60,88.749724
26.842846,60,88.814058
35.947666,60,88.879049
31.444246,60,88.944446
44.26632,60,89.011878
49.661398,60,89.076248
53.0722,60,89.144227
53.162818,60,89.207667
50.693894,60,89.273052
51.979536,60,89.336495
31.897308,60,89.399353
41.551771,60,89.46034
12.22259,44,89.508403
34.016193,60,89.575654
41.523905,60,89.64165
45.620122,60,89.708148
38.453924,60,89.774108
46.151436,60,89.840033
36.266834,60,89.905173
47.297506,60,89.971607
37.689002,60,90.035337
47.563173,60,90.100404
40.976247,60,90.168971
39.845376,60,90.236902
45.081706,60,90.300327
57.053454,60,90.365714
45.250316,60,90.431704
46.192179,60,90.495616
28.154367,60,90.562246
39.824344,60,90.631653
40.943487,60,90.697874
43.174547,60,90.767762
48.686838,60,90.833806
51.793726,60,90.900848
39.746097,60,90.966687
55.771375,60,91.035118
42.849576,60,91.106616
40.39624,60,91.171154
29.324611,60,91.240517
46.763706,60,91.307795
33.279248,60,91.372513
40.245293,60,91.442195
50.845405,60,91.506659
51.971567,60,91.572107
26.459363,60,91.635289
40.512404,60,91.698224
42.356993,60,91.764635
53.784281,60,91.83415
43.268181,60,91.905523
49.980416,60,91.976936
48.778751,60,92.050429
53.98951,60,92.123916
48.782422,60,92.194789
41.927002,60,92.262389
49.045082,60,92.334864
46.767275,60,92.410059
41.957002,60,92.47983
48.512722,60,92.553171
43.428978,60,92.623665
44.730653,60,92.695707
50.564254,60,92.765198
52.563004,60,92.834221
52.751995,60,92.911741
49.592059,60,92.977023
42.82911,60,93.044492
41.146806,60,93.119305
40.59579,60,93.186273
46.355276,60,93.259276
39.512302,60,93.330179
54.266022,60,93.400667
40.598749,60,93.467069
40.396932,60,93.538975
43.031355,60,93.613786
49.234011,60,93.683372
41.929551,60,93.756899
17.482782,60,93.828434
48.657091,60,93.895857
36.655669,60,93.968846
45.503518,60,94.035341
44.627479,60,94.103656
48.093679,60,94.175622
30.125597,60,94.247458
53.592191,60,94.316521
56.177613,60,94.389118
47.212822,60,94.4576
48.693924,60,94.525483
51.411753,60,94.594565
53.421285,60,94.66401
46.181829,60,94.734967
45.969537,60,94.807981
37.25824,60,94.876487
44.597675,60,94.945988
49.158338,60,95.018415
28.793447,59,95.08883
47.832492,60,95.158902
21.334926,60,95.232411
50.416513,60,95.300249
47.116799,60,95.368562
56.02698,60,95.440073
52.941749,60,95.508628
52.02169,60,95.57859
51.952015,60,95.650986
44.145848,60,95.724499
28.365665,60,95.793935
41.678738,60,95.861784
41.861062,60,95.936026
34.621485,60,96.003814
47.402774,60,96.07411
44.170872,60,96.138586
47.845108,60,96.205109
47.868154,60,96.273052
52.231226,60,96.340436
36.610431,60,96.409068
43.439547,60,96.481511
3.252453,27,96.512138
21.203003,60,96.577509
51.577919,60,96.651731
54.395423,60,96.721412
49.476102,60,96.797763
50.487556,60,96.872775
37.198522,60,96.949275
54.931696,60,97.022329
54.337391,60,97.093877
55.774594,60,97.172902
36.630512,60,97.242854
13.60309,42,97.298682
51.58464,60,97.373695
54.298458,60,97.446157
43.013143,60,97.517771
55.205509,60,97.595533
52.718106,60,97.687092
45.684577,60,97.77771
52.74485,60,97.856389
14.746431,60,97.929378
53.870412,60,97.999921
30.557263,60,98.073861
40.443024,60,98.148939
37.636541,60,98.222472
29.351124,60,98.294448
48.263936,60,98.365415
51.267674,60,98.433798
45.697631,60,98.506913
54.785146,60,98.579365
52.849512,60,98.650936
55.633739,60,98.718923
54.117918,60,98.788462
55.617454,60,98.856339
57.411274,60,98.925344
38.073331,60,98.993325
37.343037,60,99.064298
57.68079,60,99.136822
54.602833,60,99.203241
51.767419,60,99.273199
56.15453,60,99.34076
55.57293,60,99.410067
53.887146,60,99.495103
46.766705,60,99.563469
47.907123,60,99.633878
31.702158,60,99.709854
40.041166,60,99.783328
56.51269,60,99.851339
49.900702,60,99.923312
53.419254,60,99.994849
54.826344,60,100.061217
51.772673,60,100.134739
38.584711,60,100.210664
52.867254,60,100.280521
55.580083,60,100.352959
55.914053,60,100.421875
38.423842,60,100.49492
54.480424,60,100.567901
53.49231,60,100.636669
39.39599,60,100.709767
31.072138,60,100.777681
38.192135,60,100.849284
39.924654,60,100.9243
55.439535,60,100.997894
54.776242,60,101.068873
45.330619,60,101.149346
35.338803,60,101.219738
21.142641,60,101.290482
33.574035,60,101.357954
36.154072,60,101.436762
55.210302,60,101.506521
52.835761,60,101.575929
42.955816,60,101.645899
55.361302,60,101.710274
53.875598,60,101.782132
56.229823,60,101.852537
52.255321,60,101.920047
50.548534,60,101.988358
3.760269,48,102.042082
43.403584,60,102.109869
55.460239,60,102.176238
56.105837,60,102.247139
50.400604,60,102.319221
55.778061,60,102.388696
56.098323,60,102.466412
53.989204,60,102.545905
54.176882,60,102.626453
46.137246,60,102.696376
53.800145,60,102.772296
47.170119,60,102.849734
46.55561,60,102.929806
30.933713,60,103.006514
40.404855,60,103.088058
41.949603,60,103.170592
37.308206,60,103.245673
30.130895,60,103.325584
40.301816,60,103.407861
53.091957,60,103.491769
55.218841,60,103.569964
46.119831,60,103.645359
49.285377,60,103.718818
42.376384,60,103.788902
26.529396,59,103.860985
32.362025,60,103.936106
35.536261,60,104.006428
33.931231,60,104.072494
43.771807,60,104.145061
42.886754,60,104.213015
40.077611,60,104.281491
45.761808,60,104.350398
52.185033,60,104.42879
18.87928,60,104.496006
54.509295,60,104.561308
56.11723,60,104.632452
48.90223,60,104.716686
45.358962,60,104.783194
40.978215,60,104.850103
57.287521,60,104.920141
52.954032,60,104.988094
47.07263,60,105.057
57.209505,60,105.124455
54.210333,60,105.189835
52.513331,60,105.259856
40.381646,60,105.325297
39.615977,60,105.397755
42.403741,60,105.463209
9.307547,52,105.521224
43.339967,60,105.590957
52.375195,60,105.657208
53.670796,60,105.725027
52.076641,60,105.790684
53.591711,60,105.858148
49.585513,60,105.923074
54.021823,60,105.987436
50.704406,60,106.051305
54.906458,60,106.115394
56.316963,60,106.176554
54.023901,60,106.240026
8.37427,60,106.305661
41.28491,60,106.369384
47.730989,60,106.437156
56.710093,60,106.504495
44.207688,60,106.573002
40.052907,60,106.641973
46.03418,60,106.707931
56.139333,60,106.783001
56.068766,60,106.852018
21.938915,60,106.926411
47.391782,60,106.994225
39.420502,60,107.060446
50.59347,60,107.129622
55.829055,60,107.196378
20.369295,58,107.260715
56.958868,60,107.331706
49.456587,60,107.396523
53.206633,60,107.460456
50.993873,60,107.529903
53.623715,60,107.603938
41.956156,60,107.675252
40.792619,60,107.749265
9.557773,34,107.789575
45.38991,60,107.859644
49.313111,60,107.926675
54.132739,60,108.000748
39.913514,60,108.092321
44.753359,60,108.173892
27.590342,60,108.246615
40.146254,60,108.32008
42.952834,60,108.38396
52.508163,60,108.452714
55.052751,60,108.520068
51.527348,60,108.591515
56.77501,60,108.664378
29.501921,60,108.736241
54.79311,60,108.812352
41.421695,60,108.881414
12.558668,59,108.945805
43.497153,60,109.018332
44.630114,60,109.089857
53.698107,60,109.163968
50.230978,60,109.234294
42.162186,60,109.307348
39.047251,60,109.379321
47.852516,60,109.453347
43.844819,60,109.523767
31.19886,60,109.590719
54.107586,60,109.664715
56.292816,60,109.7347
54.865452,60,109.806156
55.227364,60,109.882628
52.04557,60,109.951034
55.527089,60,110.020081
53.484319,60,110.094058
55.914822,60,110.16905
53.33413,60,110.238491
48.282238,60,110.309014
40.899488,60,110.384534
51.12059,60,110.456633
27.257765,60,110.529004
28.994823,60,110.599412
56.39261,60,110.666124
56.499093,60,110.734052
56.823514,60,110.799576
50.275061,60,110.867572
46.796707,60,110.9401
46.756314,60,111.010649
51.708482,60,111.08014
40.907737,60,111.155814
48.010606,60,111.222281
52.371647,60,111.289109
56.426728,60,111.355137
53.531505,60,111.423912
57.215469,60,111.491377
54.705346,60,111.560044
47.444856,60,111.632689
52.497015,60,111.697658
51.255297,60,111.766145
52.49289,60,111.83463
49.511258,60,111.899647
42.311007,60,111.971026
45.326015,60,112.040953
48.847569,60,112.107791
45.37566,60,112.17959
51.849823,60,112.246872
45.156412,60,112.310797
48.609816,60,112.379195
51.277144,60,112.448069
46.166995,60,112.512511
39.508291,60,112.578489
42.794944,60,112.646342
43.210668,60,112.714711
55.853846,60,112.783129
50.804472,60,112.853005
51.547918,60,112.917429
42.200011,60,112.984984
52.495746,60,113.04733
54.910754,60,113.113667
44.203771,60,113.179457
48.594845,60,113.249324
25.288123,56,113.311163
35.142746,60,113.379547
35.480426,60,113.452011
42.549954,60,113.522045
46.425849,60,113.591417
46.233665,60,113.660352
48.84179,60,113.72929
50.305047,60,113.799231
43.200587,60,113.869797
55.870861,60,113.936374
56.820713,60,114.006039
32.270229,60,114.076842
49.651522,60,114.143651
40.413068,60,114.21057
10.067138,38,114.253821
49.960433,60,114.322749
51.80228,60,114.387734
44.36658,60,114.457159
46.57473,60,114.52613
50.544772,60,114.593551
43.507921,60,114.664031
50.272209,60,114.73287
49.406523,60,114.800262
53.364526,60,114.867442
54.859215,60,114.938931
55.491382,60,115.006325
54.620919,60,115.070159
35.81204,60,115.13655
25.588531,60,115.203597
50.0033,60,115.265213
55.024501,60,115.333115
54.231019,60,115.40157
56.192238,60,115.467458
53.04588,60,115.535481
47.783094,60,115.598366
54.306007,60,115.667522
48.23387,60,115.739579
41.700217,60,115.806499
32.880986,60,115.874451
40.511023,60,115.938347
49.761854,60,116.008805
32.182876,60,116.079742
50.890634,60,116.154105
52.374387,60,116.223285
46.236048,60,116.29325
52.356069,60,116.366294
49.738799,60,116.432742
17.395443,60,116.502755
55.163562,60,116.574671
55.66813,60,116.645746
50.917604,60,116.71628
52.590653,60,116.78732
46.144015,60,116.854861
43.552869,60,116.925851
55.418643,60,116.992156
55.684317,60,117.086353
54.431463,60,117.166345
55.250631,60,117.236003
54.676305,60,117.304806
40.160339,60,117.373048
41.483714,60,117.440545
42.599601,60,117.506565
34.163921,60,117.572887
53.098168,60,117.638934
28.223893,60,117.703893
54.013976,60,117.767272
53.325812,60,117.835817
49.621595,60,117.90225
44.634253,60,117.969691
47.966516,60,118.03872
52.890515,60,118.10462
25.619959,60,118.169959
55.253413,60,118.235867
39.009161,60,118.303292
50.737288,60,118.369227
55.961564,60,118.437665
30.052149,59,118.505073
41.407526,60,118.570949
45.684874,60,118.639904
38.477763,60,118.708831
36.758318,60,118.778358
43.060156,60,118.843368
41.88056,60,118.909969
51.106911,60,118.98126
38.087118,60,119.050609
41.819653,60,119.114061
51.838056,60,119.188494
46.216177,60,119.268492
47.228333,60,119.340957
46.716528,60,119.412127
49.505482,60,119.489742
44.392373,60,119.556202
46.09288,60,119.625196
49.254845,60,119.69397
56.400716,60,119.760428
55.444218,60,119.826391
54.429368,60,119.894806
26.681155,60,119.96279
19.626085,60,120.02471
38.437388,60,120.096122
51.027065,60,120.16443
56.162164,60,120.234374
46.252097,60,120.304752
56.517786,60,120.375719
55.643458,60,120.445685
44.905224,60,120.510174
52.663121,60,120.580636
54.371813,60,120.645806
54.551508,60,120.715824
24.436296,60,120.784692
43.98325,60,120.854087
28.543975,54,120.921026
53.010846,60,120.989984
50.605658,60,121.059433
28.542145,60,121.128912
32.153511,60,121.196309
33.852773,60,121.26916
53.334636,60,121.34057
42.977375,60,121.406047
22.35337,60,121.476029
48.364588,60,121.546031
42.5883,60,121.615035
55.351979,60,121.680614
53.758301,60,121.751865
55.599143,60,121.821706
53.360191,60,121.890538
40.195062,60,121.956454
49.040579,60,122.023445
54.273643,60,122.090343
52.023599,60,122.155326
52.872799,60,122.218692
49.804818,60,122.283992
50.566318,60,122.353894
54.053462,60,122.419921
53.635064,60,122.488341
50.595322,60,122.557841
54.867085,60,122.622705
54.546911,60,122.690551
44.663817,60,122.755436
54.015941,60,122.820815
34.087822,60,122.889425
52.339114,60,122.955382
4.601267,28,122.989067
55.16961,60,123.061064
55.956473,60,123.131081
55.162571,60,123.203468
50.00832,60,123.27078
54.701339,60,123.339289
29.675078,60,123.420303
56.389074,60,123.493335
54.197835,60,123.567216
49.300123,60,123.64414
54.54514,60,123.713153
33.185133,60,123.790673
56.06052,60,123.874345
10.839605,35,123.923625
52.485461,60,123.998125
36.51945,60,124.064527
53.041607,60,124.132992
55.805599,60,124.207314
47.875615,60,124.27528
50.030975,60,124.347142
43.151715,60,124.415657
54.226365,60,124.486124
44.108585,60,124.550133
50.13983,60,124.61598
48.902941,60,124.683365
52.762088,60,124.752498
52.47603,60,124.818904
38.110559,60,124.885923
48.23402,60,124.957908
47.738847,60,125.024383
17.0294,60,125.09206
55.818323,60,125.160695
56.678904,60,125.225946
55.543829,60,125.295917
56.475701,60,125.359813
50.054177,60,125.425257
38.472213,60,125.491845
53.279757,60,125.557689
49.286307,60,125.627031
50.471953,60,125.698452
55.963263,60,125.761823
26.088591,59,125.830488
43.505779,60,125.898835
29.561571,60,125.966205
49.510393,60,126.035501
41.850712,60,126.100816
22.405402,60,126.172361
54.504292,60,126.241273
56.045087,60,126.305205
47.162416,60,126.375706
46.621233,60,126.443613
48.598824,60,126.507915
57.130026,60,126.575917
56.418622,60,126.646068
47.574999,60,126.713419
53.323252,60,126.780808
43.076672,60,126.850279
57.03968,60,126.917719
56.326566,60,126.987683
10.628403,60,127.059058
19.970187,60,127.127492
49.905398,60,127.194508
52.503853,60,127.264931
54.083032,60,127.33185
46.55794,60,127.397203
46.370605,60,127.467688
52.252402,60,127.538256
51.050921,60,127.603762
54.546097,60,127.67222
45.357913,60,127.738304
56.178915,60,127.803674
51.017947,60,127.8686
55.348143,60,127.935383
39.10599,60,127.998251
57.888398,60,128.068178
45.876322,60,128.130802
46.215779,60,128.198184
22.355236,60,128.266127
37.726307,60,128.333238
52.217934,60,128.399369
51.411572,60,128.466114
55.448201,60,128.532492
52.334506,60,128.597912
53.266726,60,128.663837
33.191734,60,128.73178
24.862729,60,128.797203
55.438146,60,128.869199
51.283731,60,128.937621
45.122351,60,129.003488
55.373681,60,129.075897
52.420247,60,129.162464
56.16139,60,129.262719
46.536794,60,129.34025
54.285849,60,129.410097
38.324402,60,129.478865
26.969203,60,129.560169
52.286449,60,129.635685
51.249352,60,129.710653
39.786794,60,129.779552
28.772506,60,129.855189
49.011098,60,129.928692
43.727079,60,129.998495
43.370683,60,130.068309
56.523457,60,130.140745
55.666411,60,130.209232
54.23164,60,130.275671
55.694777,60,130.343029
16.622278,60,130.412473
40.141733,60,130.487149
53.618176,60,130.56053
54.351048,60,130.629061
38.156831,60,130.696001
51.466434,60,130.765412
47.647249,60,130.835332
39.520227,60,130.906289
52.452632,60,130.986813
55.772263,60,131.059232
21.025445,60,131.124061
28.638008,60,131.191129
28.571959,60,131.255544
49.812416,60,131.325926
52.471851,60,131.394791
50.80083,60,131.464153
39.089662,60,131.533114
55.586298,60,131.601093
34.017503,60,131.665884
17.356677,46,131.719732
46.85743,60,131.7892
38.705793,60,131.854645
46.166857,60,131.924049
53.539422,60,131.989851
45.078201,60,132.059781
56.216451,60,132.129263
55.828421,60,132.195773
55.919156,60,132.265071
55.182677,60,132.335661
31.617479,60,132.404123
52.087281,60,132.474085
55.96961,60,132.542961
49.801159,60,132.605912
45.780162,60,132.676846
53.170305,60,132.74463
56.831313,60,132.811718
56.785926,60,132.883668
56.131854,60,132.948471
54.887204,60,133.016359
44.658369,60,133.085931
45.907709,60,133.155984
53.812681,60,133.231832
40.690889,60,133.305416
40.981913,60,133.381618
49.387999,60,133.483817
6.428467,33,133.532564
56.843002,60,133.602783
55.234116,60,133.675654
56.362821,60,133.75112
56.988813,60,133.824722
56.387063,60,133.902579
55.574316,60,133.979131
48.346403,60,134.057597
53.601914,60,134.13942
45.078228,60,134.212334
46.375493,60,134.282933
53.819662,60,134.368418
49.326471,60,134.444877
49.670633,60,134.530958
18.430968,43,134.583184
56.457295,60,134.652461
49.161038,60,134.717156
56.480298,60,134.783201
38.732618,60,134.844996
54.908645,60,134.907258
56.764178,60,134.974171
54.714656,60,135.041836
55.552581,60,135.114372
36.72764,60,135.193292
54.29219,60,135.266798
56.199348,60,135.343842
50.203364,60,135.423376
54.355322,60,135.511857
55.859226,60,135.601983
56.474471,60,135.701209
56.111815,60,135.784706
42.997114,60,135.867236
33.844462,60,135.959234
44.469819,60,136.040293
54.477609,60,136.110398
56.639607,60,136.184947
55.62991,60,136.260441
52.767232,60,136.330892
56.256162,60,136.399367
55.702319,60,136.467871
56.385078,60,136.545862
47.74764,60,136.614809
55.994647,60,136.683683
52.42198,60,136.758248
31.811672,60,136.824705
53.789492,60,136.893563
54.274423,60,136.960006
55.44757,60,137.026879
55.298154,60,137.095862
48.168218,60,137.161275
51.285804,60,137.225657
55.733547,60,137.291328
42.508095,60,137.356865
55.644099,60,137.422428
56.679215,60,137.488806
42.621801,60,137.555713
46.242795,60,137.620541
49.028317,60,137.68705
56.424364,60,137.756928
43.411359,60,137.824857
56.204442,60,137.895147
48.859971,60,137.962416
53.821731,60,138.03311
40.980209,60,138.100974
52.881386,60,138.170956
55.644185,60,138.239685
52.861419,60,138.310446
54.835323,60,138.375712
56.322687,60,138.442673
44.458766,60,138.509168
45.559447,60,138.581206
57.128977,60,138.657027
25.043044,60,138.72597
39.219192,60,138.795914
32.945465,60,138.865847
46.346212,60,138.933763
54.925252,60,139.005295
57.168314,60,139.075801
53.606299,60,139.146792
55.986899,60,139.223714
50.269894,60,139.289135
55.285506,60,139.359968
35.134674,60,139.43122
49.718432,60,139.498926
56.153755,60,139.565955
56.349428,60,139.636979
45.523796,60,139.706007
56.317422,60,139.780052
53.032171,60,139.855633
57.478878,60,139.930777
53.309229,60,139.998553
57.214096,60,140.067417
56.092926,60,140.134443
55.698184,60,140.201963
56.260349,60,140.270482
55.537548,60,140.334231
57.36498,60,140.404747
54.078136,60,140.473803
56.429896,60,140.541833
20.75095,60,140.611861
50.029895,60,140.685004
54.857193,60,140.753516
56.129831,60,140.827009
53.530831,60,140.896344
28.706847,60,140.960862
32.302351,60,141.030399
29.936296,60,141.098482
56.885222,60,141.168726
52.575008,60,141.236082
56.595571,60,141.303672
34.772744,60,141.373206
56.61088,60,141.440634
52.814121,60,141.509107
51.835731,60,141.577097
56.632447,60,141.646616
56.325751,60,141.716998
46.836303,60,141.785422
56.235375,60,141.853894
56.686068,60,141.923899
56.067844,60,141.994335
21.112134,60,142.059803
52.967392,60,142.129211
43.980417,60,142.196715
55.530141,60,142.269647
47.372369,60,142.338965
54.928794,60,142.405461
48.348155,60,142.47548
50.69369,60,142.541974
46.939414,60,142.608962
47.077749,60,142.675445
42.904267,60,142.742344
16.386358,57,142.801974
51.805662,60,142.871304
50.663452,60,142.934083
47.712665,60,142.999525
53.213358,60,143.070321
18.951475,53,143.13028
45.319345,60,143.198282
38.879773,60,143.263619
51.309729,60,143.33057
47.020655,60,143.396843
56.516588,60,143.462525
47.595177,60,143.529386
17.814126,60,143.595695
54.310817,60,143.665148
43.687063,60,143.733079
57.232472,60,143.802509
27.943357,60,143.870526
56.289786,60,143.937055
56.333839,60,144.007933
55.26991,60,144.078763
50.052453,60,144.151993
30.768196,60,144.22347
45.88927,60,144.29801
53.551031,60,144.391167
55.63852,60,144.482892
56.546673,60,144.555585
53.57962,60,144.623472
54.808488,60,144.691455
56.371533,60,144.758207
57.19472,60,144.823114
54.813284,60,144.887484
53.066777,60,144.950945
45.680114,60,145.014861
55.708794,60,145.083681
57.315368,60,145.147889
44.70414,60,145.216812
55.728554,60,145.285856
55.882032,60,145.352827
49.620665,60,145.416738
53.707761,60,145.487518
53.870031,60,145.556978
56.462464,60,145.666078
56.943099,60,145.735596
54.386174,60,145.80653
55.77526,60,145.871477
53.654596,60,145.942905
54.415096,60,146.009837
49.999499,60,146.075182
55.252363,60,146.146704
56.672403,60,146.217097
56.406532,60,146.288014
48.140686,60,146.356964
56.213478,60,146.428865
52.652497,60,146.495437
57.063958,60,146.563919
57.291212,60,146.630896
56.773504,60,146.694406
46.594353,60,146.76032
49.773784,60,146.822699
53.754105,60,146.888748
29.445859,60,146.954131
38.327647,60,147.021909
57.154191,60,147.086888
56.377135,60,147.148512
56.397483,60,147.217439
56.451236,60,147.288898
38.959161,60,147.356866
56.438361,60,147.424053
13.644924,60,147.486498
51.04877,60,147.552998
57.33986,60,147.622531
54.004465,60,147.689403
54.495654,60,147.759706
37.539416,60,147.826693
55.699523,60,147.898166
37.156095,60,147.964609
57.0605,60,148.032736
56.012073,60,148.101649
41.350231,60,148.16652
54.663851,60,148.238014
53.352179,60,148.304912
56.415887,60,148.371775
52.915146,60,148.439245
55.97205,60,148.506624
56.09201,60,148.576763
54.348362,60,148.639705
53.999181,60,148.705731
56.570847,60,148.772027
55.632764,60,148.837938
55.20908,60,148.902925
56.613075,60,148.970814
53.857199,60,149.038059
55.663249,60,149.102995
36.423745,60,149.163829
57.007319,60,149.23079
56.126252,60,149.300107
56.549164,60,149.365128
45.816454,60,149.432013
54.775588,60,149.505442
52.227159,60,149.572893
54.952951,60,149.640681
56.132055,60,149.705788
51.289687,60,149.775124
44.425828,60,149.843541
56.058668,60,149.909484
52.07292,60,149.979282
55.432872,60,150.047827
33.335003,60,150.116674
55.812439,60,150.186449
56.109644,60,150.255397
56.406936,60,150.325854
56.024101,60,150.39668
34.695266,60,150.465529
57.104585,60,150.534025
15.963272,44,150.584906
54.350387,60,150.657421
56.378211,60,150.725312
56.500773,60,150.794722
52.9098,60,150.862229
53.841429,60,150.927553
55.836149,60,150.996532
46.398582,60,151.063488
48.723886,60,151.130712
55.251921,60,151.197375
42.649266,60,151.266424
56.354104,60,151.330948
56.764035,60,151.402967
57.440833,60,151.469491
49.908581,60,151.540493
55.199603,60,151.611469
55.933426,60,151.677329
31.213545,60,151.74605
56.566332,60,151.813892
39.693293,60,151.884854
56.673117,60,151.952721
56.804373,60,152.02305
52.792531,60,152.095125
19.608996,60,152.160057
57.245079,60,152.227492
56.237991,60,152.297108
55.756107,60,152.363975
39.488836,60,152.435848
24.967356,60,152.505315
56.682738,60,152.572236
36.67811,60,152.643332
46.74094,60,152.71285
56.994211,60,152.778849
57.244558,60,152.848274
56.639058,60,152.918691
24.881269,60,152.987592
22.728544,60,153.05094
55.471762,60,153.113811
56.574798,60,153.181372
43.698044,60,153.244192
46.560801,60,153.308559
55.898392,60,153.373938
53.250613,60,153.438818
56.161608,60,153.520662
55.193953,60,153.588524
56.352665,60,153.656499
47.62813,60,153.725421
56.488865,60,153.794833
43.465357,60,153.863191
57.283782,60,153.930129
56.80163,60,153.997497
56.232234,60,154.063719
54.209811,60,154.134004
57.306621,60,154.203387
56.850004,60,154.273838
52.252285,60,154.3428
53.239494,60,154.409245
55.305475,60,154.479152
57.442099,60,154.547586
57.241316,60,154.618951
52.090523,60,154.686912
56.058027,60,154.754837
53.625683,60,154.824793
54.403123,60,154.892762
53.650654,60,154.958663
57.765161,60,155.027664
56.92665,60,155.09346
56.695381,60,155.161731
56.017362,60,155.224466
52.667723,60,155.293245
46.460555,60,155.361099
52.072076,60,155.430002
56.398319,60,155.496457
51.272384,60,155.564116
44.302762,60,155.637074
57.18283,60,155.704955
56.176681,60,155.774391
48.580615,60,155.84215
56.687346,60,155.91106
55.687749,60,155.975118
49.510641,60,156.047587
56.005412,60,156.112999
50.538264,60,156.184123
57.358694,60,156.254609
55.32075,60,156.321097
56.973818,60,156.392354
35.92037,60,156.459834
56.954505,60,156.527284
53.71858,60,156.590208
45.926461,60,156.65576
31.845852,60,156.725246
54.580978,60,156.79833
31.562326,60,156.866394
26.107375,55,156.927374
54.839638,60,156.998203
56.010518,60,157.065112
56.866698,60,157.125665
56.15796,60,157.190078
31.000851,60,157.253007
55.444472,60,157.315314
54.309617,60,157.382187
56.039788,60,157.451015
48.217284,60,157.516429
53.28962,60,157.578413
57.172749,60,157.646701
50.789905,60,157.712454
56.518625,60,157.782831
54.023058,60,157.851876
55.782442,60,157.915325
45.256737,60,157.982277
56.442668,60,158.046713
56.976442,60,158.114238
52.726754,60,158.17768
56.120568,60,158.246612
55.771827,60,158.317496
57.126203,60,158.385137
56.361636,60,158.459208
57.002655,60,158.52561
56.31626,60,158.592989
56.342177,60,158.663438
36.761106,60,158.730864
57.535206,60,158.799474
55.86843,60,158.868039
57.35,60,158.939943
35.829076,60,159.005347
54.626423,60,159.068953
55.456359,60,159.134843
56.580934,60,159.201966
46.929173,60,159.268779
56.05916,60,159.337201
56.827391,60,159.404646
53.365335,60,159.47156
55.231846,60,159.537928
52.627833,60,159.604746
32.422373,60,159.669547
54.953579,60,159.739063
55.691596,60,159.807636
54.971254,60,159.874157
20.433034,60,159.941178
56.120785,60,160.006651
56.90006,60,160.071651
55.679757,60,160.135137
48.888165,60,160.204891
44.725538,60,160.271515
21.734503,44,160.325167
56.539536,60,160.393597
55.766328,60,160.460557
55.65306,60,160.531093
54.942888,60,160.598149
52.875225,60,160.665583
44.449233,60,160.732635
55.836646,60,160.803045
55.942181,60,160.872392
53.246477,60,160.940315
54.381731,60,161.008713
49.542848,60,161.078705
35.656662,60,161.145617
57.243932,60,161.214331
56.875851,60,161.279575
55.188125,60,161.344382
39.346242,60,161.407267
57.578534,60,161.475417
40.628444,60,161.5399
56.885949,60,161.606634
44.403645,60,161.673975
57.142742,60,161.738286
52.825562,60,161.804775
54.367464,60,161.873363
47.466161,60,161.941809
57.68694,60,162.006725
53.155421,60,162.075163
53.999409,60,162.140556
57.260044,60,162.204432
55.405621,60,162.275459
56.203796,60,162.342655
50.218962,60,162.412055
56.713172,60,162.480153
51.398515,60,162.545591
50.180439,60,162.612143
55.89336,60,162.68058
57.661694,60,162.749175
52.145618,60,162.818717
56.599238,60,162.884606
56.475823,60,162.953914
57.079089,60,163.021415
55.772035,60,163.092986
55.733525,60,163.159621
57.266718,60,163.224491
51.330822,60,163.294471
56.609311,60,163.36327
55.657071,60,163.429711
55.68884,60,163.494135
40.374275,60,163.560098
56.184926,60,163.624558
56.7,60,163.692033
45.237797,60,163.757365
53.919132,60,163.82325
55.732831,60,163.893265
57.241733,60,163.958158
56.819559,60,164.02648
25.112989,54,164.087911
48.24839,60,164.156766
45.23734,60,164.224802
32.627593,60,164.288837
56.591156,60,164.357862
56.960079,60,164.422982
56.75,60,164.489384
55.668027,60,164.5567
56.474762,60,164.623582
39.558629,60,164.692021
56.485225,60,164.761862
54.381571,60,164.826318
57.385613,60,164.89896
56.413381,60,164.964205
56.523108,60,165.035474
56.491709,60,165.102018
45.938759,60,165.168543
48.837981,60,165.238433
52.607978,60,165.305317
26.62185,60,165.374868
49.824298,60,165.438337
54.719983,60,165.5037
55.393885,60,165.569044
57.128586,60,165.633029
22.429018,48,165.686874
54.834034,60,165.755213
53.750484,60,165.822976
56.15,60,165.891418
55.755242,60,165.961435
54.979156,60,166.023786
55.648087,60,166.094362
55.723553,60,166.168895
35.590394,60,166.236265
54.387159,60,166.303149
54.6112,60,166.367587
50.971744,60,166.437511
57.020771,60,166.507451
55.904263,60,166.577921
15.009199,60,166.646859
51.918467,60,166.715166
39.454139,60,166.784492
57.116999,60,166.854485
21.487825,60,166.92093
55.361919,60,166.991327
54.644911,60,167.060703
56.395125,60,167.130794
43.880549,60,167.199791
56.221655,60,167.266474
55.285639,60,167.336198
56.037676,60,167.405429
56.009913,60,167.477352
22.546792,60,167.542789
55.355743,60,167.606674
55.738271,60,167.671551
48.769914,60,167.735464
56.6,60,167.80043
53.415482,60,167.86718
56.636412,60,167.932689
56.35,60,167.998467
38.218763,60,168.069245
55.012622,60,168.13689
57.07795,60,168.205074
40.256916,60,168.27352
11.896583,40,168.319354
56.477217,60,168.385324
56.737429,60,168.452575
46.168538,60,168.521502
56.809041,60,168.586375
51.318324,60,168.654246
51.73495,60,168.724666
35.324739,60,168.792601
56.318719,60,168.862026
46.784139,60,168.931926
56.377954,60,168.998357
29.326025,60,169.066209
52.946989,60,169.13324
55.588937,60,169.200597
55.991689,60,169.270656
37.803839,60,169.338618
49.171943,60,169.40963
57.275926,60,169.476144
56.163793,60,169.542485
7.983025,42,169.585244
56.10258,60,169.650532
55.560504,60,169.715485
54.625927,60,169.782489
21.144195,60,169.848891
41.764187,60,169.911227
56.486131,60,169.973539
56.507436,60,170.038422
55.669995,60,170.104804
52.407294,60,170.173718
52.344121,60,170.243098
55.799842,60,170.312579
56.626525,60,170.38009
53.238742,60,170.448628
55.85,60,170.515491
54.812201,60,170.583008
55.848321,60,170.653052
54.637714,60,170.719534
55.221833,60,170.790969
31.480363,60,170.85886
55.444732,60,170.926885
54.154981,60,170.996364
47.397106,60,171.065336
55.058371,60,171.132359
55.449111,60,171.202816
48.526653,60,171.270259
55.422746,60,171.337597
43.35877,60,171.407134
56.221557,60,171.476106
56.778179,60,171.542015
55.924582,60,171.606425
54.313188,60,171.67591
54.685209,60,171.743465
56.296086,60,171.811863
55.773904,60,171.87388
56.898026,60,171.938773
54.848014,60,172.004775
44.196301,60,172.071183
35.264937,60,172.137999
56.664461,60,172.205354
56.371988,60,172.277095
54.526422,60,172.344972
53.783039,60,172.415332
57.09291,60,172.482742
56.440091,60,172.55164
56.363616,60,172.619029
58.360585,60,172.684586
56.05764,60,172.753763
26.292897,60,172.826345
29.553742,60,172.89739
57.036739,60,172.964212
56.91563,60,173.029728
54.033156,60,173.100736
56.343498,60,173.168339
56.65,60,173.23841
54.704115,60,173.30688
57.145822,60,173.370857
55.84309,60,173.438911
47.320981,60,173.508275
56.826148,60,173.580295
56.597532,60,173.650772
53.936167,60,173.718797
56.003546,60,173.786323
55.175895,60,173.853195
53.669406,60,173.916056
56.755562,60,173.983524
53.025516,60,174.047401
51.947057,60,174.110218
56.636748,60,174.178641
57.135451,60,174.244501
56.108022,60,174.310995
55.264697,60,174.383554
51.398194,60,174.452011
49.084422,60,174.524015
50.543421,60,174.593981
32.170228,60,174.661124
55.168705,60,174.726902
53.656226,60,174.794253
55.684818,60,174.861735
53.25132,60,174.925232
40.040135,60,174.994768
56.165703,60,175.065139
34.492532,60,175.135171
56.537603,60,175.204212
55.66988,60,175.268971
55.855522,60,175.338387
54.57703,60,175.408261
41.171327,60,175.474232
33.121909,60,175.543721
47.024484,60,175.612258
57.467944,60,175.688764
56.256414,60,175.758817
56.98701,60,175.827068
56.093021,60,175.894924
57.090932,60,175.95724
54.59542,60,176.023722
56.296837,60,176.090213
28.13519,60,176.160194
56.872246,60,176.225141
54.990356,60,176.291123
57.274884,60,176.359478
56.265969,60,176.427813
56.435695,60,176.492667
43.057918,60,176.560102
50.27425,60,176.648553
39.25005,60,176.730724
57.311999,60,176.823678
23.94948,46,176.885112
56.852852,60,176.961478
55.95,60,177.041473
52.67709,60,177.126015
56.359007,60,177.218798
48.817208,60,177.297226
56.574842,60,177.391626
56.493772,60,177.473686
56.08475,60,177.598852
55.651615,60,177.688589
51.98626,60,177.768526
56.941547,60,177.85001
56.205186,60,177.929982
47.548751,60,178.00793
47.919576,60,178.081391
55.566683,60,178.158329
55.984398,60,178.225064
55.15093,60,178.291372
56.197098,60,178.358919
56.772606,60,178.422322
56.065472,60,178.489333
57.290473,60,178.555883
54.794464,60,178.619421
40.13488,60,178.684782
53.931835,60,178.750915
25.419686,48,178.802826
55.396227,60,178.863722
56.921481,60,178.931642
56.91956,60,178.995887
55.68023,60,179.058477
56.061541,60,179.12305
54.357351,60,179.190491
17.856764,49,179.246314
57.058126,60,179.316246
51.917413,60,179.384177
54.848017,60,179.444499
55.445177,60,179.508422
51.40674,60,179.574818
52.689594,60,179.638273
56.572885,60,179.701591
43.726147,60,179.764763
34.435956,60,179.82961
57.577023,60,179.899138
55.81008,60,179.965012
56.918812,60,180.034596
33.908104,60,180.097645
57.138458,60,180.16053
55.668373,60,180.224816
51.112645,60,180.285676
32.57821,60,180.34871
57.156633,60,180.409025
56.091844,60,180.464379
27.85875,60,180.527756
56.015686,60,180.592289
46.101042,60,180.644234
56.446985,60,180.707206
56.04617,60,180.771559
32.540643,60,180.828759
55.292615,60,180.892123
52.666339,60,180.955979
44.697886,60,181.020859
49.294627,60,181.080862
55.827597,60,181.140296
55.330131,60,181.20342
56.243703,60,181.267375
48.64141,60,181.332378
56.444671,60,181.38944
55.538547,60,181.451414
38.595269,60,181.513746
51.500743,60,181.57513
54.182935,60,181.639476
55.599023,60,181.70241
56.180505,60,181.764712
56.219123,60,181.832601
50.257837,60,181.894961
43.384817,60,181.956242
56.999721,60,182.020542
56.062855,60,182.088039
16.85198,48,182.138726
36.80149,60,182.194129
55.562065,60,182.254839
58.284635,60,182.318848
51.492827,60,182.383267
56.110779,60,182.449623
42.452603,60,182.514874
35.235782,60,182.577817
55.475788,60,182.637685
6.755745,39,182.677441
54.095951,60,182.738966
52.301221,60,182.807816
56.151654,60,182.867518
44.727083,60,182.930369
57.064375,60,182.993218
54.744752,60,183.071591
50.807408,60,183.157127
35.224243,60,183.246136
53.229269,60,183.322151
55.601258,60,183.388036
42.522975,60,183.474169
55.854001,60,183.553532
21.363972,60,183.630096
49.352185,60,183.72854
48.388112,60,183.819643
12.63184,60,183.904752
56.135915,60,183.991442
56.495099,60,184.066096
57.35,60,184.145921
45.70545,60,184.239477
56.784687,60,184.352563
49.997242,60,184.454253
51.301378,60,184.540383
56.739715,60,184.608761
56.493512,60,184.672989
32.604333,57,184.734783
27.138193,60,184.803122
56.840407,60,184.873652
57.65242,60,184.935042
56.160122,60,185.000513
56.292381,60,185.068356
56.031333,60,185.134755
43.949838,60,185.204134
34.795711,60,185.269137
48.114277,60,185.360569
55.212425,60,185.424336
30.338741,60,185.493196
52.930106,60,185.554445
55.293332,60,185.637815
55.871174,60,185.714819
56.38578,60,185.789487
40.565495,60,185.861301
53.997223,60,185.939045
55.343104,60,186.014442
56.713652,60,186.092504
52.694586,60,186.168901
56.5,60,186.258959
25.514302,60,186.324916
49.806697,60,186.394972
53.873934,60,186.467863
39.261049,60,186.538208
28.466247,60,186.612472
56.982968,60,186.685986
47.906941,60,186.75498
56.413817,60,186.821392
55.59371,60,186.882772
46.952883,60,186.947234
53.892532,60,187.013613
56.402015,60,187.084909
8.499454,58,187.175704
56.287609,60,187.282587
50.077928,60,187.382156
28.350338,60,187.474693
56.05,60,187.568882
49.821804,60,187.659671
54.351235,60,187.742667
43.437671,60,187.823715
56.699303,60,187.901422
37.083875,60,187.984359
57.365309,60,188.062815
51.617476,60,188.14126
57.143557,60,188.224439
47.295484,60,188.301033
55.734132,60,188.384141
56.835802,60,188.465682
56.758352,60,188.548373
52.932139,60,188.627515
17.290995,44,188.684868
55.416543,60,188.764339
29.727591,57,188.833372
57.077175,60,188.910848
42.028103,60,188.984737
44.30935,60,189.063166
56.712357,60,189.137095
55.217243,60,189.215004
54.442602,60,189.29347
56.887373,60,189.367718
55.722956,60,189.44461
56.523421,60,189.524683
56.582813,60,189.600665
55.716603,60,189.677166
32.819553,60,189.771908
56.08097,60,189.867015
56.482015,60,189.944976
56.527998,60,190.01942
55.876697,60,190.09457
55.902189,60,190.167118
56.332341,60,190.240128
55.680055,60,190.316205
56.749471,60,190.400875
56.147761,60,190.484899
55.396416,60,190.56459
56.761899,60,190.642026
55.010019,60,190.719392
56.710595,60,190.79187
56.623851,60,190.864108
24.166192,51,190.926402
53.802793,60,190.99532
18.50622,40,191.046103
54.975127,60,191.122645
56.125871,60,191.196149
37.257198,60,191.256073
54.479055,60,191.32005
56.927085,60,191.38702
56.307054,60,191.451533
28.49129,60,191.519035
55.606853,60,191.600427
34.072159,60,191.680007
55.836136,60,191.763006
55.427547,60,191.83441
56.2,60,191.907977
56.7,60,191.978568
56.739606,60,192.035941
57.25,60,192.094753
57.10851,60,192.167132
54.924854,60,192.241587
55.935283,60,192.324246
55.186319,60,192.40489
56.02978,60,192.484691
55.899478,60,192.580889
55.356536,60,192.657423
35.965158,60,192.733411
55.16138,60,192.806704
57.036153,60,192.894087
56.101718,60,192.972008
56.73827,60,193.062879
51.019127,60,193.142943
56.952379,60,193.222953
57.168528,60,193.301998
55.887494,60,193.383115
56.48079,60,193.485281
50.704827,60,193.603934
55.852479,60,193.706575
56.394477,60,193.802066
18.732206,44,193.863405
51.023551,60,193.953439
56.628898,60,194.031891
56.529177,60,194.131541
46.503972,60,194.211578
55.401994,60,194.302213
57.003877,60,194.382779
56.209061,60,194.465644
34.999992,60,194.545147
55.541589,60,194.622584
56.222066,60,194.705014
55.660015,60,194.784949
56.443822,60,194.864936
52.821409,60,194.947125
57.018333,60,195.027326
53.760595,60,195.104828
56.628767,60,195.183931
46.536557,60,195.263411
56.796554,60,195.355755
48.818565,60,195.441261
56.243757,60,195.521243
55.094082,60,195.604725
56.22265,60,195.685531
17.350219,60,195.765945
49.630456,60,195.849472
41.092666,60,195.925596
53.603077,60,196.005478
53.645226,60,196.084894
56.317823,60,196.168703
31.524424,60,196.250136
54.387578,60,196.331007
42.314867,60,196.406887
56.561625,60,196.480639
50.111123,60,196.556388
57.421532,60,196.630385
48.857703,60,196.704906
56.015277,60,196.794893
36.024496,60,196.883962
55.632526,60,196.958131
7.477324,31,196.999914
53.311803,60,197.095984
53.457093,60,197.185523
41.192686,60,197.268045
56.491906,60,197.370297
53.149182,60,197.47337
46.780394,60,197.588405
49.810386,60,197.697171
56.623409,60,197.795956
56.776505,60,197.890637
57.345431,60,197.998323
56.78645,60,198.090036
55.38014,60,198.189662
53.016416,60,198.294918
43.637339,60,198.389039
51.677268,60,198.491798
18.014482,41,198.558514
37.507621,60,198.664314
56.3,60,198.753304
54.995435,60,198.850297
56.254641,60,198.949446
49.368157,60,199.033976
46.39901,60,199.122826
52.374251,60,199.209877
56.395047,60,199.298507
56.559333,60,199.387044
54.518181,60,199.472382
57.036712,60,199.569371
56.730337,60,199.656791
57.470535,60,199.742306
56.23997,60,199.824394
57.266481,60,199.911931
55.195882,60,199.999976
55.576541,60,200.0962
54.895256,60,200.179727
9.631748,36,200.23117
56.693391,60,200.317046
56.909858,60,200.403488
57.035747,60,200.489055
55.563288,60,200.574605
56.772525,60,200.662318
30.589613,60,200.740751
56.196301,60,200.828351
39.32887,60,200.914624
55.216887,60,201.000242
55.922631,60,201.078754
52.652557,60,201.166824
33.021778,60,201.254294
53.258082,60,201.327908
56.459729,60,201.410053
50.400342,60,201.49323
55.7,60,201.572446
57.017561,60,201.654494
48.521364,60,201.74239
55.603555,60,201.825794
56.349314,60,201.921474
56.887173,60,202.004115
56.474835,60,202.084657
8.05229,32,202.129944
56.652722,60,202.209573
56.435865,60,202.309806
55.841452,60,202.388727
52.9044,60,202.478718
56.892826,60,202.561148
57.086125,60,202.648769
47.904188,60,202.734462
55.313682,60,202.811916
56.929759,60,202.90046
55.3992,60,202.987593
52.341382,60,203.064438
56.285817,60,203.15003
54.922124,60,203.235479
48.795477,60,203.32631
56.304794,60,203.406598
47.732202,60,203.499023
55.359028,60,203.583066
57.522131,60,203.664603
54.47683,60,203.747021
52.56306,60,203.828372
57.280619,60,203.905662
55.132328,60,203.987737
56.695988,60,204.067776
56.931289,60,204.150749
56.336632,60,204.242397
55.764404,60,204.326979
47.367454,60,204.4095
12.783301,34,204.451207
20.436631,45,204.519064
54.257776,60,204.604733
56.8148,60,204.694771
39.338728,60,204.787561
55.55,60,204.864592
20.345066,60,204.950269
56.689916,60,205.034182
56.434117,60,205.118279
54.33707,60,205.198919
46.184829,60,205.28137
56.503459,60,205.36746
44.065441,60,205.461151
56.745655,60,205.546688
29.422869,60,205.629996
55.923487,60,205.713455
46.133639,60,205.794554
56.40621,60,205.873469
47.923192,60,205.957954
54.392681,60,206.040027
57.183476,60,206.120924
55.992814,60,206.202335
51.174455,60,206.295418
51.77779,60,206.377952
54.79512,60,206.46982
56.343481,60,206.555442
57.375627,60,206.635428
55.664673,60,206.716538
20.90381,46,206.783312
54.963984,60,206.862339
56.586239,60,206.947337
55.243886,60,207.033907
55.592303,60,207.11451
57.027043,60,207.198579
56.736537,60,207.28558
55.671834,60,207.368099
15.628984,60,207.459695
56.259586,60,207.539197
57.968725,60,207.622587
56.768036,60,207.708757
55.919014,60,207.798295
56.047262,60,207.880824
50.961019,60,207.967532
51.254823,60,208.047022
45.157568,60,208.123518
52.606001,60,208.199626
53.493048,60,208.27913
43.836431,60,208.360397
48.336037,60,208.437263
57.664737,60,208.519119
54.26375,60,208.599492
54.504217,60,208.680067
55.382996,60,208.769143
44.111609,60,208.848713
57.270965,60,208.935436
38.070289,60,209.075606
54.888027,60,209.172354
55.686363,60,209.254275
57.014956,60,209.341418
54.118154,60,209.427153
56.398674,60,209.513241
57.24789,60,209.608919
27.948799,60,209.703554
56.902224,60,209.806392
55.667203,60,209.896246
54.526209,60,209.990878
33.886643,60,210.080538
56.185499,60,210.184596
56.282364,60,210.287957
54.601019,60,210.400732
36.355132,60,210.516488
47.413816,60,210.609592
54.628189,60,210.712237
8.228045,56,210.791707
11.576641,37,210.847234
15.579722,60,210.939191
56.667209,60,211.027359
51.388636,60,211.128976
41.316258,60,211.226243
56.562599,60,211.316291
55.930011,60,211.399925
56.184851,60,211.49105
53.748296,60,211.574619
53.886543,60,211.660139
55.579507,60,211.748916
54.693681,60,211.836915
56.447263,60,211.935985
55.961325,60,212.021056
56.193366,60,212.110193
25.116903,60,212.20121
53.620362,60,212.283812
56.354193,60,212.370129
56.330182,60,212.460685
55.900323,60,212.548802
57.204213,60,212.631325
56.01129,60,212.715388
55.205871,60,212.799951
56.234581,60,212.887601
48.515214,60,212.970599
51.489103,60,213.056698
56.444527,60,213.132108
49.021011,60,213.216293
34.113491,60,213.298397
57.070661,60,213.384464
56.843244,60,213.475533
51.059571,60,213.558105
57.021708,60,213.638758
56.993729,60,213.732709
56.771802,60,213.828684
39.819698,60,213.92062
55.793545,60,214.020291
56.186421,60,214.16216
55.488489,60,214.272875
33.722107,60,214.363776
56.087865,60,214.460402
47.477232,60,214.559522
44.970734,60,214.651056
53.824919,60,214.745218
34.441196,60,214.839063
54.664531,60,214.931537
57.289045,60,215.023932
48.205043,60,215.115099
39.723972,60,215.205661
50.077988,60,215.303741
56.638237,60,215.391036
55.889023,60,215.477168
53.033657,60,215.562774
56.496851,60,215.653761
56.801207,60,215.744149
54.493927,60,215.840115
55.405466,60,215.934062
44.284167,60,216.020038
56.230918,60,216.109222
40.77289,60,216.20322
57.01797,60,216.28533
55.769092,60,216.372815
55.758859,60,216.459493
55.620562,60,216.537974
55.856945,60,216.627606
56.020986,60,216.712207
44.358544,60,216.798784
53.822349,60,216.888351
56.99254,60,216.967696
47.951781,60,217.0548
43.671653,60,217.139429
56.594322,60,217.228926
56.177868,60,217.31237
56.373364,60,217.382772
53.157879,60,217.462015
54.742859,60,217.53552
53.741184,60,217.61339
56.133045,60,217.692246
49.888678,60,217.774315
44.38214,60,217.851377
55.923592,60,217.936403
56.2,60,218.019103
55.935678,60,218.103019
55.741309,60,218.191613
56.25106,60,218.268998
55.740407,60,218.349829
28.879063,60,218.433639
55.772127,60,218.520205
54.989891,60,218.602693
34.300654,60,218.689394
40.436937,60,218.773369
54.613484,60,218.853695
55.430888,60,218.940458
56.4649,60,219.021287
55.679796,60,219.109948
56.163775,60,219.192715
55.744377,60,219.275879
55.816163,60,219.362467
56.460385,60,219.459001
56.339855,60,219.540931
56.55795,60,219.619383
52.291688,60,219.703349
50.404165,60,219.789452
47.128285,60,219.865144
55.797255,60,219.944207
56.041453,60,220.023125
44.732558,60,220.098506
50.061506,60,220.177907
56.192991,60,220.256869
49.420932,60,220.335865
53.157876,60,220.416479
55.712121,60,220.497035
56.44417,60,220.574969
50.31883,60,220.653996
54.569009,60,220.739145
33.747592,60,220.820017
46.658285,60,220.908061
55.767637,60,220.997626
42.128012,60,221.090647
56.299391,60,221.182547
53.782375,60,221.262521
53.088838,60,221.353599
51.190882,60,221.444227
56.066814,60,221.529587
40.976965,60,221.609453
56.762775,60,221.696712
55.962082,60,221.777064
46.026369,60,221.864077
56.559574,60,221.943729
56.735472,60,222.02513
26.033712,60,222.103748
27.222516,55,222.175291
55.92983,60,222.256773
45.73968,60,222.333271
57.320899,60,222.413521
49.321944,60,222.496165
56.066744,60,222.578192
45.493405,60,222.665382
56.492513,60,222.751558
26.015274,60,222.834409
56.479086,60,222.918344
47.672592,60,223.004997
55.563508,60,223.09
47.203458,60,223.181671
54.854264,60,223.267008
30.112193,60,223.353165
49.368387,60,223.44209
55.745941,60,223.527586
51.442776,60,223.624995
55.7,60,223.714766
55.916741,60,223.808755
56.236437,60,223.89677
50.102479,60,223.990856
49.168948,60,224.071371
55.058482,60,224.163869
56.59719,60,224.249941
49.139674,60,224.332523
51.546726,60,224.415837
57.144167,60,224.496196
45.974455,60,224.575269
51.336391,60,224.65729
57.416886,60,224.739425
44.022213,60,224.821424
56.148154,60,224.905485
56.893673,60,224.990307
51.337605,60,225.070686
15.796325,60,225.150584
56.071128,60,225.231551
56.483414,60,225.314131
56.092183,60,225.396028
56.73515,60,225.481591
54.451633,60,225.563133
56.513352,60,225.648162
47.079985,60,225.733455
48.374539,60,225.812965
56.400672,60,225.902221
56.639564,60,225.98624
51.897205,60,226.066716
56.511675,60,226.149246
55.482562,60,226.234296
56.19147,60,226.322437
43.979,60,226.404387
56.03579,60,226.488953
52.938369,60,226.562868
57.053233,60,226.640281
47.380338,60,226.717204
56.253238,60,226.797101
55.240831,60,226.873123
55.304004,60,226.960043
55.745047,60,227.041371
55.542419,60,227.125324
55.600495,60,227.216355
55.958998,60,227.299382
56.305649,60,227.38089
45.398866,60,227.464948
53.554611,60,227.550165
57.535052,60,227.632113
56.163245,60,227.725554
55.743065,60,227.809103
28.568404,53,227.879972
56.565631,60,227.968411
53.062569,60,228.048063
56.843006,60,228.13354
51.315761,60,228.212991
54.45168,60,228.296592
14.774287,60,228.379204
55.012263,60,228.462612
45.16153,60,228.54497
47.74797,60,228.625928
57.064202,60,228.713634
56.27122,60,228.788655
56.403621,60,228.866657
55.885544,60,228.94627
55.934486,60,229.024292
54.725304,60,229.099819
56.096778,60,229.176757
55.961112,60,229.261963
55.209767,60,229.345743
57.343958,60,229.429632
43.009961,60,229.511329
56.899351,60,229.593915
35.211496,60,229.671892
56.361709,60,229.756003
56.162505,60,229.836595
57.365214,60,229.919118
54.677009,60,230.012558
56.013913,60,230.095186
56.188326,60,230.180259
37.636824,60,230.266558
48.167537,60,230.348121
55.692667,60,230.439277
55.710382,60,230.522074
53.62173,60,230.606836
50.978826,60,230.690675
56.686357,60,230.780142
53.730601,60,230.86536
56.415537,60,230.9565
55.722711,60,231.03809
56.201452,60,231.115665
55.678802,60,231.195351
54.403362,60,231.272239
47.643128,60,231.353799
55.778852,60,231.432378
29.812153,60,231.522923
56.168706,60,231.603819
54.263435,60,231.692016
55.940751,60,231.783765
54.207233,60,231.870198
55.421944,60,231.95305
45.928473,60,232.034208
30.591998,60,232.115779
54.910207,60,232.196242
56.555908,60,232.279305
50.338211,60,232.363443
53.417287,60,232.443936
55.781299,60,232.53174
55.228277,60,232.611434
41.251161,60,232.701015
44.890916,60,232.785565
47.865708,60,232.869131
56.546788,60,232.955217
56.979685,60,233.042433
55.156801,60,233.12655
52.835169,60,233.211508
56.072894,60,233.294169
55.471658,60,233.373952
53.671519,60,233.456818
55.965324,60,233.533819
56.715076,60,233.609818
55.446981,60,233.6883
55.068463,60,233.772418
57.079083,60,233.851956
55.674375,60,233.941644
55.765699,60,234.027542
53.459483,60,234.107876
55.194096,60,234.193001
54.350765,60,234.272994
55.313286,60,234.357497
51.167449,60,234.437517
55.406406,60,234.52606
37.559223,60,234.605852
56.04597,60,234.687909
56.086728,60,234.777817
53.904214,60,234.85888
56.112295,60,234.946244
56.068528,60,235.030291
56.366683,60,235.116372
54.041382,60,235.19959
56.793529,60,235.293443
56.506369,60,235.375203
55.88821,60,235.458462
27.40355,60,235.542669
56.466419,60,235.624942
53.520936,60,235.70438
55.581766,60,235.78305
55.606548,60,235.865037
37.847981,60,235.942565
56.167713,60,236.032578
51.057517,60,236.113665
56.206049,60,236.20374
56.542047,60,236.293532
35.449308,60,236.378874
53.291397,60,236.462359
56.180387,60,236.556417
55.74376,60,236.640952
54.771514,60,236.731338
55.571795,60,236.819876
39.901259,60,236.905038
54.616906,60,236.995062
28.352857,60,237.077262
55.243778,60,237.159734
57.128449,60,237.246236
57.008486,60,237.328633
50.004789,60,237.422136
52.158408,60,237.509987
46.932171,60,237.59934
55.718629,60,237.673738
39.854047,60,237.76411
55.312775,60,237.846815
56.007169,60,237.931308
56.733961,60,238.013299
55.366294,60,238.091236
39.457609,60,238.167787
25.641194,60,238.244718
51.189011,60,238.330597
55.164141,60,238.409133
51.365616,60,238.495061
55.545888,60,238.579056
56.04725,60,238.66002
55.855484,60,238.74555
55.962087,60,238.827178
53.279705,60,238.913116
47.094192,60,239.000778
56.715125,60,239.096946
55.784971,60,239.187557
56.47346,60,239.291705
53.719863,60,239.390186
56.007555,60,239.510239
48.423766,60,239.629944
44.743413,60,239.728116
56.962157,60,239.822659
56.454889,60,239.908175
55.918276,60,240.003151
57.943596,60,240.104848
55.96133,60,240.217815
56.911297,60,240.338053
56.172878,60,240.439937
50.996151,60,240.527032
56.409961,60,240.620704
55.743571,60,240.706173
56.858533,60,240.792902
51.395998,60,240.8834
40.601521,60,240.98101
56.831119,60,241.070321
56.200541,60,241.191074
50.659252,60,241.273124
18.265894,60,241.357744
54.99955,60,241.447853
56.651359,60,241.531901
56.750073,60,241.624009
39.493412,60,241.712031
54.351714,60,241.794584
55.920079,60,241.883287
54.650877,60,241.967014
55.630265,60,242.049976
56.405864,60,242.137501
48.397177,60,242.219945
52.270896,60,242.306712
38.075862,60,242.391896
52.888482,60,242.479908
56.066237,60,242.563328
55.788911,60,242.654723
54.154145,60,242.740474
36.319999,60,242.823216
57.279443,60,242.908696
56.111735,60,242.989705
56.892835,60,243.068735
56.117099,60,243.149794
55.901607,60,243.23759
57.027821,60,243.317607
53.27668,60,243.407079
56.24341,60,243.491616
56.507785,60,243.570138
57.432078,60,243.651453
56.573471,60,243.733964
56.685581,60,243.816435
52.884411,60,243.905956
56.569831,60,244.003566
56.227957,60,244.098692
51.410266,60,244.203808
56.235978,60,244.291719
36.037864,60,244.386629
50.846987,60,244.49008
56.124642,60,244.599895
55.846398,60,244.705483
6.352827,56,244.7901
41.434612,60,244.884876
57.677035,60,244.983503
39.116079,60,245.073446
55.995324,60,245.165003
53.205623,60,245.260661
55.978242,60,245.355597
56.413915,60,245.445425
56.35862,60,245.526499
56.413573,60,245.607693
55.188836,60,245.693136
53.768622,60,245.783114
43.854178,60,245.870015
53.060904,60,245.972266
56.235523,60,246.063868
56.573216,60,246.154946
55.537726,60,246.247559
54.19841,60,246.331048
55.480327,60,246.421574
54.369841,60,246.507175
56.09432,60,246.588513
55.963111,60,246.677455
55.444748,60,246.742806
52.722375,60,246.826992
56.528468,60,246.916662
57.103644,60,247.008192
52.274247,60,247.100686
54.252504,60,247.187445
56.053016,60,247.280319
39.934508,60,247.364466
57.092577,60,247.457129
32.803494,60,247.571395
56.650585,60,247.689705
43.197115,60,247.800799
56.735555,60,247.911
56.086851,60,248.012906
56.121247,60,248.101474
56.998048,60,248.193115
42.516351,60,248.279732
55.234285,60,248.36615
56.545969,60,248.462734
20.638336,47,248.533153
57.007691,60,248.619571
56.086393,60,248.722856
56.561401,60,248.811911
56.087051,60,248.906369
43.738321,60,249.00826
58.11237,60,249.10439
57.345729,60,249.206911
56.649692,60,249.300429
54.788497,60,249.404554
57.225136,60,249.513554
54.709079,60,249.599296
13.053391,57,249.699963
56.862871,60,249.810982
55.532249,60,249.902909
57.056532,60,249.999927
55.707086,60,250.0948
49.334667,60,250.190972
49.698356,60,250.2794
55.838919,60,250.37809
56.96247,60,250.471149
56.016138,60,250.562136
50.387753,60,250.66863
56.326638,60,250.781581
55.956385,60,250.888272
56.731556,60,250.984373
55.516849,60,251.095609
32.534161,60,251.184738
55.373129,60,251.269161
54.779299,60,251.367032
44.088355,60,251.457677
56.050247,60,251.565388
31.517825,60,251.699922
50.628247,60,251.798081
57.897607,60,251.889418
55.686015,60,251.9888
48.26976,60,252.079123
52.442403,60,252.182404
16.828743,60,252.271106
56.392053,60,252.361827
51.289002,60,252.465937
55.928441,60,252.558648
55.857631,60,252.656292
56.391275,60,252.748795
53.410023,60,252.842109
56.930335,60,252.942147
56.27546,60,253.044826
55.86606,60,253.145576
56.013925,60,253.248054
55.782404,60,253.342102
31.512712,60,253.440284
55.736677,60,253.53137
55.709684,60,253.628085
31.510796,60,253.715978
53.867694,60,253.810739
55.951108,60,253.912952
50.866713,60,254.004273
53.938729,60,254.092187
55.369177,60,254.182433
47.050843,60,254.271563
55.393646,60,254.369221
36.696318,60,254.463728
55.628327,60,254.572451
54.844807,60,254.683221
56.002938,60,254.776327
55.962473,60,254.873873
55.843962,60,254.973572
39.129509,60,255.10342
54.898397,60,255.205931
56.280881,60,255.319918
55.130215,60,255.416615
57.347954,60,255.533223
55.341883,60,255.63995
23.29433,60,255.740098
56.594028,60,255.834273
56.152631,60,255.944928
55.554522,60,256.036937
45.885598,60,256.128592
26.648632,60,256.216612
49.550253,60,256.298129
44.416242,60,256.393557
55.450527,60,256.487487
49.391952,60,256.582597
27.546486,60,256.680443
56.909104,60,256.774379
55.55952,60,256.862255
48.991745,60,256.956331
52.966658,60,257.045892
55.220188,60,257.130844
50.861051,60,257.220846
49.061807,60,257.302472
36.236132,60,257.395146
46.957441,60,257.475594
56.176735,60,257.557266
57.394597,60,257.648266
56.351715,60,257.730714
56.803978,60,257.821975
53.000483,60,257.904751
56.632946,60,257.986085
31.77194,60,258.071675
40.24046,60,258.158688
56.576146,60,258.243212
56.772386,60,258.321594
55.946625,60,258.404561
55.563426,60,258.486743
54.077368,60,258.572183
56.38287,60,258.658695
53.634016,60,258.741246
46.642427,60,258.823295
56.138725,60,258.905711
56.186277,60,258.992885
56.002206,60,259.076364
56.240246,60,259.162938
41.449458,60,259.245497
56.408885,60,259.325614
57.119265,60,259.403179
50.193661,60,259.494701
54.850832,60,259.573638
52.872506,60,259.665284
55.619968,60,259.750037
48.393085,60,259.837474
43.06065,60,259.928278
55.849781,60,260.009855
40.121703,60,260.093384
53.750321,60,260.180421
56.567469,60,260.269008
56.00707,60,260.360598
47.91483,60,260.447723
55.796262,60,260.53774
50.372875,60,260.628744
56.342112,60,260.720791
44.937005,60,260.800384
57.07047,60,260.89048
56.137693,60,260.977021
55.430674,60,261.063277
55.184303,60,261.14816
56.666401,60,261.262681
55.366037,60,261.392725
40.178994,60,261.48147
56.103222,60,261.566326
56.302758,60,261.660264
55.943063,60,261.751881
41.819548,60,261.835916
49.656949,60,261.906497
55.783065,60,261.999217
50.277677,60,262.082434
50.512452,60,262.170579
55.743589,60,262.258992
56.477967,60,262.341381
55.778766,60,262.432364
53.446351,60,262.513298
55.82434,60,262.605038
57.552042,60,262.689111
52.360205,60,262.770941
46.895095,60,262.860019
54.977838,60,262.940554
52.9819,60,263.029247
53.118199,60,263.113277
52.447276,60,263.201412
55.218156,60,263.279877
53.056609,60,263.370435
55.350924,60,263.45838
56.521092,60,263.542052
57.138912,60,263.625044
54.316005,60,263.708022
53.729275,60,263.791504
56.767396,60,263.880022
44.753237,60,263.972754
35.746941,60,264.066454
44.250824,60,264.164509
56.741537,60,264.259022
39.824885,60,264.354139
43.443767,60,264.439161
56.58571,60,264.532349
55.853267,60,264.629331
55.708214,60,264.738477
55.867881,60,264.833114
41.457315,60,264.954828
57.31636,60,265.055348
47.007292,60,265.157486
53.079849,60,265.249854
57.502752,60,265.338914
53.763974,60,265.43908
45.316654,60,265.52859
57.49361,60,265.622652
56.923671,60,265.720922
29.294122,60,265.81289
57.307027,60,265.90123
45.06213,60,265.999847
53.549262,60,266.076627
51.108336,60,266.156418
56.092375,60,266.245084
47.36987,60,266.332612
56.351369,60,266.416293
56.15569,60,266.511865
55.93951,60,266.600838
56.778214,60,266.699283
56.094571,60,266.793272
54.978033,60,266.874731
54.850232,60,266.970791
56.967067,60,267.056731
55.244528,60,267.1415
50.586399,60,267.223513
55.740411,60,267.307221
57.245694,60,267.398314
55.635162,60,267.493222
56.057341,60,267.581089
52.422699,60,267.669676
56.702593,60,267.765257
56.974015,60,267.847227
56.630641,60,267.930702
49.214004,60,268.018818
38.273887,60,268.10027
55.446908,60,268.188241
55.97179,60,268.281726
12.796067,60,268.370606
55.443049,60,268.46149
56.003705,60,268.553217
53.2018,60,268.640189
51.028849,60,268.732892
53.722756,60,268.824964
53.876461,60,268.908969
56.685423,60,268.992594
55.746348,60,269.073103
49.430963,60,269.153022
55.897674,60,269.229581
56.949208,60,269.305701
56.64024,60,269.382397
50.021746,60,269.455979
52.652695,60,269.535494
50.480949,60,269.618972
56.635924,60,269.701009
54.749985,60,269.788555
34.19479,60,269.870767
55.851144,60,269.952181
56.590818,60,270.030149
36.281777,60,270.111579
56.141677,60,270.193339
55.929709,60,270.279474
51.401793,60,270.372538
57.3,60,270.4612
56.408469,60,270.555554
47.637778,60,270.634104
55.308303,60,270.716212
53.797344,60,270.800764
51.302077,60,270.882805
54.056933,60,270.970073
52.923792,60,271.054508
52.778512,60,271.137227
57.876378,60,271.226026
55.935224,60,271.31289
54.732131,60,271.39445
43.749854,60,271.486502
56.7,60,271.571994
56.146436,60,271.653072
41.796473,60,271.729979
47.688436,60,271.811374
55.776292,60,271.889807
56.234146,60,271.97144
56.799761,60,272.058545
55.529584,60,272.138907
56.733448,60,272.224326
56.712388,60,272.309139
56.032711,60,272.392254
55.65,60,272.472212
52.113298,60,272.553378
36.30502,60,272.637048
52.884724,60,272.722744
55.970888,60,272.814381
37.723437,60,272.898273
37.48773,60,272.984834
56.452542,60,273.068243
41.692193,60,273.150251
57.239501,60,273.238532
57.813813,60,273.32315
56.010706,60,273.405463
52.278731,60,273.493033
55.314683,60,273.57488
53.803202,60,273.660995
40.971577,60,273.745119
57.593587,60,273.829389
50.866215,60,273.912348
54.960901,60,274.001727
51.346723,60,274.085245
56.161772,60,274.168386
56.609423,60,274.248915
56.5,60,274.328466
53.904384,60,274.405552
30.715323,60,274.481604
50.773765,60,274.563142
54.633708,60,274.643114
56.494029,60,274.729721
56.605836,60,274.810021
43.62506,60,274.889345
48.019048,60,274.978885
43.040406,60,275.068099
56.810323,60,275.154033
41.973372,60,275.243024
55.768875,60,275.335535
56.978898,60,275.422623
55.360405,60,275.513346
45.833783,60,275.604047
46.492148,60,275.694605
56.182761,60,275.775806
56.482959,60,275.859761
57.135327,60,275.944844
57.098105,60,276.030794
56.244461,60,276.112872
29.979557,54,276.179274
44.421614,60,276.266352
56.821112,60,276.349836
55.46481,60,276.431295
56.006145,60,276.519952
56.994104,60,276.602908
55.614417,60,276.685777
28.627781,51,276.752089
27.080025,60,276.830904
55.368918,60,276.909807
56.400967,60,276.989838
55.143553,60,277.076409
56.103301,60,277.156912
56.401704,60,277.241018
56.941512,60,277.32615
56.129398,60,277.40915
57.450152,60,277.49149
53.178627,60,277.571391
56.577412,60,277.649705
45.297835,60,277.731288
27.073549,60,277.812869
55.544729,60,277.890473
55.661432,60,277.979131
55.76886,60,278.059173
56.493248,60,278.13819
54.561614,60,278.226142
56.037105,60,278.304736
52.530423,60,278.389835
50.02025,60,278.473997
54.00046,60,278.552453
55.896243,60,278.635963
57.11572,60,278.720591
56.977728,60,278.803588
46.782298,60,278.885654
56.099877,60,278.971601
56.592113,60,279.056536
55.278779,60,279.135955
53.653251,60,279.209404
14.940795,60,279.290412
56.8,60,279.365669
56.120684,60,279.443155
52.566422,60,279.533885
36.781635,60,279.61197
56.489939,60,279.704037
56.327612,60,279.788113
56.516568,60,279.874041
55.745379,60,279.957965
51.67578,60,280.040335
56.690489,60,280.124879
51.035224,60,280.204646
56.725313,60,280.288764
40.687314,60,280.370337
48.863393,60,280.456912
55.90022,60,280.538291
44.429203,60,280.618822
57.107896,60,280.706294
56.925957,60,280.786877
55.704429,60,280.87077
57.287137,60,280.958866
23.614958,60,281.039908
57.194717,60,281.126424
53.071479,60,281.216581
54.110705,60,281.29904
57.192103,60,281.379747
54.269542,60,281.47183
53.690525,60,281.55491
56.412764,60,281.639966
56.802619,60,281.718776
23.10373,60,281.797326
51.481843,60,281.870201
49.995718,60,281.959658
24.35372,60,282.042152
54.219084,60,282.12468
56.108204,60,282.215698
56.787738,60,282.298621
26.4084,60,282.379545
55.202891,60,282.456632
56.204399,60,282.535686
57.443683,60,282.616173
38.55661,60,282.701279
56.628736,60,282.784295
33.943093,60,282.862322
57.293211,60,282.954891
50.732742,60,283.037436
56.589346,60,283.122472
56.335595,60,283.210041
55.762502,60,283.294054
56.239409,60,283.383098
37.478286,60,283.462163
57.058752,60,283.545687
57.13731,60,283.628639
56.091159,60,283.71703
56.37683,60,283.799099
50.273076,60,283.880162
55.92469,60,283.968026
55.421111,60,284.050828
56.15,60,284.136535
57.264422,60,284.218598
56.822648,60,284.298958
43.909341,60,284.376112
17.290601,43,284.435005
42.180858,60,284.517537
55.103554,60,284.601457
56.977731,60,284.690596
56.361615,60,284.771651
56.422373,60,284.851759
57.111332,60,284.932269
48.665064,60,285.015344
48.356043,60,285.100308
55.511272,60,285.186842
56.440535,60,285.2726
56.7,60,285.357172
57.315955,60,285.443862
56.921969,60,285.528459
39.224773,60,285.614101
55.005901,60,285.694111
55.399759,60,285.779618
57.472756,60,285.876066
52.004954,60,285.96632
52.957379,60,286.066058
50.645772,60,286.158793
57.636609,60,286.246359
37.613352,60,286.330976
51.581992,60,286.427117
57.674027,60,286.512733
14.884218,54,286.590756
56.580581,60,286.6721
57.057583,60,286.750072
57.406785,60,286.829967
56.525582,60,286.912953
55.790235,60,287.001173
55.560991,60,287.082713
55.332603,60,287.175704
55.550291,60,287.25651
35.894199,59,287.336954
54.592853,60,287.426955
37.084473,60,287.519439
37.224068,60,287.607797
50.016259,60,287.701372
48.199366,60,287.785191
50.359955,60,287.872859
53.339036,60,287.967071
56.126594,60,288.047566
23.881041,60,288.132013
56.484803,60,288.218124
56.538312,60,288.306293
56.65,60,288.394905
57.098295,60,288.475945
56.262316,60,288.560092
52.320108,60,288.643641
30.84524,60,288.730303
53.893414,60,288.813833
55.826872,60,288.900814
56.142656,60,288.982912
51.650216,60,289.065539
56.185449,60,289.142512
38.174661,60,289.218538
39.984644,60,289.291042
49.237579,60,289.371038
37.285835,60,289.455607
48.744683,60,289.534927
56.016017,60,289.622023
56.937546,60,289.707119
57.5,60,289.788162
56.65,60,289.869686
44.147584,60,289.952685
44.284439,60,290.03674
54.1741,60,290.121349
56.144551,60,290.208392
47.745596,60,290.287926
55.813975,60,290.372406
57.018598,60,290.459469
50.217324,60,290.541079
55.782998,60,290.632133
57.011125,60,290.711026
25.246653,60,290.7993
56.648358,60,290.885298
54.41232,60,290.96737
56.772009,60,291.052458
55.623432,60,291.137922
56.180212,60,291.222261
55.693693,60,291.30376
53.708025,60,291.394091
56.166221,60,291.475025
42.832344,60,291.562133
45.759561,60,291.635085
21.578924,60,291.7126
56.438901,60,291.79124
42.090184,60,291.871015
57.487231,60,291.954908
55.888422,60,292.038831
57.291748,60,292.125395
52.883111,60,292.209328
47.84236,60,292.289883
56.392738,60,292.365834
18.854349,60,292.458491
56.754603,60,292.538981
49.084988,60,292.625637
54.901398,60,292.712636
56.802101,60,292.791732
50.998438,60,292.876349
55.069088,60,292.96011
56.555425,60,293.048901
29.051841,60,293.135213
55.20432,60,293.217803
51.082905,60,293.304423
47.476199,60,293.385522
51.554107,60,293.468895
56.809126,60,293.555508
55.389146,60,293.642458
54.707109,60,293.725044
56.401062,60,293.81616
57.045501,60,293.904718
38.713496,60,293.992319
55.811688,60,294.071764
57.350035,60,294.150586
52.200158,60,294.225852
54.717633,60,294.302271
57.456327,60,294.382807
49.351737,60,294.465268
56.312491,60,294.549755
56.061078,60,294.63595
40.01494,60,294.720968
55.150706,60,294.801446
57.487881,60,294.892089
51.760746,60,294.979624
57.220074,60,295.062779
55.452131,60,295.15224
55.036225,60,295.239527
55.70089,60,295.327586
55.4,60,295.41809
41.146621,60,295.50259
56.627326,60,295.591897
56.809049,60,295.677975
56.559322,60,295.771536
57.759056,60,295.862084
44.245616,60,295.94706
48.265983,60,296.031002
56.629271,60,296.112062
55.9823,60,296.217913
56.35703,60,296.302544
56.550135,60,296.388911
56.048489,60,296.483836
56.443348,60,296.574253
56.584406,60,296.664733
56.82632,60,296.748763
32.648984,60,296.829852
49.290843,60,296.929371
56.645374,60,297.029079
56.16589,60,297.121331
56.540265,60,297.205527
57.612602,60,297.290788
48.057858,60,297.370479
56.924689,60,297.45734
44.717456,60,297.53883
57.080971,60,297.631406
45.600673,60,297.7155
16.978394,60,297.797021
56.2,60,297.890677
56.558914,60,297.969607
56.470894,60,298.056167
55.655101,60,298.136861
57.373657,60,298.223623
55.601387,60,298.315332
54.836999,60,298.399674
55.339419,60,298.482743
53.983757,60,298.567023
55.7,60,298.655652
55.438113,60,298.738013
56.816571,60,298.823966
57.433624,60,298.907984
53.921087,60,298.989524
57.02025,60,299.073486
48.935873,60,299.146528
55.85,60,299.221027
54.608795,60,299.298373
56.867812,60,299.379291
56.55,60,299.465467
55.9832,60,299.542376
51.866329,60,299.631267
56.755493,60,299.710996
56.126429,60,299.792367
49.965169,60,299.874215
48.696728,60,299.958396
56.742606,60,300.041444
14.880506,36,300.09581
55.71118,60,300.186437
54.227271,60,300.265997
56.242362,60,300.360008
56.995313,60,300.440754
56.85,60,300.530126
56.6,60,300.611091
55.14683,60,300.694634
56.293326,60,300.781651
55.519942,60,300.86266
57.087332,60,300.950721
55.8,60,301.032234
54.902634,60,301.122058
56.93096,60,301.205689
44.26449,60,301.291782
50.944952,60,301.376883
50.885375,60,301.455313
55.782032,60,301.535822
57.113946,60,301.617347
56.628711,60,301.703968
52.326689,60,301.781848
56.701119,60,301.868782
53.764849,60,301.950949
55.07036,60,302.033525
57.19402,60,302.121573
57.182325,60,302.197317
58.022628,60,302.285016
55.846887,60,302.366474
57.526473,60,302.448233
55.148888,60,302.532313
53.404363,60,302.618094
56.200281,60,302.700236
37.295639,60,302.783667
16.838461,59,302.870236
53.15555,60,302.9503
52.211823,60,303.037845
56.355621,60,303.119938
56.210193,60,303.206857
56.94116,60,303.292292
56.367072,60,303.372314
51.445776,60,303.461141
50.574968,60,303.543303
56.111957,60,303.630383
28.578051,54,303.709453
55.835756,60,303.795027
51.582938,60,303.877196
57.572024,60,303.961971
54.142051,60,304.041383
35.881924,60,304.119833
52.761408,60,304.200212
56.5209,60,304.281282
47.776772,60,304.364539
56.328818,60,304.4461
56.699898,60,304.532167
23.548148,48,304.59622
55.829084,60,304.676328
15.760368,60,304.757435
57.618531,60,304.837869
42.806563,60,304.919496
56.916495,60,304.99981
56.500653,60,305.084112
23.194682,60,305.167143
53.06265,60,305.259758
56.410087,60,305.340297
56.29313,60,305.422021
56.495302,60,305.509005
56.819277,60,305.588984
57.031308,60,305.677512
53.937916,60,305.763469
38.609293,60,305.841492
57.065711,60,305.931256
55.357097,60,306.021722
56.607428,60,306.105505
42.020469,60,306.188478
56.231241,60,306.275377
48.632907,60,306.355992
56.238628,60,306.43855
55.917944,60,306.51703
57.162063,60,306.59562
46.794717,60,306.670515
57.17859,60,306.749412
52.37386,60,306.830883
54.021735,60,306.911813
52.364811,60,306.997335
39.344099,60,307.0774
49.222178,60,307.166356
56.230324,60,307.248914
49.727856,60,307.332545
56.609879,60,307.41094
55.634195,60,307.504037
57.242898,60,307.585464
56.132619,60,307.668841
56.201788,60,307.757093
53.259141,60,307.837903
53.840288,60,307.929037
56.145902,60,308.014205
55.281544,60,308.100614
44.595817,60,308.192312
55.46978,60,308.273375
55.087524,60,308.355843
46.566476,60,308.439949
51.331989,60,308.559716
55.146972,60,308.659609
56.672792,60,308.745089
57.521825,60,308.824804
56.839873,60,308.902092
54.836892,60,308.983505
53.762943,60,309.060629
48.123686,60,309.138194
56.935088,60,309.225794
56.669013,60,309.30804
56.5,60,309.39217
56.545466,60,309.478746
56.874788,60,309.557346
53.431491,60,309.637422
52.255677,60,309.717395
52.945797,60,309.806336
49.771336,60,309.88983
27.870953,60,309.981486
56.121649,60,310.063543
57.239492,60,310.143978
56.486239,60,310.227699
48.555821,60,310.31166
43.20962,60,310.397288
56.843162,60,310.481116
49.851379,60,310.566193
56.258982,60,310.658775
58.090743,60,310.745244
48.882455,60,310.837814
53.522666,60,310.925714
57.1,60,311.018692
52.569403,60,311.102351
39.337186,60,311.194569
56.097705,60,311.280484
51.67739,60,311.361382
56.846366,60,311.448902
47.86008,60,311.524907
56.8,60,311.603285
55.879517,60,311.681741
55.237692,60,311.767596
57.721187,60,311.851619
56.15,60,311.943311
56.267097,60,312.019999
55.986667,60,312.102072
57.719867,60,312.186098
57.583912,60,312.268802
56.478869,60,312.350267
56.472667,60,312.43347
57.486663,60,312.519072
56.826029,60,312.599519
50.303602,60,312.689762
57.210852,60,312.768676
56.090901,60,312.853332
57.22995,60,312.938745
48.388458,60,313.023251
57.542164,60,313.111843
56.840513,60,313.197844
38.318381,60,313.285295
56.2,60,313.368915
55.835858,60,313.459031
31.783771,60,313.542348
55.521106,60,313.631727
56.237299,60,313.720279
56.757783,60,313.798316
56.323751,60,313.878294
54.422264,60,313.963309
56.076493,60,314.042427
57.089627,60,314.122023
55.932349,60,314.20296
54.608299,60,314.288365
56.743163,60,314.375692
56.436857,60,314.460506
53.839733,60,314.544008
44.870707,60,314.624846
55.179201,60,314.704547
56.642622,60,314.782528
53.356774,60,314.86162
56.827939,60,314.9447
55.192627,60,315.016603
56.923526,60,315.100837
58.176601,60,315.189421
55.78038,60,315.270005
56.516846,60,315.356842
52.758648,60,315.438415
38.630207,60,315.526959
51.055856,60,315.615589
57.278075,60,315.696932
52.0515,60,315.781522
57.264943,60,315.866888
54.692987,60,315.950327
55.599349,60,316.033923
56.523849,60,316.126044
56.245725,60,316.209557
52.377838,60,316.296598
47.506499,60,316.373583
53.164961,60,316.451284
53.372127,60,316.528642
14.267765,60,316.609407
53.935975,60,316.697362
56.6357,60,316.781299
49.940083,60,316.869859
56.35,60,316.954483
29.070054,60,317.039953
56.494001,60,317.119818
53.78675,60,317.20437
57.012569,60,317.289946
57.424682,60,317.380563
55.784861,60,317.463088
48.039054,60,317.558181
52.06553,60,317.652381
56.835184,60,317.732063
56.142875,60,317.819728
57.546824,60,317.904364
57.434353,60,317.991476
56.751428,60,318.077511
56.381922,60,318.156997
56.763431,60,318.241942
56.466745,60,318.332112
57.215864,60,318.412011
55.8,60,318.495174
55.480114,60,318.581181
49.439914,60,318.661181
36.990008,60,318.744236
52.190499,60,318.824583
57.390232,60,318.904658
56.53505,60,318.985162
56.371948,60,319.062303
18.834901,58,319.143332
52.161097,60,319.227929
29.140645,60,319.320524
55.485838,60,319.398413
56.860529,60,319.47684
55.067024,60,319.556608
43.992936,60,319.638491
36.22186,60,319.719203
58.012393,60,319.803488
48.399145,60,319.890505
55.520895,60,319.971905
56.039032,60,320.056509
56.535876,60,320.133366
38.508741,60,320.21632
53.130849,60,320.300251
56.940127,60,320.383214
57.435499,60,320.46767
56.542957,60,320.553885
55.921572,60,320.63093
57.985782,60,320.710942
57.442133,60,320.792053
6.883891,34,320.838882
56.30212,60,320.917381
21.910523,60,320.999411
56.34293,60,321.085379
55.435815,60,321.165457
56.347617,60,321.243243
42.327449,60,321.318832
57.416911,60,321.396869
55.200064,60,321.475016
30.308654,60,321.554996
26.926415,60,321.63749
56.190282,60,321.719856
55.756906,60,321.811471
57.979773,60,321.893236
42.471826,60,321.97676
47.626057,60,322.056578
52.49655,60,322.141939
43.771637,60,322.225383
56.946952,60,322.312279
56.515882,60,322.396693
56.707674,60,322.478727
50.716132,60,322.576422
56.723733,60,322.661919
56.1,60,322.75435
40.920758,60,322.835341
57.458193,60,322.923867
56.717287,60,323.020596
57.286529,60,323.109584
44.391422,60,323.202091
57.01446,60,323.295313
56.028134,60,323.388834
46.929923,60,323.470945
56.648026,60,323.560713
56.647331,60,323.649733
47.282785,60,323.72833
50.28076,60,323.808321
20.364546,60,323.887454
57.1,60,323.969493
56.605151,60,324.056491
56.774022,60,324.139467
56.436721,60,324.226052
55.530247,60,324.313226
53.480558,60,324.397222
56.398342,60,324.479704
57.307244,60,324.561541
56.292574,60,324.646348
5.354581,27,324.679602
56.934921,60,324.768212
56.723051,60,324.8532
17.636088,60,324.934728
52.663738,60,325.022877
52.391755,60,325.099303
56.465471,60,325.181913
54.734739,60,325.272102
55.3193,60,325.354065
55.358423,60,325.43867
56.853867,60,325.525704
56.671668,60,325.609818
55.871409,60,325.695498
55.395695,60,325.787858
54.57202,60,325.870291
56.869094,60,325.963946
7.225272,46,326.033956
58.135724,60,326.115458
56.024982,60,326.195257
53.259997,60,326.271894
55.207781,60,326.347958
57.408798,60,326.426163
55.633466,60,326.504088
56.819573,60,326.588055
45.673151,60,326.666498
55.8,60,326.751467
56.516281,60,326.831127
56.151759,60,326.91225
56.15,60,326.991401
56.094739,60,327.07458
48.914095,60,327.159187
12.225007,35,327.210545
56.335228,60,327.299373
48.536947,60,327.380889
56.108631,60,327.467604
52.724942,60,327.548676
56.965236,60,327.631155
56.894979,60,327.720445
55.682051,60,327.805535
56.136943,60,327.890389
55.271707,60,327.976389
56.049326,60,328.057724
53.131933,60,328.1407
56.036477,60,328.232158
56.638775,60,328.316552
55.882703,60,328.399733
56.003558,60,328.485602
56.160282,60,328.562205
52.093333,60,328.640207
57.120004,60,328.720317
57.072616,60,328.800322
55.478877,60,328.876455
54.598496,60,328.95444
55.957181,60,329.03796
50.061629,60,329.117935
56.264676,60,329.204946
56.137645,60,329.28895
56.761282,60,329.368933
54.033333,60,329.446574
54.58167,60,329.529068
56.331787,60,329.609124
33.800309,60,329.693655
57.69251,60,329.772751
7.622232,36,329.828239
56.084518,60,329.915764
54.367913,60,330.004322
55.99145,60,330.086825
57.332204,60,330.17301
52.289416,60,330.255985
56.794825,60,330.341116
51.714566,60,330.427752
46.526581,60,330.504706
57.62799,60,330.59074
56.29252,60,330.677739
49.592846,60,330.759881
33.480847,60,330.838259
56.933757,60,330.92836
33.304025,57,331.006431
55.843303,60,331.087423
53.793758,60,331.167318
51.800804,60,331.247347
51.850737,60,331.327971
53.408252,60,331.409085
44.259235,60,331.493636
42.682276,60,331.576476
56.574653,60,331.661069
54.662225,60,331.741471
57.042236,60,331.822108
55.121143,60,331.901548
57.298832,60,331.989567
55.475321,60,332.069472
56.567701,60,332.159439
56.254149,60,332.249091
28.663532,60,332.330654
56.855966,60,332.422898
56.957043,60,332.545389
32.151145,60,332.638479
43.715235,60,332.727501
58.660872,60,332.809513
55.204101,60,332.895864
56.472874,60,332.985898
57.197304,60,333.067347
22.110941,52,333.135661
50.01728,60,333.209797
56.718734,60,333.298956
57.615481,60,333.377836
49.610834,60,333.475017
57.906814,60,333.56161
56.075852,60,333.642086
54.302065,60,333.73312
19.352603,55,333.810927
56.914364,60,333.895162
35.682998,60,333.976263
52.532306,60,334.05424
56.832841,60,334.137878
55.758733,60,334.22135
50.977032,60,334.304806
40.189977,60,334.389597
51.511935,60,334.469216
55.798121,60,334.5573
55.743517,60,334.638343
42.092772,60,334.724924
56.701867,60,334.809503
55.6433,60,334.894012
18.695313,60,334.98936
56.689402,60,335.082195
57.119075,60,335.16649
56.258811,60,335.254127
56.807269,60,335.346177
55.913324,60,335.441265
33.485602,60,335.531093
56.616332,60,335.614763
56.629381,60,335.702672
37.907272,60,335.795592
54.844682,60,335.882771
53.994736,60,335.970332
56.89286,60,336.056301
56.903681,60,336.137218
56.284305,60,336.222641
55.23831,60,336.31047
53.233916,60,336.392055
54.047251,60,336.478598
15.945186,40,336.532014
56.789012,60,336.615274
56.664439,60,336.709964
56.15,60,336.796129
56.514042,60,336.88014
55.864589,60,336.975014
55.9,60,337.068893
56.45,60,337.148867
57.759148,60,337.229019
57.08707,60,337.327628
55.26233,60,337.429293
56.866171,60,337.524347
48.858126,60,337.60734
57.620415,60,337.689874
55.007064,60,337.773368
50.76605,60,337.858494
56.063906,60,337.942065
21.82554,45,338.002707
54.917436,60,338.095027
56.370033,60,338.175921
55.435677,60,338.257619
54.688188,60,338.346264
55.530885,60,338.435955
55.83426,60,338.529121
57.472397,60,338.618263
56.153414,60,338.706644
56.948708,60,338.792524
57.277896,60,338.87834
55.053398,60,338.960947
38.525571,60,339.054951
45.065901,60,339.151487
51.482265,60,339.246604
57.663253,60,339.329928
56.511228,60,339.408471
40.404786,60,339.487915
56.482676,60,339.571381
56.423858,60,339.655146
57.432301,60,339.732951
57.004047,60,339.82308
57.38442,60,339.905667
56.178562,60,339.987642
57.102119,60,340.079354
55.65,60,340.161916
56.71053,60,340.241887
54.659151,60,340.34141
56.223098,60,340.425398
46.291284,60,340.504379
52.9614,60,340.586309
50.653746,60,340.684544
56.677151,60,340.785694
54.676314,60,340.870029
56.952895,60,340.958142
57.320903,60,341.041741
55.751191,60,341.125899
56.490687,60,341.210451
56.5,60,341.29299
55.954296,60,341.375041
45.33156,60,341.459058
58.118219,60,341.534714
57.25,60,341.62175
56.892622,60,341.708743
12.803109,38,341.759936
56.522352,60,341.851354
56.648144,60,341.933305
56.546577,60,342.021297
25.404673,60,342.105315
51.745838,60,342.196446
29.980812,60,342.285054
57.288589,60,342.380817
44.676224,60,342.48493
37.265971,60,342.571267
55.371941,60,342.652783
56.082902,60,342.735534
55.625896,60,342.816755
49.637833,60,342.905402
56.7,60,342.991808
57.1443,60,343.075304
54.509567,60,343.160621
31.536499,60,343.244452
57.106476,60,343.33648
53.661077,60,343.421959
56.029606,60,343.502997
56.685655,60,343.590556
55.91508,60,343.684106
55.954606,60,343.766024
57.585947,60,343.85268
56.059507,60,343.952471
57.718181,60,344.054112
46.298662,60,344.14541
56.77163,60,344.228919
51.891386,60,344.311446
57.09119,60,344.393995
56.224679,60,344.478578
34.566471,58,344.555739
55.642751,60,344.636284
55.902254,60,344.721845
57.083108,60,344.800632
45.487184,60,344.889206
54.496529,60,344.971879
55.8108,60,345.058802
35.362535,60,345.147745
57.392724,60,345.23334
56.268041,60,345.321008
42.737097,60,345.402977
36.78967,60,345.488428
56.615804,60,345.570475
50.862404,60,345.666622
52.185218,60,345.764518
54.948306,60,345.85184
56.560785,60,345.936422
51.218983,60,346.022686
55.254721,60,346.106332
56.028376,60,346.193011
56.013386,60,346.283064
56.412959,60,346.376648
51.606272,60,346.466048
51.332415,60,346.563038
54.923651,60,346.659709
57.895925,60,346.752886
49.602658,60,346.848968
42.865465,60,346.943415
55.808071,60,347.045534
56.252097,60,347.156816
56.505942,60,347.252886
56.417352,60,347.348245
56.920084,60,347.464144
56.736448,60,347.556133
56.791271,60,347.645008
40.985325,60,347.73265
56.229415,60,347.817668
57.116263,60,347.904699
56.042421,60,347.994826
56.432295,60,348.080927
56.485334,60,348.161443
52.121875,60,348.254465
56.242598,60,348.33643
57.234706,60,348.421052
56.943914,60,348.511487
54.047351,60,348.600251
55.827377,60,348.682044
46.577722,60,348.770357
56.828642,60,348.85342
55.8931,60,348.951413
58.31333,60,349.063239
56.519675,60,349.156598
47.553699,60,349.234632
56.95,60,349.318218
55.812634,60,349.399344
56.016909,60,349.490174
55.384167,60,349.573751
56.895127,60,349.653916
56.277869,60,349.741561
54.724989,60,349.822805
57.028895,60,349.90931
52.018397,60,349.99797
56.679424,60,350.084572
56.26961,60,350.175143
44.301522,60,350.259765
53.736307,60,350.343305
56.389809,60,350.427292
55.529709,60,350.518407
26.481629,60,350.606036
51.995548,60,350.706962
56.567644,60,350.796002
39.637601,60,350.876174
31.246533,60,350.959168
56.656424,60,351.046509
56.342667,60,351.130234
55.914505,60,351.21549
55.617062,60,351.292023
56.7,60,351.374157
57.067488,60,351.461099
56.121284,60,351.54107
57.12471,60,351.630499
56.615206,60,351.719006
56.85,60,351.803567
57.216892,60,351.885935
55.851602,60,351.981266
56.586261,60,352.064983
56.151426,60,352.1491
55.736031,60,352.248515
56.692928,60,352.350629
49.153965,60,352.43435
57.131962,60,352.51702
7.436839,60,352.602502
56.402491,60,352.686636
57.167908,60,352.774702
57.543021,60,352.857778
56.428101,60,352.939711
51.541958,60,353.026031
52.41495,60,353.103419
54.508324,60,353.191371
57.201379,60,353.281129
39.831875,60,353.370691
55.00582,60,353.458333
52.994015,60,353.545435
56.732844,60,353.637854
48.033968,60,353.730442
54.946229,60,353.820849
49.5636,60,353.917105
56.593151,60,354.041357
43.871111,60,354.130261
57.159561,60,354.219039
34.067033,60,354.308784
57.313053,60,354.405935
56.141259,60,354.497215
56.518733,60,354.608179
53.121856,60,354.716302
52.738691,60,354.815233
56.97422,60,354.927946
57.45,60,355.026952
57.093574,60,355.121624
56.450325,60,355.230757
55.85,60,355.332469
54.193216,60,355.428321
57.075294,60,355.519911
57.333001,60,355.607989
56.92509,60,355.697492
41.615775,60,355.791864
56.798988,60,355.883303
46.439256,60,355.980387
55.580622,60,356.065433
56.094594,60,356.157479
50.614802,60,356.245046
56.243263,60,356.331676
56.103575,60,356.430737
48.850523,60,356.519682
56.501868,60,356.614296
55.92832,60,356.709926
47.315159,60,356.801408
14.872058,47,356.881578
56.285861,60,356.970819
56.825197,60,357.06879
56.84138,60,357.166186
54.901314,60,357.263757
56.510606,60,357.357015
51.535996,60,357.440436
55.923477,60,357.533972
57.231759,60,357.623093
57.244051,60,357.713676
55.600289,60,357.799734
49.305698,60,357.889825
56.861483,60,357.984994
56.343011,60,358.062821
56.130841,60,358.161116
58.200705,60,358.261234
17.474803,55,358.335533
57.722287,60,358.424947
44.576842,60,358.518072
57.364299,60,358.607657
54.969426,60,358.701164
57.028834,60,358.796205
57.337662,60,358.900184
53.188738,60,359.013832
56.423372,60,359.105878
56.424571,60,359.194468
54.810503,60,359.287501
56.868259,60,359.384633
57.756611,60,359.47463
57.350229,60,359.57163
55.798466,60,359.66263
54.297977,60,359.750542
54.245095,60,359.846111
44.019461,60,359.946403
56.45067,60,360.039551
48.597938,60,360.156135
57.670488,60,360.254238
56.444402,60,360.34419
57.03104,60,360.442427
57.503705,60,360.531349
53.734292,60,360.624364
40.564001,60,360.712491
55.730783,60,360.798053
57.465445,60,360.878027
57.064021,60,360.965803
55.717399,60,361.05838
55.616438,60,361.136216
57.36759,60,361.223265
55.421258,60,361.301203
56.703674,60,361.387104
20.179767,60,361.474098
31.407347,57,361.559725
57.763027,60,361.656811
40.737928,60,361.737737
56.819155,60,361.823272
43.542369,60,361.913023
52.295264,60,362.005015
56.470297,60,362.091016
52.852381,60,362.187181
57.265741,60,362.275252
36.263484,60,362.351229
56.753446,60,362.432257
57.592608,60,362.521985
52.699931,60,362.607958
46.238252,60,362.69144
51.156261,60,362.779839
50.727026,60,362.864377
55.66226,60,362.950927
55.200256,60,363.034318
56.904471,60,363.126518
55.435822,60,363.213568
57.059027,60,363.296674
55.8,60,363.389765
57.072737,60,363.477155
56.593533,60,363.559824
57.597467,60,363.646903
57.255324,60,363.744368
48.39124,60,363.849195
57.0,60,363.933707
56.249809,60,364.01824
57.030562,60,364.105496
56.792652,60,364.191442
56.859847,60,364.281668
58.343752,60,364.359778
56.914586,60,364.44691
54.559962,60,364.527267
57.309517,60,364.609753
57.184181,60,364.703252
55.36781,60,364.79131
57.054425,60,364.881878
55.951179,60,364.968425
57.157727,60,365.061044
57.070536,60,365.142689
41.410085,60,365.234187
56.999204,60,365.318153
55.53489,60,365.406154
50.007691,60,365.500321
56.677099,60,365.579882
56.843003,60,365.660375
47.628774,60,365.736812
57.162568,60,365.827576
46.187597,60,365.911949
55.592412,60,366.008313
56.929852,60,366.093806
56.684213,60,366.175313
56.5762,60,366.267008
54.928447,60,366.350332
46.724446,60,366.444493
56.533601,60,366.536041
57.042259,60,366.639651
55.838726,60,366.7303
57.506942,60,366.824405
46.097313,60,366.917986
56.021001,60,367.023571
52.267145,60,367.130963
40.812519,60,367.232566
57.7,60,367.319554
55.662528,60,367.40895
57.35224,60,367.500876
52.728166,60,367.600793
55.254896,60,367.704945
56.416445,60,367.823514
54.308046,60,367.924429
57.642117,60,368.023788
46.22514,60,368.127507
56.693696,60,368.221136
48.717975,60,368.32779
53.313454,60,368.436295
55.770728,60,368.536701
56.336441,60,368.637336
56.814822,60,368.739203
48.568014,60,368.859929
57.511308,60,368.959672
57.68114,60,369.056728
56.602966,60,369.141349
56.813152,60,369.237483
56.539648,60,369.328594
56.97194,60,369.42113
56.008059,60,369.511153
54.51008,60,369.597098
58.328911,60,369.688708
56.265976,60,369.765495
55.920727,60,369.856018
49.236879,60,369.939935
56.332576,60,370.022968
20.176455,60,370.109603
16.504971,60,370.19403
56.417645,60,370.34498
20.866555,60,370.431119
48.081941,60,370.517369
55.79233,60,370.599946
56.632605,60,370.681288
57.111646,60,370.766752
11.325825,34,370.810544
57.226452,60,370.891072
47.307373,60,370.968042
54.849524,60,371.049989
57.636551,60,371.127934
56.982448,60,371.212491
53.592576,60,371.293987
55.828983,60,371.396748
52.314863,60,371.489486
22.489836,60,371.579537
57.041101,60,371.669425
56.789672,60,371.758933
56.993012,60,371.841125
53.266688,60,371.933777
41.223898,60,372.019762
56.246498,60,372.099204
56.911187,60,372.192409
55.646389,60,372.276992
52.768893,60,372.368381
55.360422,60,372.451281
55.027092,60,372.535034
55.433512,60,372.629098
8.906468,44,372.693912
56.70612,60,372.781873
56.226823,60,372.872209
50.589686,60,372.965831
57.092858,60,373.050555
54.421405,60,373.139592
49.287665,60,373.229329
56.881043,60,373.310323
54.918453,60,373.393432
56.85,60,373.472039
57.833231,60,373.549563
56.158787,60,373.628421
50.74705,60,373.716446
49.280626,60,373.800543
55.990282,60,373.891007
46.32311,60,373.982197
40.887016,60,374.062708
57.500212,60,374.148951
54.602527,60,374.236895
50.082954,60,374.31688
40.881169,60,374.398101
55.766822,60,374.486771
45.639521,60,374.567625
57.964945,60,374.655466
51.630647,60,374.739986
57.399294,60,374.822156
57.587565,60,374.911635
56.653138,60,374.992737
56.681592,60,375.081092
57.068865,60,375.163591
11.374822,55,375.241449
50.966362,60,375.32441
56.252081,60,375.413859
43.855768,60,375.501036
57.455615,60,375.589288
55.138466,60,375.673874
57.279025,60,375.755417
56.132503,60,375.839458
57.049926,60,375.917864
57.709242,60,375.999417
56.738075,60,376.079323
56.400561,60,376.167268
57.452943,60,376.244246
35.653554,60,376.33239
58.085644,60,376.419615
56.113453,60,376.502227
55.942672,60,376.584649
55.763727,60,376.668205
56.963837,60,376.74546
31.434723,60,376.825627
57.553674,60,376.911952
54.567664,60,376.995997
58.484934,60,377.083471
56.402792,60,377.171236
52.046052,60,377.251245
57.669858,60,377.338404
53.481375,60,377.420228
57.063891,60,377.50778
39.501545,60,377.591216
11.931889,60,377.671578
57.895422,60,377.761178
56.013282,60,377.849334
56.851575,60,377.933366
48.390418,60,378.01819
46.136672,60,378.110792
50.420478,60,378.193307
30.759685,60,378.274693
57.150526,60,378.350026
44.241259,60,378.424329
57.541697,60,378.50016
55.768782,60,378.584518
51.859125,60,378.670831
45.144311,60,378.749373
55.246288,60,378.833511
11.893748,60,378.915496
54.074307,60,378.982912
56.009244,60,379.053369
56.902055,60,379.137455
56.446261,60,379.215447
56.21126,60,379.299948
56.655735,60,379.386015
55.819013,60,379.470025
50.093175,60,379.559675
42.937221,60,379.638104
55.593969,60,379.723642
55.611054,60,379.8089
46.503266,60,379.895188
34.505359,60,379.989238
56.329256,60,380.071729
53.222534,60,380.161792
55.13501,60,380.24543
51.627332,60,380.336133
56.055326,60,380.41815
52.83068,60,380.507281
47.748643,60,380.594442
57.083776,60,380.675651
55.381606,60,380.764684
54.556393,60,380.841725
40.595569,60,380.919679
34.14492,60,380.999618
56.545571,60,381.081868
56.726961,60,381.16045
32.07759,60,381.240808
56.907592,60,381.328232
55.025119,60,381.407126
57.856255,60,381.488127
36.21402,60,381.565064
57.572094,60,381.645666
56.986225,60,381.730289
56.493515,60,381.818287
56.063383,60,381.896364
57.178252,60,381.969401
56.864779,60,382.053025
52.823807,60,382.137516
56.81835,60,382.221834
