#{"t_start": 1790474652.5382977, "env_id": "None"}
r,l,t
6.404711,35,3.57812
23.167311,60,3.681553
19.703833,60,3.794831
11.992666,54,3.88983
3.192465,33,3.948605
7.649461,36,4.002013
11.742904,47,4.078975
24.342418,60,4.171566
4.744546,46,4.246021
19.128079,60,4.337488
14.830621,49,4.409554
15.246413,60,4.503552
12.266464,40,4.569415
13.215249,60,4.667493
7.067718,38,4.738442
3.236458,60,4.834188
5.432696,34,4.888428
10.787798,60,4.984663
14.8865,60,5.076211
5.07413,38,5.141096
15.295901,56,5.233699
18.015301,57,5.354853
9.036357,47,5.432598
21.5644,60,5.524699
18.045728,60,5.620358
26.54998,60,5.743651
8.198434,45,5.823201
22.594599,60,5.928421
16.20391,60,6.060031
4.004128,59,6.149998
14.53621,55,6.24457
16.15716,56,6.331633
3.592945,32,6.385985
10.481828,56,6.481154
15.243454,60,6.580903
15.003051,60,6.677836
-1.74051,51,6.761142
9.487863,60,6.84854
16.277258,60,6.940104
6.667317,38,6.99997
33.823727,60,7.090136
10.775704,51,7.162697
8.533215,34,7.21043
5.95117,30,7.25172
16.937908,52,7.323041
23.547161,60,7.403434
16.837455,60,7.480988
8.633058,44,7.550489
20.987168,60,7.655548
15.624208,60,7.758868
17.89005,60,7.854624
21.604702,60,7.948705
14.975144,60,8.036211
9.404087,52,8.117128
13.54093,60,8.210077
14.138732,60,8.302646
11.73496,59,8.397365
7.349299,38,8.467835
29.115691,60,8.606808
6.859536,42,8.708986
22.416958,60,8.813271
16.409308,59,8.912758
5.891934,36,8.983118
28.460577,60,9.066613
20.630616,60,9.170114
25.142293,60,9.272796
5.682537,54,9.396382
20.38811,59,9.497951
20.816929,60,9.588649
12.996261,45,9.64748
9.212549,50,9.736633
18.447891,55,9.822737
3.663564,43,9.899845
8.721004,40,9.963206
4.384338,32,10.009454
20.972114,60,10.094889
12.139308,59,10.169333
13.403898,54,10.237776
17.039978,60,10.317225
16.916668,60,10.396218
18.496804,60,10.47766
31.858934,59,10.563784
22.795281,60,10.638092
18.957697,60,10.73666
11.307992,48,10.808287
7.690047,40,10.866208
21.339496,60,10.956354
27.654544,60,11.047448
12.59761,47,11.119982
17.531903,60,11.211195
24.553806,60,11.30578
14.374729,44,11.37727
13.733887,60,11.457834
14.431141,58,11.548967
27.395083,60,11.645735
8.159942,44,11.7146
24.006204,60,11.816887
14.865572,59,11.906409
13.232677,60,11.99282
17.966964,60,12.091833
13.222057,37,12.147296
32.770122,60,12.237407
25.798713,60,12.336059
11.95704,45,12.41615
24.230118,60,12.505237
23.294579,60,12.590708
9.784829,48,12.659259
28.813687,60,12.728693
20.757198,60,12.800257
28.697519,60,12.871672
8.887845,60,12.937679
11.186476,53,13.003711
28.919814,60,13.068089
21.467385,60,13.129407
3.798456,60,13.219602
10.372433,60,13.317257
23.347381,60,13.420686
23.353012,60,13.516139
20.854085,60,13.611488
40.1168,60,13.703491
25.098636,60,13.806763
9.834829,60,13.897393
20.801426,60,13.990516
11.3905,48,14.058527
17.420178,60,14.145144
16.472748,60,14.240394
30.24136,60,14.320797
18.622391,45,14.38771
14.057545,60,14.484671
21.664298,60,14.580091
19.949755,60,14.670475
14.209486,60,14.771374
11.744162,49,14.840351
23.484357,60,14.904752
26.87689,60,14.972501
19.527958,53,15.035778
25.676591,60,15.096722
21.741956,60,15.180443
24.573495,60,15.286635
22.040334,60,15.377732
23.429891,60,15.464212
7.97728,40,15.518577
9.560848,47,15.619277
37.112916,60,15.791772
8.874621,51,15.879268
22.400475,60,15.972308
7.279025,25,16.011043
17.093216,60,16.097951
31.540658,60,16.189275
18.827527,60,16.273638
30.317202,60,16.354509
26.992034,60,16.443137
15.388327,50,16.515147
20.762887,60,16.608782
23.986409,60,16.696906
18.603616,60,16.780487
10.611671,54,16.872046
7.918331,48,16.935833
24.411143,60,17.02113
17.725795,60,17.116701
25.079454,60,17.206167
35.322761,60,17.298163
17.552622,60,17.404844
20.460301,60,17.500017
12.386346,57,17.590105
16.7733,54,17.674669
32.847693,60,17.784674
19.078092,60,17.874612
23.533675,60,17.978184
28.568981,60,18.069848
32.29814,60,18.150836
10.268627,60,18.245597
5.184558,29,18.285858
27.78731,60,18.368494
11.625276,60,18.462265
39.676583,60,18.551732
14.694299,60,18.640614
13.33961,60,18.738438
34.80829,60,18.828846
12.121356,37,18.89461
18.344855,60,18.981723
24.349153,60,19.068269
27.387787,60,19.158355
22.725969,60,19.265917
4.983867,27,19.308686
31.051662,60,19.399752
8.399668,32,19.451996
23.727169,49,19.527865
40.039305,60,19.614371
12.559571,57,19.707621
44.556247,60,19.79303
7.74946,46,19.85575
35.946039,60,19.943181
16.422383,60,20.034246
33.531918,60,20.127841
39.446214,60,20.212911
17.002774,39,20.272891
31.023348,60,20.359341
21.631972,58,20.444216
31.750842,60,20.54287
35.994112,60,20.624597
7.024951,30,20.675254
26.009011,60,20.760881
41.874898,60,20.854525
36.540328,60,20.936511
10.549279,38,20.993225
15.033835,60,21.089811
20.69036,60,21.175874
13.217681,38,21.241042
26.658702,60,21.333004
26.729031,60,21.419862
13.348686,60,21.505291
11.215807,60,21.599368
26.93956,60,21.695562
17.782165,56,21.782108
11.842223,60,21.880176
17.911997,60,21.982233
28.349912,60,22.073306
8.563758,29,22.11559
19.827297,60,22.20359
9.81326,49,22.269
14.33346,59,22.363168
23.997552,60,22.450709
14.35336,55,22.538214
24.965003,60,22.632299
20.328726,60,22.714995
33.064099,60,22.812985
44.457951,60,22.911447
17.993504,60,23.007905
17.304986,60,23.097443
8.657287,41,23.157804
8.198516,36,23.214151
27.346765,60,23.298653
27.381549,56,23.380589
3.304825,21,23.409772
24.937464,60,23.487592
26.825307,60,23.572053
4.7989,39,23.634451
29.774606,60,23.720464
14.84789,58,23.808478
27.247213,60,23.907328
8.136405,40,23.972007
20.317847,45,24.04263
30.374468,60,24.132487
5.175203,51,24.207294
34.442729,60,24.297891
34.329746,60,24.384991
33.245107,60,24.459472
33.759717,60,24.527723
21.379487,60,24.599674
24.500574,60,24.682126
22.560348,57,24.759557
34.340311,60,24.841266
35.946441,60,24.920865
41.165997,60,25.002342
11.717013,36,25.052602
24.736056,60,25.133903
18.234516,60,25.215932
40.796706,60,25.296493
12.821933,39,25.346332
17.479224,60,25.427299
27.619252,60,25.504956
18.800039,60,25.585045
17.336681,60,25.674506
14.976789,60,25.763403
25.739256,60,25.853036
27.713983,60,25.936594
12.726198,52,26.006001
40.217877,60,26.081974
29.084092,60,26.176384
33.427214,60,26.267316
15.03706,44,26.333067
25.223213,60,26.419989
7.473417,35,26.473335
31.268025,60,26.554417
27.289923,60,26.639996
42.547812,60,26.731606
5.58557,29,26.768902
32.010867,60,26.854508
26.572713,60,26.943448
23.524103,60,27.027984
44.704434,60,27.116441
42.325687,60,27.203071
25.384529,60,27.295744
20.5055,60,27.391799
40.463352,60,27.50466
34.596423,59,27.600701
13.13355,36,27.661038
30.038712,60,27.764544
36.183775,60,27.839401
9.177209,55,27.920263
25.690336,60,28.004794
7.244754,28,28.045012
11.643706,42,28.099324
14.901833,60,28.170926
29.260582,60,28.265008
11.658656,53,28.357642
11.248057,54,28.453149
26.485404,60,28.551528
41.410666,60,28.630033
17.806967,60,28.724063
16.782115,57,28.820123
23.892102,60,28.916652
11.159244,60,29.015783
44.150489,60,29.114783
16.770025,60,29.210158
10.370259,35,29.260895
20.026652,60,29.361336
20.723305,60,29.453484
20.690515,60,29.551098
21.927225,60,29.646766
13.726923,50,29.738367
14.265208,44,29.808295
26.120235,60,29.912035
11.35827,34,29.967901
19.303284,49,30.063286
28.24322,60,30.162433
35.473903,60,30.263956
17.701628,60,30.370253
21.056326,60,30.465217
20.773386,52,30.552104
38.751754,60,30.659622
40.936069,60,30.762843
39.01591,60,30.87307
26.942511,60,30.990155
40.888949,60,31.093085
29.566623,60,31.18931
13.73448,53,31.27634
18.979089,60,31.369313
39.040885,60,31.456124
23.908184,60,31.541627
13.827969,60,31.634291
11.56838,48,31.726928
28.919299,60,31.8154
10.517908,60,31.906903
10.470169,60,32.002603
21.77203,52,32.08059
8.042788,35,32.133986
18.041622,60,32.227963
28.721559,60,32.322361
46.337865,60,32.415596
26.993477,60,32.508033
6.451083,26,32.549217
25.920471,60,32.642843
17.878168,57,32.728327
16.984809,60,32.821599
28.207093,60,32.905905
29.771111,60,33.000372
15.158842,60,33.087885
17.648925,60,33.172786
27.573366,60,33.268205
24.704233,60,33.354244
25.578772,60,33.448213
8.280996,39,33.503302
23.171911,60,33.594707
49.145179,60,33.690659
19.237545,52,33.771591
29.80374,60,33.854189
11.135273,46,33.925633
48.51012,60,34.014195
12.347448,42,34.073061
32.83039,60,34.156446
20.352113,60,34.23697
15.877239,54,34.315408
20.538909,54,34.394963
33.103606,60,34.479899
12.23461,60,34.575555
22.847486,60,34.665019
24.138533,60,34.763274
27.32371,60,34.85066
29.366692,60,34.934604
28.986865,60,35.027958
14.341422,60,35.119718
34.364931,60,35.215521
21.233736,48,35.291823
27.175535,60,35.385981
31.933194,60,35.474045
25.998254,60,35.562156
31.027287,60,35.659774
34.720592,60,35.748898
24.001946,60,35.857129
32.220152,60,35.95268
12.066685,32,36.002939
20.616959,60,36.103244
19.242764,60,36.189187
16.615696,60,36.283297
27.664387,60,36.375828
27.699256,60,36.481539
34.14822,60,36.570688
13.121493,60,36.661687
16.870921,60,36.748662
43.275611,60,36.83537
43.649529,60,36.914896
52.957318,60,37.011929
14.791408,51,37.086916
38.50265,60,37.182667
18.98017,60,37.275618
8.320454,34,37.32326
30.956246,60,37.407664
17.246142,60,37.497212
15.238864,60,37.588879
17.411334,60,37.683923
25.783019,60,37.789601
17.961106,60,37.889314
8.341544,35,37.95783
10.373086,39,38.025197
21.180924,49,38.099852
30.441193,60,38.191277
6.177465,31,38.242064
27.595732,60,38.34472
40.712226,60,38.4328
15.94866,60,38.554313
18.841388,60,38.648995
18.377559,60,38.767483
12.84503,56,38.858982
11.906947,43,38.926355
25.495566,60,39.021735
15.935742,60,39.122875
18.910762,60,39.221549
29.161856,60,39.315684
28.420378,60,39.400715
23.714443,60,39.486372
10.698871,60,39.5781
4.429106,24,39.618824
19.141198,60,39.709311
22.829549,54,39.792763
7.384041,37,39.8587
25.544845,60,39.954893
18.955106,41,40.010564
16.753351,60,40.101979
9.769989,34,40.152692
13.127044,40,40.214999
25.95091,60,40.307846
38.650286,60,40.39793
26.119939,60,40.49211
14.271048,52,40.568648
8.32178,37,40.624272
14.996458,60,40.711323
38.190689,60,40.791464
22.548366,60,40.887166
10.657333,39,40.949558
20.296506,60,41.037746
19.940337,60,41.132771
15.333932,59,41.221253
9.736745,29,41.262921
19.578948,60,41.360838
10.598377,52,41.435221
29.079621,60,41.53375
15.897729,60,41.623805
32.084193,60,41.723049
48.908687,60,41.821676
22.846733,60,41.90772
25.999926,60,41.997838
40.240894,60,42.072268
26.11932,60,42.155887
18.301274,60,42.245544
29.376409,60,42.338689
21.123704,50,42.414479
25.92371,60,42.516336
30.077907,60,42.61868
30.25121,60,42.708225
45.311896,60,42.799295
19.898305,60,42.891938
28.955974,60,42.989077
11.712845,34,43.042795
30.435102,60,43.140308
26.885374,60,43.225768
26.74548,60,43.325835
7.151852,52,43.394674
37.133416,60,43.488585
32.562446,60,43.594636
14.750401,50,43.675024
12.478667,60,43.769966
32.678143,60,43.870409
12.027009,50,43.949991
15.645218,40,44.007935
31.2692,60,44.101492
26.480896,60,44.208039
16.909296,53,44.2809
37.470588,60,44.37113
34.637021,60,44.457665
23.218929,60,44.548945
32.428107,60,44.645939
12.32477,55,44.729429
19.180139,60,44.813025
27.503453,60,44.898058
24.050794,60,44.991078
18.584824,58,45.076129
16.056122,60,45.178493
35.247931,60,45.269964
37.703249,60,45.361085
40.577004,60,45.452126
19.266916,60,45.546808
38.649325,60,45.639451
23.993589,60,45.745081
7.912129,50,45.825104
21.613382,58,45.910655
6.593869,33,45.958945
30.832077,60,46.06081
10.211753,60,46.150511
31.017885,60,46.246185
26.089942,60,46.346157
21.341643,60,46.436527
15.784062,60,46.536572
24.613114,60,46.634698
44.80274,60,46.726316
22.527972,60,46.831793
36.144935,60,46.914617
30.954996,60,47.012258
39.136002,60,47.112952
19.845906,55,47.208059
25.565103,60,47.303861
24.621696,60,47.411089
30.361206,60,47.500525
11.902126,53,47.58141
20.959435,60,47.678964
34.295522,60,47.764019
25.455976,60,47.857273
31.808776,60,47.950264
33.954344,60,48.04922
31.36338,60,48.134531
38.337828,60,48.231521
21.81254,60,48.322631
7.800206,36,48.374982
18.4047,60,48.457053
35.520217,60,48.549592
16.129826,60,48.640614
19.665756,60,48.73189
29.39653,60,48.82695
20.210186,59,48.914431
27.322445,60,49.015121
15.427038,48,49.099377
34.305983,60,49.197435
14.929001,50,49.282816
47.080219,60,49.389749
50.380115,60,49.48763
42.314602,60,49.582701
25.57405,60,49.665668
20.409512,60,49.775957
33.313512,60,49.872471
29.254673,60,49.965531
23.843614,60,50.059091
21.142857,60,50.166727
6.55251,45,50.241573
10.347799,57,50.330797
17.001919,57,50.42494
26.328867,60,50.511041
23.289677,60,50.60472
18.358857,60,50.703718
10.554599,47,50.771834
18.777674,60,50.881256
40.32679,60,50.985865
19.14818,60,51.076732
39.765238,60,51.170221
23.001852,60,51.273819
30.86736,60,51.367435
38.73284,60,51.466687
13.085067,54,51.55898
30.71273,60,51.654562
28.07653,60,51.762712
12.422726,60,51.858307
14.193145,39,51.923994
32.074384,60,52.031458
12.839028,60,52.120137
37.352041,60,52.220352
33.31348,60,52.303976
13.951129,60,52.39375
32.828573,60,52.483572
9.965976,49,52.564677
18.126604,48,52.634547
34.307923,60,52.7357
21.280018,60,52.830691
11.922351,60,52.925678
26.095479,60,53.010055
20.096457,60,53.099186
15.846268,60,53.186661
13.71364,40,53.25408
17.361956,60,53.343728
19.826133,60,53.412707
18.92096,57,53.490185
32.158591,60,53.578282
26.297294,60,53.659044
20.656812,60,53.754669
5.405999,60,53.842104
28.673644,60,53.962837
11.232488,38,54.018642
21.766171,60,54.102113
35.473177,60,54.190626
24.459988,54,54.262615
29.770166,60,54.354913
36.66204,60,54.440726
34.178332,60,54.530282
3.536499,39,54.58655
27.433,60,54.673715
30.046724,60,54.753604
30.879072,60,54.839144
22.126993,60,54.922185
18.180678,60,55.004701
27.199849,60,55.09678
34.183208,60,55.189869
17.812223,60,55.292556
7.796446,47,55.378437
21.382075,60,55.467495
37.758494,60,55.566039
22.509644,60,55.659482
39.001132,60,55.759094
15.765451,60,55.859975
15.061878,48,55.933423
19.039488,60,56.027906
17.046643,46,56.1074
27.321053,60,56.20665
49.041703,60,56.299306
7.95646,60,56.407919
21.962325,60,56.499062
27.372721,60,56.598283
15.715492,60,56.699487
32.999236,60,56.796556
17.950027,60,56.892468
45.129716,60,57.015546
28.015319,60,57.10661
44.308693,60,57.203987
20.937692,60,57.304275
10.952749,60,57.394861
25.497704,60,57.500265
5.58806,24,57.538488
34.249121,60,57.628649
34.516613,60,57.732265
25.268782,60,57.820844
27.8283,60,57.919382
11.456728,49,58.002428
29.411135,60,58.107994
24.703492,60,58.195594
20.558467,51,58.274033
27.28967,60,58.384604
7.885902,33,58.447394
25.451748,60,58.540844
40.765007,60,58.629601
32.154947,60,58.7236
19.70617,60,58.817709
26.007532,60,58.914491
32.36518,60,59.002528
22.188958,60,59.093639
39.689441,60,59.189424
36.516565,60,59.277633
29.789312,60,59.383826
40.171571,60,59.474786
36.891277,60,59.559173
12.467997,37,59.619461
27.536851,60,59.709905
32.159544,60,59.808453
31.967736,60,59.903613
6.94415,45,59.976084
41.140689,60,60.074679
15.121552,60,60.174595
28.489448,60,60.270538
38.493488,60,60.38154
27.09294,60,60.509243
21.723429,60,60.620917
31.757435,60,60.719987
26.044277,60,60.822683
41.815163,60,60.922712
30.470478,60,61.004567
25.660257,60,61.108716
34.779168,60,61.197712
20.478758,60,61.285265
34.420785,60,61.377766
49.451727,60,61.475211
26.825706,60,61.571809
39.766446,60,61.655957
42.313252,60,61.752092
26.125826,60,61.841121
17.929346,60,61.939248
17.299929,60,62.021903
19.303611,60,62.137195
15.524523,56,62.251803
27.999377,60,62.340317
42.528302,60,62.429878
40.216839,60,62.525267
16.025553,49,62.614756
27.388669,60,62.708229
8.338697,43,62.7803
18.650208,60,62.886553
30.707911,60,62.987645
28.807575,60,63.085441
21.079071,60,63.183748
31.805149,60,63.276359
38.683017,60,63.385009
21.24795,60,63.480023
22.626513,60,63.580833
31.683918,60,63.681077
32.050246,60,63.785125
37.152809,60,63.886431
36.287843,60,63.978156
33.45442,60,64.069977
24.805956,60,64.160933
29.649159,60,64.242278
40.476572,60,64.331384
41.032412,60,64.414391
35.881301,60,64.509067
23.794784,60,64.595911
37.247528,60,64.691324
26.480802,60,64.782526
42.996383,60,64.86642
24.485741,60,64.955015
51.051439,60,65.045952
12.057345,60,65.138925
31.575917,60,65.230502
23.825653,60,65.327621
20.476669,60,65.413736
31.664728,60,65.501787
16.540165,60,65.594557
22.571997,60,65.687119
47.43162,60,65.779705
40.500669,60,65.865223
24.001616,60,65.954739
16.983163,60,66.051562
18.467843,57,66.125438
41.426665,60,66.214447
25.764931,60,66.302356
28.458031,60,66.392425
8.878729,41,66.447249
39.256243,60,66.542317
28.712497,60,66.643405
23.468246,60,66.742064
27.301956,60,66.835239
10.02899,43,66.886005
19.426915,60,66.966135
14.317671,60,67.047213
18.686977,60,67.13677
21.425731,60,67.216254
27.044594,60,67.303413
30.061727,60,67.379442
29.197068,60,67.465837
27.771141,60,67.547247
30.657217,60,67.634221
42.966326,60,67.716371
15.153437,60,67.806922
28.382432,60,67.905452
31.415858,60,67.993533
28.729929,60,68.083615
4.401335,31,68.128932
31.265623,60,68.218444
25.151252,60,68.3186
25.56108,60,68.41019
31.568764,60,68.503278
30.505339,60,68.592522
25.404001,60,68.678866
41.905518,60,68.76428
33.241436,60,68.842496
24.423396,60,68.936662
34.93832,60,69.0185
17.698755,60,69.097348
18.373048,60,69.181105
26.089374,60,69.262171
32.161628,60,69.344852
12.918759,39,69.395667
22.43461,60,69.471679
18.061906,60,69.550313
26.858219,60,69.651923
32.785368,60,69.739036
11.770658,35,69.783293
18.692651,50,69.859232
36.349512,60,69.944684
24.11092,60,70.021548
36.402912,60,70.098427
10.564619,55,70.16792
29.092465,60,70.255523
38.639208,60,70.343571
16.79799,58,70.456871
44.038652,60,70.540806
35.21349,60,70.632231
29.578949,60,70.728563
24.739359,60,70.80593
27.354821,60,70.898282
43.198775,60,70.982412
17.427709,60,71.070444
21.306869,60,71.164584
25.855646,60,71.259362
27.190279,60,71.351902
38.2541,60,71.444149
41.134723,60,71.527196
34.204572,60,71.609221
33.384723,60,71.702417
38.18737,60,71.794506
33.58874,60,71.880352
15.4162,47,71.948595
24.142412,60,72.03399
31.754216,60,72.118562
9.661087,60,72.203092
19.145638,47,72.274459
25.858995,60,72.358417
32.49858,60,72.461995
19.770436,60,72.557691
24.063279,60,72.644611
25.456058,60,72.721577
8.37283,40,72.77396
34.09067,60,72.856114
31.400409,60,72.939095
9.133288,38,72.996926
34.59502,60,73.081187
32.913014,60,73.162184
27.667277,60,73.255411
45.212001,60,73.33692
20.291381,60,73.416951
22.459028,60,73.50105
29.793083,60,73.58206
31.386489,60,73.671108
24.029749,60,73.774356
44.530121,60,73.864865
29.897759,60,73.971476
18.063062,60,74.079067
38.729083,60,74.180684
30.38471,60,74.2815
36.820414,60,74.387453
33.997032,60,74.479538
5.052837,38,74.536895
24.387243,60,74.620898
36.353669,60,74.70975
26.821176,58,74.797517
16.48446,60,74.880054
25.941255,60,74.966003
32.12393,60,75.050834
37.823678,60,75.142352
27.751028,60,75.227892
36.704984,60,75.322007
19.511614,60,75.424796
37.861964,60,75.508809
22.719091,60,75.60832
29.604687,60,75.700695
17.77519,60,75.792229
33.745415,60,75.890871
37.263545,60,75.988279
8.97058,44,76.066194
24.764127,60,76.152155
20.376425,60,76.238289
28.010917,60,76.339348
24.509085,60,76.43044
27.42936,60,76.51957
20.824404,60,76.609528
23.832389,60,76.719065
32.976883,60,76.813552
18.293509,60,76.89662
26.118029,60,76.993221
37.162212,60,77.072192
18.156151,60,77.154183
16.86855,60,77.239906
27.77819,60,77.365598
26.443968,60,77.492914
31.445527,60,77.577872
36.114722,60,77.653913
27.751016,60,77.752442
14.742273,42,77.819945
26.461581,60,77.916052
15.090029,60,78.006503
18.749863,60,78.095046
18.572885,60,78.183681
34.898639,60,78.283441
9.428468,43,78.347812
28.181215,60,78.439914
26.398427,60,78.547039
26.452744,60,78.646852
24.583647,60,78.752432
27.598925,60,78.853908
36.273445,60,78.945834
24.296191,54,79.039426
21.487103,60,79.146646
12.829816,51,79.224906
33.731828,60,79.31741
37.590583,60,79.404936
34.653166,60,79.496014
25.666953,60,79.582982
12.00808,60,79.685142
22.370837,60,79.775247
42.984724,60,79.866334
51.19613,60,79.958411
21.7795,60,80.041915
25.767474,60,80.125269
20.386685,49,80.189176
45.778493,60,80.270636
32.059592,60,80.354713
30.099997,60,80.446273
17.758346,60,80.535465
16.083883,60,80.630559
19.897716,60,80.718643
25.02881,60,80.803633
32.152933,60,80.893407
37.76026,60,80.994194
31.105055,60,81.08425
33.263347,60,81.1875
44.455361,60,81.286299
42.263176,60,81.380398
34.148813,60,81.481585
22.837104,60,81.566606
48.847279,60,81.665171
49.49993,60,81.759306
19.929962,60,81.845958
26.818464,60,81.946082
40.470024,60,82.041087
48.351158,60,82.134894
27.266361,60,82.247157
49.271429,60,82.348895
39.922489,60,82.440468
31.381144,60,82.540684
10.13779,45,82.586551
30.546842,60,82.649761
19.075086,60,82.738348
37.945592,60,82.820285
22.936337,60,82.906908
29.665549,60,82.999357
27.641585,60,83.085015
34.199221,60,83.165478
28.229883,60,83.255812
22.284746,60,83.34286
28.820899,60,83.423307
30.279553,60,83.50636
16.070573,60,83.591428
44.455471,60,83.680491
12.596863,45,83.736965
30.848149,60,83.804897
36.074875,60,83.873256
39.53727,60,83.941659
21.587771,60,84.013709
32.662928,60,84.075179
8.517025,44,84.124521
27.307459,60,84.186426
10.900532,57,84.268432
19.500009,60,84.351536
27.155289,60,84.450751
27.026578,60,84.548672
21.733493,60,84.647605
38.96495,60,84.736537
24.462999,60,84.833188
9.791166,60,84.928748
13.352495,60,85.029929
24.41711,60,85.116955
25.716909,60,85.215175
19.046203,60,85.302237
33.318123,60,85.396968
29.704647,60,85.48828
25.946114,60,85.587022
13.23956,60,85.682728
20.217067,60,85.790328
23.279075,60,85.87895
29.215175,60,85.979625
14.992685,60,86.073003
31.452721,60,86.168846
25.884953,60,86.264801
22.578266,60,86.361438
40.524451,60,86.455506
21.429016,60,86.524945
33.162654,60,86.596384
17.776133,60,86.700561
27.012364,60,86.803153
42.971585,60,86.889568
28.61201,60,86.9881
35.256302,60,87.079725
30.967339,60,87.165504
35.638472,60,87.258594
6.82315,35,87.309901
13.140431,52,87.383271
26.581203,60,87.471854
23.091296,60,87.563849
47.53272,60,87.660995
37.312461,60,87.748925
46.720131,60,87.841917
29.073502,60,87.916896
39.666688,60,88.009612
28.489386,60,88.099712
27.471373,56,88.186935
42.651964,60,88.28095
17.313737,60,88.38366
34.742327,60,88.472868
33.968143,60,88.553971
30.929804,60,88.638978
47.496816,60,88.727937
34.841456,60,88.79477
21.802245,60,88.866487
17.333953,60,88.935077
31.355381,60,89.000358
25.249683,60,89.089453
7.535359,38,89.136372
45.75756,60,89.221909
30.156398,60,89.32093
30.883487,60,89.399804
16.42892,60,89.500545
35.11975,60,89.599551
22.504237,60,89.68611
38.366226,60,89.784784
27.186521,60,89.876551
22.708045,60,89.978075
27.161973,60,90.060091
29.424428,60,90.152013
22.549396,60,90.240948
47.804146,60,90.329512
27.489218,60,90.417326
33.788212,60,90.501364
21.147608,60,90.589389
24.926734,60,90.677703
22.473646,60,90.768193
31.538022,60,90.854376
16.933672,60,90.948061
33.475156,60,91.037624
22.202096,60,91.123125
16.995891,60,91.213718
15.055464,53,91.294367
38.722032,60,91.372931
22.247056,60,91.460557
42.147181,60,91.539831
35.360279,60,91.630984
27.380641,60,91.711961
34.889578,60,91.791961
34.313612,60,91.891136
28.131502,60,91.977677
23.203779,60,92.065216
11.122212,60,92.159349
42.40873,60,92.240202
28.284223,60,92.330584
19.133417,60,92.418194
44.242573,60,92.5074
29.469754,60,92.587864
22.728195,60,92.673383
31.761522,60,92.753892
28.517083,56,92.830217
15.699979,60,92.909786
21.305546,60,92.995857
43.874519,60,93.076396
36.49167,60,93.15521
31.53546,60,93.24377
45.831528,60,93.31756
15.556759,60,93.401936
18.258971,60,93.488584
10.868527,38,93.537317
26.418078,60,93.62181
17.201183,60,93.711505
8.674588,51,93.796467
22.862953,60,93.882002
21.308347,60,93.965445
34.506156,60,94.054563
18.783571,60,94.140567
23.541076,60,94.23578
20.063662,60,94.322875
40.343153,60,94.416763
7.517396,42,94.480047
21.381074,60,94.562111
10.892306,59,94.652678
7.98094,53,94.736957
15.738472,60,94.817503
37.81771,60,94.909096
26.970902,60,95.007891
40.715534,60,95.09991
44.305054,60,95.186923
20.321626,60,95.278248
20.333851,60,95.366064
41.859337,60,95.450132
41.415557,60,95.531035
41.427178,60,95.610633
23.238667,60,95.693228
23.214602,60,95.786072
36.384756,60,95.874714
30.445831,60,95.965695
44.731723,60,96.06183
15.463618,60,96.148442
40.78409,60,96.224915
8.392797,38,96.280729
4.957061,50,96.352625
35.0844,60,96.440085
38.143053,60,96.530742
34.037519,60,96.617228
15.871216,46,96.687605
32.839742,60,96.773033
17.254666,60,96.859714
48.679146,60,96.947878
11.637876,48,97.028887
24.033794,60,97.110148
30.57429,60,97.191149
18.533842,60,97.286269
17.268572,54,97.369192
37.404993,60,97.455777
24.777282,60,97.540541
18.652294,60,97.637596
19.735861,60,97.730038
15.788785,60,97.840822
25.367841,60,97.961102
34.399603,60,98.049103
19.162454,47,98.121119
36.617253,60,98.207108
34.701122,60,98.286008
23.831053,60,98.376559
49.371294,60,98.466226
34.946925,60,98.564458
42.077296,60,98.662863
44.729998,60,98.751658
15.877484,60,98.839134
23.863987,60,98.929676
36.185704,60,99.019152
37.156703,60,99.103722
34.224208,60,99.199081
37.049564,60,99.283635
21.504543,54,99.358971
20.77161,60,99.456525
21.807974,60,99.54201
26.244979,60,99.63652
24.105303,60,99.718066
26.958296,60,99.802634
37.050207,60,99.895739
34.071724,60,99.980654
22.269678,56,100.060629
37.243071,60,100.140661
35.917005,60,100.2373
31.396768,60,100.32434
14.174666,48,100.388723
24.134888,60,100.485335
33.015193,60,100.576381
42.548371,60,100.661482
5.673175,39,100.714859
44.316332,60,100.791337
15.765694,60,100.867372
27.182784,60,100.95423
23.179582,60,101.043551
35.677681,60,101.128882
32.313893,60,101.21575
38.591595,60,101.310236
40.925498,60,101.398528
33.648437,60,101.481441
38.575705,60,101.571566
17.995698,60,101.655525
20.954692,60,101.781271
38.073306,60,101.933572
28.617582,60,102.0219
36.991403,60,102.116016
18.698127,60,102.200544
26.271098,60,102.301322
18.224063,60,102.394777
53.880621,60,102.487873
37.150809,60,102.589013
32.958797,60,102.677529
25.728783,60,102.771611
41.537432,60,102.867874
31.105505,60,102.957908
32.339332,60,103.047978
5.234384,29,103.089732
38.883504,60,103.190443
8.950926,39,103.243754
29.318568,60,103.32882
41.983046,60,103.415797
42.937124,60,103.500368
35.013178,60,103.582514
36.705601,60,103.663061
39.264053,60,103.746708
20.484088,60,103.827712
36.46065,60,103.92166
20.916132,51,104.001615
11.877828,60,104.1053
17.4735,45,104.171442
33.326368,60,104.264796
30.735747,60,104.355527
32.094444,60,104.444929
23.768301,60,104.539391
24.503304,60,104.643383
26.624853,60,104.743838
25.323374,60,104.836889
35.960256,60,104.934587
51.315987,60,105.024222
26.268077,60,105.12084
33.141608,60,105.221407
35.708251,60,105.311524
32.612876,60,105.41284
18.33814,47,105.490011
35.646361,60,105.590272
14.984743,53,105.669024
36.096668,60,105.770001
35.282208,60,105.866695
38.96774,60,105.959148
33.71052,60,106.058862
48.595431,60,106.146727
40.29325,60,106.237749
18.166994,60,106.319299
26.067548,60,106.404874
32.321194,60,106.493941
39.086951,60,106.58947
32.430271,60,106.689366
17.308827,60,106.79403
32.04243,60,106.883683
21.174837,60,106.975772
43.978753,60,107.064885
29.269669,60,107.160998
36.676853,60,107.249468
42.551306,60,107.346581
15.68114,60,107.428595
43.13672,60,107.52518
39.067693,60,107.622758
39.277921,60,107.707354
24.617462,60,107.799379
42.335404,60,107.892814
31.991157,60,107.98595
21.899773,60,108.086988
22.733696,60,108.185067
36.007552,60,108.273507
16.214958,60,108.357001
29.094886,60,108.46028
14.95814,60,108.542797
32.288071,60,108.642469
35.383455,60,108.735615
5.610254,52,108.811108
5.886346,44,108.869447
31.355835,60,108.948966
22.163078,60,109.029597
13.137586,60,109.11848
31.836239,60,109.212584
37.403019,60,109.304172
41.32767,60,109.394757
23.044024,58,109.484459
45.315577,60,109.575606
33.467518,60,109.666182
35.120779,60,109.7603
17.008774,52,109.83582
7.750041,60,109.944326
46.222689,60,110.043379
43.68914,60,110.137485
42.195604,60,110.24022
50.929183,60,110.327821
51.295626,60,110.440053
41.073011,60,110.533029
34.82839,60,110.619701
37.793414,60,110.731479
40.843471,60,110.82895
14.361079,60,110.935141
39.232801,60,111.032662
29.281925,60,111.136764
39.588492,60,111.22829
33.399855,60,111.338728
26.03212,60,111.431226
18.952538,60,111.521094
17.911982,60,111.612536
26.52742,60,111.694016
32.68589,60,111.785535
30.113878,60,111.881027
25.538604,60,111.976185
26.970752,60,112.082486
36.795235,60,112.166105
37.075933,60,112.260717
12.706392,60,112.354847
21.117198,60,112.449376
45.776891,60,112.536304
34.38809,60,112.636397
35.882739,60,112.727508
42.178295,60,112.816281
31.84357,60,112.917773
22.624762,60,113.009632
32.159961,60,113.101311
40.540309,60,113.212631
16.316035,60,113.323778
26.563574,60,113.445089
10.944127,60,113.547457
33.609899,60,113.663706
31.755804,60,113.771312
23.552651,60,113.867334
22.095945,60,113.972441
17.24695,56,114.071047
32.059726,60,114.174689
31.960506,60,114.277189
23.96753,60,114.371219
36.83807,60,114.44817
45.3944,60,114.527084
14.178855,59,114.611664
17.228007,60,114.697746
17.108065,56,114.786267
28.303667,60,114.875879
45.254533,60,114.97891
23.373832,60,115.074742
30.195961,60,115.166772
42.452375,60,115.258609
11.040832,60,115.347167
11.832911,43,115.417544
36.674251,60,115.509644
24.247275,60,115.615372
23.705462,60,115.701899
46.073476,60,115.787934
11.869211,42,115.859782
34.706135,60,115.950231
19.428384,60,116.038169
38.466154,60,116.129215
18.652782,60,116.213308
41.62452,60,116.305742
22.206315,60,116.385652
22.321842,60,116.47617
12.054196,60,116.568223
23.880432,60,116.664913
44.315296,60,116.755522
21.021122,47,116.821113
27.68226,60,116.912653
24.368271,60,117.011727
8.25304,40,117.073955
27.112817,60,117.169045
23.037561,60,117.255685
29.708642,60,117.343292
4.397101,32,117.393099
34.789657,60,117.482164
34.127554,60,117.571321
18.964978,60,117.670844
24.226702,60,117.771374
20.612612,60,117.857274
25.322636,60,117.941319
27.276745,60,118.037978
36.331035,60,118.141175
25.636616,60,118.241294
34.652607,60,118.346541
10.138732,42,118.414452
57.0943,60,118.516972
36.954469,60,118.61471
47.319479,60,118.695663
36.713122,60,118.759065
11.133779,60,118.824941
26.383181,60,118.890391
31.267818,60,118.957268
39.588061,60,119.025625
34.720596,60,119.09599
11.366038,42,119.145199
13.084638,60,119.2186
28.064228,60,119.300186
29.974331,60,119.39638
38.301807,60,119.484749
48.399191,60,119.567254
23.920263,60,119.651244
21.088033,60,119.720907
30.553538,60,119.803477
11.560343,60,119.883458
25.696973,60,119.987544
51.014746,60,120.083611
20.802082,60,120.171502
16.913369,59,120.268998
33.907276,60,120.354086
37.660913,60,120.442156
36.132324,60,120.53215
15.489069,60,120.627654
12.216375,60,120.718105
45.081227,60,120.817021
14.62133,60,120.908509
27.592308,60,120.998037
38.551426,60,121.094062
33.545948,60,121.177628
5.646885,34,121.227418
20.658237,60,121.328053
22.492917,60,121.422204
28.280723,60,121.521229
24.504666,60,121.611149
21.397673,60,121.706621
31.453131,60,121.81237
20.264092,60,121.910034
38.343933,60,121.995078
20.183963,60,122.078142
23.011407,60,122.176632
21.558021,60,122.264798
20.738658,60,122.358749
39.174962,60,122.447781
37.152991,60,122.529907
43.852436,60,122.618374
37.073733,60,122.698046
28.576689,60,122.789011
25.717356,60,122.910645
32.3999,60,123.0021
28.200842,60,123.097571
17.005263,60,123.192218
31.697094,60,123.285363
29.151094,60,123.383848
19.587667,60,123.477261
35.74809,60,123.56879
22.117169,60,123.666928
41.4321,60,123.756995
26.399089,60,123.849042
25.469426,60,123.947565
19.574963,60,124.039222
14.40967,60,124.132442
33.175028,60,124.224018
27.95607,60,124.311176
27.219432,60,124.399305
46.734057,60,124.488371
36.69926,60,124.576591
36.115453,60,124.665136
46.235384,60,124.763774
28.162167,60,124.849367
40.863062,60,124.935473
19.610358,60,125.02897
27.590659,60,125.114284
53.770674,60,125.200571
21.24188,60,125.293276
23.354676,60,125.389889
46.590712,60,125.49086
32.195085,60,125.592497
31.004698,60,125.677037
34.488207,60,125.773497
21.311162,60,125.878386
38.223212,60,125.976434
26.009657,60,126.072101
34.621583,60,126.148989
25.921131,60,126.21377
43.983629,60,126.283264
19.104633,60,126.349158
31.387525,60,126.410034
31.459161,60,126.485671
17.295062,43,126.555616
23.027648,60,126.651187
33.344857,60,126.737384
22.564591,60,126.842593
28.008571,60,126.95042
36.201938,60,127.058885
22.076111,56,127.14138
21.750901,60,127.244724
46.205134,60,127.339727
28.318713,60,127.422813
45.174061,60,127.511346
20.727741,60,127.593901
14.17435,54,127.66921
38.568274,60,127.754622
35.618164,60,127.856295
33.810032,60,127.955512
28.609587,60,128.059917
43.591852,60,128.157949
25.752453,60,128.260062
47.125764,60,128.354799
31.870405,60,128.461232
14.838022,60,128.557785
25.965777,60,128.666579
22.882559,60,128.75873
39.854069,60,128.859968
29.921359,60,128.969566
26.164873,60,129.069111
32.249854,60,129.199919
31.018819,60,129.402239
31.429018,60,129.554077
34.495887,60,129.653642
28.029444,60,129.742737
18.904989,60,129.868074
23.254537,60,129.989719
29.380648,60,130.185111
30.590131,60,130.290206
31.102054,60,130.416332
26.325177,60,130.531702
31.110835,60,130.631357
44.941394,60,130.728346
26.572383,60,130.830172
45.38689,60,130.953765
34.561076,60,131.079177
35.211711,60,131.204269
51.430209,60,131.314965
14.033494,60,131.419051
27.747391,60,131.513353
38.533733,60,131.61692
31.504643,60,131.717043
11.6183,60,131.817764
20.429788,60,131.908437
28.871369,60,131.999986
24.021278,60,132.102807
39.461056,60,132.202324
29.652885,60,132.300332
24.707431,60,132.385294
37.022379,60,132.474273
40.890536,60,132.56971
36.998623,60,132.6582
16.141691,43,132.735049
17.226901,60,132.833286
33.71291,60,132.940293
46.50384,60,133.033287
20.14833,60,133.133953
31.630402,60,133.230876
29.640823,60,133.318283
42.399466,60,133.398525
50.005687,60,133.481115
39.4538,60,133.566285
13.540999,57,133.660975
37.469971,60,133.742087
40.691338,60,133.835928
48.399758,60,133.940598
11.455486,60,134.030603
32.455462,60,134.105452
30.971533,60,134.195361
48.164129,60,134.280239
33.428465,60,134.36516
32.949606,60,134.458521
21.227497,60,134.538619
32.940169,60,134.623677
31.923836,60,134.713826
24.836134,60,134.796479
52.722865,60,134.885224
44.763445,60,134.971237
17.598004,60,135.063265
35.039529,60,135.156671
33.135297,60,135.243586
35.309841,60,135.344643
14.707629,55,135.419132
42.552102,60,135.515288
24.730688,60,135.611841
29.038575,60,135.707935
42.903472,60,135.798553
27.121887,60,135.878434
36.941538,60,135.965975
36.929033,60,136.044281
29.801621,60,136.120674
32.788448,60,136.211253
46.932017,60,136.300431
34.503148,60,136.382262
19.271419,60,136.487755
33.151177,60,136.583776
12.258054,60,136.680855
36.475372,60,136.763814
23.622974,60,136.851876
30.431944,60,136.94088
28.46479,60,137.040625
37.95217,60,137.134073
18.70892,60,137.224036
45.225264,60,137.317529
25.385518,60,137.404488
3.67597,30,137.451808
40.457532,60,137.538871
20.332658,60,137.631819
38.250161,60,137.730431
42.370457,60,137.823006
46.470587,60,137.909508
37.689563,60,138.007703
19.073523,60,138.107786
31.879815,60,138.20089
21.219185,60,138.285224
31.560602,60,138.375573
23.171647,60,138.469447
19.088225,60,138.572249
32.325584,60,138.659819
19.459544,60,138.746496
23.838537,60,138.845691
17.074566,60,138.941808
33.031078,60,139.045936
35.618315,60,139.131842
41.408885,60,139.223597
29.698182,60,139.312735
17.399959,60,139.408263
41.511199,60,139.500732
36.602358,60,139.606251
39.793048,60,139.705898
34.088651,60,139.790781
24.927145,60,139.892481
44.506127,60,139.985358
54.032219,60,140.090754
46.718917,60,140.197804
29.561339,60,140.284277
30.232665,60,140.400288
19.963147,60,140.493181
24.105785,60,140.590704
23.660964,57,140.690274
20.954069,60,140.791781
21.001939,60,140.877166
26.662229,60,140.975764
24.47203,60,141.077995
27.811934,60,141.170514
28.422041,60,141.252901
30.038109,60,141.337415
30.618281,60,141.430939
26.266793,60,141.527755
32.711671,60,141.626294
32.795182,60,141.729792
19.375421,60,141.820923
15.346568,60,141.907916
34.135312,60,142.000018
35.612375,60,142.100193
19.055078,52,142.179067
20.024209,60,142.270926
35.561069,60,142.357252
14.790115,49,142.425779
42.013948,60,142.519952
40.630052,60,142.620946
24.594906,60,142.719475
20.209674,60,142.819529
43.583673,60,142.914743
35.37921,60,143.002746
39.644249,60,143.101873
27.110839,60,143.193336
20.105757,58,143.282874
32.929574,60,143.37764
15.314525,60,143.466549
39.193794,60,143.55311
45.755028,60,143.651497
37.545545,60,143.7364
46.309923,60,143.832063
32.587965,60,143.925332
35.894878,60,144.009218
30.786435,60,144.107889
38.898896,60,144.205011
52.189773,60,144.286962
5.59095,44,144.349163
17.824085,60,144.438165
31.043273,60,144.528098
48.205292,60,144.614724
28.547973,60,144.698634
23.286061,60,144.779261
46.333107,60,144.860214
32.003153,60,144.950879
13.947309,60,145.043406
29.247876,60,145.12933
33.127126,60,145.218958
46.964113,60,145.322088
27.206068,60,145.412638
38.653321,60,145.507253
14.534055,60,145.60589
51.02507,60,145.698877
22.417929,60,145.790343
24.032241,60,145.87215
31.581398,60,145.960057
34.749223,60,146.044631
29.823912,60,146.131754
33.448119,60,146.225392
34.827025,60,146.318871
46.107736,60,146.412679
11.585914,49,146.484621
29.072173,60,146.580774
37.107107,60,146.657789
36.520692,60,146.740908
22.814952,60,146.827953
32.767104,60,146.912342
44.115733,60,146.99736
27.105197,60,147.083912
37.366984,60,147.162947
19.38531,60,147.248038
39.660927,60,147.328607
33.900453,60,147.41065
44.073145,60,147.496165
43.480211,60,147.578894
30.187068,60,147.662706
31.126929,60,147.747476
33.556571,60,147.841205
34.577374,60,147.929367
32.590315,60,148.018413
41.407807,60,148.116598
25.155239,60,148.208582
27.252422,60,148.294472
42.456151,60,148.386593
38.407709,60,148.473677
38.69883,60,148.574515
17.029317,60,148.665473
45.758708,60,148.738807
28.958423,60,148.830816
30.144338,60,148.915639
35.220442,60,149.002054
35.882523,60,149.081564
54.049285,60,149.180691
38.883976,60,149.266111
29.56987,60,149.351928
34.379543,60,149.439635
32.167893,60,149.522728
39.437231,60,149.607148
34.602781,60,149.698093
39.48544,60,149.785554
42.756636,60,149.884865
37.413434,60,149.980467
35.068648,60,150.083792
35.51155,60,150.164867
30.881541,60,150.247175
36.650472,60,150.333697
32.675305,60,150.424215
39.021507,60,150.524228
47.511015,60,150.607281
21.106871,60,150.702387
25.20184,60,150.78843
25.684959,60,150.871955
44.152298,60,150.968502
20.813492,60,151.056341
24.740014,60,151.158589
38.905292,60,151.253229
33.956184,60,151.345242
19.030077,60,151.438303
33.304499,60,151.528485
30.247085,60,151.618031
32.025576,60,151.71768
31.49288,60,151.814249
43.087174,60,151.904311
36.64935,60,151.994751
39.498556,60,152.078229
24.615587,60,152.164686
29.609217,60,152.258662
10.164969,56,152.33803
27.763449,60,152.424702
44.822906,60,152.518251
34.257538,60,152.61868
24.828256,60,152.713677
35.034647,60,152.806056
41.965953,60,152.899831
37.522597,60,152.989374
29.926615,60,153.094991
36.791099,60,153.187958
44.92347,60,153.297132
23.876743,60,153.39738
32.895589,60,153.481993
26.218808,60,153.593599
46.500708,60,153.684611
35.085037,60,153.776603
28.901525,60,153.877739
20.91718,60,153.969283
36.494561,60,154.07298
36.017521,60,154.170909
39.055519,60,154.274019
16.499935,60,154.368084
17.581607,60,154.468244
37.97225,60,154.557813
41.998147,60,154.644861
50.685492,60,154.738901
42.007071,60,154.82189
22.463843,60,154.915482
35.767743,60,155.015329
36.783372,60,155.130066
28.316436,60,155.243173
57.556047,60,155.340599
23.67243,60,155.434776
27.392338,60,155.523263
25.742734,60,155.610686
12.849748,60,155.699385
29.036478,60,155.797075
23.553622,60,155.882277
31.377317,60,155.983531
32.469126,60,156.075179
38.102094,60,156.164793
46.028648,60,156.269435
22.621178,60,156.365629
44.658598,60,156.46165
49.481904,60,156.562835
26.071246,60,156.658247
43.092824,60,156.763213
36.49257,60,156.860565
38.339882,60,156.953142
38.156839,60,157.050741
35.713293,60,157.142192
39.560124,60,157.234919
26.46438,60,157.326446
15.674709,60,157.42186
40.514815,60,157.504333
39.924416,60,157.591789
16.931454,60,157.680751
22.374148,60,157.767261
30.233811,60,157.863196
35.007252,60,157.945581
49.554693,60,158.03183
15.570368,60,158.11756
18.696221,53,158.185934
33.198769,60,158.270786
39.963685,60,158.361364
26.596428,60,158.445988
30.927123,60,158.532516
14.72615,59,158.628188
32.848246,60,158.718333
39.391145,60,158.810262
45.324519,60,158.90185
33.505448,60,158.996427
39.951092,60,159.090538
22.144173,55,159.170472
48.568489,60,159.265171
56.299431,60,159.363784
28.397744,60,159.453769
45.711042,60,159.536179
32.186604,60,159.638856
27.840597,60,159.735472
27.870165,60,159.830249
36.309842,60,159.916843
33.60808,60,160.016353
36.611146,60,160.10343
43.080396,60,160.194928
49.869058,60,160.27881
20.464967,60,160.378498
44.0916,60,160.468605
26.224505,60,160.559555
38.993189,60,160.661832
45.726089,60,160.760603
40.20067,60,160.848088
22.912862,60,160.932521
40.372115,60,161.026525
28.43361,60,161.119768
32.969157,60,161.224904
46.115833,60,161.332409
27.888047,60,161.435379
24.631508,60,161.533376
42.750897,60,161.62531
39.662586,60,161.723367
46.280772,60,161.805887
43.385632,60,161.901891
26.061259,60,161.999881
47.137134,60,162.0891
41.931124,60,162.213788
27.535649,60,162.324518
24.16476,60,162.437734
43.437383,60,162.523687
51.453542,60,162.638848
33.993075,60,162.72587
41.670971,60,162.811678
26.630338,60,162.900321
34.021543,60,162.990146
33.947419,60,163.085656
44.396696,60,163.178411
27.725027,60,163.272604
35.014436,60,163.365571
38.646501,60,163.450285
30.045734,60,163.532823
44.771448,60,163.619856
34.71816,60,163.718509
39.141045,60,163.801778
20.481374,60,163.908716
12.05573,51,163.985667
29.51057,60,164.08428
23.333224,60,164.178384
28.618062,60,164.270022
40.803358,60,164.367723
19.114273,60,164.447617
47.12219,60,164.532006
54.711823,60,164.623991
37.485207,60,164.702288
41.049703,60,164.784646
34.837671,60,164.874717
48.032503,60,164.973671
23.646339,60,165.060681
38.150196,60,165.164133
29.315648,60,165.253577
33.069611,60,165.342009
45.678372,60,165.433486
30.349396,60,165.514018
39.982733,60,165.602098
49.134271,60,165.705199
30.509954,60,165.796749
36.279212,60,165.87823
40.629094,60,165.972695
36.591897,60,166.061416
35.203852,60,166.145683
24.065893,60,166.234016
33.657318,60,166.326712
40.542333,60,166.422938
46.990946,60,166.513373
37.802967,60,166.599757
44.94229,60,166.683306
34.109586,60,166.774288
18.882816,60,166.853517
40.030576,60,166.933023
32.871126,60,167.025005
28.626373,60,167.115034
40.601188,60,167.217656
24.417337,60,167.306752
41.624866,60,167.381193
35.63945,60,167.472096
22.659043,60,167.561677
47.455251,60,167.650231
41.530369,60,167.730655
33.641835,60,167.81939
38.352587,60,167.908469
28.309263,60,167.998998
32.166076,60,168.08598
34.509819,60,168.178128
52.652173,60,168.273563
33.039728,60,168.36909
43.249167,60,168.457567
31.990996,60,168.549509
42.765268,60,168.63365
49.180341,60,168.733212
45.721832,60,168.816947
47.398507,60,168.908471
48.435808,60,169.000473
36.678038,60,169.091969
35.434747,60,169.189073
46.844728,60,169.28313
34.618271,60,169.393863
27.545921,60,169.483993
25.045091,60,169.568567
49.029009,60,169.670153
47.377681,60,169.77431
43.89829,60,169.86831
33.730152,60,169.96834
22.800682,60,170.084987
41.49009,60,170.198627
35.613862,60,170.291254
40.027115,60,170.374099
41.706013,60,170.488104
42.681412,60,170.585396
52.61422,60,170.687268
25.875272,60,170.790554
32.855455,60,170.877549
50.262922,60,170.975714
39.891212,60,171.072546
38.637678,60,171.155491
35.726063,60,171.253584
32.923998,60,171.340024
32.234793,60,171.426589
18.69863,60,171.505573
30.259365,60,171.593671
21.723231,60,171.693409
44.277777,60,171.788026
23.982269,60,171.879386
40.537101,60,171.976327
29.067027,60,172.072807
30.331183,60,172.173866
29.739021,60,172.274503
25.906407,60,172.391267
32.984443,60,172.494887
30.573874,60,172.590159
52.180708,60,172.69687
41.2573,60,172.786447
40.81444,60,172.893049
39.552385,60,172.989113
38.111931,60,173.088623
26.159908,60,173.190193
39.396177,60,173.285448
43.045948,60,173.375993
36.115617,60,173.457539
40.342854,60,173.549059
21.823468,60,173.638604
35.484814,60,173.729719
38.444049,60,173.819924
37.667395,60,173.904906
47.223216,60,174.005972
28.539038,60,174.102637
36.035945,60,174.190041
47.203401,60,174.287611
45.486868,60,174.376707
42.192184,60,174.467874
37.651232,60,174.555512
52.940438,60,174.650467
54.46226,60,174.747718
41.789242,60,174.848278
37.969826,60,174.934324
45.868392,60,175.042783
51.289892,60,175.145981
43.718195,60,175.25066
45.75561,60,175.364869
35.476738,60,175.459925
31.52222,60,175.561535
30.276328,60,175.666668
33.927362,60,175.749053
37.893811,60,175.856182
44.150612,60,175.962081
28.863581,60,176.065955
41.389168,60,176.168818
43.077496,60,176.276014
29.321447,60,176.377551
30.837062,60,176.483928
30.51227,60,176.575604
37.634863,60,176.676657
39.834458,60,176.777078
27.489815,60,176.871015
28.128398,60,176.974056
36.800534,60,177.07307
33.323648,60,177.160502
25.616535,60,177.251085
39.063318,60,177.341771
43.257757,60,177.431222
41.476845,60,177.531339
31.546763,60,177.630364
34.547569,60,177.734465
39.76878,60,177.815379
47.860439,60,177.880396
32.914222,60,177.945834
48.547392,60,178.013295
31.620582,60,178.080077
21.416496,60,178.150113
21.281071,60,178.223619
33.759992,60,178.296008
28.526138,60,178.375013
33.858705,60,178.450872
43.699182,60,178.548911
19.143118,60,178.641788
37.477878,60,178.746433
30.141958,60,178.839971
31.407923,60,178.930229
42.143355,60,179.027105
54.447229,60,179.106894
26.188782,60,179.191405
36.812853,60,179.282419
55.978287,60,179.359642
35.147219,60,179.449521
44.245643,60,179.537491
26.375218,60,179.617598
35.493615,60,179.701047
40.098187,60,179.788913
21.449606,60,179.872749
22.819375,60,179.960992
43.917511,60,180.048819
38.426838,60,180.13337
27.536528,60,180.224
44.845442,60,180.309657
36.575649,60,180.394605
30.387174,60,180.486609
45.094116,60,180.575704
31.170512,60,180.671074
36.714999,60,180.757713
36.616819,60,180.844526
50.984707,60,180.938638
37.625531,60,181.030301
23.531918,60,181.117378
37.064973,60,181.20388
28.175147,60,181.297376
45.704675,60,181.383851
23.996888,60,181.475399
36.780329,60,181.571018
34.254163,60,181.659077
47.174948,60,181.746632
38.265226,60,181.838766
25.521276,60,181.92495
46.094025,60,182.015888
26.888528,60,182.104233
41.433259,60,182.18211
39.980304,60,182.266759
41.179002,60,182.351739
25.882368,60,182.441441
28.189017,60,182.541005
48.361295,60,182.647321
34.914162,60,182.71425
33.151185,60,182.7862
19.766638,60,182.84877
43.564732,60,182.914505
31.526321,60,183.00752
40.730551,60,183.091161
37.996924,60,183.188855
25.834061,60,183.276912
39.477526,60,183.376028
37.40448,60,183.465539
40.295813,60,183.532282
30.794175,60,183.599202
43.886424,60,183.666076
38.754518,60,183.751071
34.881293,60,183.829568
51.82227,60,183.907709
43.982192,60,183.981236
41.35017,60,184.053709
37.93486,60,184.12306
35.764938,60,184.196977
29.45031,60,184.280176
37.795569,60,184.360314
32.834681,60,184.442056
47.180101,60,184.525089
22.933774,54,184.594012
43.556198,60,184.670241
43.720249,60,184.745736
23.82054,60,184.827756
43.669895,60,184.902215
53.809004,60,184.985743
31.752142,60,185.073627
31.080849,60,185.147383
40.69905,60,185.237917
46.899035,60,185.31302
17.478706,60,185.406494
22.288197,60,185.509926
47.826527,60,185.598225
31.25091,60,185.696852
38.917208,60,185.809764
56.033069,60,185.945291
56.509715,60,186.018658
24.478229,60,186.091063
45.118108,60,186.184583
54.904965,60,186.256965
32.237667,60,186.343572
26.157806,60,186.425042
42.980414,60,186.502928
29.700569,60,186.584744
45.048147,60,186.658627
41.446271,60,186.738115
57.579455,60,186.803104
43.137753,60,186.884162
48.112272,60,186.982983
44.089565,60,187.083702
35.047275,60,187.186178
34.67405,60,187.298751
34.239775,60,187.380871
47.114581,60,187.476572
17.848465,60,187.567192
37.483023,60,187.658195
29.173515,60,187.752808
43.173318,60,187.843
38.067035,60,187.936049
46.26396,60,188.019912
39.672623,60,188.112889
46.823839,60,188.213945
45.525838,60,188.301808
24.706856,60,188.39869
47.033415,60,188.491282
31.491235,60,188.578225
34.257861,60,188.663777
37.955569,60,188.767442
22.559513,60,188.868663
39.776353,60,188.969244
27.778781,60,189.077002
28.572354,60,189.166181
39.002511,60,189.258354
21.340002,60,189.356399
45.196871,60,189.446934
41.602161,60,189.555714
45.069761,60,189.643208
29.293274,60,189.744339
50.764223,60,189.841873
41.157516,60,189.931051
37.185243,60,190.03481
37.457023,60,190.138427
20.102496,60,190.232017
45.362119,60,190.326108
31.423076,60,190.426212
39.087012,60,190.529891
43.127585,60,190.646019
39.5459,60,190.747694
33.051918,60,190.848317
32.603312,60,190.960986
26.294952,60,191.056174
40.204949,60,191.14724
34.819988,60,191.235763
45.784973,60,191.327321
35.827813,60,191.434593
38.047227,60,191.526313
53.85833,60,191.621742
40.857347,60,191.725868
42.494631,60,191.822982
48.169722,60,191.93716
49.593119,60,192.034091
44.978248,60,192.131919
46.830854,60,192.233005
33.944668,60,192.337101
24.786081,60,192.440603
42.785921,60,192.545578
52.285127,60,192.636731
24.882746,60,192.724197
28.171377,60,192.7997
32.490155,60,192.885281
53.788207,60,192.979351
47.347059,60,193.072967
50.151631,60,193.160746
37.378927,60,193.264721
42.494285,60,193.351606
22.661809,60,193.436506
43.33495,60,193.51895
30.814598,60,193.607889
43.044631,60,193.693482
42.451847,60,193.788591
15.066563,39,193.849926
6.365254,32,193.899751
40.254788,60,193.997451
42.516168,60,194.097593
47.373267,60,194.189028
19.184984,60,194.279628
30.623063,60,194.373775
32.866462,60,194.462165
30.575633,60,194.557164
18.777496,60,194.651788
49.746689,60,194.742871
23.538203,60,194.83538
40.693548,60,194.936526
40.911656,60,195.03453
29.345069,60,195.137693
45.386886,60,195.232361
48.504863,60,195.31988
32.532416,60,195.410784
21.120655,60,195.49617
40.189084,60,195.579988
37.387388,60,195.673486
45.047717,60,195.760981
43.954609,60,195.848063
30.493267,60,195.940711
32.026255,60,196.032532
45.32034,60,196.112504
29.077593,60,196.205042
37.081822,60,196.29159
28.529915,60,196.3836
46.167253,60,196.486839
40.265716,60,196.58987
35.277073,60,196.703536
38.599212,60,196.793077
50.425625,60,196.940909
46.476918,60,197.069671
24.864459,60,197.178385
28.712333,60,197.260944
38.15858,60,197.353497
45.475372,60,197.43846
55.566881,60,197.53959
25.754394,60,197.619631
39.878571,60,197.707166
33.423047,60,197.789619
42.90609,60,197.877755
40.168005,60,197.963213
31.894607,60,198.049593
40.69981,60,198.137563
31.595861,60,198.217975
53.083383,60,198.293265
43.755877,60,198.375782
25.407976,60,198.454233
41.884059,60,198.536234
48.949214,60,198.61672
52.957326,60,198.702212
39.093187,60,198.786134
41.948388,60,198.871178
30.580107,60,198.946623
37.743674,60,199.035286
54.917595,60,199.119194
41.954467,60,199.204549
34.903954,60,199.284948
49.962194,60,199.38303
45.278875,60,199.467577
50.245245,60,199.556319
36.12199,60,199.645991
50.097226,60,199.724539
43.077104,60,199.810659
33.526544,60,199.894145
35.863964,60,199.975089
39.177861,60,200.062774
35.565041,60,200.14677
54.600961,60,200.23491
35.003101,60,200.309795
45.460566,60,200.409768
34.836113,60,200.492345
29.83403,60,200.579721
43.12229,60,200.675748
42.669713,60,200.772046
38.05282,60,200.874661
41.470292,60,200.955879
32.238235,60,201.034299
33.59542,60,201.121798
41.998466,60,201.217902
34.636447,60,201.311411
48.932111,60,201.410984
37.324508,60,201.511592
33.195651,60,201.603307
52.848768,60,201.702425
48.881129,60,201.792434
51.376504,60,201.882593
37.041248,60,201.982191
38.366856,60,202.063395
39.9928,60,202.156344
29.443413,60,202.251317
39.638587,60,202.346249
28.172016,60,202.436224
45.373026,60,202.51987
50.826715,60,202.604817
40.218857,60,202.69942
42.850372,60,202.777472
21.264259,60,202.871044
45.016041,60,202.965153
39.67835,60,203.056725
53.322203,60,203.141244
28.241719,60,203.225733
51.672055,60,203.314631
41.557714,60,203.397378
47.27277,60,203.484543
47.002227,60,203.559517
35.437604,60,203.63661
25.601562,60,203.719136
40.29775,60,203.807562
20.977442,60,203.886019
43.503942,60,203.977655
26.95683,60,204.065853
10.525452,60,204.148751
33.343618,60,204.236694
31.668351,60,204.335227
33.422673,60,204.430718
25.521231,60,204.50947
38.170264,60,204.595347
31.347676,60,204.683857
28.591201,60,204.766415
39.433745,60,204.854877
50.26451,60,204.942462
34.289486,60,205.049652
50.681928,60,205.148455
35.062385,60,205.241872
36.580395,60,205.335055
37.305465,60,205.432622
29.099913,60,205.524806
30.354174,60,205.620859
35.194734,60,205.723057
33.116449,60,205.834226
30.947588,60,205.943517
40.732015,60,206.034949
36.870182,60,206.116869
24.757992,60,206.198836
39.834954,60,206.278314
42.420122,60,206.36842
39.790928,60,206.454473
28.506438,60,206.540508
34.773679,60,206.6277
29.173096,60,206.706206
32.624586,60,206.782676
30.852683,60,206.862452
36.914215,60,206.951465
43.209285,60,207.029685
42.272123,60,207.118068
47.216563,60,207.200615
34.667702,60,207.284178
44.941049,60,207.373752
34.100136,60,207.454777
49.861364,60,207.537253
44.310835,60,207.624954
41.332558,60,207.706945
33.010986,60,207.793276
35.659597,60,207.88336
51.289216,60,207.969204
47.435067,60,208.056437
37.818187,60,208.142813
56.50799,60,208.243807
41.685044,60,208.332344
51.967687,60,208.419252
29.053944,60,208.502568
42.181995,60,208.581621
38.816243,60,208.669247
42.597175,60,208.749701
36.635294,60,208.831287
36.803141,60,208.995453
19.768866,50,209.08429
37.777119,60,209.172215
31.991042,60,209.269247
45.879666,60,209.347122
49.729133,60,209.43908
48.350127,60,209.524161
56.171446,60,209.618815
37.659574,60,209.709282
40.995596,60,209.803414
40.776457,60,209.893108
49.458153,60,209.984408
39.579732,60,210.068835
57.574128,60,210.155423
38.789126,60,210.248115
33.702548,60,210.33567
46.489636,60,210.42612
36.163992,60,210.52167
35.495116,60,210.610745
46.360356,60,210.697879
38.763906,60,210.780783
34.294731,60,210.877833
24.206156,60,210.96312
33.489598,60,211.046338
43.531584,60,211.130988
40.437389,60,211.215681
49.613202,60,211.29925
51.496329,60,211.383803
50.861806,60,211.458195
42.711594,60,211.537993
49.967017,60,211.624901
14.070609,41,211.690252
46.665304,60,211.783623
37.099076,60,211.870579
27.511038,60,211.956584
28.932992,60,212.041665
36.444097,60,212.127656
39.915841,60,212.208157
36.251618,60,212.301202
40.62201,60,212.394288
32.664156,60,212.474295
29.554171,58,212.556848
28.760919,60,212.646351
44.102123,60,212.725951
51.492724,60,212.823096
43.394806,60,212.910586
49.255242,60,212.994666
49.698232,60,213.086817
29.913902,60,213.184347
49.052726,60,213.276833
39.74752,60,213.359297
49.207156,60,213.458864
39.633995,60,213.546988
20.640439,60,213.636031
52.741075,60,213.723383
47.012097,60,213.803846
25.714197,60,213.89265
43.717383,60,213.973626
29.406576,60,214.053575
42.096156,60,214.138041
51.658591,60,214.22713
45.854522,60,214.312083
43.072063,60,214.409631
53.575522,60,214.497129
44.342414,60,214.583636
38.643517,60,214.662065
31.274075,60,214.754745
39.795682,60,214.846291
17.513718,60,214.935859
49.938385,60,215.02524
36.030536,60,215.114325
45.23843,60,215.193295
33.570119,60,215.289235
52.462288,60,215.371643
40.766053,60,215.45776
51.237725,60,215.540232
26.786294,60,215.619329
32.782082,60,215.710464
40.042913,60,215.7967
42.772636,60,215.88105
44.821832,60,215.979178
33.786669,60,216.063759
43.916138,60,216.148166
26.148914,60,216.241641
53.164248,60,216.327171
20.103282,60,216.413717
45.268098,60,216.502193
34.045989,60,216.574104
51.29405,60,216.669239
44.70912,60,216.749244
47.186357,60,216.834267
33.630185,60,216.922835
34.477411,60,217.027342
28.069264,60,217.115265
31.29396,60,217.203591
39.791829,60,217.284971
33.577313,60,217.375661
44.143031,60,217.462726
26.478709,60,217.555784
44.116605,60,217.64842
27.261785,60,217.73448
46.024929,60,217.829031
32.95444,60,217.91917
36.04083,60,217.998338
40.696525,60,218.071956
51.539242,60,218.159511
51.928616,60,218.25348
36.267602,60,218.336365
52.597437,60,218.417196
46.920343,60,218.501731
32.87759,60,218.585822
49.341263,60,218.659214
34.713075,60,218.739208
50.057659,60,218.830891
55.717514,60,218.911924
36.19203,60,219.005441
34.786967,60,219.086356
40.316221,60,219.166909
20.171871,60,219.24351
48.884643,60,219.331111
40.32423,60,219.420098
50.966609,60,219.505683
55.788941,60,219.600846
35.508842,60,219.6982
55.111486,60,219.802235
34.589618,60,219.905814
36.448583,60,219.998464
37.853783,60,220.07841
55.033467,60,220.204567
41.851211,60,220.294671
50.844379,60,220.393792
44.019263,60,220.488324
42.710466,60,220.576303
45.366623,60,220.674599
35.479201,60,220.763122
48.939639,60,220.844671
42.238658,60,220.943785
33.580408,60,221.029818
47.290684,60,221.123407
30.664664,60,221.211495
33.104973,60,221.297433
40.139481,60,221.378789
43.220624,60,221.468281
42.974312,60,221.543186
39.155595,60,221.619455
53.404008,60,221.698348
54.580847,60,221.771357
46.742367,60,221.84335
38.54529,60,221.917325
33.554262,60,222.002596
53.150341,60,222.084661
35.393519,60,222.158134
56.618951,60,222.241203
41.048304,60,222.319141
48.305046,60,222.398513
35.328873,60,222.484187
49.644973,60,222.570225
39.747981,60,222.649074
39.09968,60,222.74365
38.569779,60,222.823694
36.871385,60,222.901639
30.999388,60,222.992001
21.720305,60,223.070481
41.595971,60,223.15402
44.606789,60,223.238908
45.841686,60,223.319404
52.003613,60,223.404939
44.885858,60,223.483263
41.501202,60,223.565027
25.99052,60,223.648079
41.420796,60,223.733091
49.557944,60,223.814433
55.837578,60,223.917898
40.038303,60,224.012024
41.329751,60,224.110187
46.133989,60,224.179078
34.710052,60,224.240034
33.910246,60,224.30344
54.404916,60,224.37496
47.442443,60,224.450697
44.915338,60,224.523169
30.79945,60,224.594567
34.864075,60,224.677
51.794858,60,224.747481
55.524061,60,224.821003
37.892777,60,224.896945
53.050538,60,224.971498
31.824755,60,225.048525
47.304638,60,225.13259
35.451745,60,225.208088
42.282284,60,225.293148
40.849384,60,225.37937
29.563396,60,225.454411
46.925742,60,225.537421
55.99017,60,225.625511
26.052865,60,225.722024
51.967666,60,225.813559
41.155711,60,225.905637
22.0461,60,225.994269
57.238388,60,226.072742
27.402483,60,226.159173
46.861505,60,226.257809
50.249799,60,226.345068
43.831489,60,226.423586
41.963903,60,226.507146
31.91186,60,226.580093
45.438353,60,226.666101
35.38077,60,226.734067
33.030666,60,226.812014
31.618308,60,226.888067
50.378863,60,226.965643
16.343304,60,227.050163
29.081016,60,227.130298
42.670389,60,227.213959
42.032368,60,227.288432
29.49289,60,227.364772
55.534279,60,227.442343
38.910241,60,227.534995
52.044014,60,227.616521
52.22865,60,227.712591
36.370062,60,227.792547
47.549489,60,227.868043
39.137594,60,227.957951
52.680513,60,228.041877
37.522823,60,228.124898
53.25859,60,228.216015
50.220896,60,228.305523
43.66993,60,228.385478
29.528752,60,228.461377
43.955087,60,228.533287
53.082947,60,228.61423
30.103874,60,228.686304
49.808227,60,228.766688
38.741617,60,228.840076
22.994438,60,228.922156
42.763747,60,228.999525
56.682217,60,229.068937
44.116136,60,229.162119
51.026658,60,229.253217
44.969339,60,229.333754
48.894104,60,229.428809
53.797207,60,229.531998
53.558677,60,229.61996
40.930135,60,229.713646
43.942807,60,229.81535
42.6067,60,229.906315
42.53086,60,229.999875
48.153447,60,230.082419
51.360306,60,230.176013
55.258409,60,230.272254
25.039425,60,230.378319
55.567234,60,230.481919
36.899447,60,230.588483
52.957017,60,230.680217
39.656278,60,230.776341
47.8797,60,230.874606
53.982723,60,230.967503
31.804897,60,231.067505
46.169293,60,231.168601
49.249156,60,231.256191
43.694919,60,231.352834
53.179457,60,231.45919
52.259705,60,231.546741
48.463712,60,231.635725
53.504438,60,231.734405
42.781447,60,231.820804
53.356917,60,231.914009
41.03142,60,231.998422
38.577822,60,232.082892
48.139708,60,232.173354
46.928115,60,232.264319
41.540124,60,232.346937
48.341412,60,232.44309
54.396071,60,232.534673
37.684413,60,232.626708
43.335034,60,232.727261
48.108846,60,232.825883
41.840737,60,232.91736
46.460958,60,233.015908
46.725397,60,233.110259
40.451003,60,233.222006
28.859882,60,233.324126
44.062992,60,233.421805
38.462448,60,233.524966
41.640601,60,233.613426
38.809849,60,233.711013
31.796166,60,233.798921
51.476103,60,233.884566
55.500578,60,233.971775
30.44861,60,234.079056
38.217307,60,234.167649
43.650766,60,234.268864
41.616667,60,234.363128
50.268885,60,234.454144
45.200907,60,234.539257
44.023848,60,234.618143
48.274189,60,234.702166
47.026733,60,234.783394
51.446431,60,234.877863
50.68322,60,234.965785
53.611234,60,235.057347
51.879748,60,235.146757
51.353802,60,235.235238
33.814196,60,235.31224
52.874891,60,235.399796
46.163417,60,235.486898
51.455406,60,235.579027
35.942496,60,235.668678
52.880426,60,235.755246
45.323548,60,235.850998
50.708709,60,235.947206
15.087586,45,236.021248
55.37602,60,236.113893
29.648776,60,236.206398
45.510945,60,236.302332
45.942425,60,236.385346
41.448241,60,236.480949
37.755305,60,236.566892
48.543826,60,236.667969
41.508296,60,236.754815
35.245791,60,236.842717
34.027439,60,236.934735
48.313154,60,237.026131
44.140977,60,237.112767
56.248796,60,237.192787
47.740392,60,237.278406
35.905931,60,237.367716
56.967532,60,237.457312
20.959109,60,237.550834
32.401507,60,237.651459
52.923735,60,237.73748
35.54222,60,237.821741
55.123325,60,237.909264
41.852814,60,237.998318
40.251497,60,238.085629
34.660971,60,238.184657
36.132046,60,238.273182
47.632228,60,238.361578
46.10752,60,238.458402
43.860666,60,238.544875
44.616194,60,238.640069
55.644079,60,238.728689
44.694897,60,238.825842
45.988397,60,238.915882
52.281778,60,239.002375
42.583043,60,239.094686
52.523557,60,239.192732
37.530038,60,239.283947
32.233313,60,239.378993
52.299784,60,239.478123
45.995255,60,239.571644
37.561699,60,239.668666
44.56502,60,239.756307
41.558272,60,239.846856
51.031444,60,239.942181
31.858318,60,240.037431
50.284096,60,240.133174
45.176365,60,240.235862
47.879153,60,240.335993
36.402014,60,240.427094
34.647422,60,240.522802
41.727877,60,240.613314
51.354895,60,240.701918
36.059598,60,240.794557
33.890251,60,240.882659
46.083622,60,240.971248
46.312183,60,241.065578
49.735208,60,241.151565
45.809376,60,241.249655
48.415586,60,241.344182
27.743209,60,241.445863
49.071176,60,241.558091
51.577698,60,241.653691
41.62369,60,241.754403
24.907934,60,241.847939
49.704439,60,241.943778
51.557547,60,242.043168
42.454228,60,242.146687
48.555219,60,242.238438
44.244803,60,242.320895
51.460025,60,242.415996
48.26037,60,242.508586
44.728761,60,242.603296
49.55017,60,242.691824
52.030225,60,242.796292
55.70386,60,242.896179
54.557,60,242.985738
37.297751,60,243.077728
43.684897,60,243.1722
47.628346,60,243.265287
56.183334,60,243.362428
20.747194,51,243.440895
39.06401,60,243.53439
52.518859,60,243.627956
34.114409,60,243.723703
56.703695,60,243.824248
37.228974,60,243.915095
49.362571,60,244.008065
53.062499,60,244.114152
35.284843,60,244.208637
52.111021,60,244.307715
53.218007,60,244.391214
43.329442,60,244.48982
37.8275,60,244.585581
56.264198,60,244.684168
48.709659,60,244.774676
51.269748,60,244.867675
48.823913,60,244.957857
40.043808,60,245.044616
46.734706,60,245.119965
50.513472,60,245.220938
50.565915,60,245.315228
54.842985,60,245.402459
45.410741,60,245.504946
51.323744,60,245.59748
51.575723,60,245.683456
53.937775,60,245.776397
54.59587,60,245.857875
47.848401,60,245.945452
39.566695,60,246.03854
53.776935,60,246.128624
46.71618,60,246.224703
30.815103,60,246.31758
31.932292,60,246.402489
48.930331,60,246.509786
43.098496,60,246.599758
10.497608,60,246.691015
28.14621,60,246.79119
36.057537,60,246.879672
42.730759,60,246.971802
49.550861,60,247.067337
52.316002,60,247.164196
21.64673,60,247.258715
47.45414,60,247.35834
48.567719,60,247.463814
55.500811,60,247.550586
55.93129,60,247.635523
43.2905,60,247.721304
42.831783,60,247.814846
48.979821,60,247.918032
45.332779,60,248.007679
52.719039,60,248.104662
30.195096,60,248.198375
52.625878,60,248.293984
42.247588,60,248.391836
42.407664,60,248.484946
49.435823,60,248.576996
49.217955,60,248.681246
23.092505,60,248.776323
39.245392,60,248.869908
49.663041,60,248.969579
25.117098,60,249.058873
52.726529,60,249.154531
39.906895,60,249.237562
21.886323,60,249.324683
44.373643,60,249.42137
39.049876,60,249.502891
49.340116,60,249.573854
35.847889,60,249.654416
49.94221,60,249.763777
52.25059,60,249.852297
39.831602,60,249.944059
54.368223,60,250.044717
27.486895,60,250.14221
18.478205,60,250.227819
53.233418,60,250.30379
47.419449,60,250.3917
54.969768,60,250.494653
47.389044,60,250.584549
55.419838,60,250.672646
41.969331,60,250.766105
38.164197,60,250.852668
43.296636,60,250.939973
51.206325,60,251.037309
42.443668,60,251.120287
47.964422,60,251.201356
31.131634,60,251.290401
50.979778,60,251.369478
47.593095,60,251.452399
53.148579,60,251.543544
53.383701,60,251.654509
44.354356,60,251.754602
54.192424,60,251.846056
54.131611,60,251.942886
42.996466,60,252.033193
29.162839,60,252.137114
26.318825,60,252.285024
45.57791,60,252.372512
32.673659,60,252.469642
51.847697,60,252.551133
37.234698,60,252.653513
46.109896,60,252.737957
54.006586,60,252.835562
45.614974,60,252.923748
52.347112,60,253.00872
38.826789,60,253.094778
52.332358,60,253.171734
25.767779,60,253.249613
36.568832,60,253.337657
56.238206,60,253.43234
25.595852,60,253.523437
44.533603,60,253.620332
56.251923,60,253.721332
45.372167,60,253.819875
55.429699,60,253.905364
33.993912,60,253.991871
47.741902,60,254.103369
49.516469,60,254.203818
49.275341,60,254.308384
40.654312,60,254.413902
14.652367,40,254.487743
49.459065,60,254.588458
43.409497,60,254.685801
56.510332,60,254.780701
55.291031,60,254.884937
49.197933,60,254.992273
42.421438,60,255.086405
44.902107,60,255.196057
44.765648,60,255.302547
33.83937,60,255.398637
50.459494,60,255.492104
54.147497,60,255.578489
46.863155,60,255.662141
39.294666,60,255.754965
45.71463,60,255.836759
44.354996,60,255.915251
45.470091,60,255.98868
50.071915,60,256.068057
52.083697,60,256.133354
44.246254,60,256.196746
33.942802,60,256.271193
53.180112,60,256.349692
44.640768,60,256.433694
46.72794,60,256.538471
55.236535,60,256.635589
52.63425,60,256.743625
32.432956,60,256.843242
15.613669,60,256.934825
49.855745,60,257.025894
18.775537,43,257.085791
44.472189,60,257.173109
40.679905,60,257.267461
36.966523,60,257.351972
45.444237,60,257.442612
51.82768,60,257.523158
44.975982,60,257.617205
52.95112,60,257.694123
47.729143,60,257.760993
54.943797,60,257.831929
54.886038,60,257.905396
46.114426,60,257.982369
33.957308,60,258.05767
33.79962,60,258.125234
56.588816,60,258.200212
25.561231,60,258.275233
56.608178,60,258.355753
55.185828,60,258.43074
43.96205,60,258.513989
48.611271,60,258.589373
38.286665,60,258.666858
49.733429,60,258.737691
43.818168,60,258.812579
40.638127,60,258.887937
52.188135,60,258.969439
50.904564,60,259.054549
53.978892,60,259.130424
27.329007,60,259.211516
50.046283,60,259.291555
39.687629,60,259.366454
49.229806,60,259.448485
52.764276,60,259.526339
42.707896,60,259.602783
31.404526,60,259.688358
53.373407,60,259.767389
52.679531,60,259.847377
52.322372,60,259.931383
38.215743,60,260.007187
51.202375,60,260.085232
54.643164,60,260.173194
43.769349,60,260.269304
53.631657,60,260.355756
45.177747,60,260.431602
43.394066,60,260.504319
50.082316,60,260.582144
46.03888,60,260.656078
51.296691,60,260.743152
44.421262,60,260.823163
49.773632,60,260.912685
42.887381,60,261.001734
40.08452,60,261.081787
28.263967,60,261.156397
43.696001,60,261.221302
14.596605,60,261.28013
48.796662,60,261.347598
50.952669,60,261.415167
44.769323,60,261.498703
38.742577,60,261.585214
44.168831,60,261.686327
49.762516,60,261.775763
42.491048,60,261.88138
49.429043,60,261.963913
49.201254,60,262.057569
32.626687,60,262.160195
49.387812,60,262.25979
27.618388,60,262.357033
50.922066,60,262.451061
24.910749,60,262.56383
51.229341,60,262.660535
40.324539,60,262.75423
51.763922,60,262.853241
47.027797,60,262.941246
52.287058,60,263.03259
35.229425,60,263.109397
41.511169,60,263.191652
48.113857,60,263.282654
48.55819,60,263.366181
48.700416,60,263.456825
52.350831,60,263.544507
51.303174,60,263.630788
9.725913,34,263.67763
46.188811,60,263.761663
45.105708,60,263.849175
55.222591,60,263.939729
12.806662,60,264.036903
40.905715,60,264.13746
46.176191,60,264.22945
52.022322,60,264.332581
56.813205,60,264.425033
55.128991,60,264.523754
50.101353,60,264.620432
47.583365,60,264.714187
50.573771,60,264.810812
41.075688,60,264.901257
35.386979,60,264.981957
55.026316,60,265.067732
34.658736,60,265.165764
40.962587,60,265.254708
45.672957,60,265.365255
49.621077,60,265.464406
44.082366,60,265.556933
52.79997,60,265.645072
39.531083,60,265.725694
48.554011,60,265.808177
54.940393,60,265.903209
44.839577,60,265.990746
49.410691,60,266.08679
35.324468,60,266.186348
34.387768,60,266.273815
48.899766,60,266.372545
49.096888,60,266.459527
55.765038,60,266.550054
51.687788,60,266.643685
47.826231,60,266.749353
43.880764,60,266.842409
55.290654,60,266.946003
52.823159,60,267.037861
51.729752,60,267.128354
53.9679,60,267.221327
55.31556,60,267.306751
37.755999,60,267.407237
40.687527,60,267.491863
23.291305,60,267.575719
14.317967,57,267.663886
49.751446,60,267.755
49.786205,60,267.840025
49.802027,60,267.919574
55.19411,60,268.014247
53.899379,60,268.103175
47.399878,60,268.191088
55.094207,60,268.274077
52.158203,60,268.351716
50.316665,60,268.431357
18.394477,41,268.488265
55.342154,60,268.574852
54.922061,60,268.661396
25.758681,60,268.762233
54.58305,60,268.841241
51.733214,60,268.92974
42.146431,60,269.008535
23.325231,59,269.10561
56.127795,60,269.190632
44.199037,60,269.280928
38.809141,60,269.369369
49.763513,60,269.456063
49.534117,60,269.559266
38.244612,60,269.645419
51.223296,60,269.740098
52.728026,60,269.837311
43.299054,60,269.924287
53.722004,60,270.023409
51.310403,60,270.121059
43.238028,60,270.218092
56.038227,60,270.304561
53.768597,60,270.415652
55.184677,60,270.528095
45.049584,60,270.643982
49.80654,60,270.746119
55.224404,60,270.847642
56.647636,60,270.94333
27.285932,60,271.042515
47.50893,60,271.173335
43.134633,60,271.281089
53.479596,60,271.424986
46.703902,60,271.5254
30.09344,60,271.634076
55.716025,60,271.736324
54.3583,60,271.840729
43.454478,60,271.9447
52.622165,60,272.055585
43.444421,60,272.157559
56.348808,60,272.256431
53.215207,60,272.375829
56.373567,60,272.482483
52.640131,60,272.596073
43.170992,60,272.706252
55.590488,60,272.820974
54.633167,60,272.93155
53.180688,60,273.038302
50.966314,60,273.151931
53.270557,60,273.251372
52.394661,60,273.360321
26.960626,55,273.457888
55.108911,60,273.556563
57.092441,60,273.662229
41.507711,60,273.758286
41.956793,60,273.859889
45.931776,60,273.953555
47.486216,60,274.046148
56.246986,60,274.141603
53.165308,60,274.241157
39.51835,60,274.338452
53.931128,60,274.437456
44.965423,60,274.545493
40.309949,60,274.658734
53.483047,60,274.748688
29.843061,60,274.840375
48.984078,60,274.932973
56.159701,60,275.026491
41.965125,60,275.125124
55.525917,60,275.221776
56.640464,60,275.316302
42.659689,60,275.419349
53.624928,60,275.499881
49.411098,60,275.592994
45.168311,60,275.686051
54.274219,60,275.78219
26.848397,51,275.865647
54.398117,60,275.960789
51.026908,60,276.053485
44.759564,60,276.147593
14.803471,40,276.214538
54.601388,60,276.312332
53.192268,60,276.412904
50.755505,60,276.515406
40.503523,60,276.601436
51.014084,60,276.684188
47.984616,60,276.771564
54.272935,60,276.850785
26.411709,60,276.933647
7.195488,34,276.984377
54.971332,60,277.080414
45.885363,60,277.185399
52.914623,60,277.276983
43.508139,60,277.375118
48.375868,60,277.466245
51.318032,60,277.552819
48.413069,60,277.656936
40.923505,60,277.748371
51.721163,60,277.841845
49.452885,60,277.93923
43.578433,60,278.05281
44.882328,60,278.15603
54.139667,60,278.250739
44.603437,60,278.340378
23.091056,60,278.447126
55.69938,60,278.542789
22.910661,60,278.626771
53.312272,60,278.723224
47.557712,60,278.813762
52.085102,60,278.907298
50.423759,60,279.011451
40.934767,60,279.097943
37.007027,60,279.189032
40.675624,60,279.270109
50.207354,60,279.350554
47.934836,60,279.431233
55.25508,60,279.517239
56.228178,60,279.602855
47.114679,60,279.684896
50.13515,60,279.765362
54.10929,60,279.848149
52.999528,60,279.94085
52.077535,60,280.029828
14.07404,36,280.093087
51.933087,60,280.192062
48.086844,60,280.281918
54.954234,60,280.371274
50.711115,60,280.457836
46.136714,60,280.643515
51.854529,60,280.729088
34.050148,60,280.812678
53.138216,60,280.930376
55.457473,60,281.01804
55.078254,60,281.109487
42.131732,60,281.231672
41.436466,60,281.32614
42.405575,60,281.428157
54.899371,60,281.526104
44.178424,60,281.62549
46.194386,60,281.732993
50.192006,60,281.832162
48.199618,60,281.948858
54.910305,60,282.050061
46.646778,60,282.146025
41.521987,60,282.233032
56.029845,60,282.328053
56.513386,60,282.427077
42.089599,60,282.50886
44.334641,60,282.601469
51.364607,60,282.683529
34.319928,60,282.771584
45.681013,60,282.857023
50.637886,60,282.943208
56.563622,60,283.031814
37.846582,60,283.117862
36.529637,60,283.204999
52.088413,60,283.290464
20.290791,45,283.349772
14.950177,54,283.427356
42.571617,60,283.516931
43.36074,60,283.601408
52.361587,60,283.685473
33.056465,60,283.781611
49.274806,60,283.863712
52.115493,60,283.950694
53.938446,60,284.030131
53.907738,60,284.110559
54.453003,60,284.198136
47.196567,60,284.281118
41.709304,60,284.363617
54.784689,60,284.446579
53.772807,60,284.531446
53.131451,60,284.610951
48.884501,60,284.691889
54.450553,60,284.776342
56.7702,60,284.855027
54.194566,60,284.933846
47.049043,60,285.013038
54.135628,60,285.08538
41.624359,60,285.152354
53.105137,60,285.231815
33.965479,60,285.313883
47.099424,60,285.392351
47.156201,60,285.478882
50.243997,60,285.557976
55.903151,60,285.636625
37.711023,60,285.716939
56.092647,60,285.795355
43.646069,60,285.877868
53.558865,60,285.958858
54.971803,60,286.040926
49.996272,60,286.12401
49.83525,60,286.206493
50.521536,60,286.295665
52.451301,60,286.379118
55.476854,60,286.463624
53.851058,60,286.551036
55.807244,60,286.633485
50.339687,60,286.738961
52.362902,60,286.824711
50.203601,60,286.908034
54.828784,60,286.992583
56.337761,60,287.091743
35.163202,60,287.16012
30.139134,60,287.219111
52.484175,60,287.291936
47.447167,60,287.368862
47.490512,60,287.449874
36.690655,60,287.525453
55.354807,60,287.602858
53.139321,60,287.679932
50.231764,60,287.759518
56.743407,60,287.835575
56.343841,60,287.91708
55.287186,60,287.996608
55.760099,60,288.071099
47.373433,60,288.144231
50.182302,60,288.220664
35.010933,60,288.301232
37.971869,60,288.37852
41.521662,60,288.449681
53.769262,60,288.525293
54.350825,60,288.59624
37.46098,60,288.677312
49.231637,60,288.753232
50.039034,60,288.83332
54.665179,60,288.919984
55.264172,60,288.998714
51.924946,60,289.093678
57.353699,60,289.165036
25.512556,60,289.2265
51.930881,60,289.308059
52.157355,60,289.390129
54.026122,60,289.471526
48.214793,60,289.562066
44.867685,60,289.663687
43.06073,60,289.757217
56.769682,60,289.853785
53.635781,60,289.936769
56.987984,60,290.023679
55.781625,60,290.107154
21.518023,49,290.182625
50.192842,60,290.279246
49.290556,60,290.374372
39.983866,60,290.4776
55.417357,60,290.563193
44.019133,60,290.647136
43.243227,60,290.745731
56.790013,60,290.845666
56.203557,60,290.927115
56.297788,60,291.027694
55.428636,60,291.117187
55.878876,60,291.21563
54.238454,60,291.311202
54.242344,60,291.404179
55.017879,60,291.515745
49.685328,60,291.61292
52.185097,60,291.708044
54.16243,60,291.821937
55.230367,60,291.92411
55.321949,60,292.034328
30.626109,60,292.155095
50.751522,60,292.269264
55.995289,60,292.37286
53.50854,60,292.471463
56.289359,60,292.569037
37.254513,60,292.67072
51.599685,60,292.776887
51.1357,60,292.877532
53.539744,60,292.993683
40.180114,60,293.094401
34.577011,60,293.197335
49.236193,60,293.299705
56.339067,60,293.385523
56.505502,60,293.502377
56.0706,60,293.610524
42.629727,60,293.704488
41.127345,60,293.815967
41.216452,60,293.927048
55.390313,60,294.029078
48.977135,60,294.13457
56.582184,60,294.247759
37.453534,60,294.364043
50.769272,60,294.460571
39.504738,60,294.550069
51.2286,60,294.647145
41.134046,60,294.746932
38.984261,60,294.845397
43.787692,60,294.934525
48.258826,60,295.028664
29.992899,60,295.122654
44.588368,60,295.224349
47.76879,60,295.308656
54.171241,60,295.399854
56.714816,60,295.497322
48.616566,60,295.589323
51.848025,60,295.685166
56.628247,60,295.766264
42.168572,60,295.86608
46.628042,60,295.956226
38.786288,60,296.05137
51.423613,60,296.136986
55.227192,60,296.234962
51.948024,60,296.310911
45.009715,60,296.389931
53.862125,60,296.466165
56.21565,60,296.55315
55.834178,60,296.644361
50.758902,60,296.738311
49.865087,60,296.835114
53.982606,60,296.91861
55.414763,60,297.009701
54.883628,60,297.099671
56.678412,60,297.193674
56.736898,60,297.285419
55.678002,60,297.385972
50.982905,60,297.485445
44.331624,60,297.603111
53.010202,60,297.703619
42.611601,60,297.800302
49.915794,60,297.902596
56.742841,60,297.991599
55.997824,60,298.091581
29.891298,60,298.185591
49.908507,60,298.279727
47.14923,60,298.445816
54.625458,60,298.543327
42.558048,60,298.627756
54.629513,60,298.71229
41.920119,60,298.806231
55.511119,60,298.895094
29.850815,60,298.985766
55.074676,60,299.077186
54.453719,60,299.167259
56.460846,60,299.265516
53.518267,60,299.356968
51.723683,60,299.451523
45.28104,60,299.534515
53.9863,60,299.631156
54.363446,60,299.719712
52.578607,60,299.816186
55.459791,60,299.907643
13.805128,34,299.958441
47.245807,60,300.057636
52.77556,60,300.147639
30.153798,59,300.243077
55.483651,60,300.321439
49.854415,60,300.408857
47.65449,60,300.506388
35.678927,60,300.597463
56.043692,60,300.700222
54.901984,60,300.79867
44.304151,60,300.883556
45.537787,60,300.98361
56.605851,60,301.078507
55.268229,60,301.168615
51.85705,60,301.262726
52.533094,60,301.357526
56.9404,60,301.447627
46.238897,60,301.534281
53.333146,60,301.625023
49.692691,60,301.709855
21.092843,60,301.801286
47.337799,60,301.892238
32.766075,60,301.988919
56.66555,60,302.090588
44.073553,60,302.176471
53.379245,60,302.273261
52.773115,60,302.363277
51.043037,60,302.456764
55.038024,60,302.54317
48.575531,60,302.643009
55.975217,60,302.738501
53.761725,60,302.836332
55.647908,60,302.933863
56.827213,60,303.01529
55.443181,60,303.109312
44.425922,60,303.198542
55.632629,60,303.280931
50.536849,60,303.385905
53.880297,60,303.474231
42.641215,60,303.565094
47.281559,60,303.657007
55.306542,60,303.753286
55.449216,60,303.842302
38.175044,60,303.937362
53.638432,60,304.022063
42.764323,60,304.111686
54.181858,60,304.201283
53.824821,60,304.295259
55.844387,60,304.379221
52.346762,60,304.475832
50.769763,60,304.563284
53.128467,60,304.655787
52.773089,60,304.747237
45.127587,60,304.836931
52.584849,60,304.929954
58.192453,60,305.030719
55.358427,60,305.119706
50.061886,60,305.218918
45.421559,60,305.310386
55.145629,60,305.401787
49.808497,60,305.500334
56.345368,60,305.588807
55.328681,60,305.68748
56.124804,60,305.782251
42.603412,60,305.871781
54.261417,60,305.981598
48.678954,60,306.071091
49.900533,60,306.153028
47.061667,60,306.238535
55.827478,60,306.331896
55.129227,60,306.418309
53.436719,60,306.510496
54.847687,60,306.617546
44.953998,60,306.710057
50.968735,60,306.802707
50.294219,60,306.893869
43.884158,60,306.970258
55.424539,60,307.057085
55.201756,60,307.143195
56.268396,60,307.225652
56.512994,60,307.323273
57.573291,60,307.402368
55.339147,60,307.479405
49.734104,60,307.557345
54.073457,60,307.63438
55.586284,60,307.714831
57.740743,60,307.807084
57.059239,60,307.900588
54.078129,60,307.982416
51.827555,60,308.073882
53.794013,60,308.158544
55.15243,60,308.239828
35.50545,60,308.312589
53.233055,60,308.391002
40.07674,60,308.481838
54.582272,60,308.5694
25.919052,59,308.650378
53.773352,60,308.734572
55.333406,60,308.823173
55.752579,60,308.911186
42.999297,60,309.000118
55.014768,60,309.093219
56.292386,60,309.173678
53.413904,60,309.25127
53.753571,60,309.422481
48.909064,60,309.516186
56.924156,60,309.598717
52.575447,60,309.682604
52.827179,60,309.761045
54.729795,60,309.852935
38.384756,60,309.946452
53.659263,60,310.033057
47.373729,60,310.120913
52.288767,60,310.211276
55.268474,60,310.297548
49.129637,60,310.367511
56.7734,60,310.436957
49.834297,60,310.502256
53.669927,60,310.568697
49.93987,60,310.637233
56.640997,60,310.707268
50.731395,60,310.799473
56.811301,60,310.883916
51.272511,60,310.974307
54.64776,60,311.055873
54.856628,60,311.141266
54.731519,60,311.226763
53.775277,60,311.315464
54.625892,60,311.400028
53.708386,60,311.483575
55.524216,60,311.575281
56.478171,60,311.653747
53.854624,60,311.731624
55.727218,60,311.797389
45.709322,60,311.854243
56.564172,60,311.922648
46.602219,60,311.991894
49.760696,60,312.063545
56.269443,60,312.134513
55.975721,60,312.205982
55.235253,60,312.276779
56.453285,60,312.348558
54.190561,60,312.41867
54.068619,60,312.486145
51.432179,60,312.555675
57.591446,60,312.627243
56.378023,60,312.699203
56.00529,60,312.77015
55.95987,60,312.837615
54.457896,60,312.915479
46.5486,60,312.991706
54.658501,60,313.065019
37.349578,60,313.147476
36.248763,60,313.225456
53.902912,60,313.295449
40.390889,60,313.371525
57.21055,60,313.434431
55.658395,60,313.510139
18.559977,60,313.582645
51.047686,60,313.661636
38.399136,60,313.73352
39.40335,60,313.808516
56.623689,60,313.880526
55.389868,60,313.953487
48.572555,60,314.020466
54.403169,60,314.091963
56.679088,60,314.162758
53.839833,60,314.23107
52.879354,60,314.299492
54.558483,60,314.365465
56.398526,60,314.438972
53.772314,60,314.509405
57.210117,60,314.57439
51.65982,60,314.649363
38.149364,60,314.721765
50.349706,60,314.801264
55.408024,60,314.877232
37.673869,60,314.951026
55.923778,60,315.026569
55.520062,60,315.103143
51.534338,60,315.17164
53.14279,60,315.252649
58.019052,60,315.340167
54.693269,60,315.416584
53.22792,60,315.494879
55.357775,60,315.571355
53.168924,60,315.64996
54.771648,60,315.728467
55.37679,60,315.800425
50.760433,60,315.875415
54.884774,60,315.945763
32.279932,60,316.023315
38.104783,60,316.097249
54.425223,60,316.17579
46.300293,60,316.256748
55.603154,60,316.342225
49.062427,60,316.41343
52.44828,60,316.481929
53.048891,60,316.554959
55.141322,60,316.650647
55.525531,60,316.744275
39.023912,60,316.844489
55.21395,60,316.941601
16.243558,40,317.002981
54.049613,60,317.101723
55.375721,60,317.196648
47.266934,60,317.288582
43.567045,60,317.371073
49.39606,60,317.462265
55.828128,60,317.550787
55.594825,60,317.635239
54.568014,60,317.731915
52.082385,60,317.812324
53.931317,60,317.903241
53.376107,60,318.002658
55.709421,60,318.092974
55.152132,60,318.182571
52.911816,60,318.255556
56.609361,60,318.351778
48.450389,60,318.422447
35.587333,60,318.489772
42.837202,60,318.552119
37.385379,60,318.624014
56.647587,60,318.697468
53.017852,60,318.786538
42.386707,60,318.885874
51.388919,60,319.031345
54.851416,60,319.109334
53.767416,60,319.188385
56.63293,60,319.263824
55.699214,60,319.338647
55.490624,60,319.408672
56.659874,60,319.49572
56.963965,60,319.576773
56.161127,60,319.655684
56.529787,60,319.740954
51.493088,60,319.821869
51.051955,60,319.90636
56.159089,60,319.990876
47.601611,60,320.072391
54.788004,60,320.158099
55.22676,60,320.230618
54.394037,60,320.307029
51.431889,60,320.394924
53.019786,60,320.468064
42.984718,60,320.546448
56.878015,60,320.634959
55.000028,60,320.714413
46.074959,60,320.800988
54.830838,60,320.875427
56.610506,60,320.954464
56.045799,60,321.033572
55.954042,60,321.109917
48.132683,60,321.186927
52.793124,60,321.26191
34.619207,60,321.339976
51.861398,60,321.425457
46.347722,60,321.500983
31.939083,60,321.58808
41.696971,60,321.687013
56.754679,60,321.776806
55.387107,60,321.859117
54.491465,60,321.945632
55.532373,60,322.021161
55.956805,60,322.112159
56.520467,60,322.19202
56.967252,60,322.274506
49.825597,60,322.373104
55.376384,60,322.451119
55.955933,60,322.527732
53.181648,60,322.611348
56.415906,60,322.686272
56.715038,60,322.763744
53.489162,60,322.847245
51.543492,60,322.928732
49.854495,60,323.008142
54.607581,60,323.090181
54.712575,60,323.167271
55.669815,60,323.256387
36.086186,60,323.346531
55.959169,60,323.426579
40.837921,60,323.513055
41.361641,60,323.591091
40.51469,60,323.672519
44.211311,60,323.75603
56.79052,60,323.840961
34.527827,60,323.922572
52.037928,60,323.984933
51.894399,60,324.051342
54.560201,60,324.149942
31.927339,60,324.222853
54.785112,60,324.33857
51.287363,60,324.436235
47.074405,60,324.52539
29.990701,60,324.618958
52.086496,60,324.712117
56.429049,60,324.812657
50.50084,60,324.910606
49.811063,60,325.006446
33.551041,60,325.098129
25.609665,60,325.195799
50.815125,60,325.28989
45.485754,60,325.392985
50.607962,60,325.478917
54.506549,60,325.582104
54.415516,60,325.694095
58.162729,60,325.784554
37.069899,60,325.876975
55.379698,60,325.97511
56.419476,60,326.067065
56.431742,60,326.155915
52.646893,60,326.248625
39.458453,60,326.333108
52.319951,60,326.42094
57.492413,60,326.524846
56.243754,60,326.61736
35.832053,60,326.720506
55.656146,60,326.820673
56.203232,60,326.916348
55.193706,60,327.00244
53.453747,60,327.090856
48.648248,60,327.20984
51.760384,60,327.316262
11.678758,60,327.429582
51.61211,60,327.517082
57.238466,60,327.607292
18.402895,39,327.665219
54.932317,60,327.757189
53.917781,60,327.841207
57.365124,60,327.923842
49.580991,60,328.03498
53.493541,60,328.138286
50.239403,60,328.245535
14.328513,42,328.318229
57.103152,60,328.409237
54.560282,60,328.536577
51.381201,60,328.719175
11.294271,31,328.764922
19.700788,60,328.855455
46.087999,60,328.98485
55.677256,60,329.094363
47.979909,60,329.19444
56.325028,60,329.276924
51.569554,60,329.368917
52.23683,60,329.460889
53.219449,60,329.562
55.979307,60,329.646072
55.278432,60,329.737044
56.5433,60,329.824833
56.126353,60,329.909313
54.358658,60,330.003735
54.697503,60,330.112424
57.073825,60,330.219817
48.326826,60,330.316941
55.679177,60,330.421508
55.145228,60,330.513602
55.211935,60,330.610771
56.813756,60,330.712206
46.487226,60,330.818416
56.74499,60,330.929084
54.230726,60,331.034742
55.750744,60,331.139759
55.773853,60,331.232665
29.573219,60,331.324644
57.498129,60,331.434218
54.630439,60,331.536139
54.745482,60,331.628563
54.721756,60,331.724512
57.020025,60,331.845294
52.935457,60,331.953344
46.885947,60,332.048851
41.098179,60,332.145672
52.482465,60,332.240073
53.695326,60,332.348081
56.15712,60,332.454885
54.109351,60,332.572172
54.256212,60,332.668257
50.867455,60,332.760125
56.487571,60,332.854703
53.85636,60,332.949842
55.819532,60,333.036888
47.589235,60,333.136082
51.272337,60,333.225136
56.18971,60,333.314661
55.60491,60,333.421793
55.723841,60,333.514699
56.747579,60,333.6046
56.043,60,333.700164
42.368818,60,333.788704
57.841773,60,333.872251
57.625654,60,333.95278
53.476446,60,334.041758
55.845174,60,334.125858
56.502525,60,334.21828
56.530037,60,334.307191
47.928522,60,334.390205
57.274661,60,334.485265
27.705924,60,334.568372
57.522606,60,334.646367
55.267886,60,334.727899
53.398888,60,334.810902
55.180662,60,334.897984
57.235776,60,334.987595
53.086233,60,335.08315
56.033544,60,335.182101
56.329621,60,335.266028
56.4392,60,335.365449
56.715248,60,335.451288
56.633025,60,335.536802
56.380564,60,335.623429
56.903475,60,335.707046
24.704821,50,335.780959
52.076635,60,335.861824
53.844807,60,335.957338
51.987125,60,336.047107
54.106663,60,336.13674
48.957722,60,336.229812
51.254367,60,336.318907
55.009399,60,336.418764
40.599151,60,336.501831
19.381245,58,336.596881
49.885306,60,336.689739
56.098044,60,336.781694
47.138538,60,336.879873
51.595093,60,336.972144
54.255572,60,337.062271
48.046175,60,337.144814
53.467901,60,337.220466
56.762119,60,337.31053
57.637713,60,337.410693
54.991472,60,337.500589
56.447621,60,337.597013
56.491058,60,337.687925
17.862543,60,337.769323
52.059799,60,337.85568
57.085879,60,337.935629
56.574184,60,338.026265
53.191432,60,338.126977
56.630884,60,338.223572
55.656348,60,338.321323
55.993755,60,338.414771
26.757475,56,338.503434
55.086424,60,338.597799
35.041468,60,338.683493
57.684416,60,338.780987
49.478287,60,338.883108
56.2072,60,338.975155
46.751205,60,339.067731
49.641594,60,339.166776
54.670217,60,339.263814
56.410313,60,339.34881
28.274713,60,339.444014
52.018899,60,339.529007
36.599073,60,339.616905
54.739496,60,339.699945
57.295536,60,339.774966
54.302232,60,339.856394
54.398971,60,339.946755
53.806369,60,340.032772
56.958742,60,340.12836
56.874637,60,340.220302
56.421021,60,340.303199
56.138599,60,340.394336
46.702199,60,340.486516
50.549501,60,340.561829
48.629628,60,340.650356
55.603284,60,340.737838
57.241223,60,340.820873
47.184486,60,340.920725
35.355653,60,341.011607
55.132569,60,341.102559
51.883137,60,341.190686
49.771624,60,341.269571
51.60949,60,341.362529
52.590913,60,341.443996
53.268712,60,341.520504
53.456596,60,341.609258
37.873539,60,341.693377
54.799714,60,341.777213
56.210248,60,341.854696
54.280711,60,341.942912
52.951119,60,342.028435
31.459486,60,342.108914
34.234949,60,342.191963
55.498027,60,342.2681
50.250352,60,342.34278
42.678479,60,342.424208
55.629255,60,342.512005
56.041874,60,342.587248
46.777749,60,342.682959
42.286461,60,342.761772
52.641452,60,342.846214
57.26441,60,342.924265
56.23764,60,343.006854
56.459739,60,343.091905
56.199645,60,343.184397
56.934326,60,343.269362
4.277529,25,343.300969
56.050256,60,343.386744
55.021701,60,343.476351
56.34876,60,343.555115
51.286409,60,343.64337
55.164788,60,343.728471
47.246876,60,343.812844
55.460366,60,343.904366
57.469174,60,343.979841
55.403864,60,344.065372
57.104711,60,344.143353
57.210603,60,344.227771
41.743018,60,344.31329
43.999468,60,344.41084
54.87787,60,344.500712
44.655165,60,344.58199
49.058816,60,344.662183
21.658767,60,344.74237
53.661025,60,344.82011
55.599203,60,344.901551
56.582933,60,344.994671
54.884128,60,345.085312
54.93387,60,345.176398
56.385669,60,345.261898
56.644678,60,345.342043
56.854557,60,345.427604
56.750141,60,345.513148
53.526103,60,345.593555
56.820008,60,345.684896
23.092999,60,345.772814
56.535761,60,345.855399
52.188551,60,345.945976
45.955959,60,346.030531
42.206251,60,346.120049
57.406482,60,346.211078
54.619961,60,346.290506
54.843818,60,346.382893
56.368307,60,346.466431
57.098901,60,346.550953
36.842021,60,346.639018
55.817882,60,346.726819
52.411818,60,346.812085
53.595481,60,346.899113
55.990673,60,346.986876
48.511344,60,347.069415
55.348874,60,347.157476
52.552499,60,347.234024
52.268526,60,347.308623
49.763305,60,347.386146
55.810328,60,347.469659
55.786917,60,347.5642
41.275494,60,347.649073
43.851853,60,347.743258
52.015396,60,347.826616
52.357828,60,347.910343
17.308341,60,347.99286
56.838709,60,348.07288
41.820736,60,348.157512
56.135672,60,348.246615
50.968547,60,348.331057
54.202724,60,348.423098
56.345552,60,348.519397
56.721561,60,348.599831
57.400969,60,348.68689
56.871284,60,348.765978
55.675957,60,348.84794
53.453467,60,348.935571
56.594965,60,349.030552
56.820077,60,349.116832
53.016108,60,349.211857
44.046416,60,349.296508
47.552432,60,349.395062
56.469849,60,349.478588
55.226304,60,349.567471
54.792941,60,349.655865
56.329113,60,349.745264
57.157422,60,349.825846
57.466751,60,349.908409
56.150594,60,349.985479
57.449076,60,350.082061
56.461949,60,350.169073
56.905584,60,350.264624
55.578117,60,350.358629
56.665482,60,350.447576
55.452727,60,350.537642
53.085667,60,350.63325
55.988823,60,350.715355
54.939783,60,350.803898
55.984849,60,350.914465
56.266345,60,351.007453
52.500798,60,351.11443
53.574472,60,351.201353
51.886848,60,351.301275
55.944061,60,351.396146
38.721736,60,351.491035
56.279065,60,351.597537
53.764537,60,351.686716
29.802548,60,351.777943
56.914646,60,351.871936
55.697001,60,351.966481
56.895842,60,352.061844
56.16767,60,352.169968
55.927211,60,352.270676
50.372776,60,352.388762
44.869811,60,352.488372
48.455339,60,352.571884
57.340724,60,352.685567
36.969259,60,352.774015
55.429809,60,352.87358
55.25951,60,352.970592
56.619756,60,353.059017
56.590589,60,353.146495
12.903881,53,353.224882
56.436283,60,353.320517
55.840479,60,353.411943
55.089527,60,353.50257
56.639449,60,353.587636
56.939734,60,353.672539
44.361051,60,353.756668
56.68338,60,353.84275
54.748413,60,353.931258
57.075963,60,354.017745
48.291826,60,354.10844
35.915525,60,354.204556
45.354793,60,354.294101
53.510572,60,354.384678
55.835403,60,354.466023
55.215983,60,354.552914
58.588026,60,354.636793
12.564309,35,354.686496
55.331937,60,354.775925
45.100001,60,354.856238
55.885445,60,354.936578
50.937628,60,355.014443
55.622862,60,355.096933
19.015587,42,355.151272
53.279658,60,355.242417
34.889505,60,355.321983
56.512531,60,355.411348
56.984886,60,355.4851
50.850583,60,355.564763
37.342394,60,355.641185
56.438229,60,355.714748
44.330826,60,355.79628
56.675607,60,355.875884
57.063725,60,355.965546
45.670145,60,356.052638
54.882907,60,356.136631
56.759867,60,356.227619
44.58627,60,356.312697
55.521822,60,356.402734
57.241987,60,356.487349
56.519339,60,356.568835
58.199454,60,356.65824
57.389491,60,356.740197
37.042127,60,356.822085
56.121705,60,356.90203
57.562727,60,356.985602
54.257151,60,357.065175
55.754005,60,357.155278
56.809694,60,357.240351
53.65601,60,357.320798
56.368905,60,357.410279
56.363422,60,357.480757
49.001596,60,357.556623
53.321579,60,357.631439
51.977916,60,357.712095
53.021621,60,357.793328
57.754826,60,357.877832
26.788454,60,357.96379
57.405998,60,358.048293
51.902789,60,358.128791
57.120909,60,358.211754
57.566451,60,358.303353
32.098979,60,358.38589
49.561329,60,358.472668
57.033392,60,358.554067
54.868017,60,358.641438
56.675359,60,358.73163
57.785147,60,358.81017
54.165502,60,358.894148
51.752765,60,358.985754
50.035869,60,359.067258
54.78495,60,359.156287
50.824172,60,359.246252
55.77558,60,359.33327
56.049463,60,359.421771
57.665321,60,359.504677
53.131475,60,359.590773
55.872495,60,359.679714
57.057644,60,359.774776
57.017351,60,359.863123
54.907388,60,359.956648
57.078708,60,360.040234
56.411652,60,360.11929
56.063728,60,360.194741
57.398861,60,360.286264
54.723198,60,360.382803
57.15685,60,360.483278
25.938892,51,360.561355
54.912477,60,360.653301
57.540734,60,360.732183
41.642166,60,360.826266
25.667728,60,360.912412
53.298014,60,361.00757
47.727135,60,361.103998
56.116582,60,361.191035
52.13885,60,361.283669
53.379716,60,361.370683
55.527799,60,361.4597
56.952846,60,361.553282
57.949089,60,361.649787
57.677459,60,361.744332
56.564655,60,361.84304
56.436515,60,361.931063
58.169863,60,362.023976
44.024929,60,362.122896
52.946139,60,362.207181
55.476978,60,362.301554
53.545348,60,362.395126
53.649076,60,362.493763
56.855983,60,362.585333
56.58581,60,362.680888
57.383148,60,362.763806
56.921117,60,362.855487
57.50141,60,362.950141
49.550078,60,363.040753
52.445984,60,363.146435
55.806833,60,363.241045
55.628671,60,363.329552
39.295926,60,363.42816
23.413272,56,363.517724
52.824191,60,363.600213
50.944866,60,363.691098
56.812532,60,363.786623
52.440583,60,363.883578
56.415124,60,363.984191
56.990781,60,364.078839
52.729298,60,364.168279
57.345443,60,364.27814
54.352717,60,364.367201
51.966447,60,364.479494
40.749187,60,364.579129
33.647428,60,364.674725
56.381298,60,364.780797
56.792957,60,364.878651
52.91009,60,364.986284
54.531061,60,365.095595
28.036028,60,365.200719
57.540768,60,365.372219
56.764504,60,365.47594
55.976246,60,365.577911
54.888567,60,365.66539
54.828372,60,365.761364
34.944329,60,365.849355
56.50858,60,365.935806
56.450309,60,366.02442
54.246228,60,366.12458
56.319026,60,366.221283
41.002861,60,366.317467
56.571602,60,366.406065
56.643914,60,366.500221
52.297327,60,366.591316
54.868085,60,366.682036
55.875748,60,366.762509
50.846416,60,366.856458
56.234906,60,366.948352
57.182357,60,367.043922
50.445988,60,367.134869
54.549721,60,367.233567
54.979125,60,367.329703
48.569694,60,367.422755
55.416154,60,367.513296
56.439414,60,367.598075
47.534981,60,367.70103
42.475064,60,367.797479
51.774447,60,367.901613
49.475794,60,368.005723
56.680619,60,368.107489
53.207343,60,368.199058
54.583496,60,368.288086
56.036197,60,368.385036
55.980925,60,368.47992
51.676911,60,368.568894
57.374929,60,368.660761
43.803144,60,368.748373
52.337591,60,368.843497
55.772771,60,368.931998
55.90978,60,369.020583
53.78019,60,369.113535
53.729251,60,369.203022
56.335157,60,369.297038
22.587808,53,369.386477
58.048393,60,369.474425
53.710256,60,369.564424
49.950387,60,369.666584
52.797587,60,369.752205
52.494677,60,369.852435
49.795966,60,369.936455
50.481916,60,370.033122
55.715052,60,370.12544
57.319943,60,370.214356
56.069881,60,370.30153
55.946439,60,370.388525
56.454256,60,370.478009
56.566737,60,370.572037
19.968279,60,370.667624
56.984518,60,370.75566
56.647675,60,370.844099
28.327985,60,370.934515
55.69021,60,371.016481
56.477144,60,371.1051
56.935884,60,371.188174
57.149822,60,371.271727
56.422352,60,371.365705
56.18583,60,371.451308
56.092551,60,371.541409
56.344615,60,371.645169
57.277745,60,371.721114
38.270542,60,371.806097
52.669068,60,371.898603
11.854466,39,371.954429
56.565162,60,372.045894
56.181818,60,372.140653
56.642977,60,372.224726
54.176657,60,372.314713
57.2463,60,372.410829
50.151627,60,372.507448
56.499076,60,372.60153
56.318738,60,372.685831
11.650411,60,372.772697
57.966223,60,372.867546
47.793383,60,372.953463
55.156379,60,373.050569
55.385202,60,373.148579
55.82464,60,373.239058
53.460443,60,373.322615
43.912155,60,373.423285
54.90591,60,373.508232
49.338514,60,373.59877
52.425039,60,373.684285
56.803602,60,373.766421
47.970889,60,373.848648
52.553434,60,373.946282
56.697298,60,374.032726
55.314812,60,374.122831
56.604798,60,374.216357
56.520919,60,374.301399
55.793194,60,374.381891
50.167213,60,374.458295
52.560967,60,374.544594
55.618736,60,374.625978
50.803052,60,374.720082
53.369439,60,374.792511
56.401065,60,374.875937
58.172875,60,374.961405
55.643495,60,375.040739
57.127379,60,375.127759
50.196329,60,375.214199
47.244258,60,375.298689
55.094922,60,375.390324
19.634783,42,375.449806
56.144906,60,375.544186
52.544791,60,375.630757
55.145608,60,375.724691
51.27647,60,375.803215
54.803949,60,375.888758
50.419717,60,375.98438
56.145241,60,376.067717
57.487613,60,376.155483
43.808842,60,376.234695
57.262747,60,376.314904
48.531734,60,376.396324
57.137239,60,376.482907
57.100451,60,376.574369
56.300022,60,376.664848
53.6534,60,376.751977
55.459455,60,376.844944
38.953678,60,376.930954
56.771027,60,377.021577
51.418551,60,377.114254
51.263323,60,377.198303
52.758431,60,377.295397
54.438501,60,377.384309
56.91071,60,377.482807
53.91795,60,377.566149
53.467409,60,377.652427
41.138178,60,377.748927
56.544549,60,377.835954
43.744422,60,377.920998
56.600004,60,378.010614
56.102211,60,378.100169
19.347587,38,378.160049
54.322047,60,378.246138
57.001377,60,378.342421
34.085818,60,378.425859
55.086185,60,378.524236
56.703279,60,378.615536
50.427248,60,378.700371
57.470625,60,378.778974
56.815545,60,378.859049
57.391299,60,378.940694
56.833047,60,379.032244
53.617848,60,379.120395
56.532943,60,379.211933
54.86981,60,379.301392
56.123668,60,379.386863
37.874591,60,379.464748
56.512126,60,379.549004
57.242961,60,379.636296
56.401299,60,379.718837
56.750738,60,379.814885
57.690337,60,379.895863
56.683306,60,379.982875
47.149548,60,380.074292
56.171231,60,380.155093
51.261876,60,380.247987
54.916383,60,380.336662
37.575737,60,380.428239
51.501433,60,380.525383
55.567083,60,380.613928
56.667707,60,380.705046
56.348953,60,380.795026
45.585529,60,380.885084
53.0062,60,380.970567
56.997337,60,381.068505
57.91306,60,381.165765
57.343664,60,381.252059
52.321239,60,381.345481
56.687293,60,381.433007
46.756378,60,381.516997
50.755624,60,381.600674
49.990904,60,381.685771
36.955631,60,381.779365
57.111804,60,381.879121
55.380855,60,381.969257
57.622732,60,382.05579
54.798627,60,382.141259
57.373323,60,382.228356
48.649581,60,382.304671
56.90813,60,382.395806
56.129253,60,382.479378
52.605707,60,382.562957
21.754046,60,382.64547
55.050244,60,382.725409
56.043059,60,382.816921
54.968817,60,382.901932
52.391129,60,382.978942
40.32314,60,383.082205
55.199513,60,383.193297
56.543379,60,383.31339
55.840296,60,383.408702
57.237291,60,383.501084
56.361271,60,383.584131
20.780067,60,383.666057
50.899881,60,383.755368
57.2283,60,383.844689
57.15214,60,383.925387
57.313291,60,384.015512
57.032347,60,384.093813
54.572857,60,384.186051
57.762495,60,384.267147
55.477522,60,384.353697
56.768735,60,384.448308
53.40279,60,384.53232
56.280959,60,384.615813
55.966621,60,384.70949
57.06013,60,384.798608
39.390144,60,384.887679
56.471885,60,384.980599
56.411631,60,385.065285
56.276694,60,385.154
52.865019,60,385.237942
56.859921,60,385.319497
54.156309,60,385.416794
57.567496,60,385.499782
44.995425,60,385.594424
55.272103,60,385.678418
55.43659,60,385.769158
51.488821,60,385.858103
56.503241,60,385.951583
55.895167,60,386.031091
50.357279,60,386.121642
50.146294,60,386.210094
57.284681,60,386.293705
55.217183,60,386.37685
53.366051,60,386.457819
54.360949,60,386.534525
53.227951,60,386.609984
51.900711,60,386.694894
55.369498,60,386.776828
55.647436,60,386.861181
56.378795,60,386.953714
53.141163,60,387.043137
51.997124,60,387.123136
49.874352,60,387.20153
57.782288,60,387.290602
56.514399,60,387.377521
57.492325,60,387.467155
56.867491,60,387.553662
56.811193,60,387.638212
52.429244,60,387.726827
56.78213,60,387.808258
50.157779,60,387.891795
39.093369,60,387.981449
56.467424,60,388.060504
57.496233,60,388.150997
55.420916,60,388.248503
56.721068,60,388.335387
57.170828,60,388.438594
25.410208,60,388.534177
53.672982,60,388.615139
56.928961,60,388.703684
54.904262,60,388.795632
52.101467,60,388.881463
50.475301,60,388.962333
55.322907,60,389.044458
56.455355,60,389.119457
55.565135,60,389.197953
44.353029,60,389.282113
53.253,60,389.367548
44.617835,60,389.462404
20.742945,60,389.548969
56.973232,60,389.635005
52.032094,60,389.720031
38.093966,60,389.80667
31.22107,59,389.889144
48.143055,60,389.969655
54.621298,60,390.057069
56.195313,60,390.144542
56.521751,60,390.235691
56.97048,60,390.320241
54.539355,60,390.407275
45.307767,60,390.496786
15.728066,38,390.549661
57.411827,60,390.637666
49.066799,60,390.732528
55.87154,60,390.816798
55.91276,60,390.910208
57.599727,60,391.003974
57.36472,60,391.098161
43.790119,60,391.194992
47.77849,60,391.294743
55.432852,60,391.380414
56.800904,60,391.468503
57.194988,60,391.550426
55.674111,60,391.634368
34.601587,60,391.711233
56.187805,60,391.803863
56.034771,60,391.889947
56.896649,60,391.979576
54.593641,60,392.070481
53.00707,60,392.153374
56.522173,60,392.232849
55.864987,60,392.320912
56.707576,60,392.407888
52.04343,60,392.498308
42.119484,60,392.592592
51.096327,60,392.682979
56.802897,60,392.772544
57.516022,60,392.874091
50.052099,60,392.961091
54.913209,60,393.062677
21.267638,60,393.153118
26.784842,55,393.251228
58.116745,60,393.362024
46.410147,60,393.462123
52.290382,60,393.557868
56.417951,60,393.642888
56.880606,60,393.735904
45.331609,60,393.824197
45.403915,60,393.93267
55.276933,60,394.029183
56.884213,60,394.11865
54.981911,60,394.209304
19.184847,60,394.290883
16.314596,52,394.360632
56.394435,60,394.452779
53.387503,60,394.535661
57.798892,60,394.626616
56.322501,60,394.719849
56.704679,60,394.805801
49.555646,60,394.889254
37.426048,60,394.982566
56.519061,60,395.078578
41.990922,60,395.17261
28.527186,60,395.268559
55.186976,60,395.362622
57.779556,60,395.479545
53.724982,60,395.572608
51.444207,60,395.668774
50.21747,60,395.762233
30.852662,60,395.845141
18.917292,43,395.918937
57.01788,60,396.00419
57.504906,60,396.09216
56.401769,60,396.189729
53.504817,60,396.282856
58.177519,60,396.375404
56.15429,60,396.473555
55.378206,60,396.57883
28.985981,60,396.665866
55.108566,60,396.751947
53.635125,60,396.842663
52.166402,60,396.919572
56.297707,60,397.002947
55.845963,60,397.088005
54.520756,60,397.176024
31.437226,60,397.280262
57.894021,60,397.37486
56.897534,60,397.469946
57.186519,60,397.565525
54.762854,60,397.646521
56.673591,60,397.732368
56.029891,60,397.821685
55.59032,60,397.920273
48.652707,60,398.01035
55.570605,60,398.100393
56.532847,60,398.18495
55.594196,60,398.268386
55.220316,60,398.364563
55.952415,60,398.457898
57.534616,60,398.547852
45.854011,60,398.642356
56.675332,60,398.728756
57.05101,60,398.816587
56.837641,60,398.904242
55.918733,60,399.000889
54.020216,60,399.092957
54.278904,60,399.191648
54.064114,60,399.28116
56.994935,60,399.36926
54.859057,60,399.455905
54.536564,60,399.527757
55.39215,60,399.6006
55.241874,60,399.684854
11.546147,38,399.736399
52.501282,60,399.816432
42.518389,60,399.90202
56.009366,60,399.984788
56.62386,60,400.065106
56.340481,60,400.14402
54.245419,60,400.227035
57.285406,60,400.305851
56.021854,60,400.383746
56.876205,60,400.471787
19.425694,42,400.535165
57.7589,60,400.627715
54.683327,60,400.722283
57.947893,60,400.810207
40.406127,60,400.90422
53.974969,60,400.992954
43.058818,60,401.083385
55.98185,60,401.174221
54.546612,60,401.259664
56.37466,60,401.354819
56.531714,60,401.437374
57.504908,60,401.528476
57.274889,60,401.61759
57.1783,60,401.703752
55.539083,60,401.787241
56.664053,60,401.869675
56.08018,60,401.956107
35.122044,60,402.03676
43.222462,60,402.11731
54.507189,60,402.200334
54.583308,60,402.278838
57.107651,60,402.36285
57.303518,60,402.469903
53.21882,60,402.577602
55.742829,60,402.668524
54.133197,60,402.773077
51.524901,60,402.872038
25.102705,60,402.970153
52.522014,60,403.079885
47.646707,60,403.180124
24.552036,60,403.265618
57.148773,60,403.386359
55.303347,60,403.475398
57.289297,60,403.560949
52.494103,60,403.642768
57.313464,60,403.731399
57.05758,60,403.827559
53.616654,60,403.917069
40.55067,60,404.003139
47.122917,60,404.092809
54.708295,60,404.18901
51.074106,60,404.270417
15.66364,40,404.329391
56.705618,60,404.428709
57.262281,60,404.514699
56.894841,60,404.602196
55.848247,60,404.685784
47.719741,60,404.771874
52.729454,60,404.856371
57.163787,60,404.947987
56.34921,60,405.034529
57.117129,60,405.134567
57.138551,60,405.224898
57.726983,60,405.310924
56.404652,60,405.404919
48.06495,60,405.502067
56.922814,60,405.588099
37.525671,60,405.68514
50.164458,60,405.773669
35.772252,60,405.857679
57.149381,60,405.959993
55.520422,60,406.04152
16.129283,53,406.119493
55.628813,60,406.213588
56.445385,60,406.303684
57.332558,60,406.403459
54.702421,60,406.502499
57.091847,60,406.590917
54.772532,60,406.680604
56.422247,60,406.774119
37.347129,60,406.867301
27.234483,60,406.951263
57.157716,60,407.043414
57.167778,60,407.136705
57.493843,60,407.220236
55.854729,60,407.297695
55.155209,60,407.378569
58.449969,60,407.457616
57.507575,60,407.536528
56.761501,60,407.627089
57.13922,60,407.707471
56.613897,60,407.79391
55.851274,60,407.876428
56.101966,60,407.952431
55.932436,60,408.028968
43.260549,60,408.112286
29.533377,60,408.195109
52.927047,60,408.273512
56.299254,60,408.367182
50.59002,60,408.458723
57.43211,60,408.550792
56.904168,60,408.628192
45.805499,60,408.704619
56.675989,60,408.790713
54.171454,60,408.869709
50.877465,60,408.950747
56.750243,60,409.038588
54.605681,60,409.121395
56.812971,60,409.202531
57.339914,60,409.276487
55.652711,60,409.36471
56.573559,60,409.445705
56.742299,60,409.537338
44.708214,60,409.620455
56.252053,60,409.696415
57.422755,60,409.778405
57.583535,60,409.852299
57.171329,60,409.92128
34.109702,60,409.997164
53.014519,60,410.081136
52.87987,60,410.164649
57.483459,60,410.245624
54.551959,60,410.334631
56.909288,60,410.422112
43.889455,60,410.510158
56.337429,60,410.580411
55.122086,60,410.66844
41.594098,60,410.74745
57.128428,60,410.840008
46.393565,60,410.922279
55.711994,60,411.001588
51.573748,60,411.092794
40.35688,60,411.178286
56.126346,60,411.256855
55.868692,60,411.341323
57.261109,60,411.427447
30.878759,60,411.517421
55.725251,60,411.608373
56.633058,60,411.699472
58.03575,60,411.793953
56.672461,60,411.890086
57.025771,60,411.97008
57.557294,60,412.053959
43.18405,60,412.145312
58.676159,60,412.234834
48.686743,60,412.320324
39.458864,60,412.399318
56.922514,60,412.483315
53.274333,60,412.560438
54.309606,60,412.640356
56.958759,60,412.723305
56.739691,60,412.810389
56.930591,60,412.897349
57.980265,60,412.982791
56.810406,60,413.068368
51.516061,60,413.163121
57.014043,60,413.251724
58.131167,60,413.332774
57.813244,60,413.436971
56.552587,60,413.526559
56.068917,60,413.631712
58.570337,60,413.716281
45.091642,60,413.803594
57.598302,60,413.89394
37.113981,60,413.976661
58.140896,60,414.06215
52.664478,60,414.160166
56.475382,60,414.240033
37.373286,60,414.329554
54.862867,60,414.415477
57.21974,60,414.500546
56.895795,60,414.578471
55.635631,60,414.674582
53.220592,60,414.756052
55.715521,60,414.840638
56.003342,60,414.924783
55.367944,60,415.004306
57.39682,60,415.084933
57.592375,60,415.172
56.241765,60,415.258086
56.489539,60,415.336452
55.510323,60,415.422863
57.114173,60,415.511121
25.028774,54,415.588511
58.058716,60,415.671374
56.271972,60,415.763224
55.728397,60,415.852728
56.050314,60,415.941736
56.596695,60,416.020314
51.553077,60,416.104221
55.166998,60,416.200943
55.22877,60,416.283843
47.628499,60,416.372343
56.039052,60,416.476957
55.71904,60,416.560951
55.870738,60,416.655025
57.197083,60,416.745319
56.858173,60,416.834843
56.08799,60,416.923287
55.938257,60,417.015128
52.771761,60,417.099304
36.853245,59,417.186268
56.585035,60,417.279553
50.574677,60,417.361378
54.958872,60,417.448655
47.118906,60,417.531068
57.230363,60,417.613713
55.689373,60,417.694743
54.813653,60,417.7823
57.453077,60,417.871843
39.066415,60,417.961859
26.688465,60,418.048026
27.149109,57,418.127017
53.208373,60,418.212929
53.495266,60,418.295214
55.373125,60,418.380721
57.952884,60,418.460827
57.241446,60,418.546326
55.770961,60,418.629288
57.106434,60,418.712756
40.980305,60,418.800827
55.209136,60,418.887265
57.350796,60,418.978733
55.878342,60,419.061802
54.753999,60,419.150374
57.61506,60,419.234822
54.604384,60,419.317272
55.963734,60,419.394839
54.433828,60,419.482893
39.96884,60,419.565453
56.264234,60,419.643386
56.949702,60,419.730072
32.465271,60,419.812407
56.922802,60,419.893214
55.17166,60,419.971076
53.548048,60,420.057803
54.360482,60,420.152433
56.782483,60,420.24946
56.846379,60,420.344903
55.736864,60,420.438972
49.779515,60,420.537571
52.915168,60,420.627681
51.664694,60,420.708395
45.366962,60,420.790334
55.950128,60,420.882603
56.953421,60,420.959946
56.347293,60,421.04802
55.820733,60,421.133624
55.809965,60,421.219657
54.68757,60,421.315395
56.475908,60,421.39797
56.965221,60,421.495409
29.958202,60,421.635148
56.954231,60,421.725252
11.727681,41,421.7891
31.668062,60,421.905972
56.012555,60,421.998445
54.148872,60,422.106134
53.753153,60,422.201435
56.583133,60,422.294451
56.556288,60,422.388487
52.728573,60,422.487778
53.750283,60,422.577514
54.304542,60,422.666845
56.625037,60,422.754895
53.267348,60,422.832894
57.143806,60,422.915369
55.240109,60,423.003423
54.497982,60,423.090077
54.376776,60,423.179365
39.113802,60,423.268281
56.629335,60,423.368205
44.807147,60,423.474689
55.053274,60,423.565369
56.352248,60,423.666509
43.583176,60,423.75239
53.700991,60,423.855999
52.982767,60,423.95466
55.89504,60,424.054856
48.922574,60,424.15832
54.423033,60,424.253368
45.959803,60,424.341339
57.094961,60,424.429893
54.839378,60,424.523501
57.498706,60,424.616014
57.713823,60,424.712441
56.954111,60,424.808952
52.538984,60,424.887373
55.641935,60,424.968767
57.073888,60,425.053285
57.632747,60,425.14596
56.112459,60,425.230464
44.446191,60,425.30601
53.194543,60,425.396084
51.282956,60,425.470213
42.46353,60,425.551187
51.694074,60,425.629667
55.074314,60,425.712024
56.341935,60,425.788453
57.410601,60,425.862432
48.020038,60,425.943889
43.250488,60,426.027834
50.978132,60,426.107248
58.208899,60,426.188869
51.504221,60,426.279978
55.889338,60,426.362962
56.137663,60,426.455176
56.253594,60,426.538636
57.823302,60,426.624586
20.515229,42,426.680877
56.063342,60,426.7613
57.816683,60,426.853667
56.809754,60,426.93462
56.308305,60,427.0138
56.981002,60,427.103821
51.816561,60,427.191297
57.121343,60,427.278327
42.203991,60,427.364365
57.126399,60,427.455058
56.963585,60,427.546154
56.415,60,427.635276
56.715584,60,427.717364
56.134569,60,427.805342
55.470243,60,427.89734
57.657341,60,427.980302
57.603247,60,428.073393
49.178965,60,428.15692
51.045826,60,428.237984
55.378301,60,428.314869
19.14723,60,428.402379
56.660848,60,428.485216
54.17842,60,428.565073
57.813489,60,428.656009
55.245102,60,428.738339
57.240909,60,428.820279
57.550725,60,428.905323
56.992641,60,428.988851
56.378149,60,429.066841
57.214478,60,429.159537
57.778538,60,429.239119
54.027457,60,429.32513
54.378207,60,429.409657
55.643697,60,429.5221
57.069771,60,429.615466
55.965949,60,429.701224
57.360367,60,429.781533
56.544738,60,429.865144
57.05615,60,429.952789
55.382989,60,430.044813
56.717352,60,430.198341
57.525721,60,430.296387
57.787934,60,430.382342
56.895173,60,430.476244
52.421381,60,430.560601
46.471212,60,430.650115
53.942235,60,430.738612
56.640689,60,430.81817
56.699205,60,430.908168
55.952724,60,430.997633
57.278251,60,431.087716
42.234946,60,431.179292
56.830872,60,431.263294
57.351736,60,431.343261
57.407858,60,431.429311
45.587681,60,431.516791
56.052298,60,431.603812
54.141164,60,431.697749
56.777421,60,431.781297
56.469334,60,431.882015
55.524352,60,431.958962
40.073507,60,432.044599
56.581378,60,432.14022
58.266611,60,432.225771
54.460019,60,432.317235
56.315101,60,432.406567
40.065075,60,432.487706
56.83494,60,432.579753
55.040146,60,432.667743
57.218647,60,432.749728
55.924274,60,432.832682
56.808854,60,432.929564
58.017552,60,433.017575
56.961346,60,433.106604
37.231524,60,433.184918
56.84656,60,433.268554
58.013669,60,433.339878
57.609239,60,433.420826
57.20276,60,433.501258
54.158863,60,433.58773
56.844454,60,433.67907
56.782415,60,433.769723
57.137332,60,433.865744
54.939367,60,433.96023
48.175312,60,434.044965
55.968546,60,434.130454
50.356797,60,434.225804
56.940282,60,434.306062
55.478041,60,434.402934
57.075661,60,434.488058
56.575805,60,434.570153
55.846093,60,434.664757
45.753918,60,434.747774
57.018774,60,434.830757
56.580197,60,434.922778
57.400832,60,435.014205
21.393195,60,435.111443
56.822323,60,435.20747
57.694687,60,435.302584
55.935458,60,435.390143
53.861349,60,435.477677
57.083462,60,435.566741
55.850036,60,435.65802
56.620703,60,435.74145
54.724379,60,435.824282
56.936961,60,435.904713
55.56723,60,435.995133
57.00962,60,436.083908
56.436519,60,436.164295
56.797868,60,436.260298
51.482585,60,436.340283
54.857218,60,436.421259
55.720577,60,436.500862
55.879358,60,436.595004
55.027278,60,436.68045
56.382608,60,436.774905
56.679523,60,436.856172
55.336174,60,436.946203
55.094843,60,437.036777
34.24878,60,437.125845
55.176602,60,437.227015
51.997681,60,437.319091
56.986615,60,437.404687
53.185343,60,437.500435
55.687119,60,437.585108
51.827152,60,437.675621
55.914549,60,437.774133
56.927484,60,437.869083
49.261562,60,437.962559
57.479697,60,438.061457
56.8204,60,438.161784
54.875243,60,438.252554
56.820634,60,438.408103
53.928162,60,438.524763
33.800209,60,438.61983
41.314049,60,438.712368
55.928468,60,438.815049
56.994689,60,438.904605
54.52489,60,438.988107
55.261236,60,439.068035
18.195544,60,439.154568
23.584839,55,439.230019
41.045831,60,439.321998
54.421466,60,439.419241
47.33742,60,439.503457
55.649916,60,439.597094
39.503773,60,439.68372
55.741542,60,439.768349
55.558848,60,439.85924
54.350414,60,439.9437
53.261053,60,440.040655
56.338075,60,440.120143
52.256069,60,440.208543
53.25352,60,440.291428
56.452921,60,440.386128
56.805652,60,440.465129
42.528256,60,440.552684
56.764995,60,440.639229
56.910122,60,440.721732
44.604327,60,440.802352
55.028385,60,440.884861
54.441608,60,440.96435
55.02412,60,441.051362
55.751495,60,441.130423
55.894347,60,441.218431
46.021579,60,441.311929
54.664857,60,441.408967
56.175712,60,441.491179
57.303148,60,441.582448
57.334495,60,441.674007
57.643457,60,441.76109
46.57877,60,441.853228
54.827039,60,441.947838
45.855513,60,442.046868
57.399186,60,442.138997
54.624277,60,442.232651
35.516438,60,442.312592
48.414015,60,442.402001
56.955653,60,442.48791
57.402157,60,442.571048
54.589894,60,442.666345
55.368082,60,442.756683
55.682649,60,442.860619
57.559971,60,442.959005
49.555733,60,443.045965
57.318434,60,443.134053
57.338689,60,443.208506
55.954663,60,443.268591
58.122002,60,443.330467
56.60717,60,443.394885
55.282311,60,443.462373
57.7522,60,443.534737
57.130025,60,443.607266
46.21581,60,443.67566
58.051376,60,443.741175
58.343798,60,443.812568
57.629644,60,443.901604
56.907909,60,443.992142
57.307286,60,444.104562
54.252258,60,444.203221
56.274252,60,444.314829
57.318053,60,444.428988
49.962829,60,444.532055
55.657567,60,444.644762
57.213972,60,444.750344
56.019089,60,444.847488
56.570539,60,444.953716
53.906878,60,445.054436
56.357017,60,445.14595
54.19961,60,445.214696
56.234313,60,445.282463
57.55364,60,445.353696
56.983208,60,445.421143
56.988036,60,445.498651
57.035076,60,445.599831
57.586569,60,445.700963
38.405763,60,445.785526
57.466252,60,445.867515
39.483695,60,445.966695
57.133814,60,446.052489
51.477878,60,446.143369
55.106243,60,446.230425
56.527998,60,446.314449
53.194033,60,446.39891
58.508081,60,446.487938
54.090596,60,446.580565
56.835433,60,446.673087
54.375346,60,446.773638
19.243325,57,446.865734
56.778038,60,446.956794
57.328419,60,447.04414
57.186737,60,447.142021
55.456503,60,447.227955
57.553228,60,447.321356
46.906632,60,447.401664
44.591851,60,447.486887
57.068355,60,447.579278
58.13471,60,447.670805
55.945074,60,447.779139
56.935323,60,447.875788
55.471033,60,447.963142
54.843705,60,448.056588
36.474902,60,448.13212
57.162923,60,448.226119
56.630886,60,448.314016
27.882305,48,448.393391
57.219046,60,448.481434
55.675057,60,448.570505
54.783202,60,448.66566
57.181886,60,448.76977
54.86161,60,448.865928
21.985905,42,448.930028
56.703085,60,449.01558
57.405602,60,449.112664
57.121957,60,449.217155
56.069645,60,449.333899
55.068478,60,449.453356
56.836248,60,449.557884
56.420615,60,449.644466
56.705165,60,449.748746
56.569045,60,449.842819
55.746615,60,449.94548
48.103921,60,450.04707
57.202236,60,450.147787
37.830911,60,450.251735
57.471513,60,450.342611
56.836148,60,450.432993
55.905299,60,450.532441
56.611096,60,450.672126
30.807423,60,450.803793
39.167444,60,450.938216
53.982562,60,451.053444
56.683857,60,451.147966
54.771971,60,451.232496
52.918924,60,451.340952
55.774025,60,451.448972
53.110292,60,451.565747
38.895481,60,451.662787
7.400503,29,451.706543
55.505857,60,451.824469
54.432076,60,451.935792
42.663337,60,452.125918
57.119477,60,452.262251
54.625788,60,452.378371
56.815307,60,452.473668
9.46812,34,452.530363
56.719784,60,452.616185
56.408722,60,452.714447
56.834073,60,452.815659
53.286464,60,452.920582
53.620972,60,453.021327
57.558383,60,453.133532
58.115694,60,453.244713
56.58326,60,453.326917
41.421107,60,453.414795
56.95961,60,453.510962
49.709167,60,453.595916
53.296337,60,453.691395
10.83857,35,453.747288
57.192563,60,453.831224
56.050107,60,453.932309
52.845278,60,454.037496
57.291171,60,454.147754
54.708979,60,454.263757
57.76066,60,454.366847
56.570791,60,454.478939
55.032157,60,454.580822
51.783116,60,454.683423
57.241109,60,454.789258
55.778223,60,454.947927
57.509269,60,455.049258
57.842798,60,455.179646
56.861645,60,455.289906
58.111232,60,455.389027
57.250167,60,455.50167
51.302312,60,455.59983
56.008436,60,455.716673
57.796131,60,455.830821
56.13331,60,455.921345
54.961143,60,456.028587
57.197297,60,456.133693
28.540979,60,456.243361
44.460034,60,456.374242
57.30358,60,456.480359
55.10674,60,456.604488
55.054153,60,456.721104
50.940814,60,456.814736
23.681196,56,456.902875
56.778708,60,457.003492
56.266918,60,457.099721
56.867754,60,457.201342
55.91188,60,457.282881
5.123092,26,457.320646
57.033858,60,457.403192
55.826139,60,457.498309
58.050187,60,457.584321
57.415749,60,457.687821
55.530934,60,457.795577
57.197878,60,457.887928
56.554782,60,457.983011
56.471333,60,458.070866
55.88941,60,458.167157
54.802238,60,458.250185
49.436262,60,458.349461
46.260547,60,458.443233
54.919025,60,458.531636
56.519786,60,458.61213
57.520932,60,458.698007
54.835294,60,458.79641
57.247332,60,458.894629
53.560942,60,458.981599
56.839275,60,459.084213
57.776406,60,459.177309
57.766967,60,459.267787
54.646971,60,459.348615
57.266085,60,459.438619
52.323779,60,459.516571
56.469448,60,459.592512
57.674164,60,459.666049
57.457117,60,459.743593
54.262977,60,459.82458
57.674263,60,459.897429
37.983571,60,459.979231
53.681303,60,460.064636
56.112474,60,460.141801
56.072044,60,460.219848
53.510229,60,460.307984
57.583606,60,460.386897
56.179767,60,460.495632
56.889967,60,460.582175
56.477796,60,460.671251
54.954931,60,460.757258
57.609027,60,460.857865
57.525256,60,460.944389
57.255485,60,461.054119
56.680204,60,461.146963
53.574949,60,461.231225
54.155371,60,461.327781
51.067254,60,461.418204
56.263937,60,461.502641
55.768334,60,461.60111
57.447177,60,461.680858
40.466085,60,461.770975
21.956616,60,461.861593
56.932916,60,461.957237
57.932546,60,462.062923
46.777545,60,462.165526
56.608077,60,462.266658
57.117513,60,462.354216
57.182678,60,462.443753
55.319888,60,462.569127
57.350141,60,462.694294
55.463947,60,462.792871
56.039647,60,462.883985
55.642813,60,462.9704
55.258718,60,463.068579
56.744818,60,463.160058
56.266684,60,463.248536
57.717118,60,463.343683
57.560797,60,463.429933
57.411753,60,463.54325
55.031095,60,463.641039
54.44204,60,463.736639
56.921085,60,463.829758
52.598919,60,463.915672
54.741085,60,463.975096
46.242461,60,464.033982
57.071037,60,464.102886
54.378223,60,464.168173
54.442272,60,464.239692
55.85255,60,464.313157
57.486145,60,464.399662
57.214129,60,464.485626
45.351852,60,464.578847
58.140043,60,464.672108
57.401684,60,464.763208
55.562534,60,464.852478
56.848608,60,464.946521
56.903352,60,465.028437
56.716957,60,465.109936
56.107034,60,465.21653
56.858876,60,465.293492
55.611476,60,465.382982
57.012352,60,465.457399
54.40015,60,465.524266
56.713955,60,465.592633
55.045931,60,465.658125
57.736001,60,465.738571
56.888296,60,465.82971
52.894584,60,465.912832
57.238284,60,465.99235
56.183546,60,466.071894
30.868783,60,466.171466
57.700278,60,466.257969
55.812986,60,466.35006
54.090003,60,466.440278
56.998956,60,466.519119
57.623214,60,466.578906
57.239617,60,466.646333
57.830507,60,466.719205
58.131509,60,466.788758
57.078188,60,466.86396
57.029645,60,466.94006
44.543956,60,467.013378
58.05014,60,467.091886
57.315975,60,467.164035
57.314216,60,467.242097
57.034709,60,467.32166
