#{"t_start": 1790474181.4729724, "env_id": "None"}
r,l,t
4.556691,33,2.367092
5.954457,30,2.377192
5.66256,31,2.38825
24.91062,60,2.408876
31.046076,60,2.429492
9.830559,57,2.44812
22.915001,60,2.46984
16.07196,60,2.492454
16.316991,60,2.51213
9.47835,60,2.529728
23.680243,60,2.548859
6.094968,35,2.560957
13.909835,60,2.578567
20.091184,60,2.599679
26.882095,60,2.618786
9.120364,56,2.635424
31.498725,60,2.656546
26.147726,60,2.677699
4.790783,37,2.692328
24.62835,60,2.719741
10.250378,55,2.739825
13.883621,60,2.764428
10.862725,36,2.778476
7.756601,59,2.799547
9.497887,43,2.817169
19.923224,60,2.837725
32.58622,60,2.860312
20.837002,60,2.879502
12.406581,48,2.895552
8.682002,56,2.917685
10.16066,48,2.934263
4.701572,34,2.944988
13.73322,56,2.965076
15.347387,60,2.989724
24.183966,60,3.011396
8.874496,57,3.031027
6.305615,42,3.045577
14.485945,60,3.065214
16.92899,60,3.086883
9.872523,60,3.107974
9.725498,44,3.122591
6.1195,30,3.132719
16.168145,60,3.152374
23.028626,60,3.173059
11.310331,42,3.188686
10.16745,60,3.210347
36.138038,60,3.234506
14.850091,60,3.256677
14.707418,56,3.278358
16.147449,51,3.296005
10.621217,44,3.311595
6.915004,55,3.333228
22.370116,60,3.356392
4.491813,32,3.368488
18.146041,60,3.392179
23.105703,60,3.412332
3.739551,45,3.428442
14.411926,57,3.447075
4.091052,35,3.456644
20.159023,60,3.477829
11.379848,43,3.491403
7.300125,46,3.505981
7.088596,37,3.518543
31.205845,60,3.53718
5.209077,41,3.55134
10.82696,46,3.565023
14.551921,60,3.583753
4.940396,39,3.597291
25.664626,60,3.619887
9.386203,58,3.639982
10.855258,59,3.66158
29.698549,60,3.684726
20.405086,60,3.704318
9.775733,50,3.723436
9.25762,47,3.739605
17.012276,60,3.758781
9.186665,58,3.777431
9.87189,53,3.795105
29.624923,60,3.81773
11.849524,47,3.833345
24.676593,60,3.853931
5.798112,58,3.872039
7.085103,46,3.887623
18.025193,60,3.906744
20.61589,60,3.929879
29.036579,60,3.952005
21.680414,60,3.973158
11.213278,54,3.991794
15.506979,60,4.013338
6.263074,32,4.023402
9.183898,41,4.03696
16.399418,48,4.052544
5.796544,32,4.064577
1.91407,26,4.073619
28.746917,60,4.095785
6.729566,34,4.107812
11.278061,60,4.16313
8.067758,50,4.206298
10.119551,49,4.2522
8.247224,35,4.292252
12.086839,45,4.337619
8.784026,52,4.390495
13.395537,43,4.432795
4.62303,50,4.47955
14.027975,38,4.517836
6.311114,55,4.568637
4.225228,51,4.618461
16.246307,60,4.673805
20.171806,60,4.734072
17.89161,52,4.796387
5.176644,36,4.83873
8.278822,37,4.882522
17.007785,60,4.957478
17.23222,60,5.021874
19.80947,60,5.081262
15.243512,60,5.145159
6.410269,60,5.206385
15.10661,60,5.262259
4.898221,33,5.293915
11.804749,60,5.353297
5.354413,35,5.386043
5.617044,43,5.424803
12.553187,49,5.471746
13.404573,60,5.530947
11.338385,42,5.572235
11.686437,37,5.622581
17.049818,60,5.689455
12.107732,53,5.74388
3.982694,32,5.782725
22.996147,60,5.854748
33.009526,60,5.908618
6.707901,48,5.953369
25.474696,60,6.015256
23.677808,60,6.084672
25.839577,60,6.14522
24.255024,60,6.199621
7.924763,46,6.246873
31.986957,60,6.304764
26.817316,60,6.376404
32.448,60,6.441823
4.251662,28,6.478543
15.093845,58,6.542942
6.415522,43,6.590218
15.702289,60,6.652536
16.123397,60,6.713604
16.434551,56,6.769915
8.823265,43,6.81327
16.201288,60,6.877778
8.569711,45,6.945663
22.213089,60,7.047159
10.828483,44,7.09704
20.900683,60,7.154914
12.003807,36,7.186274
33.54986,60,7.241691
6.680017,59,7.30294
8.957327,43,7.350361
6.405574,44,7.401232
13.117074,55,7.460169
23.535872,60,7.52557
11.1697,38,7.568142
24.478983,60,7.639749
6.10606,40,7.685049
7.887221,53,7.742384
31.352409,60,7.794331
36.037362,60,7.854214
20.006807,60,7.914448
6.416256,38,7.9506
24.710229,60,8.007839
15.481633,57,8.062199
14.499782,60,8.118542
14.426314,54,8.168448
18.449772,60,8.2253
7.003655,39,8.264479
15.409722,60,8.331611
16.590908,60,8.398573
10.587884,60,8.45348
12.085229,54,8.507287
19.40916,60,8.564153
19.184473,60,8.624578
9.284699,40,8.665833
16.276065,60,8.728274
14.348521,52,8.782156
24.05598,60,8.838417
34.871609,60,8.897892
14.746285,60,8.9635
8.734487,58,9.021896
17.211113,51,9.070478
19.010021,60,9.125236
7.155754,52,9.177096
10.16382,37,9.207763
22.108727,60,9.266197
30.897368,60,9.322662
18.480347,60,9.372472
18.012456,60,9.436405
4.534058,37,9.486753
13.93564,43,9.540594
18.50917,60,9.597983
4.045196,27,9.624645
4.341441,29,9.650321
12.058465,56,9.701753
18.228683,60,9.756091
27.585732,60,9.808419
21.134296,60,9.860274
23.33358,60,9.911102
37.36493,60,9.971504
28.136843,60,10.027338
15.280455,60,10.086246
10.276067,37,10.1205
23.653825,60,10.172799
25.836902,60,10.232673
14.507757,60,10.286536
14.3989,55,10.333345
12.411557,59,10.391299
21.086695,56,10.440618
3.491628,28,10.466261
12.186583,54,10.513659
29.503643,60,10.56696
22.513381,60,10.623374
14.685666,52,10.668639
9.021189,39,10.707349
17.400028,57,10.756619
18.469868,60,10.81343
16.463227,54,10.865212
7.047252,57,10.918593
15.02537,60,10.975556
19.055023,60,11.028436
3.745283,37,11.061676
7.997769,60,11.118562
16.576569,60,11.175018
22.919899,60,11.228358
6.932497,60,11.284881
5.221298,33,11.322211
24.325436,60,11.380436
19.830804,53,11.430073
20.706673,60,11.48835
20.722665,60,11.546745
16.346787,60,11.607378
2.408039,25,11.630578
11.834166,60,11.689479
8.314393,42,11.728252
12.826155,60,11.786145
27.662357,60,11.846604
20.026764,60,11.903445
12.627441,60,11.962331
19.487141,60,12.015295
23.538363,60,12.070705
30.577155,60,12.121573
42.385381,60,12.186017
17.469276,60,12.262937
12.234314,53,12.317744
16.305987,60,12.376543
29.064528,60,12.429419
13.90052,60,12.487747
22.112411,60,12.559207
14.674292,60,12.624698
16.679824,60,12.687783
27.975969,60,12.749766
19.694252,44,12.78958
17.92075,60,12.846103
11.776542,46,12.890323
8.05879,40,12.924504
23.117504,60,12.979701
16.429485,60,13.035436
15.953114,60,13.092648
16.990664,60,13.1484
17.940357,60,13.208353
18.956756,60,13.265296
22.103348,60,13.323731
19.009482,60,13.388026
26.682812,60,13.451021
14.828385,60,13.505928
20.97111,60,13.563958
26.917669,60,13.626177
19.738205,60,13.693475
2.338283,31,13.725643
17.198546,60,13.788651
6.076342,36,13.833991
8.261972,44,13.885855
16.090957,54,13.950736
10.604265,46,13.998533
10.048414,43,14.038327
14.470636,60,14.097876
24.483271,60,14.178479
18.331803,60,14.236249
22.932983,60,14.295123
13.560151,55,14.347002
9.526324,35,14.378657
30.844127,60,14.432485
10.094862,37,14.468252
15.957241,55,14.5196
21.316914,60,14.576877
15.436593,51,14.626759
38.000858,60,14.682168
8.672982,49,14.736083
10.620686,41,14.782401
9.292747,46,14.825159
18.041926,60,14.887047
23.101443,60,14.947464
31.406267,60,15.003323
16.101317,60,15.057628
23.676102,60,15.111949
12.764784,56,15.161609
21.683643,60,15.218024
8.503888,60,15.273911
21.682017,60,15.327284
8.623358,34,15.361529
28.574417,60,15.419439
29.341344,60,15.470856
23.694102,60,15.528261
15.745105,56,15.582257
5.892867,53,15.63008
17.29044,60,15.685016
23.21767,60,15.741422
17.155931,60,15.796861
16.898427,60,15.850747
15.093301,47,15.895473
20.890692,56,15.952368
12.620394,42,15.992653
2.377766,27,16.018273
31.451836,60,16.076722
19.761696,60,16.138384
27.337705,60,16.197132
18.410955,53,16.254318
14.372265,60,16.313578
21.709154,60,16.369352
21.081722,60,16.426716
18.448255,60,16.489703
12.424609,60,16.552172
11.875957,41,16.592474
14.95699,60,16.652396
6.742298,36,16.688105
10.69605,60,16.744963
18.417171,50,16.789625
14.397187,51,16.837849
24.155387,60,16.899326
5.711657,55,16.950218
17.909235,60,17.006724
4.462365,41,17.048564
4.887191,30,17.076753
2.498075,32,17.105568
18.994143,60,17.158451
31.47342,60,17.221413
12.324468,60,17.273779
14.862217,60,17.326671
8.422143,54,17.384864
4.227008,41,17.420536
15.082748,60,17.475906
5.364855,50,17.524764
18.32614,56,17.578125
11.946196,60,17.633019
26.999647,60,17.690425
6.045226,45,17.737753
22.925093,60,17.792166
38.548789,60,17.850516
19.687396,60,17.910267
16.979528,60,17.967677
5.894239,42,18.007064
13.927607,46,18.05491
12.981187,60,18.114756
35.71238,60,18.171175
19.653145,60,18.223562
14.909089,60,18.28503
7.134408,52,18.334939
15.909125,60,18.38971
31.191467,60,18.452117
23.760445,60,18.503415
4.135745,41,18.543739
21.768066,60,18.604906
7.561776,46,18.645192
17.540882,54,18.698046
18.406102,60,18.760036
12.771077,47,18.808865
9.985203,34,18.83856
15.919245,60,18.899973
25.247625,60,18.959096
4.534278,34,18.991408
16.520222,58,19.047374
7.765573,49,19.089272
19.450824,60,19.141947
17.857389,56,19.195584
18.330541,60,19.252982
27.647685,60,19.313952
8.19821,37,19.356317
6.672084,44,19.400135
14.550601,59,19.456552
24.679853,60,19.521517
23.104095,60,19.585509
15.453792,60,19.647404
14.487673,60,19.707687
19.273773,60,19.766055
24.576191,60,19.82641
10.523909,55,19.882675
32.923603,60,19.939212
9.199387,45,19.985083
8.929771,35,20.023386
11.755857,49,20.071243
30.188735,60,20.128118
11.79802,60,20.190611
24.64679,60,20.25755
16.596013,60,20.314908
15.756431,55,20.367679
14.846828,40,20.415038
16.31295,60,20.47746
7.159459,37,20.51419
16.760301,47,20.558499
7.173115,45,20.607803
15.108877,48,20.657083
16.700975,47,20.704855
7.241236,53,20.756108
24.155599,60,20.825121
23.168164,60,20.889056
32.11211,60,20.957021
17.969198,60,21.018438
22.723503,60,21.078351
8.757534,50,21.129672
17.222584,60,21.19569
33.084045,60,21.257124
20.827876,60,21.318503
36.086372,60,21.377305
7.512095,51,21.428048
14.534726,60,21.485987
23.81112,60,21.544337
4.458705,36,21.577471
7.959886,42,21.614306
22.314934,60,21.676754
8.427948,46,21.725561
29.448576,60,21.78594
9.286921,42,21.827199
17.117001,60,21.892644
9.32571,39,21.937433
11.931359,60,21.994878
21.074646,60,22.055233
21.088771,60,22.117081
8.156642,48,22.163439
9.892916,57,22.221311
29.96223,60,22.279156
11.078269,48,22.326709
23.792935,60,22.390176
21.345233,60,22.451825
5.23369,36,22.485708
18.375348,60,22.551156
14.176576,60,22.618039
13.964355,57,22.672977
30.758787,60,22.730872
19.484288,60,22.797329
23.22317,60,22.922805
15.681039,47,22.972822
18.566794,54,23.028141
18.482624,60,23.087545
28.579655,60,23.144597
2.574974,29,23.170828
19.20165,60,23.235762
16.585932,60,23.288072
30.889846,60,23.346024
37.633956,60,23.402337
14.774755,60,23.458102
16.524871,60,23.517565
33.465548,60,23.575479
29.988262,60,23.634361
16.874118,60,23.689216
8.791056,60,23.742026
9.173798,35,23.772796
25.923592,60,23.821678
11.859416,60,23.877046
7.784099,53,23.922924
13.375741,60,23.973647
15.982414,52,24.019038
31.617111,60,24.071424
6.148238,36,24.105123
13.294338,50,24.1551
35.873606,60,24.211882
14.950964,60,24.264781
31.696642,60,24.328175
16.53623,60,24.386488
28.859806,60,24.448302
27.56082,60,24.509177
8.35141,43,24.553453
12.264384,50,24.612407
19.251636,60,24.674342
19.907023,60,24.733627
19.263798,60,24.808275
9.319701,52,24.868098
12.289705,52,24.926068
10.463304,60,24.993303
24.391647,60,25.055043
42.003492,60,25.112825
17.964376,60,25.177278
8.004325,50,25.232699
11.569718,60,25.290639
8.695927,32,25.321951
26.964451,60,25.385834
21.701348,60,25.451391
26.585904,60,25.513766
2.808001,30,25.544997
18.97951,60,25.603194
17.484305,60,25.660575
6.175858,39,25.699245
29.467274,60,25.756707
33.790143,60,25.817982
30.712722,60,25.883388
31.967007,60,25.94224
14.496895,57,25.994971
5.436064,36,26.029792
11.515008,60,26.086635
11.695024,43,26.126444
14.611023,60,26.186845
18.75762,60,26.240177
15.721255,60,26.295468
22.715147,60,26.352341
19.832934,60,26.409101
17.770844,60,26.4628
11.31133,60,26.521613
5.773071,30,26.549294
27.190617,60,26.60319
10.818922,45,26.651579
25.561204,60,26.716562
20.062849,60,26.779014
30.550919,60,26.840976
13.482268,60,26.90643
16.604817,43,26.956267
15.395066,60,27.017559
20.459153,60,27.074985
6.727983,51,27.129348
9.122329,39,27.168105
23.099138,60,27.23142
25.794649,60,27.29638
24.020592,59,27.367907
17.162859,60,27.43281
17.356004,60,27.492568
7.437151,49,27.544707
24.73342,60,27.60665
7.926222,34,27.642401
9.229913,54,27.702806
24.509794,60,27.769141
22.874253,60,27.830097
16.398314,60,27.890585
23.898412,60,27.955868
33.85058,60,28.019668
16.798404,52,28.076912
20.250809,58,28.135732
15.205705,49,28.185626
19.424295,60,28.265737
33.184917,60,28.330654
10.14513,60,28.391945
28.163526,60,28.459855
7.091117,39,28.496583
15.783976,46,28.540855
30.081702,60,28.599397
10.470409,39,28.638098
8.376159,60,28.695936
21.809488,60,28.753222
12.471344,49,28.799006
6.092414,57,28.862983
4.38418,29,28.891184
9.374302,36,28.926391
29.460597,60,28.99385
19.661845,60,29.073781
17.772305,60,29.140647
9.185393,44,29.194016
5.464629,38,29.239803
31.158927,60,29.30098
10.74372,44,29.350233
20.838935,58,29.418176
28.882231,60,29.483695
15.388605,54,29.542718
21.112217,47,29.588002
23.399108,60,29.654889
25.018697,60,29.717158
20.455401,60,29.776091
21.014566,60,29.835963
10.985882,60,29.897877
23.992737,60,29.955318
10.887822,49,29.994019
16.505338,60,30.044377
7.119778,48,30.085753
32.177949,60,30.129585
33.857354,60,30.174443
14.134241,60,30.222676
12.865228,53,30.268857
23.758056,60,30.312177
14.019412,52,30.351386
18.938096,60,30.395766
12.451622,47,30.432583
7.128739,38,30.467771
23.487836,60,30.519164
21.511611,49,30.557368
13.49353,52,30.599727
21.946249,60,30.65054
27.840383,60,30.69641
39.725094,60,30.744197
5.954912,34,30.774887
22.079032,60,30.81917
31.421885,60,30.865502
5.998476,38,30.899203
10.528791,60,30.9446
9.862708,46,30.979818
17.562617,47,31.015805
17.847749,60,31.065603
21.130107,60,31.106283
22.738151,55,31.149998
15.285787,60,31.20342
9.870462,60,31.26439
21.337578,60,31.321296
9.363745,59,31.378027
7.711099,42,31.420371
14.635549,45,31.46523
7.108111,34,31.494419
19.520583,53,31.543749
12.336472,55,31.600133
16.342752,60,31.656417
19.003851,60,31.717788
17.079978,60,31.776605
23.412042,60,31.839619
8.992412,52,31.890866
27.185057,60,31.947803
13.23622,60,32.008202
39.842515,60,32.065257
30.340338,60,32.128682
15.247127,60,32.202141
17.735882,60,32.270042
43.383928,60,32.331974
25.476381,60,32.395306
37.240117,60,32.459773
28.957333,60,32.519678
19.546155,56,32.577597
5.114407,36,32.614818
13.789019,60,32.672174
35.071777,60,32.736636
21.200872,60,32.795611
25.400957,60,32.855618
4.263087,50,32.909976
17.192198,60,32.971908
6.400952,46,33.01719
8.953247,60,33.077506
29.549928,60,33.137898
31.138733,60,33.195278
31.296624,60,33.252849
32.320919,60,33.310713
12.117798,55,33.367062
46.974963,60,33.431319
18.007482,60,33.491292
13.967239,60,33.549626
16.016662,60,33.60648
19.065735,60,33.662891
47.79218,60,33.719729
26.320789,60,33.78012
28.99286,60,33.839032
26.890428,60,33.898889
23.813889,60,33.959931
21.128725,60,34.017784
8.427082,36,34.053473
19.72724,60,34.115366
27.789786,60,34.171626
8.127871,47,34.218891
5.897274,46,34.261641
5.076069,33,34.292309
16.250792,48,34.346185
43.089839,60,34.411768
21.579542,60,34.472263
35.134297,60,34.529177
32.258579,60,34.591095
14.778617,60,34.650356
25.46911,60,34.707174
26.944482,60,34.770649
26.625831,60,34.836753
18.239914,60,34.895548
33.499245,60,34.953405
33.353175,60,35.014228
20.076052,46,35.063047
39.98251,60,35.119908
31.630013,60,35.180537
26.937219,60,35.236776
17.581902,60,35.297177
15.803387,60,35.358135
29.215565,60,35.41692
14.723149,60,35.479866
33.505186,60,35.541275
32.247782,60,35.600669
13.507462,60,35.660401
18.370709,60,35.722018
18.51286,60,35.781336
14.069177,60,35.841072
15.146327,38,35.875208
8.880799,53,35.930583
14.229859,48,35.975262
30.208301,60,36.034626
26.634982,60,36.092497
7.193473,33,36.1227
26.122722,60,36.18412
19.792217,60,36.247203
36.533235,60,36.303071
41.013284,60,36.363416
11.132522,44,36.409154
32.506118,60,36.475227
20.579847,58,36.533623
38.723543,60,36.593926
7.11529,40,36.634098
28.61807,60,36.695359
36.290856,60,36.750679
35.195508,60,36.814092
18.987566,48,36.862412
22.137371,60,36.924318
34.810257,60,36.979574
24.889355,59,37.039709
18.490452,60,37.09807
7.543374,45,37.147922
20.703981,60,37.2029
10.243322,44,37.24907
33.515479,60,37.305783
35.170776,60,37.36654
15.634305,60,37.425993
24.022596,60,37.488825
28.594766,60,37.548179
7.535213,46,37.596498
33.604724,60,37.657951
32.473347,60,37.716738
17.047629,60,37.777888
8.136236,40,37.818119
16.940575,60,37.879102
4.746743,53,37.931349
29.361117,60,37.993191
18.643166,60,38.054622
11.629941,45,38.096897
33.322474,60,38.15582
26.544667,60,38.216671
26.651951,60,38.275562
9.279453,37,38.316294
34.326594,60,38.379246
28.881461,60,38.438026
12.975668,37,38.473651
26.51605,60,38.536995
18.463424,60,38.607305
19.26608,60,38.672102
33.354539,60,38.743745
17.877406,60,38.803583
28.020012,60,38.868867
12.169686,60,38.92972
27.208218,60,38.999506
40.724297,60,39.070473
24.609136,56,39.135421
31.380114,60,39.201999
14.509906,60,39.271944
24.512862,60,39.343438
19.70122,60,39.402774
31.484505,60,39.459909
23.44415,59,39.520232
12.172958,60,39.58056
47.302432,60,39.642498
7.079375,46,39.696863
18.089705,53,39.759242
36.04876,60,39.851958
37.952748,60,39.936529
22.751657,60,39.997978
25.836542,60,40.058893
22.199453,60,40.118864
19.004122,55,40.175244
21.091251,60,40.237072
16.45609,49,40.29033
17.922904,60,40.354715
25.065558,60,40.414591
12.232851,43,40.461908
32.020651,60,40.52125
18.913712,60,40.580647
19.331125,60,40.648017
10.421537,37,40.687649
39.84851,60,40.748015
41.213893,60,40.81596
14.112833,60,40.877861
32.03063,60,40.939579
43.468288,60,41.002651
32.905839,60,41.065883
8.083689,31,41.10863
33.079134,60,41.212791
28.170801,60,41.278719
16.687608,60,41.347182
29.015677,60,41.411039
40.129642,60,41.477948
33.171037,60,41.542897
33.966275,60,41.608776
33.080373,60,41.674807
21.462291,60,41.738705
24.23443,60,41.805613
13.899721,56,41.870416
29.365998,60,41.936206
9.540603,60,42.000707
32.054058,60,42.057602
45.295929,60,42.118008
27.183891,60,42.179965
21.925581,60,42.240211
26.44822,60,42.29806
6.654688,44,42.342351
11.066502,54,42.398773
16.4688,60,42.459759
17.042671,55,42.515698
37.494352,60,42.577047
25.468746,60,42.638384
20.307581,60,42.698801
20.0801,60,42.75872
9.389134,60,42.817645
35.626948,60,42.879014
43.132785,60,42.947535
49.002673,60,43.014537
32.971599,60,43.071425
18.771791,60,43.131782
16.043563,60,43.193269
17.060927,51,43.24967
39.545128,60,43.312102
21.113812,60,43.373138
36.766691,60,43.430018
9.657653,48,43.479939
29.821012,60,43.539931
40.540473,60,43.606172
33.919175,60,43.67064
22.144233,60,43.731637
35.285557,60,43.791507
9.202501,60,43.850966
18.647775,60,43.912276
42.684765,60,43.975147
38.151983,60,44.033591
27.138005,60,44.097067
41.269155,60,44.163512
26.852272,60,44.224906
32.382251,60,44.287139
41.059015,60,44.352115
21.99114,48,44.401509
33.306159,60,44.460342
16.003714,60,44.521626
38.650444,60,44.585032
13.160916,60,44.656472
23.778074,60,44.714946
43.884992,60,44.777307
38.550596,60,44.846703
22.833488,60,44.918683
32.130096,60,44.980554
37.437539,60,45.044366
31.86411,60,45.112219
31.797277,60,45.177275
12.506059,53,45.235652
8.308208,34,45.275987
25.140847,60,45.336507
28.558021,60,45.399855
23.127,60,45.462709
36.519762,60,45.52405
29.240485,60,45.582859
21.214631,60,45.647748
37.029229,60,45.708516
25.335711,60,45.767732
45.120498,60,45.827497
13.557054,50,45.879344
9.699232,60,45.940316
24.018102,60,46.001686
31.562164,55,46.059134
33.578035,60,46.120558
25.689383,60,46.185711
37.3547,60,46.250483
28.570768,60,46.316303
10.945479,60,46.381779
44.544127,60,46.448658
21.38909,60,46.512025
35.422311,60,46.5749
22.980163,60,46.641368
33.883227,60,46.713008
21.468092,60,46.783383
7.770928,37,46.826044
31.35227,60,46.894377
27.832644,60,46.960704
19.335645,60,47.019002
22.763214,60,47.080903
31.424087,60,47.142168
16.202377,46,47.191359
31.223347,60,47.253101
43.422248,60,47.312533
29.291515,60,47.369455
33.253038,60,47.432839
6.845193,30,47.462513
18.311204,60,47.523012
52.343057,60,47.584417
22.677628,60,47.645251
26.835257,60,47.704608
4.763404,39,47.743955
8.099027,34,47.782174
17.331288,60,47.843606
37.748148,60,47.90764
15.473971,45,47.955626
19.239549,60,48.020689
38.276594,60,48.077652
32.548568,60,48.138554
20.789983,60,48.19889
20.500099,51,48.25666
31.978497,60,48.322963
36.091356,60,48.383605
37.132665,60,48.447079
31.728836,60,48.50947
38.941508,60,48.567317
10.813457,33,48.603547
46.901399,60,48.664511
28.284497,60,48.726182
23.231932,60,48.78766
16.176925,60,48.847899
38.6608,60,48.906231
43.47652,60,48.971107
31.575709,60,49.032084
48.368153,60,49.09447
50.958187,60,49.155206
47.382959,60,49.214312
42.540016,60,49.278876
26.348452,60,49.342486
34.516565,60,49.40586
18.072269,53,49.461211
36.246641,60,49.522029
31.421177,60,49.589521
27.31731,56,49.647927
31.785661,60,49.707806
30.76577,60,49.775273
26.767662,60,49.837206
34.438765,60,49.89858
34.911582,60,49.964543
39.178836,60,50.029967
43.827207,60,50.090978
24.761197,60,50.150836
49.168009,60,50.210574
30.801944,60,50.272473
45.014865,60,50.333396
40.173678,60,50.392286
48.214777,60,50.457149
24.536682,60,50.519054
31.260724,60,50.577889
36.689006,60,50.64279
26.111153,60,50.709724
41.996821,60,50.770595
10.980533,45,50.819418
37.462789,60,50.889417
16.137736,49,50.945806
19.323577,60,51.009174
31.926473,60,51.074064
44.943671,60,51.146839
35.155236,60,51.210198
15.669682,47,51.260989
16.545397,60,51.327451
20.29646,60,51.388842
22.991099,60,51.457786
27.959822,60,51.525779
18.132521,55,51.586143
26.924535,60,51.647559
21.902899,60,51.708994
29.909396,60,51.771386
38.331197,60,51.835199
41.037971,60,51.899019
19.57807,60,51.957413
34.371149,60,52.019346
42.139389,60,52.083762
11.575942,60,52.145198
18.780205,60,52.20252
34.831901,60,52.267925
2.859056,47,52.316784
44.40143,60,52.381674
50.405047,60,52.451493
36.740566,60,52.517624
24.786566,60,52.580591
38.910097,60,52.638942
22.837099,60,52.705859
24.175698,60,52.767786
23.646364,60,52.829655
35.909127,60,52.890841
13.662141,54,52.948699
45.893657,60,53.014744
41.144889,60,53.075698
37.473467,60,53.139755
44.497683,60,53.203187
42.922724,60,53.264601
41.221517,60,53.326387
12.777126,45,53.376875
11.890504,60,53.436158
21.904759,60,53.500633
23.832284,60,53.560539
26.588012,60,53.624513
29.841515,60,53.686348
28.430778,60,53.746107
21.774423,60,53.804344
39.889695,60,53.870744
32.780398,60,53.93141
20.444683,60,53.994856
31.777311,60,54.059195
26.709474,60,54.121646
42.706125,60,54.183541
40.719953,60,54.244571
24.82167,54,54.299385
47.808,60,54.364302
40.412152,60,54.424517
42.274593,60,54.48643
35.662896,60,54.554783
38.958545,60,54.621251
54.870635,60,54.683822
29.329607,60,54.747687
43.232371,60,54.811624
40.705536,60,54.876949
30.406656,60,54.9375
54.661581,60,55.001898
29.954378,60,55.06723
49.067912,60,55.134739
44.921836,60,55.197685
51.99041,60,55.259718
27.667525,60,55.321499
31.778143,60,55.382979
28.975091,60,55.446936
38.426737,60,55.50473
48.761294,60,55.576084
13.270817,60,55.658027
20.540239,60,55.728847
41.746988,60,55.7937
10.276352,60,55.859064
35.23977,60,55.930873
47.427044,60,55.997378
41.891626,60,56.067359
42.519955,60,56.155326
38.940863,60,56.241889
48.253623,60,56.302778
20.131836,60,56.368688
46.983709,60,56.435086
40.578156,60,56.500268
44.599028,60,56.562726
48.571672,60,56.629263
19.812669,60,56.687628
51.725837,60,56.750707
37.341595,60,56.816007
13.754723,56,56.873936
16.72461,60,56.932815
31.69804,60,56.992234
23.574534,60,57.053572
22.731784,60,57.117397
40.419383,60,57.198493
36.971812,60,57.264987
40.166329,60,57.33152
34.601807,60,57.408424
22.933558,60,57.497542
55.011347,60,57.571911
46.759156,60,57.642319
35.66117,60,57.718524
18.884926,60,57.784295
41.208487,60,57.847148
46.176159,60,57.909186
50.414475,60,57.973548
39.591168,60,58.034979
21.698594,60,58.099909
39.173709,60,58.162836
27.738476,60,58.226261
38.07542,60,58.291713
48.741501,60,58.355939
46.152877,60,58.420283
20.056199,45,58.469652
38.462797,60,58.530542
26.657066,60,58.591897
47.462773,60,58.666924
36.48051,60,58.740963
27.786747,56,58.797426
24.935434,60,58.864247
42.974735,60,58.928186
28.704083,60,58.993107
20.376362,50,59.046453
21.660564,60,59.108432
27.260268,60,59.16983
38.429573,60,59.231728
29.320114,60,59.296712
14.808535,60,59.361733
37.511123,60,59.429095
21.75262,59,59.492067
21.090763,51,59.544389
21.913878,49,59.592577
40.413428,60,59.656001
38.355359,60,59.717347
52.996865,60,59.783764
19.733749,60,59.846641
44.040293,60,59.909418
33.372543,60,59.971205
44.822713,60,60.035972
36.263884,60,60.098316
28.496257,60,60.157245
51.197984,60,60.221768
33.059028,60,60.283871
32.857425,60,60.35137
52.035615,60,60.414797
36.879846,60,60.477267
33.186325,60,60.540439
41.795661,60,60.605292
49.094674,60,60.666627
19.702494,60,60.733191
34.887909,60,60.807636
41.398259,60,60.877649
30.179891,60,60.946619
45.34519,60,61.01423
42.42986,60,61.087216
32.702391,60,61.172961
44.648493,60,61.253986
28.865838,60,61.321059
27.964355,60,61.383483
34.748938,60,61.444011
26.404935,60,61.513036
43.964275,60,61.575985
46.327487,60,61.641822
31.537048,60,61.70324
46.410456,60,61.764166
40.613519,60,61.824203
31.87508,60,61.886011
19.124804,55,61.94027
27.927996,60,62.000085
44.681772,60,62.065045
11.583348,29,62.097248
43.230326,60,62.161654
48.790057,60,62.227118
21.665514,60,62.294117
38.047718,60,62.355053
18.139492,60,62.416033
32.397618,60,62.477367
11.971146,60,62.545792
33.069474,60,62.608644
37.951561,60,62.670928
22.713337,60,62.736753
44.632448,60,62.800308
27.422327,60,62.864156
39.669182,60,62.930552
36.38145,60,62.994524
33.556345,60,63.058568
22.518189,60,63.122238
49.052744,60,63.194201
47.640257,60,63.254101
39.58463,60,63.321012
31.741963,60,63.386046
35.85644,60,63.451536
28.45634,58,63.511923
41.055725,60,63.576848
31.295367,60,63.643041
46.777875,60,63.701993
23.091055,60,63.766295
47.995875,60,63.830857
26.417228,60,63.890838
54.415367,60,63.955314
34.668039,60,64.019217
41.339718,60,64.080643
6.812112,60,64.14123
33.86831,60,64.202164
45.275008,60,64.26317
21.747356,60,64.323136
36.138011,60,64.383454
57.640995,60,64.448213
41.282649,60,64.510125
57.362262,60,64.57605
44.05536,60,64.640482
35.524481,60,64.702992
31.335394,60,64.766192
38.120072,60,64.827586
34.307584,60,64.895456
22.614712,60,64.958393
46.857637,60,65.025293
32.125334,60,65.091849
31.30054,60,65.153384
30.81511,60,65.221282
22.653761,60,65.28514
36.010982,60,65.351576
30.751,60,65.415073
26.192218,50,65.472028
48.220036,60,65.536445
38.446784,60,65.602795
29.362617,60,65.669208
42.88335,60,65.731131
33.923979,60,65.79358
30.689554,54,65.8495
45.462534,60,65.915417
39.277747,60,65.97819
20.397879,52,66.033507
39.432081,60,66.099307
47.065304,60,66.161781
27.313563,60,66.224674
39.450812,60,66.28956
49.578437,60,66.352601
47.409743,60,66.412976
33.330288,60,66.475407
39.85692,60,66.53834
23.085939,60,66.597102
41.739257,60,66.656885
50.519261,60,66.721846
34.06373,60,66.780216
42.203189,60,66.844127
8.462273,49,66.89852
42.019674,60,66.959895
48.119632,60,67.0207
27.039605,60,67.084181
46.764689,60,67.149091
31.919747,60,67.21344
53.742033,60,67.275377
39.195014,60,67.341215
19.880146,60,67.404222
40.055506,60,67.46508
55.305115,60,67.531122
53.049408,60,67.596096
49.999623,60,67.659546
29.611496,54,67.719
51.631735,60,67.784861
38.796098,60,67.847318
44.884438,60,67.913182
19.996644,53,67.96949
36.072088,60,68.034587
49.070703,60,68.099977
48.517722,60,68.163989
39.821581,60,68.232987
30.86456,60,68.296369
53.158216,60,68.3602
42.697243,60,68.42857
35.869671,60,68.489916
36.888281,60,68.555186
43.067332,60,68.616045
34.364712,60,68.676453
12.63657,40,68.715128
54.684147,60,68.779098
42.31881,60,68.842017
26.382777,60,68.904368
25.853458,60,68.966808
34.091251,60,69.031535
46.857401,60,69.128661
47.812122,60,69.196089
48.175175,60,69.262602
43.188445,60,69.327503
30.687747,60,69.392039
35.933228,60,69.454475
37.010545,60,69.516924
41.24171,60,69.579333
16.953428,60,69.64292
37.977469,60,69.707325
25.691661,60,69.768206
39.132408,60,69.83109
36.927906,60,69.896066
55.56476,60,69.958422
32.328626,60,70.021081
53.239988,60,70.085098
47.871811,60,70.147442
28.379902,60,70.215032
23.755747,50,70.267346
18.455324,50,70.322185
5.728575,33,70.354317
48.930043,60,70.415169
50.207639,60,70.482121
4.847969,34,70.520934
52.685643,60,70.583337
43.855188,60,70.645234
21.606831,60,70.711531
27.972979,60,70.774312
24.103877,60,70.83748
38.987324,60,70.902568
46.589532,60,70.964893
43.082623,60,71.026931
46.497596,60,71.091993
53.408102,60,71.155965
46.90926,60,71.222353
40.506509,60,71.285797
50.432702,60,71.350753
55.048244,60,71.413115
50.669127,60,71.481607
45.148846,60,71.547069
27.424842,60,71.61043
54.537246,60,71.675942
13.965114,60,71.739381
41.29989,60,71.805879
46.093071,60,71.870854
46.430059,60,71.93682
45.271824,60,72.00372
43.004835,60,72.067007
40.883291,60,72.13201
53.847784,60,72.199029
39.611056,60,72.262468
23.977415,60,72.327387
8.497489,31,72.362592
49.359227,60,72.426572
36.373922,60,72.496438
42.926614,60,72.562884
39.874961,60,72.625573
48.486126,60,72.693375
47.651834,60,72.757682
41.508827,60,72.826088
55.752286,60,72.888969
50.197364,60,72.957422
42.710322,60,73.023326
13.977071,60,73.087253
53.384536,60,73.153159
47.627758,60,73.217049
41.239005,60,73.282554
46.565882,60,73.346989
35.847015,60,73.409407
48.249872,60,73.474329
53.297876,60,73.53838
34.477586,60,73.603899
44.910005,60,73.667234
31.952833,60,73.732071
55.131266,60,73.797054
48.633103,60,73.864514
45.163216,60,73.926452
5.967731,29,73.958149
41.900774,60,74.021555
44.770241,60,74.088932
43.920958,60,74.150923
51.058685,60,74.217252
6.652321,36,74.258503
53.93414,60,74.321411
52.961221,60,74.386334
45.643235,60,74.455798
49.684802,60,74.522751
7.49329,37,74.565035
50.603748,60,74.631005
37.324774,60,74.69591
50.360793,60,74.762737
55.199156,60,74.830158
6.409114,60,74.893584
46.397196,60,74.956889
52.043858,60,75.022239
43.382214,60,75.087989
31.647535,60,75.148877
51.104573,60,75.212411
26.471947,60,75.278809
54.122179,60,75.346282
43.86284,60,75.409724
29.637544,60,75.476161
51.25047,60,75.541088
46.556664,60,75.60042
12.41674,47,75.64921
45.170077,60,75.708656
50.772515,60,75.772603
51.686929,60,75.838064
46.184434,60,75.903128
55.744286,60,75.96615
36.367538,60,76.037224
52.072398,60,76.101726
50.307489,60,76.170004
57.474863,60,76.232839
54.880375,60,76.299845
49.675337,60,76.363256
23.61222,60,76.425572
16.805959,42,76.471844
45.697404,60,76.538293
41.381467,60,76.603242
13.952157,60,76.67264
51.075678,60,76.739947
50.712787,60,76.802861
52.879847,60,76.866303
49.095897,60,76.933711
41.548035,60,77.000142
50.120224,60,77.066652
48.827912,60,77.133208
45.481571,60,77.195146
50.887359,60,77.263219
48.61728,60,77.327298
47.216438,60,77.396669
53.026887,60,77.462943
34.726778,60,77.525527
20.35593,60,77.593383
52.587071,60,77.662372
53.391477,60,77.726244
51.914031,60,77.794233
45.985362,60,77.85639
41.01488,60,77.920777
46.904597,60,77.983665
36.097167,60,78.047983
48.338278,60,78.11047
48.31127,60,78.176914
44.753981,60,78.242334
50.37365,60,78.315854
51.894022,60,78.380574
41.613267,60,78.443489
51.734078,60,78.505457
27.577194,60,78.566372
54.607812,60,78.631681
33.066242,60,78.696123
36.282856,60,78.759
42.744512,60,78.825326
41.22659,60,78.890819
50.044082,60,78.958724
50.04407,60,79.025351
52.328557,60,79.089353
45.034083,60,79.155794
52.997335,60,79.220555
54.62975,60,79.289592
50.334533,60,79.356929
41.365699,60,79.426374
42.268784,60,79.492861
45.22906,60,79.55695
54.103687,60,79.62537
53.071298,60,79.690865
53.440227,60,79.756284
46.063066,60,79.82728
44.834692,60,79.891785
34.895532,60,79.957262
37.438669,60,80.020747
47.697416,60,80.083111
46.065934,60,80.144338
54.512219,60,80.206084
53.303417,60,80.27357
42.483802,60,80.337967
13.021912,47,80.390795
49.325183,60,80.455732
51.764621,60,80.522747
26.930201,60,80.591672
55.373052,60,80.659673
51.886205,60,80.722435
30.734006,60,80.789235
35.950101,60,80.851669
43.285259,60,80.915715
42.824714,60,80.978143
54.400271,60,81.047176
37.99719,60,81.110124
56.065211,60,81.171535
45.890033,60,81.240457
43.948573,60,81.308795
55.36814,60,81.372102
42.740516,60,81.442011
52.287047,60,81.505564
47.188388,60,81.572506
51.20696,60,81.640005
54.607166,60,81.703558
56.20866,60,81.769578
52.626507,60,81.834356
51.903522,60,81.903256
43.199302,60,81.968127
44.532788,60,82.032107
50.863221,60,82.102078
53.316737,60,82.169722
56.416586,60,82.235182
48.398998,60,82.298038
45.528825,60,82.365441
52.656912,60,82.428973
47.887067,60,82.49338
55.851131,60,82.559767
54.548289,60,82.623572
46.142753,60,82.68998
55.079414,60,82.755919
46.526347,60,82.821806
56.191053,60,82.888765
40.95697,60,82.952048
35.568931,60,83.014891
35.039468,60,83.078298
50.970397,60,83.1411
51.994739,60,83.207866
55.514868,60,83.277409
56.287896,60,83.345331
56.359866,60,83.413302
55.676684,60,83.475193
48.275451,60,83.543189
49.417589,60,83.609123
54.941503,60,83.677157
51.283973,60,83.745608
54.515807,60,83.810589
57.854766,60,83.877927
51.441991,60,83.947356
55.031989,60,84.010339
54.548577,60,84.079872
57.054517,60,84.143734
51.654989,60,84.213691
55.950335,60,84.282626
47.891417,60,84.34955
53.595177,60,84.416856
54.443596,60,84.482831
44.765175,60,84.548128
51.243483,60,84.616014
10.016736,45,84.661757
38.751646,60,84.726732
56.382668,60,84.790047
48.626807,60,84.854331
56.291524,60,84.919226
55.329073,60,84.987118
54.124397,60,85.049636
57.278132,60,85.116539
49.679885,60,85.184924
25.624858,60,85.24891
51.628338,60,85.314085
56.618921,60,85.382124
56.632582,60,85.450834
54.480059,60,85.513985
37.491245,60,85.583923
32.237214,60,85.657069
53.60223,60,85.722353
56.07145,60,85.790112
47.865209,60,85.8586
33.56172,60,85.924524
32.154488,60,85.993969
48.229601,60,86.062493
56.847441,60,86.126136
49.106032,60,86.194171
50.892413,60,86.26044
24.072496,60,86.324631
53.848644,60,86.389585
56.536458,60,86.458744
52.641349,60,86.537794
47.673037,60,86.622787
50.143411,60,86.705195
57.44279,60,86.777122
52.617581,60,86.843414
56.571373,60,86.921479
52.372104,60,86.990392
56.3,60,87.054821
57.248721,60,87.121706
42.023774,60,87.188435
51.871597,60,87.25634
40.484805,60,87.322279
51.4434,60,87.387059
43.825989,60,87.463382
55.645615,60,87.535686
56.703367,60,87.611084
50.134434,60,87.682182
53.68843,60,87.752671
39.819809,60,87.818647
55.334647,60,87.887956
57.497393,60,87.958472
52.70471,60,88.025908
20.522678,60,88.094265
57.318384,60,88.161327
56.987564,60,88.229204
46.598967,60,88.295614
56.6346,60,88.361581
34.169351,60,88.42698
43.544698,60,88.504534
54.783851,60,88.567792
57.378858,60,88.635245
52.557827,60,88.702228
31.624585,60,88.771798
50.449584,60,88.834222
54.589785,60,88.900197
37.850237,60,88.966541
29.494688,60,89.034004
54.426577,60,89.099426
55.733253,60,89.168349
54.418218,60,89.233326
53.727481,60,89.296708
11.111025,57,89.360668
52.112054,60,89.424116
54.41658,60,89.486785
55.201884,60,89.551979
53.842486,60,89.621023
56.448943,60,89.685967
40.174264,60,89.755484
56.677589,60,89.821392
20.268504,45,89.873237
44.709188,60,89.939392
55.579045,60,90.003231
53.806952,60,90.071974
54.359994,60,90.138748
56.618406,60,90.205682
55.936262,60,90.272125
52.489167,60,90.335549
56.147362,60,90.405521
48.96932,60,90.470995
51.243759,60,90.537864
55.229749,60,90.605545
40.786019,60,90.673794
51.117466,60,90.741574
55.641767,60,90.814656
48.483901,60,90.881151
46.102955,60,90.949627
54.685282,60,91.023029
55.052657,60,91.09205
57.242228,60,91.158054
56.425266,60,91.227889
55.577226,60,91.29474
57.14192,60,91.360962
48.095824,60,91.429104
18.51235,57,91.489036
56.958365,60,91.551968
55.454287,60,91.619405
56.317602,60,91.682652
44.581751,60,91.748554
56.655087,60,91.820072
53.223586,60,91.886423
54.813235,60,91.955313
55.997378,60,92.031263
56.868612,60,92.10123
53.132045,60,92.170651
56.032281,60,92.246778
33.745906,60,92.320767
55.860734,60,92.39445
50.980423,60,92.464235
54.588576,60,92.535587
47.180323,60,92.601542
56.08651,60,92.671026
52.957951,60,92.745105
43.717665,60,92.813583
55.979954,60,92.888031
55.088414,60,92.955687
26.002969,60,93.025385
53.959676,60,93.099142
43.175639,60,93.168647
56.993505,60,93.241635
54.56884,60,93.31008
51.991256,60,93.381531
55.803119,60,93.449949
55.682843,60,93.520868
50.787353,60,93.595234
53.911591,60,93.66669
54.226468,60,93.73469
57.399649,60,93.80275
57.628114,60,93.871225
41.619893,60,93.941154
55.768486,60,94.00661
39.254339,60,94.071051
54.645936,60,94.14529
56.218468,60,94.214795
45.112742,60,94.285244
58.370923,60,94.360413
44.204849,60,94.43347
55.747976,60,94.502349
56.14303,60,94.572329
56.494502,60,94.642422
53.676252,60,94.712377
57.111555,60,94.785171
57.046554,60,94.854856
5.896426,46,94.906672
55.436897,60,94.974651
44.507761,60,95.048061
38.545039,60,95.115519
56.525476,60,95.188107
55.38675,60,95.259026
56.819439,60,95.329374
57.080794,60,95.404845
55.804522,60,95.475391
54.766869,60,95.545382
55.763185,60,95.616294
57.488904,60,95.691779
54.425027,60,95.759747
56.438227,60,95.829604
29.918523,60,95.900431
56.498069,60,95.967137
55.750048,60,96.036916
37.960064,60,96.103839
56.456384,60,96.170887
56.054202,60,96.237855
54.942483,60,96.305697
54.971892,60,96.371673
55.247722,60,96.442298
21.200374,58,96.511138
56.250185,60,96.580523
11.188235,60,96.654731
13.386923,42,96.706865
57.292714,60,96.782175
56.712737,60,96.856215
43.763384,60,96.929122
38.696987,60,97.004021
55.996648,60,97.079262
57.342643,60,97.157753
57.503726,60,97.227658
55.128532,60,97.308772
56.278642,60,97.385761
56.729478,60,97.459311
56.009879,60,97.537762
49.037564,60,97.61516
38.659805,60,97.704184
55.270569,60,97.808571
53.463108,60,97.889592
49.4364,60,97.958054
56.010773,60,98.032061
55.032924,60,98.10864
55.17667,60,98.179654
56.833632,60,98.25368
55.628461,60,98.325194
56.270075,60,98.393052
53.931557,60,98.466043
51.499302,60,98.538585
31.261488,60,98.609534
56.628284,60,98.682678
56.414977,60,98.751076
56.022797,60,98.820634
47.48686,60,98.89314
45.977158,60,98.960046
52.906609,60,99.02954
55.740584,60,99.103052
56.156855,60,99.172513
56.129575,60,99.238997
56.847941,60,99.310502
50.676736,60,99.379918
51.465033,60,99.460913
57.152402,60,99.532314
52.645049,60,99.60473
53.646606,60,99.678103
54.479783,60,99.752619
53.710605,60,99.824628
56.227098,60,99.896648
57.110932,60,99.970224
55.606968,60,100.043067
56.55,60,100.116641
55.399599,60,100.190498
53.303748,60,100.259442
54.697304,60,100.330864
33.944864,60,100.39977
56.183658,60,100.469257
55.122487,60,100.543254
54.305193,60,100.611068
56.317481,60,100.682562
42.720791,60,100.756001
48.33222,60,100.825026
56.301943,60,100.90112
56.793516,60,100.972168
55.660687,60,101.044206
56.346491,60,101.124185
56.868876,60,101.200624
53.660946,60,101.269355
57.320127,60,101.338808
55.743327,60,101.415619
55.157858,60,101.49046
56.244265,60,101.561347
40.722097,60,101.630804
26.369154,59,101.697672
43.626333,60,101.768519
56.615213,60,101.840506
55.205762,60,101.912496
55.170378,60,101.982327
55.25225,60,102.050492
50.61393,60,102.121452
55.838636,60,102.186294
55.900653,60,102.259169
52.31687,60,102.329823
53.053648,60,102.400743
54.845326,60,102.475462
56.013389,60,102.555491
55.258262,60,102.633508
56.109135,60,102.706435
34.242282,60,102.78234
56.035784,60,102.858286
57.492522,60,102.94243
19.80497,60,103.017611
56.699505,60,103.099623
54.547805,60,103.17512
18.693507,60,103.251753
55.751707,60,103.329604
52.22135,60,103.407861
56.077088,60,103.490769
55.954459,60,103.570464
12.165303,60,103.642846
58.0,60,103.713305
10.449172,42,103.765684
41.797915,60,103.834276
55.767032,60,103.912446
56.228665,60,103.982808
57.106109,60,104.052794
50.786968,60,104.125899
56.257482,60,104.195423
55.080553,60,104.265869
55.355502,60,104.333318
52.141377,60,104.409214
44.102583,60,104.479982
54.94119,60,104.54775
47.111592,60,104.620078
56.7,60,104.702531
26.906211,60,104.766081
54.828757,60,104.830973
57.146873,60,104.899425
55.138008,60,104.972973
10.584457,54,105.034004
28.850923,60,105.101379
56.902002,60,105.165716
57.434833,60,105.234188
56.71507,60,105.300161
55.321649,60,105.369065
55.149443,60,105.442039
53.813664,60,105.507593
38.789561,60,105.576437
55.757035,60,105.643636
56.376591,60,105.711947
31.764336,60,105.779079
56.143232,60,105.841558
39.235757,60,105.909963
53.665966,60,105.977363
38.664349,60,106.040255
56.6569,60,106.108387
30.896703,60,106.173556
56.728799,60,106.244524
56.644038,60,106.31069
35.811597,60,106.378405
53.742298,60,106.449227
21.021065,56,106.512603
29.489071,60,106.582129
51.281407,60,106.650546
50.181601,60,106.71547
55.942573,60,106.786014
31.351803,60,106.853527
56.726545,60,106.931492
52.788932,60,106.997739
55.041556,60,107.065459
55.784777,60,107.136158
51.268071,60,107.202418
56.116519,60,107.272797
54.638368,60,107.341746
53.55351,60,107.412112
51.352173,60,107.479597
56.123541,60,107.554637
42.821446,60,107.627542
55.85508,60,107.699374
53.989743,60,107.766355
56.25,60,107.84
46.875217,60,107.909613
57.169813,60,107.978568
52.978536,60,108.079752
56.138379,60,108.162334
52.966063,60,108.231516
53.229041,60,108.305965
56.348369,60,108.374823
55.868632,60,108.443788
55.421164,60,108.514535
57.1,60,108.581945
56.449256,60,108.652841
56.501944,60,108.722672
42.535146,60,108.796268
46.373821,60,108.867291
49.238152,60,108.940282
56.730868,60,109.013311
56.773102,60,109.082284
55.752781,60,109.154913
55.076323,60,109.224266
42.688682,60,109.296803
55.138459,60,109.368759
56.978997,60,109.441785
56.592833,60,109.513729
53.432637,60,109.582181
48.347315,60,109.655143
56.096582,60,109.728201
54.277901,60,109.800113
54.144875,60,109.878621
52.014748,60,109.948533
55.43775,60,110.016528
34.423632,60,110.091049
15.746648,60,110.16398
49.128324,60,110.23447
58.349144,60,110.306455
56.243124,60,110.381526
56.338215,60,110.453133
56.678976,60,110.523963
54.70655,60,110.594829
54.099962,60,110.661617
56.653938,60,110.72652
57.27036,60,110.795021
54.21342,60,110.862525
55.63188,60,110.933553
57.105606,60,111.0026
55.799215,60,111.073055
56.519736,60,111.147781
46.650278,60,111.218766
56.231515,60,111.286086
54.057339,60,111.350637
45.056998,60,111.415892
57.371418,60,111.483294
17.814254,60,111.548996
55.774828,60,111.619083
51.951117,60,111.690084
55.989605,60,111.761099
56.343468,60,111.83213
57.639343,60,111.898468
56.191684,60,111.96749
55.972255,60,112.032387
55.57156,60,112.098739
53.184184,60,112.170542
56.494438,60,112.235826
55.932806,60,112.304772
53.449963,60,112.372174
56.815696,60,112.443553
55.110214,60,112.509
55.759587,60,112.578998
54.101864,60,112.653369
43.046576,60,112.720741
56.076585,60,112.791666
54.730606,60,112.862542
56.478656,60,112.930542
55.65,60,112.996526
46.659314,60,113.060919
56.659275,60,113.128711
54.957253,60,113.198032
56.946903,60,113.267957
46.129481,60,113.339815
41.23146,60,113.412714
56.496795,60,113.484196
56.852966,60,113.554166
56.198901,60,113.624124
56.735168,60,113.692572
55.29435,60,113.762527
55.862904,60,113.830519
55.837801,60,113.902211
56.949121,60,113.97052
42.61721,60,114.038668
53.415874,60,114.108477
53.360759,60,114.174879
55.906382,60,114.245251
51.25119,60,114.313698
28.769811,60,114.380701
51.926294,60,114.452618
51.75753,60,114.522131
53.138741,60,114.588541
43.341301,60,114.659015
54.482544,60,114.727303
56.793023,60,114.797233
42.765544,60,114.864919
52.154204,60,114.933295
38.77041,60,114.998281
49.404504,60,115.064145
54.596848,60,115.131522
55.37948,60,115.196527
56.7,60,115.261186
56.958852,60,115.330105
56.544466,60,115.396526
56.74382,60,115.463913
57.022784,60,115.531932
56.499287,60,115.600392
53.748168,60,115.669062
50.485309,60,115.739579
56.592188,60,115.807504
52.780101,60,115.875951
56.847734,60,115.941369
56.979771,60,116.010822
51.437539,60,116.076212
56.420636,60,116.15109
54.119683,60,116.222288
50.001604,60,116.29025
56.340068,60,116.355709
53.482395,60,116.424674
56.279,60,116.49219
46.457186,60,116.565127
53.825172,60,116.637219
57.792444,60,116.707207
20.815174,60,116.776227
31.837595,60,116.843753
55.612234,60,116.91727
22.03164,60,116.982105
56.317927,60,117.063189
57.2,60,117.150761
55.705757,60,117.219461
56.499811,60,117.289743
56.780477,60,117.35648
56.99764,60,117.422441
56.956943,60,117.491482
57.27738,60,117.555822
57.61881,60,117.619781
56.561392,60,117.687212
48.80819,60,117.752192
49.864732,60,117.820773
55.5176,60,117.886521
55.761227,60,117.950071
56.353031,60,118.020067
56.69518,60,118.087543
56.962865,60,118.154886
56.985905,60,118.222238
55.875805,60,118.291191
56.66796,60,118.359137
56.95,60,118.429133
55.981525,60,118.498046
51.810133,60,118.560876
57.1,60,118.62885
53.440954,60,118.693701
57.570319,60,118.763247
55.896222,60,118.832811
17.956058,60,118.899418
56.875854,60,118.968216
56.633857,60,119.036034
56.169755,60,119.103953
56.173989,60,119.176426
54.364165,60,119.25543
55.123996,60,119.329396
55.397668,60,119.398534
56.093143,60,119.473648
56.363741,60,119.543135
56.393754,60,119.612548
48.610036,60,119.681928
55.477701,60,119.74988
56.969668,60,119.816348
56.015961,60,119.885716
42.436939,60,119.948639
55.768685,60,120.01969
56.570247,60,120.088074
55.512051,60,120.160931
56.206046,60,120.231375
55.274601,60,120.302711
56.736316,60,120.37019
43.455856,60,120.43915
54.204788,60,120.508172
56.517686,60,120.577105
42.124578,60,120.643308
56.489758,60,120.716831
56.467698,60,120.78519
25.32483,60,120.858126
56.66535,60,120.932077
55.525914,60,121.003556
54.498418,60,121.07552
56.011867,60,121.14502
47.382386,60,121.216386
56.81786,60,121.286204
52.197756,60,121.355656
47.35391,60,121.422677
56.862306,60,121.495206
57.840032,60,121.565133
42.027709,60,121.634322
56.7,60,121.702318
45.872775,60,121.771496
57.25,60,121.837762
57.25,60,121.904121
53.653226,60,121.97357
52.504082,60,122.040053
46.980165,60,122.102382
54.93278,60,122.16838
56.569853,60,122.233803
56.278342,60,122.299056
54.474812,60,122.366455
43.678023,60,122.43097
55.833121,60,122.497879
40.131989,60,122.568372
53.624512,60,122.634848
55.615184,60,122.699089
56.89166,60,122.764962
54.775557,60,122.830992
55.642553,60,122.899003
44.770256,60,122.968443
55.263847,60,123.038403
49.021147,60,123.106347
56.923888,60,123.175844
56.927076,60,123.245169
56.299465,60,123.317115
39.346234,60,123.393055
55.958431,60,123.468675
53.30867,60,123.540573
55.521274,60,123.617503
57.351584,60,123.688545
57.045753,60,123.764437
56.050353,60,123.842125
56.960237,60,123.930178
56.081373,60,124.003164
56.024938,60,124.068048
55.983751,60,124.136008
54.635947,60,124.211366
56.484239,60,124.284316
57.173163,60,124.358249
56.736866,60,124.430766
54.62337,60,124.500748
57.278445,60,124.563232
55.791694,60,124.632055
57.491465,60,124.695429
56.981259,60,124.765545
56.464286,60,124.832994
55.929442,60,124.90708
49.200455,60,124.976019
56.895099,60,125.041983
57.092859,60,125.113756
56.241811,60,125.182261
51.601393,60,125.248079
55.860273,60,125.318063
36.52221,60,125.386438
56.602882,60,125.456042
56.0,60,125.524485
55.868129,60,125.590328
53.573972,60,125.660278
55.341817,60,125.72964
55.422873,60,125.795742
57.916024,60,125.865111
55.941534,60,125.936016
56.514794,60,126.005845
56.645558,60,126.073699
56.448486,60,126.139162
53.962768,60,126.206935
56.665551,60,126.272895
43.579974,60,126.339431
52.410132,60,126.408903
42.49517,60,126.4763
40.688451,60,126.542174
55.513392,60,126.610315
56.462759,60,126.67728
55.804003,60,126.745067
55.474419,60,126.818029
10.348271,53,126.881918
56.511398,60,126.951926
56.78832,60,127.024272
8.106985,60,127.087735
56.406082,60,127.158305
54.805453,60,127.225254
43.296601,60,127.291571
56.545745,60,127.358959
56.246136,60,127.425892
56.999418,60,127.494834
55.282948,60,127.558853
15.937528,60,127.622344
56.659877,60,127.690845
56.659734,60,127.757931
54.125991,60,127.828326
20.025458,47,127.877627
56.015647,60,127.945918
47.032444,60,128.013321
54.467075,60,128.081756
55.482535,60,128.147888
55.685656,60,128.218836
56.211696,60,128.286217
50.758517,60,128.354883
55.608067,60,128.423388
54.259665,60,128.489732
46.536082,60,128.557189
53.45542,60,128.623593
54.951343,60,128.692474
29.363989,60,128.759461
56.95,60,128.827923
47.744019,60,128.897876
56.11851,60,128.962794
57.743013,60,129.032183
53.474611,60,129.102094
54.621495,60,129.192167
56.574405,60,129.274282
56.675894,60,129.34829
55.061153,60,129.420151
56.802108,60,129.485403
56.574984,60,129.562176
55.640983,60,129.635685
55.19443,60,129.710653
56.663112,60,129.783098
53.119898,60,129.861219
52.184333,60,129.939793
49.835151,60,130.008072
57.38857,60,130.081849
55.841684,60,130.153307
51.028181,60,130.221803
57.384678,60,130.289752
53.482571,60,130.358634
55.599359,60,130.425256
56.826266,60,130.500707
56.462692,60,130.574617
56.430195,60,130.642156
56.123369,60,130.709624
55.025565,60,130.7815
57.241389,60,130.849562
56.863786,60,130.92287
57.173592,60,130.99988
55.705343,60,131.074272
54.401887,60,131.142194
50.9511,60,131.209726
57.182087,60,131.277693
56.777519,60,131.347047
56.615944,60,131.412847
57.215079,60,131.479742
54.977546,60,131.547224
56.189151,60,131.616138
57.014811,60,131.68345
57.296693,60,131.751934
57.123547,60,131.819881
47.39192,60,131.891473
55.8,60,131.961718
57.792516,60,132.028114
50.117708,60,132.099612
49.983712,60,132.165011
57.09643,60,132.238511
56.688101,60,132.307929
41.029338,60,132.375904
43.790687,60,132.4474
50.766129,60,132.518795
57.566799,60,132.587317
54.12189,60,132.655218
56.65645,60,132.729608
56.328246,60,132.797102
52.001404,60,132.868597
56.834355,60,132.934864
55.776141,60,133.005763
57.556097,60,133.075887
32.691603,60,133.14589
56.4,60,133.221251
56.233311,60,133.295849
37.916499,60,133.369545
45.849404,60,133.471769
34.399134,60,133.552619
56.672106,60,133.625366
56.132778,60,133.703267
52.607759,60,133.775795
57.48075,60,133.852382
57.636388,60,133.931281
56.255474,60,134.00825
36.835176,60,134.087213
56.35,60,134.16606
12.86765,52,134.229043
56.079879,60,134.311592
56.892546,60,134.391075
56.485732,60,134.475123
57.266306,60,134.552013
57.350555,60,134.618311
56.267977,60,134.682867
53.311077,60,134.749038
55.619551,60,134.815846
54.495289,60,134.878147
56.45,60,134.94354
56.332457,60,135.014472
36.52669,60,135.087194
55.919086,60,135.169184
37.355271,60,135.237619
11.112793,60,135.314662
56.528371,60,135.395251
41.126211,60,135.478188
54.013704,60,135.568259
57.3,60,135.660379
56.366523,60,135.747559
56.34365,60,135.829028
55.957909,60,135.90998
53.007107,60,136.001079
56.934986,60,136.074615
52.777725,60,136.145133
52.943217,60,136.22017
56.283974,60,136.289625
26.411379,60,136.359066
52.43017,60,136.4271
35.811189,60,136.503618
27.253278,60,136.574951
57.369703,60,136.643504
55.733584,60,136.717973
56.178137,60,136.790007
56.504348,60,136.859021
54.626807,60,136.9323
54.776274,60,137.000178
56.047322,60,137.068172
56.061172,60,137.133591
56.168124,60,137.201041
55.680463,60,137.265674
56.922983,60,137.332174
56.592844,60,137.400565
51.965728,60,137.465997
56.390604,60,137.534574
56.310257,60,137.603877
57.478872,60,137.672454
56.372273,60,137.741856
55.956621,60,137.810812
56.95,60,137.881094
56.429448,60,137.949389
50.435068,60,138.019557
57.223225,60,138.091429
44.09251,60,138.159349
24.065821,60,138.226884
13.75676,37,138.273489
55.980391,60,138.347634
56.016401,60,138.41848
57.73777,60,138.486039
57.95,60,138.556008
55.255825,60,138.633862
56.260325,60,138.70129
56.658291,60,138.775295
54.838311,60,138.841223
8.330177,60,138.908129
47.479709,60,138.977103
56.718848,60,139.045447
37.067156,60,139.117101
53.200952,60,139.194077
56.5,60,139.263993
14.907544,60,139.329834
56.473118,60,139.396079
57.566921,60,139.467342
55.445753,60,139.529749
56.572463,60,139.597182
55.987464,60,139.66471
55.501176,60,139.735151
44.843884,60,139.80778
55.867911,60,139.885953
56.711391,60,139.954352
56.571434,60,140.019643
56.775926,60,140.089047
55.842637,60,140.158601
51.130193,60,140.223154
41.434574,60,140.294103
51.930218,60,140.361937
57.54374,60,140.427962
55.965143,60,140.494884
55.005799,60,140.565041
51.166781,60,140.635869
49.711526,60,140.706655
56.5,60,140.776629
55.046258,60,140.847086
53.72766,60,140.918002
57.203256,60,140.988538
57.514349,60,141.059195
56.2,60,141.127064
56.070597,60,141.199393
57.180304,60,141.269405
56.19428,60,141.334958
54.303029,60,141.405903
56.148422,60,141.475868
56.32539,60,141.547437
57.063897,60,141.618402
56.1,60,141.685822
55.658697,60,141.756743
54.829249,60,141.825693
56.465683,60,141.892663
49.934057,60,141.959603
56.54458,60,142.027573
34.974014,60,142.09754
56.318633,60,142.167503
54.452579,60,142.238534
55.90036,60,142.308764
49.623112,60,142.37914
13.155838,60,142.447782
56.981656,60,142.519751
52.247182,60,142.585672
55.110787,60,142.654833
56.112972,60,142.720163
53.093003,60,142.784741
57.012867,60,142.851719
56.025528,60,142.917537
56.917456,60,142.981938
21.920646,57,143.048649
57.375743,60,143.113599
51.522309,60,143.178657
57.85,60,143.249539
57.232136,60,143.31399
54.373672,60,143.383736
57.498264,60,143.449981
57.386991,60,143.5178
56.5803,60,143.585569
55.073001,60,143.654084
55.898016,60,143.719512
53.643118,60,143.788936
58.119575,60,143.855435
57.126811,60,143.923988
47.041688,60,143.995846
11.77075,60,144.07067
55.55,60,144.142429
57.235591,60,144.21343
54.782314,60,144.288458
54.563436,60,144.363972
56.95,60,144.46675
56.318134,60,144.541004
55.85,60,144.611891
17.505445,60,144.676793
56.756923,60,144.742594
56.416759,60,144.812561
56.938556,60,144.880453
56.58588,60,144.945415
53.159955,60,145.011336
52.796175,60,145.080665
54.658873,60,145.148895
47.092534,60,145.215781
54.830127,60,145.285856
50.15343,60,145.352827
52.594136,60,145.419802
32.303596,60,145.484972
58.24164,60,145.555972
57.157072,60,145.666586
50.294764,60,145.736603
48.063024,60,145.809578
56.175757,60,145.876538
37.904643,60,145.946932
51.497066,60,146.013845
47.427559,60,146.080762
57.421075,60,146.150766
56.469298,60,146.217595
56.643357,60,146.286982
44.121116,60,146.350943
57.090434,60,146.421813
55.703865,60,146.487391
17.211053,58,146.550842
56.683506,60,146.617847
56.781336,60,146.686833
56.920482,60,146.75277
21.538387,49,146.808132
51.596453,60,146.875632
51.425747,60,146.942078
55.291359,60,147.007864
57.6,60,147.073292
56.354991,60,147.138978
55.702641,60,147.205884
56.022484,60,147.274335
55.006954,60,147.343307
56.729343,60,147.413978
55.720209,60,147.48047
56.616372,60,147.546962
48.829715,60,147.612966
57.223881,60,147.685379
56.878473,60,147.754627
57.097952,60,147.818655
56.657015,60,147.89359
56.062209,60,147.962094
44.887823,60,148.029221
56.877998,60,148.100142
56.593313,60,148.164483
55.844097,60,148.235455
55.903997,60,148.305421
56.913471,60,148.371775
54.460409,60,148.437743
57.069667,60,148.506624
56.0387,60,148.576763
55.622908,60,148.643301
57.501123,60,148.715272
56.249278,60,148.780106
54.468521,60,148.84749
55.963429,60,148.913012
56.498143,60,148.975829
56.973061,60,149.045096
51.463858,60,149.111545
56.75,60,149.180929
56.211285,60,149.248873
34.79748,60,149.315749
55.280561,60,149.383701
56.253749,60,149.450142
56.611516,60,149.522085
37.482137,60,149.588994
57.407103,60,149.656776
27.173719,60,149.722874
32.928687,59,149.789766
55.95983,60,149.85722
56.6,60,149.925609
46.608894,60,149.995384
56.05,60,150.064434
43.198541,60,150.134616
55.46258,60,150.200532
56.380513,60,150.268487
56.75,60,150.338397
48.515884,60,150.405719
56.753546,60,150.474592
55.996092,60,150.541064
56.109358,60,150.614134
55.515964,60,150.682141
26.626022,60,150.748426
55.65,60,150.817888
56.018967,60,150.884839
56.047228,60,150.952767
55.847292,60,151.018884
55.412511,60,151.083063
55.943419,60,151.149817
56.471214,60,151.220047
27.701415,60,151.290709
45.600182,60,151.357296
55.615608,60,151.427211
56.097927,60,151.493168
56.742911,60,151.565245
56.523023,60,151.635077
56.311138,60,151.703927
55.567803,60,151.773716
55.457807,60,151.841048
55.868421,60,151.910008
38.779742,60,151.979375
50.66257,60,152.053284
33.434141,60,152.121329
56.262956,60,152.185242
53.929777,60,152.253813
56.934398,60,152.32226
53.11053,60,152.392677
54.373135,60,152.462565
54.692736,60,152.530421
56.435575,60,152.600093
56.342377,60,152.665435
57.399873,60,152.736503
56.38325,60,152.80549
56.580442,60,152.872869
55.85,60,152.936805
48.523701,60,153.000662
50.129955,60,153.068584
52.315245,60,153.131903
57.786135,60,153.19947
55.255864,60,153.266855
56.69795,60,153.340763
56.54353,60,153.409141
55.440481,60,153.486514
22.165377,48,153.544286
47.89862,60,153.612667
56.807503,60,153.684185
55.442029,60,153.751137
56.290857,60,153.820961
55.85394,60,153.890327
34.937509,60,153.955784
56.967167,60,154.02408
56.2,60,154.09282
52.181845,60,154.163671
50.57223,60,154.229599
52.701609,60,154.298515
50.310174,60,154.369962
57.374618,60,154.434407
49.70702,60,154.501761
54.245897,60,154.571207
56.842211,60,154.638053
23.440885,60,154.709541
9.541863,36,154.749821
55.275712,60,154.819263
55.581328,60,154.887228
55.65,60,154.957158
49.804676,60,155.02867
19.38589,60,155.09346
56.2481,60,155.160735
56.885678,60,155.226484
37.518072,60,155.295758
31.382417,60,155.362106
56.337854,60,155.426437
56.637227,60,155.492455
56.326731,60,155.560616
46.306075,60,155.630547
52.36776,60,155.698942
56.517466,60,155.769391
54.935034,60,155.836613
56.35,60,155.9065
55.398751,60,155.972111
49.381655,60,156.036506
53.645196,60,156.105441
56.73208,60,156.173998
46.796789,60,156.240061
55.625561,60,156.309381
51.292764,60,156.379828
56.622521,60,156.447703
56.829302,60,156.515708
55.419416,60,156.583668
56.516935,60,156.651225
56.435356,60,156.721241
56.05,60,156.792813
51.283433,60,156.863386
55.798056,60,156.931387
56.314703,60,157.000206
55.95,60,157.068167
56.137963,60,157.134718
55.8,60,157.197604
56.614094,60,157.263085
49.123848,60,157.326881
49.112164,60,157.39072
56.99327,60,157.455019
54.176581,60,157.520974
55.117662,60,157.586434
57.033063,60,157.652734
47.478352,60,157.720025
55.910122,60,157.788916
53.822075,60,157.857933
55.934573,60,157.920853
56.692356,60,157.991807
45.308687,60,158.05627
29.989587,60,158.127856
48.083004,60,158.195283
56.45,60,158.265224
11.29265,60,158.335047
55.895014,60,158.403223
39.840428,60,158.477314
56.000282,60,158.54464
57.03139,60,158.612677
57.355929,60,158.681591
23.00482,60,158.745523
31.8514,60,158.814044
54.734651,60,158.880608
56.724707,60,158.947492
55.890153,60,159.013925
57.02901,60,159.08357
56.683904,60,159.15251
50.324321,60,159.217512
56.4,60,159.284882
56.652143,60,159.348279
55.430483,60,159.409689
56.726396,60,159.478604
48.267444,60,159.542945
49.580563,60,159.608264
56.265782,60,159.676586
56.55,60,159.745615
41.671473,60,159.812667
56.236833,60,159.8822
54.517055,60,159.948206
56.871958,60,160.01225
54.413272,60,160.079746
55.747966,60,160.146317
21.584109,44,160.197383
56.355835,60,160.265493
56.062071,60,160.335226
54.330969,60,160.405159
57.448349,60,160.471647
56.757731,60,160.54015
56.361725,60,160.60621
47.863319,60,160.673617
51.460832,60,160.745195
27.429925,60,160.812558
56.04215,60,160.882436
55.660499,60,160.950393
55.182014,60,161.020296
22.232058,46,161.076707
53.2683,60,161.143087
57.272439,60,161.210284
56.477994,60,161.27456
25.397112,60,161.337862
56.672821,60,161.406756
56.723118,60,161.472909
49.321105,60,161.535362
56.252712,60,161.599099
52.759835,60,161.667961
55.904787,60,161.735222
56.426324,60,161.803732
54.473656,60,161.870848
56.642651,60,161.93778
56.188243,60,162.006725
56.64281,60,162.072648
55.802752,60,162.138558
56.678678,60,162.203431
54.019486,60,162.268931
55.633059,60,162.336631
56.692895,60,162.406526
12.742287,60,162.47665
53.754895,60,162.543586
56.185923,60,162.612143
50.456407,60,162.681579
55.442006,60,162.74766
56.464639,60,162.820734
56.335868,60,162.88863
55.778488,60,162.95492
42.800303,60,163.025472
51.220375,60,163.0965
51.567427,60,163.162132
54.806745,60,163.228546
56.080424,60,163.296983
55.906647,60,163.36377
56.856592,60,163.426688
52.867615,60,163.493129
54.13019,60,163.558597
56.606234,60,163.623559
56.42119,60,163.689018
55.924509,60,163.75533
42.833625,60,163.82375
37.960678,60,163.894274
37.938488,60,163.958669
46.409129,60,164.02648
56.043022,60,164.098489
30.699624,60,164.166357
25.073452,60,164.235407
56.8,60,164.301921
56.8,60,164.373507
56.226909,60,164.439059
47.012551,60,164.508044
55.22072,60,164.576297
55.923915,60,164.64168
55.803763,60,164.716124
51.527349,60,164.78351
54.471946,60,164.852464
54.667476,60,164.925067
34.35657,60,164.991856
40.50666,60,165.058609
56.375361,60,165.123764
53.405254,60,165.193632
55.474572,60,165.262062
56.661678,60,165.327979
16.878633,60,165.395494
56.636893,60,165.460473
56.4,60,165.525304
56.66624,60,165.592654
50.703823,60,165.661217
53.936621,60,165.728096
56.08852,60,165.794426
56.5657,60,165.862187
56.213761,60,165.928191
48.050943,60,165.995114
49.681646,60,166.061631
56.659529,60,166.136703
53.635282,60,166.201541
57.056925,60,166.268984
54.033709,60,166.33539
56.465281,60,166.405287
31.659104,60,166.476225
44.791457,60,166.543154
56.838764,60,166.613656
55.943505,60,166.681014
56.871808,60,166.749646
55.538727,60,166.819157
56.088994,60,166.887677
56.76438,60,166.955104
54.558968,60,167.027575
56.437185,60,167.097555
47.772536,60,167.167053
56.502646,60,167.236223
47.874864,60,167.308417
56.588079,60,167.377263
56.534985,60,167.445109
56.262223,60,167.510053
54.184592,60,167.575481
46.848943,60,167.641871
56.625416,60,167.707849
55.446715,60,167.773179
47.519674,60,167.83657
56.469263,60,167.900124
56.650578,60,167.968818
55.764469,60,168.038519
56.552077,60,168.104455
52.95073,60,168.17079
56.15,60,168.2423
57.533762,60,168.308247
9.837868,60,168.372707
56.865151,60,168.445041
56.75,60,168.512472
28.993089,60,168.577852
56.212087,60,168.64618
55.118641,60,168.716128
42.940601,60,168.781533
57.885288,60,168.850465
49.796466,60,168.919383
55.55,60,168.987244
57.399991,60,169.059684
55.442985,60,169.128224
41.042724,60,169.193586
56.893204,60,169.262576
56.117048,60,169.33108
47.599084,60,169.401084
56.2,60,169.46962
56.026099,60,169.536973
56.58752,60,169.606427
55.379934,60,169.672608
57.6,60,169.742186
55.6,60,169.810638
52.745918,60,169.878538
55.514449,60,169.946423
56.916592,60,170.012316
56.065712,60,170.077087
49.010091,60,170.146545
55.870524,60,170.214461
54.768311,60,170.283875
53.56808,60,170.352405
54.455448,60,170.416889
19.591298,60,170.485354
55.907401,60,170.550797
55.922299,60,170.617275
56.786238,60,170.683287
53.387298,60,170.753791
43.715302,60,170.827627
21.909104,60,170.896113
52.34076,60,170.966137
52.418642,60,171.037716
57.661694,60,171.106584
55.318525,60,171.175164
56.5,60,171.245125
56.599584,60,171.315461
56.967665,60,171.385442
56.412022,60,171.45598
47.620531,60,171.525419
56.942674,60,171.59086
45.37502,60,171.659274
48.631862,60,171.726906
57.050523,60,171.79423
54.082273,60,171.860815
55.861275,60,171.927187
56.369093,60,171.993185
56.160749,60,172.05656
54.210255,60,172.124939
55.088569,60,172.193293
55.712105,60,172.261977
46.196729,60,172.331924
56.4187,60,172.400776
53.955762,60,172.473158
55.802531,60,172.538432
56.728177,60,172.605447
55.780758,60,172.671996
31.931626,60,172.742169
56.529526,60,172.812248
52.762308,60,172.883306
47.406626,60,172.953188
52.294694,60,173.022101
14.301945,60,173.091113
54.569529,60,173.160736
52.146496,60,173.229836
55.734343,60,173.297846
55.919409,60,173.364782
56.46253,60,173.432868
54.1838,60,173.501245
14.352888,39,173.548687
48.929863,60,173.618614
34.246464,60,173.686005
28.066489,60,173.754038
47.040163,60,173.821572
53.763322,60,173.887906
56.610319,60,173.955321
57.307896,60,174.0248
56.441215,60,174.091161
50.462146,60,174.159993
55.785214,60,174.227389
55.654131,60,174.293907
56.430364,60,174.363449
55.307136,60,174.43289
56.304949,60,174.504913
53.431437,60,174.577382
55.882632,60,174.644548
55.391698,60,174.712352
56.1,60,174.777647
55.224572,60,174.844525
56.6,60,174.916156
56.940182,60,174.989252
42.820883,60,175.059093
57.071572,60,175.127134
56.422208,60,175.196147
56.5,60,175.264953
55.9,60,175.333353
53.654794,60,175.402244
56.659455,60,175.472226
55.540173,60,175.541716
54.065785,60,175.60522
56.255167,60,175.681721
56.843498,60,175.754786
56.743409,60,175.825557
48.488636,60,175.891423
55.540672,60,175.963262
53.856568,60,176.031256
56.001344,60,176.098249
52.078063,60,176.167259
56.831605,60,176.232172
55.05638,60,176.301183
55.412678,60,176.368508
54.272184,60,176.437354
57.14481,60,176.508778
53.798272,60,176.57467
54.97727,60,176.667276
56.071545,60,176.747358
55.689098,60,176.835223
54.497017,60,176.909232
44.867783,60,176.990718
57.170148,60,177.064687
56.479313,60,177.15121
56.954645,60,177.237887
45.519175,60,177.318903
12.090479,44,177.390118
45.552049,60,177.473686
32.061574,60,177.592263
53.447799,60,177.682531
38.160294,60,177.763004
41.207021,60,177.841974
55.38376,60,177.918684
45.179803,60,177.99986
56.972918,60,178.077386
56.35866,60,178.155316
55.488039,60,178.224563
36.496702,60,178.286857
53.982395,60,178.353356
12.285489,60,178.418798
55.519642,60,178.490331
56.792643,60,178.557915
55.885517,60,178.621938
52.427726,60,178.688816
55.523854,60,178.754953
53.216353,60,178.821977
53.009286,60,178.882812
54.563331,60,178.954722
33.956674,60,179.017039
55.123153,60,179.08077
56.614125,60,179.147275
52.966511,60,179.219635
57.216639,60,179.290602
54.822463,60,179.359991
47.876498,60,179.425907
56.303872,60,179.489293
30.672548,60,179.559244
57.609151,60,179.62468
56.25,60,179.691069
36.735656,60,179.759262
56.45,60,179.823027
55.424777,60,179.891052
44.024355,60,179.952909
27.043641,49,180.009339
56.97164,60,180.075843
56.961844,60,180.14035
56.654885,60,180.205818
44.334867,60,180.274102
47.600063,60,180.337625
57.167378,60,180.400627
34.583854,60,180.455312
52.08183,60,180.519218
56.572381,60,180.582694
56.536773,60,180.641733
31.61214,60,180.701651
55.910557,60,180.765012
52.112552,60,180.825801
39.48667,60,180.885594
56.591751,60,180.946951
56.268753,60,181.001223
18.191737,60,181.063235
56.814862,60,181.124692
44.598373,60,181.186616
56.077025,60,181.250303
43.065743,60,181.311793
37.520922,60,181.374219
46.345765,60,181.438389
41.207945,60,181.5027
57.842217,60,181.556039
56.179986,60,181.611766
56.75,60,181.683802
49.860661,60,181.751679
54.321034,60,181.814457
56.37002,60,181.881896
55.707139,60,181.944702
53.70059,60,182.012479
44.456896,60,182.072326
51.565772,60,182.134214
51.970058,60,182.196639
50.396193,60,182.255843
56.332625,60,182.322866
56.024489,60,182.381267
56.859409,60,182.447108
50.075929,60,182.51742
56.717377,60,182.584853
57.066281,60,182.645216
55.623778,60,182.709682
56.219521,60,182.783234
56.311059,60,182.838505
56.602704,60,182.900204
52.208774,60,182.963035
52.240004,60,183.038426
38.092027,60,183.129947
54.145393,60,183.20482
44.753816,60,183.289939
54.473385,60,183.358354
55.283352,60,183.443804
56.766785,60,183.525915
56.207778,60,183.60488
55.79284,60,183.693348
56.072685,60,183.811057
55.6,60,183.896195
55.40107,60,183.976825
45.44545,60,184.05448
54.2851,60,184.132164
55.871992,60,184.232442
56.792564,60,184.327928
57.35332,60,184.427574
50.262442,60,184.51721
56.779152,60,184.591664
54.318651,60,184.657977
56.753376,60,184.724748
54.986796,60,184.797591
56.614418,60,184.864078
56.299541,60,184.925971
20.419161,60,184.992956
56.529523,60,185.056274
54.764936,60,185.124704
53.430163,60,185.194078
45.360207,60,185.253043
56.439681,60,185.342936
55.707454,60,185.408294
56.221876,60,185.477148
36.926964,60,185.544847
31.191693,60,185.625721
49.89593,60,185.717365
56.618946,60,185.793
8.366684,33,185.834704
55.25439,60,185.916901
55.112421,60,185.9989
48.705888,60,186.075908
53.382035,60,186.148778
55.027912,60,186.237291
43.617689,60,186.31132
56.639705,60,186.379386
52.600673,60,186.446233
56.368155,60,186.519142
55.920906,60,186.592907
46.014921,60,186.661238
56.388746,60,186.731805
46.27501,60,186.799278
18.423788,49,186.851067
54.469777,60,186.918567
54.303731,60,186.980971
23.288745,49,187.035731
57.524035,60,187.118345
53.14193,60,187.218057
53.332312,60,187.314335
56.807091,60,187.412788
54.884561,60,187.497404
55.688573,60,187.598604
39.197629,60,187.680793
56.564017,60,187.769843
56.482996,60,187.845868
31.180111,60,187.926587
56.115998,60,188.009006
56.503042,60,188.080981
48.520941,60,188.163941
55.9,60,188.244032
57.018427,60,188.322144
54.979507,60,188.404753
51.647977,60,188.486833
49.046676,60,188.571465
57.368227,60,188.652136
53.225297,60,188.732139
57.01029,60,188.807164
39.114525,60,188.880682
56.740856,60,188.956727
55.966556,60,189.033055
25.259338,52,189.098392
48.534426,60,189.174819
40.057868,60,189.252217
56.75,60,189.326603
27.568129,60,189.405957
52.233727,60,189.47935
55.7,60,189.560429
56.359334,60,189.634865
47.918211,60,189.719531
55.250054,60,189.82166
55.542768,60,189.906779
56.03703,60,189.979163
45.930091,60,190.058171
55.769057,60,190.130888
56.393746,60,190.198359
55.020846,60,190.276954
48.997589,60,190.352497
47.444518,60,190.434562
56.654517,60,190.516609
56.3,60,190.595743
46.246548,60,190.677195
56.079696,60,190.753047
56.149106,60,190.822999
52.190195,60,190.89925
55.285304,60,190.970109
55.332089,60,191.041588
56.801146,60,191.119639
56.214732,60,191.189101
55.9,60,191.255565
56.351371,60,191.315028
57.154895,60,191.385005
55.740222,60,191.457572
56.559947,60,191.524066
56.192187,60,191.604947
56.509086,60,191.689052
55.429439,60,191.769518
54.211257,60,191.845998
55.898147,60,191.920075
56.622884,60,191.991142
55.98361,60,192.054533
45.221612,60,192.120881
11.527526,60,192.193326
35.315331,58,192.267861
56.15,60,192.347531
55.12504,60,192.42878
54.9138,60,192.504914
47.916004,60,192.604542
56.834269,60,192.677593
56.832884,60,192.751976
56.315926,60,192.824264
45.76422,60,192.912666
41.768626,60,192.992636
57.402376,60,193.082022
38.155818,60,193.166635
56.25,60,193.242062
55.768346,60,193.324641
54.711182,60,193.409902
47.810657,60,193.513921
53.659188,60,193.634117
55.8,60,193.728705
46.765116,60,193.831714
55.7,60,193.920214
57.368286,60,193.999627
46.892699,60,194.079308
56.736576,60,194.174383
57.367939,60,194.260915
41.78567,60,194.346083
55.285922,60,194.428001
53.195143,60,194.508541
54.828244,60,194.585476
56.01196,60,194.664328
46.944824,60,194.742675
56.277146,60,194.822726
56.609491,60,194.904754
45.158072,60,194.978974
57.072539,60,195.059049
36.680276,60,195.133015
15.768474,60,195.219214
56.497316,60,195.297067
56.508379,60,195.392902
56.15,60,195.47196
52.958981,60,195.553973
55.679843,60,195.634366
56.624437,60,195.711625
56.40984,60,195.800081
33.393185,60,195.879105
56.121333,60,195.960422
47.075881,60,196.034664
49.628691,60,196.11903
56.058319,60,196.204377
56.106052,60,196.283306
51.428073,60,196.365694
56.530976,60,196.444479
55.113316,60,196.520248
56.157423,60,196.593584
56.212434,60,196.66815
57.263206,60,196.752156
53.897842,60,196.853258
57.016244,60,196.92281
56.056586,60,197.011488
53.483052,60,197.108573
55.182982,60,197.19713
56.970122,60,197.283609
30.469794,60,197.393953
42.415648,60,197.513113
56.611308,60,197.614017
47.753785,60,197.723278
55.253832,60,197.815595
35.128774,60,197.912812
56.715153,60,198.013406
56.59307,60,198.101122
33.999071,60,198.206242
55.257602,60,198.301949
56.170431,60,198.393553
56.282638,60,198.506363
39.129171,60,198.612529
57.289921,60,198.706538
55.698178,60,198.799618
55.172344,60,198.902102
51.344618,60,198.99623
51.535075,60,199.084562
56.233513,60,199.172632
46.895002,60,199.258317
56.393749,60,199.348814
57.009553,60,199.432196
54.32399,60,199.524621
57.345341,60,199.621627
53.568279,60,199.708122
26.938059,60,199.794671
48.247557,60,199.877753
55.227135,60,199.966762
9.714778,33,200.015565
56.161012,60,200.106251
56.714623,60,200.194415
54.88645,60,200.274317
53.613012,60,200.370848
56.793604,60,200.455753
56.784889,60,200.53885
55.47056,60,200.630102
55.9,60,200.710056
49.930471,60,200.794543
56.0,60,200.878719
47.231832,60,200.96797
56.763071,60,201.05359
56.350978,60,201.140161
56.355725,60,201.234703
47.717984,60,201.304662
48.415979,60,201.385854
56.453386,60,201.470471
55.917876,60,201.550614
53.914537,60,201.627361
53.954922,60,201.714413
56.117954,60,201.799736
55.806305,60,201.890239
56.795373,60,201.978417
51.689369,60,202.060504
56.137704,60,202.143072
33.251834,60,202.23727
55.7478,60,202.326871
55.28647,60,202.405792
56.110583,60,202.497196
50.866982,60,202.575732
55.710271,60,202.66941
56.952178,60,202.752567
2.017797,25,202.788302
55.782776,60,202.871259
56.782512,60,202.958908
6.013119,28,202.99766
54.978985,60,203.080305
56.45,60,203.167651
56.25,60,203.253738
56.489573,60,203.340915
54.096178,60,203.426677
56.568831,60,203.51466
57.16181,60,203.600659
13.864939,60,203.684212
56.381354,60,203.767638
32.469322,60,203.843911
50.429081,60,203.924739
50.059421,60,204.01037
53.098025,60,204.094429
32.360039,60,204.17891
58.048401,60,204.269691
56.389831,60,204.352173
55.619766,60,204.432602
37.983383,60,204.518564
56.107349,60,204.605739
55.494546,60,204.695778
57.700022,60,204.785511
54.552347,60,204.866605
56.459802,60,204.95931
54.926598,60,205.041741
25.6824,60,205.129336
56.233973,60,205.214547
55.635504,60,205.294436
55.842997,60,205.384603
56.50462,60,205.483772
56.49176,60,205.566546
24.485257,60,205.647076
56.293939,60,205.731062
53.96723,60,205.808669
55.707714,60,205.892609
56.605235,60,205.971981
57.443654,60,206.050653
55.510352,60,206.131004
54.686809,60,206.2144
56.324553,60,206.310549
56.037692,60,206.398564
56.186226,60,206.490427
55.149221,60,206.574058
54.866623,60,206.657618
57.324208,60,206.742649
55.993134,60,206.832114
56.843258,60,206.914705
56.680083,60,207.003747
54.323395,60,207.089242
57.278244,60,207.1754
57.123004,60,207.258917
55.725578,60,207.337408
56.641263,60,207.427985
7.95171,30,207.471265
36.508184,60,207.54974
54.420037,60,207.636817
51.758258,60,207.721332
55.555595,60,207.811942
56.505235,60,207.894422
46.794782,60,207.981079
54.16501,60,208.060123
55.359138,60,208.133561
56.4,60,208.209693
56.550056,60,208.287187
49.837724,60,208.363894
57.047605,60,208.442269
55.668633,60,208.528163
48.49485,60,208.605541
55.892108,60,208.684596
53.335072,60,208.772672
34.100582,60,208.848713
57.6705,60,208.931928
55.543504,60,209.079147
48.209659,60,209.170855
50.502268,60,209.255815
56.092863,60,209.345441
56.927251,60,209.43016
57.087578,60,209.525333
56.378497,60,209.617483
52.960998,60,209.726695
57.04588,60,209.826481
56.58793,60,209.914344
51.375427,60,210.009545
56.969251,60,210.104166
36.615275,60,210.202223
56.627453,60,210.308558
55.572002,60,210.421848
52.811559,60,210.529582
56.731634,60,210.622707
55.95,60,210.724283
55.182968,60,210.809334
52.286063,60,210.911868
44.389119,60,210.995624
55.862323,60,211.088289
56.973262,60,211.194467
15.198955,39,211.249884
47.910753,60,211.337479
55.491035,60,211.422579
56.129025,60,211.514162
56.76394,60,211.602781
55.594104,60,211.688966
55.988639,60,211.776977
55.78651,60,211.874141
51.825725,60,211.96414
52.479655,60,212.047186
54.100028,60,212.138826
54.800442,60,212.222848
55.52078,60,212.308495
55.679139,60,212.397346
40.37045,60,212.489246
55.255607,60,212.572521
55.85,60,212.654483
56.052553,60,212.738543
56.899691,60,212.821572
55.841398,60,212.907706
52.59844,60,212.99119
32.746607,60,213.071248
53.77084,60,213.148678
54.626486,60,213.232888
57.07225,60,213.314473
56.235521,60,213.404086
47.407145,60,213.491113
55.220269,60,213.570156
55.704173,60,213.655816
56.37866,60,213.750282
45.800661,60,213.847754
36.23546,60,213.941718
56.487742,60,214.069114
55.874861,60,214.213569
55.732221,60,214.315547
57.322633,60,214.413074
56.112967,60,214.512685
54.873907,60,214.611313
56.4927,60,214.708531
55.991555,60,214.802207
55.525243,60,214.899397
52.993982,60,214.995273
56.487508,60,215.085931
56.82502,60,215.177511
54.044041,60,215.269542
51.955388,60,215.360281
32.126147,60,215.442945
55.692473,60,215.531084
56.751882,60,215.619145
51.509582,60,215.713041
56.763775,60,215.800954
50.729395,60,215.902929
51.852016,60,215.998467
55.845517,60,216.088593
55.299801,60,216.180058
56.450165,60,216.267193
53.413194,60,216.347661
19.901738,60,216.443798
49.949076,60,216.527442
56.054309,60,216.610983
55.964528,60,216.696631
43.670117,60,216.783153
49.933375,60,216.873706
47.397615,60,216.955646
51.188919,60,217.041745
54.862334,60,217.127314
46.909521,60,217.218391
55.858688,60,217.30233
56.24177,60,217.372665
54.111321,60,217.452651
56.259704,60,217.533519
54.170023,60,217.608873
46.27485,60,217.688247
55.61914,60,217.769299
56.332507,60,217.847363
55.730648,60,217.930388
52.958094,60,218.013494
53.253151,60,218.099001
55.378769,60,218.188597
53.079134,60,218.268998
54.063282,60,218.34933
56.317571,60,218.431125
23.07281,60,218.512623
43.972549,60,218.59618
55.248987,60,218.683364
57.206261,60,218.764331
53.812656,60,218.846683
55.187924,60,218.93343
56.70156,60,219.013282
54.150978,60,219.102914
55.891487,60,219.184138
55.420032,60,219.263818
3.836967,30,219.308104
57.005851,60,219.395133
56.075811,60,219.487708
51.586862,60,219.566566
55.158041,60,219.651542
56.547729,60,219.732587
56.601957,60,219.811057
56.784136,60,219.895403
52.948031,60,219.970892
9.428845,60,220.048788
46.997979,60,220.122099
48.085745,60,220.204045
56.221696,60,220.286538
49.181427,60,220.364038
20.441833,60,220.450781
55.743403,60,220.530745
56.1,60,220.611139
54.799824,60,220.696868
56.86793,60,220.777835
55.991815,60,220.857718
56.319826,60,220.950811
56.15,60,221.036902
8.796161,31,221.086124
49.735144,60,221.176021
55.802324,60,221.259006
56.765876,60,221.348083
55.817901,60,221.44222
55.731787,60,221.528074
53.551285,60,221.608955
53.926361,60,221.700211
54.086031,60,221.783579
56.229761,60,221.868129
2.015246,26,221.90391
56.45,60,221.980923
56.879314,60,222.060416
55.90488,60,222.138069
55.991408,60,222.214975
33.796719,60,222.295522
40.964111,60,222.375996
57.236249,60,222.461406
56.1,60,222.542461
56.027756,60,222.627489
56.174853,60,222.71439
55.862955,60,222.801316
56.636231,60,222.88362
56.620048,60,222.968215
55.807665,60,223.052341
48.776904,60,223.138366
56.478244,60,223.227478
57.70997,60,223.307969
53.362991,60,223.403918
50.255775,60,223.490845
52.853372,60,223.581339
55.683442,60,223.673184
54.925445,60,223.765015
56.306321,60,223.853917
26.156711,60,223.940574
57.070091,60,224.028577
57.068872,60,224.110047
56.456735,60,224.205158
49.474376,60,224.290304
54.25246,60,224.375186
55.952199,60,224.46045
56.2,60,224.539433
56.778431,60,224.618
56.648556,60,224.702682
56.162253,60,224.787704
56.757685,60,224.869271
54.710555,60,224.959082
55.478216,60,225.036057
55.739767,60,225.11936
53.237753,60,225.199843
55.86529,60,225.281921
39.489776,60,225.360858
56.843083,60,225.447304
55.872943,60,225.529446
43.485276,60,225.60937
56.180745,60,225.695487
56.4,60,225.774229
56.241716,60,225.861462
57.462505,60,225.947396
56.300228,60,226.027491
16.715602,60,226.111446
47.112306,60,226.196038
51.552868,60,226.281688
11.049876,60,226.363674
57.067826,60,226.451178
55.339199,60,226.528218
55.693594,60,226.602087
58.335155,60,226.681501
56.435817,60,226.765428
50.024229,60,226.843847
56.412425,60,226.927894
49.13667,60,227.010707
52.986818,60,227.095236
56.22468,60,227.186162
57.255944,60,227.269156
37.722709,60,227.354255
55.88195,60,227.437262
55.072988,60,227.523957
43.462566,60,227.605402
56.564686,60,227.695933
19.192889,60,227.779833
51.778708,60,227.858393
56.000365,60,227.94983
29.000021,60,228.028893
55.530718,60,228.11241
56.094099,60,228.200455
54.214172,60,228.281948
47.760885,60,228.367094
48.903567,60,228.454068
55.85,60,228.538939
57.221705,60,228.616383
55.873159,60,228.699052
48.114449,60,228.776515
55.659316,60,228.854057
56.829021,60,228.933177
50.769149,60,229.011224
49.276206,60,229.088737
37.635373,60,229.167225
57.442058,60,229.257964
43.620736,60,229.340228
56.610708,60,229.425618
55.159814,60,229.50729
47.006781,60,229.590901
56.509299,60,229.671395
50.355522,60,229.757012
45.055128,60,229.839617
55.8,60,229.927687
56.528003,60,230.017619
53.292868,60,230.098694
56.048908,60,230.183275
55.384971,60,230.268559
44.051603,60,230.351129
57.21372,60,230.440775
56.537879,60,230.521574
46.72845,60,230.606836
49.218877,60,230.693174
53.244807,60,230.787294
56.6,60,230.870398
56.835111,60,230.960007
56.244435,60,231.042106
55.775054,60,231.119178
56.157067,60,231.198404
56.397839,60,231.27676
41.365892,60,231.353799
56.348037,60,231.430372
55.104784,60,231.519408
48.708412,60,231.605839
56.36444,60,231.688998
33.679632,60,231.77775
54.267654,60,231.862152
55.818827,60,231.943394
55.688454,60,232.026168
54.525901,60,232.103697
57.512514,60,232.185174
56.434741,60,232.273267
57.221897,60,232.356397
53.548478,60,232.43742
55.860542,60,232.522216
55.305789,60,232.603875
53.772363,60,232.692925
56.761594,60,232.779018
56.523564,60,232.861075
57.12514,60,232.947164
55.498864,60,233.038914
56.126097,60,233.123496
55.622645,60,233.203951
55.84911,60,233.284043
56.354632,60,233.363933
49.453186,60,233.440686
55.850786,60,233.520761
56.305344,60,233.597754
54.436931,60,233.672229
56.658684,60,233.756826
53.247167,60,233.84142
56.025502,60,233.929605
55.627345,60,234.01495
52.574555,60,234.098791
56.226753,60,234.182341
48.096846,60,234.263952
54.140034,60,234.346434
55.934123,60,234.426971
55.97968,60,234.517006
56.564169,60,234.602332
46.122333,60,234.68027
55.238513,60,234.767774
55.633955,60,234.852822
50.691748,60,234.944728
56.456231,60,235.026774
56.487295,60,235.113351
55.965143,60,235.198584
51.821911,60,235.286429
56.831886,60,235.370188
55.309448,60,235.456454
55.034896,60,235.536667
56.566795,60,235.61592
57.011254,60,235.69428
55.733769,60,235.774982
54.760617,60,235.858007
55.503184,60,235.93905
56.270977,60,236.026548
51.658733,60,236.106635
48.310758,60,236.196707
55.691514,60,236.285512
56.80312,60,236.366321
56.699532,60,236.452669
43.537452,60,236.541828
57.138351,60,236.629879
55.352785,60,236.711755
55.387087,60,236.806319
54.698182,60,236.888372
56.026938,60,236.975967
56.114094,60,237.062194
22.732628,60,237.147176
56.863413,60,237.238203
56.024401,60,237.323612
56.509899,60,237.416102
54.249488,60,237.49838
42.235591,60,237.588791
57.353195,60,237.66317
50.330822,60,237.753058
52.806388,60,237.836749
46.697257,60,237.920236
56.076852,60,238.00365
56.210918,60,238.079686
57.041937,60,238.155195
55.559883,60,238.2332
52.170185,60,238.317515
55.507707,60,238.398085
55.678174,60,238.480958
37.916743,60,238.568022
25.545693,52,238.638898
55.213691,60,238.725918
56.161367,60,238.809073
56.525172,60,238.894032
47.287328,60,238.978615
55.540206,60,239.076799
55.410293,60,239.172997
35.19946,60,239.281135
55.18065,60,239.372089
57.328623,60,239.491131
26.149147,60,239.620398
56.284025,60,239.718555
56.589532,60,239.812113
54.305359,60,239.897599
56.677233,60,239.991067
56.470657,60,240.086777
55.7043,60,240.196221
56.73008,60,240.340566
40.085641,60,240.441952
55.387093,60,240.536595
56.567286,60,240.632818
50.914306,60,240.72345
56.494684,60,240.817013
56.150634,60,240.91756
55.712034,60,241.013117
57.3,60,241.101666
56.85,60,241.215213
27.959872,60,241.298809
57.347435,60,241.383913
56.85052,60,241.474005
54.357398,60,241.561565
55.648974,60,241.660772
50.734805,60,241.744777
52.534048,60,241.827375
24.645288,48,241.899595
56.641544,60,241.985098
55.630328,60,242.071128
55.886371,60,242.158053
52.792016,60,242.240872
57.326055,60,242.325835
57.8,60,242.415018
56.635058,60,242.50002
52.615757,60,242.581421
41.781408,60,242.668776
55.924115,60,242.754512
55.918963,60,242.837763
56.454522,60,242.922288
53.84473,60,243.002788
57.289386,60,243.082322
56.330564,60,243.165393
55.439348,60,243.249644
42.284098,60,243.33625
56.742875,60,243.426184
55.606719,60,243.509267
56.214218,60,243.592044
55.330863,60,243.672555
49.17813,60,243.756651
57.022416,60,243.839521
56.097861,60,243.925555
56.286737,60,244.031851
56.270692,60,244.12885
54.409523,60,244.228447
57.104947,60,244.322877
57.792917,60,244.433341
28.126339,60,244.526401
56.07141,60,244.642496
56.922994,60,244.737281
53.616557,60,244.830953
52.307654,60,244.929204
56.366612,60,245.02878
30.796925,60,245.117694
52.470238,60,245.207879
56.786659,60,245.303864
57.25584,60,245.39624
56.4,60,245.480078
55.953688,60,245.561701
56.56934,60,245.64383
55.604501,60,245.733779
47.35173,60,245.82585
56.95013,60,245.919368
55.995217,60,246.01504
38.998678,60,246.103097
56.587486,60,246.190162
55.9,60,246.278242
28.265316,60,246.369315
56.055705,60,246.453808
55.821336,60,246.538803
55.945742,60,246.628195
56.03509,60,246.708632
54.772173,60,246.780057
51.980166,60,246.86836
56.810796,60,246.958399
56.593892,60,247.054466
56.514939,60,247.143794
56.124827,60,247.229577
41.752648,60,247.322115
39.192856,60,247.404784
55.371296,60,247.511482
56.279855,60,247.624777
57.01561,60,247.748045
29.69758,60,247.858607
54.350062,60,247.977024
56.679895,60,248.070806
56.73927,60,248.16843
34.073362,60,248.256604
53.614984,60,248.350104
56.25,60,248.440633
56.728468,60,248.535169
52.640104,60,248.622094
56.527952,60,248.728894
57.21943,60,248.820984
55.847598,60,248.921456
57.948451,60,249.019377
56.850464,60,249.120477
55.828016,60,249.225028
51.367979,60,249.322563
52.800132,60,249.424689
56.802567,60,249.533287
51.2741,60,249.623429
56.8,60,249.733617
56.438983,60,249.840096
57.418795,60,249.937582
53.785182,60,250.031365
55.936972,60,250.125984
51.800911,60,250.21659
56.153053,60,250.307084
33.949008,60,250.404803
49.202069,60,250.495793
54.159043,60,250.599823
55.24076,60,250.700238
55.822633,60,250.826243
56.396458,60,250.933529
56.610721,60,251.032681
49.816455,60,251.128304
54.379604,60,251.218887
56.995333,60,251.317378
56.548291,60,251.410292
32.471344,60,251.498428
56.11365,60,251.622297
56.71606,60,251.73019
56.732076,60,251.823776
55.708329,60,251.923638
55.9,60,252.013384
45.910826,60,252.104351
56.35,60,252.206079
31.154619,60,252.296343
55.55,60,252.389985
56.672969,60,252.482614
56.632157,60,252.571708
42.716009,60,252.672855
56.617256,60,252.762834
56.211043,60,252.860223
56.164222,60,252.957809
22.165882,49,253.038768
41.311146,60,253.133476
57.45552,60,253.232982
55.694544,60,253.330509
56.813904,60,253.430234
56.324546,60,253.517295
56.215615,60,253.617435
56.991928,60,253.706959
55.96269,60,253.804725
55.979867,60,253.904431
55.926877,60,253.999267
56.360714,60,254.089673
31.222615,60,254.179288
57.186557,60,254.267534
48.741503,60,254.358627
54.330723,60,254.458707
49.606094,60,254.565928
56.606119,60,254.6797
55.969087,60,254.777327
49.682408,60,254.879424
55.619228,60,254.982639
57.591165,60,255.110954
57.145605,60,255.209939
56.05,60,255.327441
55.885052,60,255.431177
51.185362,60,255.549824
56.481464,60,255.657069
27.361327,60,255.754702
38.792049,60,255.849877
56.607969,60,255.953458
56.85,60,256.048548
44.924868,60,256.138685
57.2,60,256.224629
57.386764,60,256.30968
55.389629,60,256.40364
56.25,60,256.503104
55.877664,60,256.609751
36.105289,60,256.710118
56.75,60,256.800089
43.76161,60,256.888431
55.920775,60,256.983986
54.924986,60,257.06954
24.141451,60,257.159562
56.153971,60,257.243521
56.248217,60,257.329189
56.764962,60,257.414718
56.522494,60,257.49825
52.836064,60,257.576869
55.503913,60,257.665353
57.08665,60,257.745249
56.086474,60,257.836007
56.804493,60,257.92046
57.353531,60,258.001658
52.351048,60,258.093279
56.015441,60,258.185313
45.598985,60,258.266862
56.729286,60,258.351754
30.862402,60,258.439818
55.776068,60,258.522903
55.436625,60,258.608902
56.407124,60,258.694456
55.144329,60,258.780546
54.991412,60,258.859534
55.716068,60,258.943017
55.859133,60,259.025088
56.939631,60,259.107668
56.179344,60,259.192606
56.404787,60,259.276751
55.81384,60,259.356311
51.603463,60,259.441402
55.310181,60,259.524345
57.700385,60,259.608819
45.857286,60,259.698229
43.251404,60,259.779187
49.828234,60,259.872283
55.905764,60,259.962006
56.360035,60,260.042562
56.035494,60,260.136657
55.034875,60,260.22468
56.244597,60,260.319286
55.455315,60,260.404446
56.205288,60,260.491935
56.888448,60,260.586522
56.741579,60,260.68109
56.19212,60,260.763152
56.179204,60,260.84467
56.541388,60,260.93272
54.945701,60,261.012978
56.556544,60,261.096117
53.994766,60,261.173751
55.958593,60,261.283303
23.015242,60,261.394239
55.603209,60,261.48147
5.031316,30,261.526037
56.841293,60,261.611091
55.854662,60,261.703643
54.416611,60,261.791193
20.362175,60,261.865079
55.485486,60,261.947792
50.466107,60,262.033471
55.730703,60,262.116146
57.630969,60,262.204264
47.737416,60,262.289129
52.79413,60,262.378628
56.553523,60,262.468073
45.83986,60,262.553572
56.772891,60,262.641746
56.331639,60,262.729792
56.607246,60,262.816677
56.3845,60,262.902803
57.390986,60,262.987426
53.996301,60,263.069019
57.299647,60,263.158629
55.973525,60,263.239654
55.764324,60,263.327218
56.830363,60,263.416642
55.648013,60,263.50114
38.097574,60,263.581684
41.439736,60,263.661185
56.756921,60,263.741907
55.944266,60,263.828668
55.418744,60,263.920878
43.554201,60,264.016671
49.454499,60,264.110649
56.173441,60,264.20924
49.994613,60,264.30226
52.240667,60,264.38938
55.887059,60,264.48348
41.291559,60,264.571829
57.014189,60,264.668554
56.448675,60,264.77614
56.903101,60,264.875804
33.524041,60,264.989488
56.465686,60,265.083497
50.863899,60,265.180129
55.553029,60,265.272956
55.779784,60,265.36259
58.116968,60,265.453149
35.562572,60,265.540653
56.8,60,265.636271
56.140827,60,265.740514
54.868081,60,265.82996
55.7067,60,265.929891
56.08953,60,266.02683
56.30184,60,266.106263
54.566071,60,266.193167
57.281071,60,266.28183
54.300023,60,266.358832
55.310104,60,266.444995
55.653786,60,266.543507
56.762422,60,266.639003
53.996203,60,266.742973
52.928944,60,266.834492
56.754276,60,266.927987
55.03619,60,267.015017
39.997459,60,267.10039
57.104623,60,267.183225
56.674124,60,267.270012
55.46658,60,267.360515
57.184343,60,267.439558
53.389785,60,267.531435
52.30473,60,267.614275
56.887139,60,267.708454
56.873085,60,267.798959
54.361329,60,267.878979
54.17384,60,267.966979
46.747082,60,268.052527
54.611757,60,268.136451
56.762603,60,268.231497
55.171535,60,268.32696
41.008074,60,268.411291
55.7214,60,268.502969
48.599699,60,268.593439
56.554842,60,268.683002
56.161085,60,268.773127
55.704996,60,268.867283
56.388643,60,268.952747
53.976673,60,269.034321
54.951951,60,269.114847
58.370422,60,269.195927
25.768258,60,269.27546
54.022619,60,269.355019
55.32679,60,269.43325
57.3055,60,269.507833
53.125075,60,269.58984
56.169141,60,269.669285
57.32249,60,269.756911
55.60677,60,269.840432
45.034503,60,269.920991
57.194961,60,270.000976
56.111728,60,270.081907
57.245463,60,270.167203
55.623799,60,270.248734
49.132728,60,270.339837
56.0343,60,270.429105
55.799877,60,270.516331
54.239477,60,270.59985
56.70832,60,270.680926
47.359632,60,270.766011
57.068164,60,270.848544
58.633482,60,270.935609
51.228879,60,271.020886
57.010666,60,271.101631
53.935029,60,271.191415
28.878855,51,271.266191
53.987137,60,271.35215
51.096334,60,271.438238
48.066345,60,271.526769
57.229611,60,271.60829
56.220735,60,271.69232
54.505568,60,271.771635
55.484013,60,271.85256
55.874316,60,271.935179
55.685296,60,272.013295
53.568732,60,272.097245
14.111431,60,272.181096
55.92163,60,272.269934
56.305173,60,272.354409
55.288247,60,272.437447
56.952743,60,272.521149
55.810932,60,272.607363
18.568556,42,272.666443
57.809818,60,272.752425
55.168296,60,272.844092
57.969678,60,272.927476
54.940311,60,273.015936
50.724178,60,273.099952
56.856455,60,273.186098
57.516678,60,273.272847
56.914511,60,273.350766
51.617425,60,273.433077
56.30705,60,273.521059
56.297774,60,273.60405
56.716377,60,273.692735
30.748531,60,273.77884
56.556506,60,273.860534
55.448431,60,273.946483
51.707148,60,274.031353
57.135691,60,274.118364
56.774938,60,274.203127
26.70485,60,274.283242
27.467578,51,274.3471
25.700352,60,274.423141
56.00714,60,274.503313
57.36218,60,274.585769
42.823536,60,274.666388
55.51855,60,274.757313
56.414856,60,274.838141
56.051106,60,274.927738
51.294103,60,275.013214
58.564008,60,275.105827
56.667212,60,275.195285
10.308758,56,275.282692
57.025361,60,275.372211
56.204365,60,275.466958
56.267094,60,275.565792
55.395439,60,275.657823
54.556107,60,275.742908
48.695489,60,275.827079
47.228085,60,275.906697
35.324604,59,275.991096
50.071715,60,276.070045
56.314387,60,276.147093
23.418406,48,276.202436
56.205518,60,276.290484
56.373722,60,276.368977
52.444168,60,276.447901
56.247325,60,276.534033
17.727577,42,276.596895
25.845321,60,276.676258
54.245908,60,276.759167
47.430207,60,276.835943
53.49118,60,276.917382
53.003733,60,276.995369
56.546256,60,277.079921
55.727143,60,277.161934
49.762028,60,277.248072
47.243226,60,277.330166
54.527352,60,277.411652
55.455892,60,277.490989
56.103285,60,277.576932
55.977757,60,277.657738
56.506088,60,277.738366
46.636785,60,277.82643
55.519077,60,277.910644
35.770808,60,277.996768
51.448229,60,278.078256
53.840223,60,278.158749
56.634902,60,278.246309
54.740591,60,278.326375
57.622924,60,278.411033
31.668373,60,278.494597
53.851079,60,278.574075
53.923099,60,278.660234
56.644948,60,278.744209
54.775362,60,278.825749
51.800851,60,278.907727
53.978211,60,278.995219
8.853248,60,279.075126
56.941557,60,279.148588
56.54581,60,279.223989
54.172199,60,279.301444
54.956362,60,279.380246
45.775379,60,279.456294
33.964156,60,279.542486
55.275655,60,279.622039
56.68431,60,279.709092
57.79789,60,279.796668
26.202679,56,279.87665
47.21483,60,279.956467
32.186534,60,280.039336
44.902138,60,280.122854
55.026404,60,280.204133
56.549229,60,280.295291
57.508556,60,280.376859
42.601172,60,280.46243
48.556141,60,280.542814
53.371549,60,280.624844
42.836931,60,280.711292
57.945386,60,280.795435
53.093855,60,280.878298
56.130016,60,280.962378
37.593034,60,281.045444
56.052679,60,281.127929
57.705199,60,281.21401
54.969439,60,281.299542
54.270654,60,281.380248
54.914638,60,281.469816
26.002145,60,281.552359
55.916135,60,281.634932
51.776257,60,281.713751
55.011556,60,281.789786
53.618723,60,281.867186
55.038699,60,281.951723
54.880957,60,282.038636
57.309647,60,282.119149
56.175731,60,282.209169
48.419282,60,282.292103
55.709529,60,282.372979
57.770607,60,282.451103
55.619443,60,282.536185
42.826929,60,282.616672
57.80343,60,282.70178
55.447981,60,282.785542
55.245483,60,282.865877
56.277994,60,282.955891
38.138131,60,283.037936
49.365504,60,283.119472
55.132059,60,283.206028
53.873936,60,283.286508
56.692038,60,283.37857
57.470703,60,283.463161
55.167355,60,283.547188
55.893217,60,283.633147
25.692868,60,283.723043
56.738793,60,283.802121
55.642224,60,283.886187
57.498775,60,283.969527
56.686849,60,284.053355
56.63927,60,284.139035
57.067481,60,284.220613
52.677039,60,284.29996
42.251495,60,284.374605
57.507809,60,284.456717
56.55292,60,284.53812
55.24404,60,284.620013
53.141654,60,284.70625
57.148197,60,284.783749
53.941333,60,284.865434
55.355608,60,284.951357
55.664299,60,285.036939
51.949042,60,285.119416
54.784696,60,285.207429
57.697181,60,285.29169
48.207065,60,285.37735
52.018133,60,285.46404
45.569141,60,285.548057
55.692796,60,285.633688
56.489428,60,285.720256
54.291325,60,285.806762
57.752061,60,285.905242
27.071263,60,285.997552
55.874774,60,286.099247
55.48487,60,286.194087
55.900461,60,286.276031
55.753572,60,286.364207
38.067402,60,286.458843
19.196877,60,286.538389
50.13157,60,286.621417
56.558079,60,286.69768
54.427875,60,286.778183
55.863701,60,286.85913
55.41704,60,286.944181
42.523655,60,287.028856
47.903916,60,287.117911
55.727692,60,287.207397
55.888664,60,287.286144
56.571557,60,287.368641
54.853257,60,287.457602
36.645132,60,287.550662
54.850054,60,287.63895
55.626405,60,287.728031
49.755052,60,287.811968
57.505459,60,287.902041
46.002484,60,287.989721
54.625441,60,288.069139
56.995132,60,288.156651
49.999948,60,288.239241
49.259051,60,288.327953
40.172176,60,288.412965
48.276304,60,288.498083
17.988642,60,288.58389
52.303125,60,288.668859
55.629563,60,288.74942
56.505065,60,288.836532
56.069368,60,288.919894
48.941107,60,289.000506
34.502955,60,289.081121
53.863372,60,289.159159
13.025206,60,289.237655
56.436251,60,289.315107
55.788326,60,289.396717
34.548297,60,289.481725
56.16518,60,289.562615
40.505273,60,289.651181
25.166654,56,289.727831
57.527566,60,289.809333
56.044797,60,289.88986
37.589618,60,289.978852
55.781329,60,290.061055
19.311329,57,290.143958
7.370572,30,290.193779
45.150105,60,290.272286
52.309547,60,290.363843
56.42554,60,290.450404
47.948382,60,290.532529
4.197452,25,290.574874
55.934318,60,290.662257
57.21507,60,290.743746
41.115076,60,290.830447
56.154944,60,290.912456
55.084516,60,291.000568
53.89771,60,291.082088
42.420988,60,291.171094
55.891542,60,291.253965
56.178219,60,291.339964
53.691472,60,291.424804
56.424307,60,291.505733
56.649307,60,291.589343
57.567011,60,291.664272
57.189613,60,291.743903
52.538298,60,291.819491
56.953868,60,291.901162
35.005508,60,291.981013
55.980002,60,292.06858
56.55724,60,292.154525
55.663562,60,292.236507
56.664367,60,292.318511
56.294227,60,292.40107
56.902384,60,292.486727
56.485486,60,292.569299
56.058123,60,292.657811
55.394636,60,292.740911
39.535692,60,292.827993
52.399777,60,292.917976
23.740946,60,292.997269
56.075855,60,293.081028
49.519818,60,293.166468
56.625717,60,293.250992
55.729063,60,293.336194
40.427146,60,293.421696
53.520092,60,293.509123
54.380867,60,293.592669
55.296856,60,293.678682
54.60502,60,293.76733
13.796386,40,293.830755
56.290545,60,293.920794
53.523032,60,294.00188
9.633642,39,294.054666
54.702353,60,294.135036
48.224972,60,294.216794
56.069708,60,294.292713
57.270362,60,294.374779
55.841612,60,294.458755
57.30127,60,294.548255
55.833248,60,294.640465
56.835265,60,294.728496
53.108595,60,294.812021
55.848163,60,294.902663
50.034737,60,294.993763
49.031927,60,295.079859
53.557028,60,295.170684
57.764405,60,295.257621
55.477945,60,295.348256
57.043333,60,295.432674
54.425481,60,295.522348
54.741006,60,295.615573
56.040177,60,295.699633
56.830492,60,295.791665
34.754259,60,295.87673
53.222204,60,295.961156
42.842232,60,296.041066
55.575575,60,296.129673
56.534006,60,296.232509
54.801232,60,296.320671
55.61648,60,296.410993
56.325261,60,296.504917
56.199606,60,296.598821
54.653505,60,296.691371
56.564051,60,296.772909
57.190867,60,296.86002
55.368327,60,296.959068
36.94641,60,297.056271
57.052726,60,297.145922
57.819807,60,297.228061
42.538775,60,297.309838
25.095164,60,297.390543
44.743322,60,297.47998
56.580911,60,297.563996
56.122108,60,297.654606
16.131306,60,297.740114
57.85,60,297.826803
55.667559,60,297.918364
29.884709,52,297.992767
56.298484,60,298.082295
51.25286,60,298.166565
56.430339,60,298.250339
42.804171,60,298.343509
56.836304,60,298.428923
56.22072,60,298.512866
56.408138,60,298.601807
56.551653,60,298.687869
56.072615,60,298.767691
48.121158,60,298.855139
54.946068,60,298.94167
54.473259,60,299.026782
45.895693,60,299.105771
52.781866,60,299.180832
56.067615,60,299.26078
54.723755,60,299.338579
53.571601,60,299.427207
56.317754,60,299.509734
56.694324,60,299.60119
36.467446,60,299.684438
23.895095,60,299.761684
50.018008,60,299.838357
47.243855,60,299.925618
56.919918,60,300.006744
56.930374,60,300.092799
55.529002,60,300.181901
49.567739,60,300.26097
58.0,60,300.347846
56.956487,60,300.430232
57.25655,60,300.515572
23.45179,60,300.597002
56.90833,60,300.682004
53.470759,60,300.767567
56.586008,60,300.849559
56.771901,60,300.931606
53.782236,60,301.020171
51.507822,60,301.106501
56.128224,60,301.190124
38.514331,60,301.268646
51.754697,60,301.358289
57.143063,60,301.440764
47.387984,60,301.526269
56.447493,60,301.602234
56.047095,60,301.688911
56.586049,60,301.766805
47.497479,60,301.848116
51.242281,60,301.927767
56.304692,60,302.016417
33.314684,60,302.105513
57.25251,60,302.181713
56.939745,60,302.272411
23.274687,60,302.35237
57.279706,60,302.43212
55.751467,60,302.515742
56.732432,60,302.603469
27.601844,60,302.690143
48.404792,60,302.772609
21.64232,60,302.856644
55.336299,60,302.939779
56.505937,60,303.025271
56.021288,60,303.107887
56.802944,60,303.197286
55.10566,60,303.28527
29.877607,60,303.367789
55.776936,60,303.455126
51.720442,60,303.538764
54.674974,60,303.623349
55.5604,60,303.703921
55.662054,60,303.790977
54.564338,60,303.874675
57.281057,60,303.959452
55.736259,60,304.041883
56.399269,60,304.118833
57.676276,60,304.198194
54.759992,60,304.276784
57.834576,60,304.35947
55.014273,60,304.442588
56.835375,60,304.528653
51.419593,60,304.609268
56.908565,60,304.691925
52.849716,60,304.768023
55.803224,60,304.85397
56.616513,60,304.936568
55.402041,60,305.019505
56.473399,60,305.10269
34.865594,60,305.184748
57.612069,60,305.276358
55.188452,60,305.357908
57.342401,60,305.441606
46.693482,60,305.525076
31.139551,60,305.607554
56.843118,60,305.694709
52.799391,60,305.776091
54.051598,60,305.860807
55.22791,60,305.944315
57.258647,60,306.036306
55.970298,60,306.116574
43.818937,60,306.201075
56.53273,60,306.292508
55.460214,60,306.374117
56.087545,60,306.460683
54.104878,60,306.537646
54.677638,60,306.619736
51.658685,60,306.696648
57.515362,60,306.778669
51.065803,60,306.860079
51.943168,60,306.941958
56.403763,60,307.027079
56.054123,60,307.107477
55.85,60,307.194513
17.249997,60,307.276641
55.259317,60,307.356669
57.363924,60,307.441095
56.633498,60,307.527174
57.683529,60,307.609111
54.600033,60,307.697461
56.794196,60,307.780159
48.851086,60,307.86052
56.815303,60,307.948645
54.825674,60,308.029784
53.483539,60,308.11674
51.833083,60,308.205447
57.431658,60,308.286458
57.668189,60,308.373441
56.03475,60,308.458589
55.760616,60,308.568774
57.03596,60,308.662608
55.74375,60,308.751128
56.871296,60,308.834835
55.406651,60,308.914658
38.06901,60,308.995144
54.607173,60,309.07121
56.778357,60,309.147726
55.45376,60,309.234373
55.799406,60,309.312564
53.492814,60,309.398203
57.530225,60,309.481748
39.660578,60,309.564397
56.204345,60,309.644495
53.182557,60,309.726966
50.406544,60,309.813345
13.726252,38,309.869204
35.42049,60,309.958339
57.018601,60,310.041391
56.939815,60,310.12234
52.60432,60,310.211589
57.958685,60,310.29611
46.133381,60,310.381698
56.048385,60,310.470584
32.838096,60,310.556637
34.795616,60,310.65024
29.452201,60,310.733669
22.781288,60,310.817219
56.60232,60,310.899626
52.237705,60,310.997087
41.030089,60,311.07968
57.328405,60,311.172344
52.022422,60,311.260854
56.547552,60,311.343781
50.825731,60,311.431775
56.573964,60,311.511785
55.457292,60,311.590731
56.265338,60,311.669186
56.797939,60,311.754451
38.468223,60,311.836497
57.012189,60,311.92466
57.493906,60,312.005415
50.520715,60,312.085471
35.684121,60,312.166461
55.563446,60,312.25151
27.716062,60,312.333175
45.5278,60,312.419374
57.573902,60,312.506008
51.479459,60,312.585984
57.207992,60,312.676719
56.820914,60,312.759088
57.683416,60,312.839209
55.767693,60,312.925142
46.65634,60,313.007157
48.77455,60,313.098698
56.631124,60,313.182216
48.108348,60,313.262637
53.975504,60,313.347265
57.231267,60,313.434936
56.413029,60,313.517296
56.285441,60,313.599602
57.593416,60,313.688579
57.3,60,313.770129
55.27437,60,313.855661
56.06493,60,313.931063
26.815892,60,314.012198
55.279259,60,314.091355
55.731288,60,314.175751
56.036649,60,314.259301
40.870741,60,314.339041
57.655261,60,314.429874
52.292136,60,314.509272
52.600407,60,314.590026
49.374588,60,314.668213
44.536462,60,314.753882
54.08625,60,314.831439
18.545573,41,314.891928
57.132541,60,314.966774
50.622421,60,315.041249
55.946806,60,315.128983
32.911335,60,315.212056
56.464783,60,315.298192
57.039592,60,315.388051
56.225521,60,315.468575
56.840497,60,315.561189
30.576041,60,315.643217
56.267808,60,315.731524
34.186686,60,315.813689
56.933074,60,315.900998
53.428459,60,315.988522
56.289654,60,316.073646
55.847835,60,316.159742
57.249908,60,316.243253
56.327866,60,316.328329
54.897764,60,316.406008
54.184384,60,316.486001
52.71041,60,316.560221
56.725557,60,316.643
55.812716,60,316.726476
56.997562,60,316.813004
57.170062,60,316.900043
57.696999,60,316.985621
57.074013,60,317.067911
34.054843,60,317.149932
47.162088,60,317.233036
56.648172,60,317.317674
58.125173,60,317.406293
31.806772,60,317.485708
53.121961,60,317.590405
41.921593,60,317.674174
53.805688,60,317.755735
47.570276,60,317.841407
56.676697,60,317.928488
51.708364,60,318.018194
57.633212,60,318.099187
55.728923,60,318.182117
53.908381,60,318.27062
57.041447,60,318.363097
55.852731,60,318.446306
55.622115,60,318.526943
54.672398,60,318.614856
56.094753,60,318.69846
56.596727,60,318.782437
57.159359,60,318.863371
48.813593,60,318.941876
57.131542,60,319.020404
56.239979,60,319.100547
57.507812,60,319.181988
55.611709,60,319.267694
35.01482,60,319.357222
53.911863,60,319.437637
53.75467,60,319.515451
45.653774,60,319.593799
56.705657,60,319.677801
56.424196,60,319.760674
56.833869,60,319.845769
57.148657,60,319.928717
56.848904,60,320.013186
54.937038,60,320.100746
28.006033,60,320.174625
57.408646,60,320.261973
57.507704,60,320.346031
56.677877,60,320.426465
57.012851,60,320.50984
54.734361,60,320.593102
34.817964,60,320.676257
56.241134,60,320.75889
56.202457,60,320.841389
56.637209,60,320.921896
55.131411,60,321.009466
55.313638,60,321.090923
56.854408,60,321.170969
55.510288,60,321.25385
56.285219,60,321.329899
43.428716,60,321.406434
55.782354,60,321.485099
56.459144,60,321.56755
55.370618,60,321.648601
50.841922,60,321.731927
57.27334,60,321.822015
56.919309,60,321.901297
49.452834,60,321.981761
44.07693,60,322.064643
55.90611,60,322.149976
49.338376,60,322.23242
57.344862,60,322.328338
54.052843,60,322.413272
52.847535,60,322.498365
56.488458,60,322.588475
56.967121,60,322.675471
56.607472,60,322.7639
56.925324,60,322.844899
29.259171,60,322.930374
57.656142,60,323.026159
56.407189,60,323.110583
47.67755,60,323.200083
56.01706,60,323.292293
46.576533,60,323.379789
55.868674,60,323.461345
49.699105,60,323.556167
56.850237,60,323.635617
57.429285,60,323.721798
48.367935,60,323.800745
15.307929,60,323.877848
54.630801,60,323.956951
56.893623,60,324.036808
57.858423,60,324.125417
54.597861,60,324.206394
56.30856,60,324.297094
55.125749,60,324.380503
53.753874,60,324.462
53.830699,60,324.540963
55.99388,60,324.626234
56.95029,60,324.707346
57.300072,60,324.794405
38.473544,60,324.875878
54.633265,60,324.958883
54.545251,60,325.045072
55.324374,60,325.125967
55.978155,60,325.210593
57.076244,60,325.298258
52.056909,60,325.378736
46.129641,60,325.471303
19.038889,42,325.52821
54.707305,60,325.611832
56.293844,60,325.696504
53.951575,60,325.788373
56.959725,60,325.868791
31.519714,60,325.958877
56.327977,60,326.047029
43.091151,60,326.123978
50.372173,60,326.207852
57.021204,60,326.28197
55.074748,60,326.360079
54.617702,60,326.436218
58.31143,60,326.517174
52.224754,60,326.599106
51.075199,60,326.680532
49.004221,60,326.766789
54.537606,60,326.846219
56.482907,60,326.927368
51.987358,60,327.011047
57.525341,60,327.094236
51.765973,60,327.174788
54.522214,60,327.262879
54.943451,60,327.347715
55.501452,60,327.431298
37.040241,60,327.518448
57.006098,60,327.603036
48.874363,60,327.696746
56.267015,60,327.78186
36.806389,60,327.863391
56.682905,60,327.953222
57.281616,60,328.035669
55.213513,60,328.118012
52.371123,60,328.201476
7.161338,36,328.258088
12.550963,36,328.309988
54.527548,60,328.39522
54.725821,60,328.481501
57.063337,60,328.561198
58.222036,60,328.641723
48.940268,60,328.724341
56.17162,60,328.800823
33.653431,60,328.875954
50.147664,60,328.955446
57.099072,60,329.039461
50.231114,60,329.118436
52.223849,60,329.206448
46.273424,60,329.29045
56.510831,60,329.369932
40.493353,60,329.450079
56.883052,60,329.532074
31.549032,60,329.61516
53.535513,60,329.698668
55.978202,60,329.784343
56.230311,60,329.862896
55.324252,60,329.952977
56.746246,60,330.041088
48.712236,60,330.127139
54.165812,60,330.21226
56.025235,60,330.292208
55.090424,60,330.385363
56.72877,60,330.467033
44.279772,60,330.550012
42.828364,60,330.631468
57.254016,60,330.719125
55.938817,60,330.801119
53.862305,60,330.885149
56.277067,60,330.974267
54.903003,60,331.055759
54.739146,60,331.138139
52.848385,60,331.217648
55.258325,60,331.29574
55.763095,60,331.371725
54.326181,60,331.457874
56.38003,60,331.53632
51.798385,60,331.619311
52.305093,60,331.705817
51.423527,60,331.785964
56.117152,60,331.867349
55.234453,60,331.949786
56.334661,60,332.032797
57.295024,60,332.117187
57.79532,60,332.213809
56.478363,60,332.298432
57.780816,60,332.387147
9.006481,44,332.460256
56.676584,60,332.573049
55.493582,60,332.681669
41.018856,60,332.765761
57.630649,60,332.848175
55.570398,60,332.932143
33.406209,60,333.020601
54.856043,60,333.101502
34.764853,60,333.174046
56.640383,60,333.262694
50.233036,60,333.345202
58.101771,60,333.441235
39.680314,60,333.529898
54.068315,60,333.611434
55.708856,60,333.691342
56.997955,60,333.779828
51.45191,60,333.85946
51.799022,60,333.940536
36.42128,60,334.023102
57.05,60,334.108146
23.068919,52,334.18013
55.3904,60,334.262098
53.657724,60,334.355487
54.65417,60,334.43844
56.491827,60,334.528103
43.219353,60,334.611186
57.23452,60,334.696161
55.288586,60,334.784385
40.752493,60,334.864901
54.851922,60,334.953728
54.931755,60,335.050622
56.913263,60,335.130875
55.496857,60,335.219256
52.213611,60,335.313018
56.872644,60,335.401528
55.778946,60,335.492901
56.12838,60,335.572881
27.986856,60,335.660975
43.466759,60,335.752851
55.966331,60,335.847913
56.703071,60,335.934631
56.299779,60,336.025692
51.183301,60,336.102055
54.554582,60,336.186035
56.504214,60,336.276387
55.508663,60,336.360291
54.282374,60,336.440763
53.573285,60,336.526476
54.76286,60,336.604179
55.378636,60,336.694894
52.121816,60,336.781526
56.206882,60,336.861743
56.054183,60,336.954424
56.805992,60,337.049332
52.316451,60,337.130703
57.038152,60,337.212874
56.95672,60,337.307014
51.216069,60,337.404139
57.028543,60,337.506746
56.375811,60,337.585187
55.797103,60,337.667195
54.948012,60,337.750735
55.298714,60,337.836325
56.267103,60,337.923461
56.794217,60,338.007271
56.588042,60,338.098026
47.012709,60,338.176921
55.190397,60,338.25812
56.018278,60,338.342703
54.968602,60,338.431427
44.270524,60,338.522051
54.184061,60,338.609238
57.36587,60,338.698099
37.434562,60,338.777978
56.005453,60,338.867736
58.287149,60,338.956916
52.941003,60,339.057465
56.784701,60,339.148964
55.960909,60,339.247612
55.896998,60,339.33093
56.335402,60,339.412976
54.491376,60,339.495455
52.502662,60,339.580935
48.523546,60,339.663526
53.462775,60,339.742486
47.798988,60,339.830123
37.957281,60,339.907676
54.951215,60,339.999724
55.44131,60,340.089406
42.322851,60,340.17096
56.132135,60,340.255514
26.330633,60,340.351969
51.984303,60,340.436426
54.905616,60,340.516915
56.96545,60,340.600401
56.077013,60,340.700144
56.37342,60,340.800769
56.168022,60,340.886176
56.769057,60,340.970213
49.736418,60,341.053857
36.909715,60,341.136469
54.958605,60,341.22355
56.751056,60,341.30153
54.925336,60,341.38761
55.850909,60,341.472679
49.637739,60,341.556866
54.907569,60,341.640875
56.573607,60,341.730297
55.984645,60,341.81562
55.644801,60,341.903098
55.957929,60,341.993582
49.832114,60,342.074327
54.45413,60,342.163715
56.924359,60,342.251797
55.995451,60,342.348027
54.895977,60,342.456284
56.211575,60,342.54504
54.095835,60,342.628591
6.063949,60,342.713936
53.67423,60,342.793098
50.895064,60,342.880191
53.232281,60,342.962704
53.275804,60,343.041028
52.107545,60,343.127505
55.847944,60,343.213331
43.295911,60,343.300782
42.12747,60,343.391765
56.098153,60,343.471819
37.635033,60,343.561908
53.496485,60,343.658981
56.179588,60,343.741434
54.565798,60,343.825424
43.904191,60,343.9101
57.511409,60,344.015426
57.26287,60,344.112552
56.729197,60,344.200788
56.245909,60,344.281706
55.415374,60,344.366773
55.144316,60,344.453898
57.01818,60,344.53805
57.032342,60,344.621718
20.977198,55,344.698081
35.075439,60,344.779561
44.733308,60,344.862536
30.987604,60,344.946612
55.450432,60,345.035204
54.032017,60,345.12616
55.834753,60,345.211722
49.007682,60,345.296839
56.983086,60,345.376837
55.495265,60,345.459761
22.586942,55,345.535311
57.599961,60,345.626362
52.61284,60,345.721318
57.457539,60,345.814719
57.022041,60,345.901139
55.625617,60,345.985914
53.256499,60,346.066522
56.843791,60,346.155679
56.230468,60,346.235756
55.928263,60,346.328421
17.440051,60,346.416837
23.138834,45,346.483755
6.967863,49,346.562539
56.136359,60,346.656169
55.249611,60,346.757935
56.446669,60,346.853481
55.913763,60,346.94593
56.566548,60,347.04001
58.793049,60,347.141217
57.328109,60,347.244343
43.494316,60,347.342694
54.677535,60,347.447529
55.922076,60,347.538527
55.074719,60,347.6325
56.38847,60,347.720564
54.235518,60,347.812606
45.983145,60,347.897657
56.173664,60,347.989781
57.03332,60,348.075379
55.348308,60,348.155426
54.481623,60,348.246414
33.230509,60,348.332915
57.042491,60,348.415005
55.485919,60,348.507987
56.491742,60,348.59875
57.502308,60,348.684053
56.108782,60,348.772902
55.984164,60,348.851373
51.856722,60,348.956771
56.834133,60,349.058722
55.204436,60,349.153084
55.563601,60,349.235134
56.322375,60,349.319218
56.487837,60,349.402363
53.321075,60,349.491679
54.771987,60,349.575252
56.439058,60,349.656944
45.670577,60,349.740061
56.476686,60,349.822805
45.118388,60,349.914839
57.15,60,350.00604
56.527383,60,350.094149
56.208217,60,350.180664
56.582435,60,350.264801
56.422741,60,350.345819
56.509497,60,350.431807
55.109793,60,350.522965
50.707792,60,350.61761
56.450266,60,350.710968
57.202671,60,350.801522
52.95066,60,350.883227
34.22053,57,350.962715
31.124354,60,351.046
54.669975,60,351.130234
56.7,60,351.213984
56.846721,60,351.288512
52.031299,60,351.369572
42.184773,60,351.455575
29.100462,60,351.535557
56.077295,60,351.623972
57.027316,60,351.716504
55.848815,60,351.804073
56.8,60,351.894983
57.098803,60,351.990825
56.610424,60,352.070999
56.391485,60,352.151108
56.242811,60,352.249014
57.267375,60,352.34913
47.71749,60,352.433343
34.336269,60,352.517519
56.586175,60,352.603
32.146229,60,352.681576
41.345824,60,352.769162
57.816117,60,352.849218
57.566453,60,352.934169
57.457953,60,353.018957
35.074825,60,353.100402
52.317606,60,353.189357
56.787318,60,353.281636
51.378709,60,353.36617
55.779334,60,353.451731
52.504509,60,353.537397
56.000159,60,353.629801
57.98665,60,353.721389
56.842769,60,353.810282
47.563405,60,353.90249
53.472482,60,354.023288
57.688117,60,354.116234
56.973863,60,354.204016
48.080021,60,354.293247
57.687569,60,354.388786
53.169126,60,354.473551
57.107839,60,354.575821
55.862702,60,354.686147
56.923181,60,354.791651
57.13659,60,354.909801
56.212947,60,355.00878
57.159011,60,355.097509
58.267071,60,355.201592
53.586015,60,355.303288
55.440192,60,355.392844
57.735426,60,355.490224
56.335017,60,355.572299
56.400411,60,355.662286
56.736079,60,355.746727
39.550112,60,355.835548
51.307675,60,355.934609
57.724544,60,356.029177
53.168689,60,356.121248
51.89173,60,356.213811
54.781408,60,356.303023
41.602159,60,356.393057
37.484431,60,356.480485
57.013471,60,356.580557
55.066907,60,356.675205
55.675015,60,356.762207
56.004519,60,356.855364
55.396036,60,356.945249
39.991579,60,357.036157
58.0,60,357.134542
50.151199,60,357.24764
55.989664,60,357.350926
55.802566,60,357.438936
55.04936,60,357.536987
45.275717,60,357.62359
56.612974,60,357.714692
56.579377,60,357.801245
53.387398,60,357.891323
56.146241,60,357.984994
57.568282,60,358.058803
48.212308,60,358.150536
56.162982,60,358.246687
57.755188,60,358.330014
55.899864,60,358.41938
57.134583,60,358.518072
11.066251,60,358.60666
37.96075,60,358.695637
56.274663,60,358.784614
53.976496,60,358.889094
53.620978,60,359.00329
56.947858,60,359.091267
54.739491,60,359.175837
16.66475,39,359.235642
54.810282,60,359.331302
51.597545,60,359.422397
43.972747,60,359.511282
55.438041,60,359.606358
53.108705,60,359.697785
56.330415,60,359.790767
56.672934,60,359.89503
56.49506,60,359.985636
56.478194,60,360.07727
55.611828,60,360.188356
56.298601,60,360.283906
52.603682,60,360.371426
47.778083,60,360.469063
56.729597,60,360.550964
55.634501,60,360.643506
57.283467,60,360.732616
51.592883,60,360.816118
51.772394,60,360.902181
53.565119,60,360.998546
57.483645,60,361.075455
55.195805,60,361.16387
55.622931,60,361.248368
58.417801,60,361.331822
56.974082,60,361.422825
54.399289,60,361.509355
55.736696,60,361.600999
57.165346,60,361.691367
55.502791,60,361.782625
56.358833,60,361.864017
7.587701,33,361.914031
48.856579,60,362.006521
56.502083,60,362.093522
46.323466,60,362.185683
44.19278,60,362.273746
57.348153,60,362.356293
37.162865,60,362.437825
52.957812,60,362.522493
50.338648,60,362.607958
55.990186,60,362.69144
54.555816,60,362.777339
25.204609,60,362.858805
36.204476,60,362.955761
56.057092,60,363.037839
55.691812,60,363.131019
55.051774,60,363.2186
56.258067,60,363.302225
56.91714,60,363.396292
55.979818,60,363.487233
58.143378,60,363.569867
57.189909,60,363.664992
57.483963,60,363.771267
57.296474,60,363.871325
57.885617,60,363.949283
55.18981,60,364.037308
48.122603,60,364.125162
49.492065,60,364.217763
56.48428,60,364.304861
56.781633,60,364.386436
54.144662,60,364.475511
56.467617,60,364.557476
56.945922,60,364.641483
56.197664,60,364.729445
56.994036,60,364.823066
56.174187,60,364.912597
56.538688,60,365.003717
57.399165,60,365.089822
56.179702,60,365.176881
56.009733,60,365.264346
55.826967,60,365.353865
53.044981,60,365.453582
54.683505,60,365.539572
56.608589,60,365.622143
54.308336,60,365.706138
50.791421,60,365.797421
54.347879,60,365.880274
37.773506,60,365.971694
53.467377,60,366.060102
49.192944,60,366.14058
49.538436,60,366.226714
56.356315,60,366.309256
56.165849,60,366.399776
55.882227,60,366.49131
32.415666,60,366.584801
46.985114,60,366.691016
30.674411,60,366.784104
57.179467,60,366.879274
49.152277,60,366.977829
55.010725,60,367.086706
51.793096,60,367.197909
56.827589,60,367.282399
57.270376,60,367.370345
33.357396,60,367.462168
46.210479,60,367.556646
55.574406,60,367.656594
53.03736,60,367.778967
40.055386,60,367.895149
43.377306,60,367.99354
42.034919,60,368.096289
56.079341,60,368.194433
56.756626,60,368.2955
49.963765,60,368.408178
56.383385,60,368.519153
54.773673,60,368.61878
55.425622,60,368.722654
56.129849,60,368.834302
56.405452,60,368.92843
52.813572,60,369.026091
9.617595,32,369.074847
55.711947,60,369.166504
56.427286,60,369.259628
55.654152,60,369.351194
50.641521,60,369.446307
57.017712,60,369.531226
56.321949,60,369.618888
54.76992,60,369.705814
56.518431,60,369.787077
56.13497,60,369.878627
50.394705,60,369.963635
55.977805,60,370.047661
27.169082,53,370.125708
54.992043,60,370.217721
55.182314,60,370.331397
43.00214,60,370.420548
56.334764,60,370.507294
56.061332,60,370.589385
27.245907,60,370.669259
50.530386,60,370.752092
56.664715,60,370.836198
45.701194,60,370.919297
55.650551,60,371.000783
31.684126,60,371.081232
55.975223,60,371.164318
53.744318,60,371.24919
56.391268,60,371.33026
57.545115,60,371.439569
56.5301,60,371.527256
56.99672,60,371.623203
54.502736,60,371.708686
57.659647,60,371.794286
53.199555,60,371.873332
57.950422,60,371.968968
56.477029,60,372.058971
51.982625,60,372.147139
57.001659,60,372.231205
56.49717,60,372.313143
53.680511,60,372.405088
52.557644,60,372.490856
54.919261,60,372.582334
56.77743,60,372.675335
56.196738,60,372.763269
56.224661,60,372.86011
17.027858,58,372.950244
57.143922,60,373.041971
47.347965,60,373.131027
41.01235,60,373.224311
56.499438,60,373.305803
55.669338,60,373.390401
56.573049,60,373.47408
57.093798,60,373.551062
54.874839,60,373.630921
55.54721,60,373.720444
56.230552,60,373.802052
55.761073,60,373.891007
53.143761,60,373.976676
55.905789,60,374.059167
46.900555,60,374.140858
53.746292,60,374.225344
56.641898,60,374.305289
47.958822,60,374.389031
57.671503,60,374.480712
35.386147,60,374.565118
56.193225,60,374.65093
44.473321,60,374.739486
8.710906,60,374.821151
37.563701,60,374.909119
56.013898,60,374.996259
57.042517,60,375.081092
51.175487,60,375.163591
44.698533,60,375.248989
56.762468,60,375.330429
56.480394,60,375.420954
56.236421,60,375.506597
13.019692,46,375.574174
57.715645,60,375.661311
51.161104,60,375.745349
45.031679,60,375.83345
53.341778,60,375.91184
46.279951,60,375.992396
53.674188,60,376.06979
53.67394,60,376.151696
56.792844,60,376.231133
54.763752,60,376.314584
55.880815,60,376.399897
12.103375,52,376.471997
56.911406,60,376.556041
55.108896,60,376.637467
57.094729,60,376.718297
56.189892,60,376.795853
53.969982,60,376.88181
56.007395,60,376.962304
56.947975,60,377.040757
56.034937,60,377.13101
27.37755,60,377.207913
54.519626,60,377.294637
56.882766,60,377.377009
51.04878,60,377.456918
57.155781,60,377.542983
53.842668,60,377.622211
54.554765,60,377.702282
41.01278,60,377.78532
56.424642,60,377.878088
36.065019,60,377.961461
52.381842,60,378.051893
56.763617,60,378.135995
57.010943,60,378.215939
55.749311,60,378.299283
45.910849,60,378.375281
54.993185,60,378.45445
56.025218,60,378.533023
56.833592,60,378.623131
57.012007,60,378.703084
47.825221,60,378.7877
46.322763,60,378.871241
56.094335,60,378.946697
57.474183,60,379.007098
47.182118,60,379.084616
53.219151,60,379.169108
57.336586,60,379.249214
50.483374,60,379.339646
57.6335,60,379.422208
46.076935,60,379.511795
56.958122,60,379.599378
57.230109,60,379.680845
55.872253,60,379.769762
57.157805,60,379.858066
44.725497,60,379.948546
39.907558,60,380.035975
54.374617,60,380.121038
18.393725,60,380.210689
53.877056,60,380.299308
55.813543,60,380.38692
5.493964,58,380.470968
35.507135,59,380.558662
55.967803,60,380.639976
53.994889,60,380.71991
55.706154,60,380.799964
55.784174,60,380.878431
56.575015,60,380.958922
56.003626,60,381.03546
44.412839,60,381.120248
55.85,60,381.199165
56.478599,60,381.283549
58.378114,60,381.362847
56.332157,60,381.440826
57.530416,60,381.52026
56.418245,60,381.603376
56.144374,60,381.681853
56.604236,60,381.764006
56.273559,60,381.844991
51.683643,60,381.925061
56.429452,60,381.994106
55.730398,60,382.071109
37.683194,60,382.155594
57.28608,60,382.239937
55.616326,60,382.320008
53.608692,60,382.407073
46.470533,60,382.488768
57.177393,60,382.572228
57.615944,60,382.660391
55.164533,60,382.753521
57.473066,60,382.837544
56.560495,60,382.929023
53.682893,60,383.016041
36.335016,60,383.097122
54.600572,60,383.180643
52.936859,60,383.256127
57.090136,60,383.338207
46.892763,60,383.422168
41.905172,60,383.501204
56.739404,60,383.598839
36.188542,60,383.675968
56.028775,60,383.765046
37.08333,60,383.848622
55.615879,60,383.932617
55.39063,60,384.015404
