#{"t_start": 1790475125.8857832, "env_id": "None"}
r,l,t
8.702917,34,0.066902
23.500059,60,0.140543
9.824694,37,0.190263
11.768817,60,0.272339
10.965229,46,0.334279
22.026772,60,0.413705
20.506417,60,0.499181
3.445537,27,0.539966
11.380319,51,0.610852
11.705887,60,0.706392
18.648927,60,0.782247
16.43231,60,0.862583
11.132059,44,0.91183
13.8519,60,1.004538
19.574587,60,1.099384
11.524813,48,1.157719
6.12315,48,1.232759
5.751909,40,1.294734
6.786353,60,1.381339
16.156387,57,2.390345
18.881549,60,2.470347
9.968849,53,2.551393
9.436413,34,2.598139
10.04716,44,2.650446
22.526134,60,2.721771
7.882812,50,2.789336
10.521827,47,2.848686
9.580027,40,2.90255
6.860047,53,2.972431
24.161528,60,3.067683
17.289127,60,3.149911
11.171464,44,3.21662
26.996056,60,3.310074
28.515965,60,3.402261
13.856404,55,3.480648
23.402035,59,3.573345
10.860926,53,3.661333
9.528407,37,3.723092
21.062413,60,3.814023
6.66073,56,4.829419
8.029526,32,4.870179
17.001707,56,4.940116
37.043359,60,5.018636
14.941802,41,5.085574
22.953439,60,5.17418
23.867175,60,5.248523
8.987104,39,5.295707
17.458671,55,5.369009
24.254459,60,5.452351
10.589749,55,5.524377
15.007689,60,5.60993
13.386615,60,5.683467
3.329744,44,5.740863
17.72855,60,5.825878
22.545207,60,5.905941
10.779298,49,5.967358
21.290024,60,6.054884
16.609912,44,6.111323
16.031099,60,7.059118
18.854493,60,7.144397
16.651703,54,7.217396
32.570655,60,7.297512
14.205016,56,7.371623
14.28372,60,7.452714
14.741819,60,7.525135
24.50971,60,7.598028
25.141894,60,7.677454
20.916856,60,7.751738
20.163921,60,7.829217
12.081355,60,7.906117
8.863998,44,7.956315
14.902107,60,8.035207
11.714658,56,8.116742
17.890047,60,8.192213
43.425652,60,8.271664
6.643868,48,8.336572
21.473499,60,9.225677
15.399347,60,9.294014
12.930553,40,9.344278
13.265414,60,9.414661
18.758086,60,9.487313
37.107931,60,9.565336
5.262269,47,9.61867
26.854026,60,9.688116
19.747706,60,9.755723
26.232077,60,9.835726
4.952519,33,9.878514
24.273869,60,9.946326
34.550412,60,10.019771
18.132266,60,10.092227
19.187183,60,10.166636
17.233017,60,10.234457
4.928823,33,10.270096
11.314203,51,10.331453
18.632561,60,10.405415
28.146772,60,11.239249
24.340063,60,11.302908
17.324383,60,11.372588
14.135163,60,11.44528
25.497447,60,11.514473
30.507455,60,11.584126
26.795499,60,11.663854
14.514653,60,11.73943
15.402607,60,11.814864
32.005838,60,11.891446
12.036013,42,11.940212
34.844926,60,12.015204
13.544803,60,12.095789
22.908012,53,12.157648
20.149242,60,12.226424
24.311355,60,12.300942
16.438872,60,12.401083
24.731381,60,13.265157
7.402242,56,13.330547
25.031854,60,13.402063
23.757228,60,13.473503
24.595772,60,13.545299
13.854548,60,13.622837
37.347533,60,13.687593
21.021223,58,13.753413
5.308066,57,13.825744
18.166263,60,13.89551
39.287178,60,13.973129
20.729394,46,14.029507
17.46969,50,14.091308
19.700706,60,14.170299
23.50983,60,14.239168
20.527066,60,14.313175
17.523637,60,14.388969
10.318487,56,14.458367
12.37465,45,15.31458
20.378436,60,15.391072
36.181224,60,15.460038
27.632372,60,15.525838
33.045935,60,15.594588
20.216927,60,15.660417
16.266493,57,15.719868
15.718593,49,15.774676
14.670583,60,15.841597
26.542775,60,15.913845
12.709827,60,15.98362
32.943339,60,16.055024
10.823526,60,16.127362
25.469858,60,16.197685
30.657339,60,16.263909
23.130032,60,16.339293
22.324704,60,16.421867
39.45805,60,17.30083
30.606047,60,17.396283
17.397488,43,17.451609
15.038127,54,17.523976
9.146429,54,17.590915
11.137429,58,17.667769
12.266672,48,17.732504
22.311464,60,17.805758
3.56585,25,17.835893
9.077733,45,17.901412
32.159922,60,17.978894
25.416063,60,18.058383
26.610236,60,18.137342
14.262546,60,18.208294
31.879143,60,18.271105
18.05696,60,18.341445
25.417972,60,18.416851
6.486301,36,18.466087
14.769697,60,18.54212
41.097475,60,19.432421
23.612665,60,19.505346
54.189371,60,19.578245
24.537342,56,19.652196
32.652112,60,19.723097
20.402864,60,19.798119
27.223171,60,19.878139
29.916215,60,19.954475
13.740174,50,20.013379
29.279557,60,20.094563
21.504187,59,20.163058
27.302696,60,20.248137
27.491762,60,20.330757
27.219275,60,20.420242
25.20884,60,20.509505
38.399109,60,20.599447
8.224814,45,20.657413
12.058573,60,20.830585
21.479949,60,21.863066
3.026009,33,21.909923
10.682497,44,21.971269
25.14927,60,22.057175
8.641174,32,22.100892
16.828253,60,22.176041
36.525306,60,22.253297
16.944152,60,22.332963
40.392361,60,22.4105
6.693751,41,22.465397
17.495707,59,22.556816
26.956482,60,22.637181
14.797907,60,22.711812
20.233229,60,22.78623
23.534132,60,22.858793
28.041661,60,22.946326
40.688105,60,23.023832
34.028107,60,23.103265
37.086846,60,24.022931
46.897418,60,24.109349
14.403619,60,24.186369
33.906354,60,24.280355
18.521858,60,24.365626
33.187766,60,24.44908
16.488508,60,24.531143
33.455159,60,24.611724
13.553283,60,24.690712
25.527638,60,24.781806
45.175382,60,24.867779
24.780684,60,24.944162
8.078003,44,25.005141
33.686308,60,25.09977
34.844819,60,25.208087
55.527724,60,25.303427
28.268853,60,25.395576
36.886645,60,25.497466
20.269604,60,26.539819
11.688112,49,26.612171
17.631645,60,26.715379
32.631756,60,26.820452
13.587102,58,26.898004
13.606001,54,26.968918
24.02661,60,27.060773
32.706333,60,27.138304
15.667268,41,27.189645
23.101434,60,27.264575
35.072613,60,27.354196
31.894827,60,27.439661
14.431014,60,27.532841
26.206682,60,27.613304
14.733737,43,27.670083
49.986561,60,27.760047
3.226452,24,27.790767
17.047752,60,27.870241
15.771356,51,27.935561
18.591466,60,28.946979
5.303941,44,29.012371
56.010898,60,29.100413
13.167447,51,29.175891
28.89589,60,29.271953
31.301902,60,29.381636
24.661004,60,29.485839
29.271365,60,29.57733
32.077001,60,29.674177
18.437277,60,29.771569
40.953545,60,29.858067
24.893523,60,29.953009
22.185947,60,30.047419
39.376063,60,30.136775
38.60631,60,30.232694
31.909493,60,30.316969
26.790327,60,30.401986
21.347866,55,31.426167
25.260756,60,31.513756
21.905199,60,31.587642
23.422017,58,31.66249
21.257211,60,31.747008
24.847928,60,31.833529
23.581795,60,31.922302
32.431746,60,32.019376
31.35944,60,32.10396
25.535265,60,32.189029
39.380222,60,32.278933
12.669583,55,32.367028
21.468196,60,32.445526
33.990053,60,32.529037
41.780546,60,32.61173
6.543826,39,32.664994
26.546728,60,32.744891
31.180297,60,32.838831
27.733723,60,33.735444
20.470949,60,33.806209
34.113572,60,33.873495
29.78343,60,33.951871
40.116238,60,34.021867
34.591888,60,34.104662
19.985002,60,34.188417
19.581055,60,34.27513
10.138629,43,34.334531
11.703733,42,34.395379
22.336154,60,34.473354
11.393809,41,34.527118
14.176556,60,34.606547
5.794555,29,34.641733
36.454262,60,34.721313
31.533844,60,34.801897
18.593935,60,34.882016
16.397576,60,34.960568
17.752075,60,35.936083
33.457445,60,36.00737
15.697519,60,36.082098
34.0008,60,36.155783
18.219971,59,36.228
22.096671,60,36.315849
19.929112,60,36.412565
37.281799,60,36.493103
4.491992,27,36.526775
23.163657,60,36.598724
27.153911,60,36.670699
22.772376,60,36.73616
30.746627,60,36.80658
24.886057,60,36.898708
34.988081,60,36.97965
27.954522,60,37.060033
32.59421,60,37.143495
16.587293,60,37.216902
32.308051,60,38.200773
39.489031,60,38.291301
30.593857,59,38.368197
30.728931,60,38.447023
19.525374,60,38.510821
29.761417,60,38.590592
25.19939,60,38.693361
41.90753,60,38.769472
5.436585,30,38.812701
29.697354,60,38.893791
18.811676,60,38.968314
24.625991,60,39.040679
36.491087,60,39.125739
39.02891,60,39.198254
8.073349,29,39.234017
10.385651,44,39.290362
42.745641,60,39.376825
25.622796,60,39.455846
34.524194,60,40.380223
31.061852,60,40.456811
20.737968,46,40.512357
35.510019,60,40.585381
43.993076,60,40.665866
11.157096,60,40.741242
37.673983,60,40.822208
30.417688,60,40.89612
31.149288,60,40.981135
31.481804,60,41.054162
31.017991,60,41.127228
41.4276,60,41.207251
15.962838,45,41.267107
42.433778,60,41.34465
36.794173,60,41.426832
35.314042,60,41.510099
44.464654,60,41.587631
31.566794,60,41.670542
32.258601,60,42.580364
29.52427,60,42.649236
42.459251,60,42.722551
22.986012,60,42.805493
13.361642,50,42.864796
30.948907,60,42.940649
28.098369,60,43.019213
15.12914,60,43.095104
16.573445,46,43.154047
20.069687,60,43.223007
31.517958,60,43.301997
27.818451,60,43.376359
16.652827,50,43.440722
25.229617,60,43.525703
30.328947,60,43.602997
18.714857,60,43.676958
41.272423,60,43.759559
36.086848,60,44.668127
30.330779,60,44.745654
31.427274,60,44.824229
25.844123,60,44.895951
21.153458,60,44.964669
29.769163,60,45.03508
22.597762,60,45.101487
32.38448,60,45.170825
28.102238,60,45.236802
30.12701,60,45.315451
22.748161,60,45.384677
29.484397,60,45.455446
25.898894,60,45.538882
16.426065,60,45.608288
18.734626,49,45.666567
12.168711,47,45.717451
42.704948,60,45.789317
14.377642,60,45.870253
35.144504,60,46.762764
26.808855,60,46.84114
26.278634,60,46.913474
16.186286,60,46.993254
26.254835,60,47.071979
10.253423,60,47.144135
42.034,60,47.226685
24.933083,60,47.302053
18.737446,60,47.373487
23.922616,60,47.442954
26.442216,60,47.514383
33.149383,60,47.585876
23.741021,60,47.654753
7.81214,32,47.69345
46.292673,60,47.768654
46.980303,60,47.842545
47.624335,60,47.912952
25.301202,60,48.744261
20.812698,60,48.818126
46.346632,60,48.888234
32.255896,60,48.982454
29.856531,60,49.055424
40.579088,60,49.122772
27.825711,60,49.203592
36.576932,60,49.274405
32.988595,60,49.344395
37.2203,60,49.41699
21.02533,60,49.49549
52.25594,60,49.57198
37.707003,60,49.641464
39.116252,60,49.72206
35.589099,60,49.800662
33.2043,60,49.875784
29.51122,60,49.946712
38.171582,60,50.802627
25.605483,60,50.885524
34.717681,60,50.958893
54.171028,60,51.032293
4.798306,38,51.075471
30.340586,60,51.145804
25.376195,60,51.221718
19.385732,49,51.287071
40.378336,60,51.362999
27.845908,60,51.434971
11.986706,60,51.517938
30.122877,60,51.588977
17.995409,60,51.656929
43.838766,60,51.735433
15.154512,60,51.810454
35.365243,60,51.888415
38.17885,60,51.961936
41.921045,60,52.031826
10.484547,48,52.876621
12.53712,53,52.939067
25.178174,60,53.012512
20.031112,60,53.0904
16.564724,47,53.149233
20.962732,60,53.220716
35.390803,60,53.2942
40.331219,60,53.371691
37.089797,60,53.443881
36.906227,60,53.514689
49.986366,60,53.597288
12.476141,43,53.647966
39.843526,60,53.720834
18.365046,60,53.805158
43.191406,60,53.883624
29.443737,60,53.955129
23.256298,60,54.036605
30.059155,60,54.113197
25.140863,60,55.005131
35.217494,60,55.07238
36.471506,60,55.139812
18.31555,48,55.191696
35.900969,60,55.258644
19.79642,59,55.334643
23.299883,60,55.405085
39.268377,60,55.472485
33.584173,60,55.550967
45.174509,60,55.628389
35.850903,60,55.696719
37.79249,60,55.769741
35.220204,60,55.839802
18.405797,53,55.906686
16.505575,60,55.972541
34.516129,60,56.051081
42.679643,60,56.125617
29.653341,60,57.028546
42.573055,60,57.109597
34.452794,60,57.184974
31.843924,60,57.263964
15.76145,58,57.336363
31.885661,60,57.409287
18.54449,60,57.484494
49.298832,60,57.559354
29.461281,60,57.630306
23.024264,60,57.701307
44.139956,60,57.775285
34.906389,60,57.861324
39.918808,60,57.93386
22.069325,60,58.008774
19.328754,60,58.097807
14.192217,60,58.1682
41.395106,60,58.240651
28.618544,60,59.186487
50.000025,60,59.257452
26.071147,60,59.330045
33.558358,60,59.412457
46.951394,60,59.493809
21.099356,60,59.577404
38.183148,60,59.652779
32.485045,60,59.741379
26.861239,60,59.818417
23.602856,60,59.8952
20.035483,60,59.979081
8.879219,53,60.044894
37.183387,60,60.129941
41.757681,60,60.209323
13.832725,60,60.280767
37.842406,60,60.347718
29.591032,60,60.415625
32.472662,60,60.495186
12.862628,60,61.464461
32.1327,60,61.54836
41.692763,60,61.626971
33.437427,60,61.718298
30.877417,60,61.803225
34.64693,60,61.888616
28.871365,60,61.973622
22.249579,60,62.060686
33.575321,60,62.142025
32.25689,60,62.224577
50.882763,60,62.311955
33.885835,60,62.39077
36.779353,60,62.471258
50.038445,60,62.557338
33.85246,60,62.64136
31.946193,60,62.722818
40.089186,60,62.814708
35.176095,60,63.774101
32.923077,60,63.868556
27.285762,60,63.952494
35.542033,60,64.029862
19.940906,60,64.121793
42.592636,60,64.203733
19.787281,60,64.282741
38.602685,60,64.365345
47.251559,60,64.464342
39.39793,60,64.608666
31.521686,60,64.695258
14.429947,54,64.770296
21.960174,60,64.849285
21.764144,60,64.940665
26.714215,60,65.015393
42.767915,60,65.104178
46.19482,60,65.188949
21.549001,59,66.117179
22.349551,60,66.200277
39.631988,60,66.285342
33.11923,60,66.3624
26.992482,60,66.450505
31.866875,60,66.52865
31.233163,60,66.613715
35.611755,60,66.691927
35.431092,60,66.782238
36.923747,60,66.869009
31.386306,60,66.946823
27.282413,60,67.028324
44.986671,60,67.108871
33.515069,60,67.185276
30.360592,60,67.277451
23.524526,50,67.346427
24.415097,60,67.423811
31.266593,60,68.394543
39.810515,60,68.462439
26.251493,60,68.53142
34.429416,60,68.620007
36.342991,60,68.699476
35.871903,60,68.77545
28.258711,60,68.864479
35.669777,60,68.938381
30.50082,60,69.013694
41.716204,60,69.091362
46.54993,60,69.166218
46.186062,60,69.240205
45.019687,60,69.315467
28.512472,60,69.398469
46.671406,60,69.476829
39.327281,60,69.548683
23.182562,60,69.624098
36.916407,60,70.57531
45.047205,60,70.656843
36.761903,60,70.74334
52.952148,60,70.823376
29.157722,59,70.904972
47.173054,60,70.974448
37.269338,60,71.043415
30.048895,60,71.111813
15.948734,40,71.162948
41.024616,60,71.242307
25.198855,60,71.316126
42.596373,60,71.394606
25.07055,60,71.474219
30.275268,60,71.548067
31.598912,60,71.62338
23.530017,60,71.701278
33.036211,60,71.778095
51.821379,60,71.848959
40.500074,60,72.752373
27.193983,60,72.832798
32.903306,60,72.912773
34.722034,60,72.997065
26.028008,60,73.070499
24.557691,60,73.142499
26.271305,60,73.22112
31.449119,60,73.296018
44.273753,60,73.359469
32.978122,60,73.430942
37.763524,60,73.502315
37.172896,60,73.57563
44.607377,60,73.64906
40.53694,60,73.729009
21.344566,60,73.809006
32.140499,60,73.893488
33.257125,60,73.97474
34.585313,60,74.895083
29.24426,60,74.976528
49.565528,60,75.051251
16.644833,60,75.129695
35.765276,60,75.208659
44.107519,60,75.284164
44.100429,60,75.358081
40.392962,60,75.419461
31.991213,60,75.478833
42.950765,60,75.535237
11.241976,37,75.564882
13.46615,60,75.621718
35.735838,60,75.679536
28.276877,60,75.736499
41.708841,60,75.794923
41.02728,60,75.854853
49.348235,60,75.917171
36.642747,60,76.77793
24.801981,60,76.839777
34.537191,60,76.902337
23.863036,60,76.958086
28.75162,60,77.011185
40.773036,60,77.070164
28.56138,60,77.137635
52.901253,60,77.21501
31.152513,60,77.311586
38.378803,60,77.386105
31.994291,60,77.467681
43.842136,60,77.568798
40.849235,60,77.64931
36.556574,60,77.734788
43.390026,60,77.83136
11.83907,51,77.894252
40.115475,60,77.972316
23.189696,60,78.857324
24.025937,60,78.930294
14.179038,46,78.980106
23.280588,60,79.05911
31.822481,60,79.130597
40.054959,60,79.201174
34.911797,60,79.27076
20.767111,60,79.341292
45.342092,60,79.412213
36.030944,60,79.484621
32.815262,60,79.560522
38.877726,60,79.63702
30.193,60,79.712415
29.1989,60,79.794885
33.059513,60,79.8733
45.682666,60,79.941537
54.540706,60,80.01492
35.837736,60,80.09147
40.022131,60,80.953343
30.28696,60,81.018218
41.574595,60,81.086087
28.860342,60,81.15248
45.160971,60,81.218361
50.614091,60,81.285462
22.404906,60,81.355329
40.880906,60,81.423069
47.650574,60,81.500961
47.403157,60,81.571949
37.312207,60,81.643416
54.817092,60,81.714318
26.708986,60,81.787246
53.208275,60,81.864857
43.092444,60,81.93475
40.439169,60,82.007152
18.049616,60,82.083037
23.901473,60,82.871851
30.784766,60,82.939244
55.249763,60,83.000586
33.995213,60,83.061983
42.963198,60,83.128341
35.180243,60,83.192259
43.715124,60,83.251486
36.948446,60,83.316816
44.783041,60,83.374623
53.619712,60,83.431454
36.352462,60,83.488697
36.565864,60,83.546962
29.714228,60,83.603612
16.654885,60,83.665752
26.271423,54,83.724089
50.730037,60,83.787417
35.861421,60,83.848302
37.436472,60,84.577997
36.700181,60,84.638807
41.042468,60,84.7002
42.293983,60,84.766148
47.635642,60,84.829596
37.512827,60,84.890054
37.068045,60,84.957102
49.090835,60,85.019428
28.852131,52,85.073632
43.093555,60,85.135841
34.15129,60,85.194592
52.119163,60,85.263964
42.321546,60,85.328322
36.933001,60,85.38617
50.808041,60,85.451032
23.308959,60,85.513314
32.177083,60,85.573155
52.239434,60,86.27704
46.352884,60,86.337863
47.464459,60,86.397224
43.834754,60,86.456047
53.903743,60,86.515315
35.951899,60,86.577185
32.730425,60,86.635051
48.587698,60,86.699507
48.633176,60,86.761348
51.144011,60,86.823158
41.509384,60,86.891161
32.595909,60,86.952529
28.52561,60,87.011827
43.550378,60,87.077909
46.418526,60,87.13813
51.759825,60,87.196819
30.329387,60,87.260641
45.254298,60,87.985971
41.193808,60,88.044425
41.420643,60,88.104285
55.249785,60,88.165718
48.12833,60,88.226129
43.017948,60,88.285002
26.243837,60,88.349127
42.401936,60,88.404958
48.014521,60,88.468353
26.226763,60,88.533678
54.778155,60,88.596547
52.651004,60,88.658777
49.640083,60,88.721044
44.692871,60,88.784402
37.649438,60,88.849772
53.356299,60,88.911077
46.884731,60,88.975869
54.026105,60,89.691862
38.49406,60,89.753995
31.719062,60,89.820639
40.41647,60,89.889585
53.983621,60,89.945969
30.108113,56,90.006751
43.715635,60,90.067119
24.20632,60,90.127569
50.052774,60,90.188463
24.659663,60,90.244702
42.646084,60,90.307666
29.092125,60,90.363404
37.599741,60,90.419714
51.137134,60,90.478551
45.187371,60,90.535885
49.019784,60,90.591759
31.030091,60,90.655094
39.376182,60,91.43242
33.349994,60,91.48875
45.001723,60,91.549182
39.403769,60,91.614624
37.020824,60,91.677522
40.946767,60,91.736356
40.373494,60,91.802726
45.63774,60,91.869201
36.157723,60,91.932471
51.17087,60,91.993248
50.389489,60,92.0586
29.893942,60,92.120473
53.106696,60,92.179812
51.584613,60,92.239604
41.963807,60,92.300547
41.45518,60,92.361917
45.400833,60,92.419811
40.982741,60,93.112287
41.400782,60,93.168597
34.957614,60,93.222914
52.010001,60,93.285766
38.587086,60,93.345978
30.751626,60,93.406768
26.834243,60,93.468172
51.9863,60,93.530522
49.565823,60,93.596374
48.015336,60,93.656313
50.513769,60,93.717067
47.210329,60,93.786439
54.471518,60,93.850382
20.939737,60,93.913078
38.723978,60,93.97793
47.182088,60,94.037739
35.138599,60,94.097551
48.543336,60,94.807793
34.297066,60,94.873662
44.652304,60,94.939572
32.570413,60,95.004555
19.97289,60,95.065516
47.545444,60,95.129402
35.01561,60,95.190283
24.917952,53,95.245559
42.946204,60,95.308041
50.971372,60,95.375956
45.180901,60,95.44746
42.930124,60,95.517725
35.096928,60,95.58921
43.623956,60,95.667474
46.956786,60,95.737495
47.554059,60,95.81151
39.524293,60,95.884481
54.639785,60,95.956965
39.516905,60,96.819314
43.388521,60,96.889168
39.745406,60,96.963521
49.010191,60,97.039599
40.790219,60,97.11878
32.529509,60,97.190298
51.6077,60,97.263707
37.207549,60,97.348294
51.367886,60,97.423294
36.697237,60,97.501895
51.096981,60,97.566705
51.193961,60,97.634075
55.245333,60,97.700926
49.653767,60,97.768848
24.454422,60,97.846475
54.578617,60,97.914122
38.889,60,97.984063
56.429464,60,98.836341
52.462684,60,98.90788
41.519126,60,98.988881
51.196941,60,99.059875
53.346765,60,99.126848
39.243924,60,99.204808
51.57009,60,99.274283
55.319682,60,99.344673
52.674377,60,99.416996
47.208622,60,99.492871
54.922243,60,99.564826
50.375499,60,99.632753
51.205951,60,99.711237
38.802188,60,99.779594
24.260105,60,99.851512
44.086391,60,99.920916
38.606689,60,99.986881
55.096003,60,100.786412
35.967505,60,100.858179
33.312362,60,100.933129
44.834552,60,101.010654
54.957519,60,101.074344
38.432132,60,101.142627
51.670182,60,101.271418
54.43259,60,101.341471
45.121254,60,101.410939
49.903104,60,101.487838
49.380594,60,101.557313
43.21596,60,101.628241
31.698846,60,101.702369
42.749067,60,101.778836
55.529195,60,101.856791
53.645363,60,101.93136
38.20106,60,102.01008
56.031285,60,102.835044
53.866432,60,102.914481
52.328355,60,102.993978
47.32758,60,103.069031
54.388436,60,103.141492
51.074424,60,103.209315
34.808655,60,103.288797
54.135185,60,103.359609
45.665255,60,103.442176
48.786148,60,103.535844
47.623103,60,103.617064
38.739592,60,103.713294
41.714995,60,103.803495
54.86739,60,103.879586
37.254501,60,103.969665
44.325547,60,104.044532
45.176181,60,104.121156
37.76266,60,105.026635
30.879225,60,105.097245
52.948145,60,105.171163
41.019903,60,105.247687
48.935857,60,105.327268
52.488387,60,105.405362
27.995926,60,105.491082
54.393178,60,105.572989
54.413337,60,105.652181
56.959048,60,105.726585
52.94664,60,105.796431
51.680812,60,105.882077
46.445974,60,105.955839
46.183092,60,106.035409
47.41368,60,106.115593
48.356446,60,106.190535
51.994499,60,106.272172
43.691053,60,107.216211
51.704464,60,107.297405
45.51522,60,107.376691
37.089996,60,107.455058
28.140775,60,107.53012
48.192157,60,107.602645
45.619287,60,107.669596
54.104451,60,107.739123
55.943992,60,107.805489
36.650512,60,107.880325
51.56696,60,107.954328
52.220507,60,108.025252
56.285989,60,108.100781
44.774107,60,108.176332
33.173504,60,108.24778
52.754179,60,108.320316
47.652578,60,108.395258
55.23769,60,109.281801
48.402087,60,109.352198
54.389528,60,109.425496
54.910706,60,109.516468
54.165518,60,109.590978
43.486118,60,109.658895
56.052581,60,109.729292
47.354389,60,109.800205
50.109238,60,109.868592
35.068694,60,109.942034
53.045224,60,110.012612
50.562624,60,110.079895
56.040783,60,110.150571
52.027931,60,110.213906
48.162738,60,110.27433
35.50855,60,110.339299
54.192542,60,110.404228
55.142252,60,111.235705
54.267989,60,111.306088
29.929057,60,111.37247
38.63744,60,111.447054
56.598852,60,111.522675
35.908102,60,111.600796
49.608086,60,111.682407
54.137976,60,111.759543
40.607837,60,111.84009
30.480159,60,111.918775
55.843621,60,111.99003
52.485104,60,112.067004
50.532442,60,112.13294
43.081025,60,112.209941
45.265591,60,112.280357
54.738141,60,112.344157
50.844442,60,112.414912
40.006793,60,113.160458
56.067282,60,113.231027
48.729828,60,113.307586
33.340617,60,113.38148
48.671558,60,113.456425
55.070363,60,113.529442
53.012705,60,113.609379
56.529272,60,113.682665
50.507497,60,113.764478
55.646537,60,113.843779
52.780772,60,113.922807
42.413638,60,114.011889
56.955402,60,114.087411
54.148955,60,114.166785
25.421909,49,114.232107
52.679425,60,114.30907
52.025766,60,114.388587
15.315794,60,115.307668
56.445554,60,115.378149
55.855338,60,115.448138
50.097369,60,115.522442
38.691818,60,115.598346
55.325353,60,115.670764
50.547015,60,115.749315
50.334953,60,115.823295
41.365854,60,115.902886
54.772325,60,115.977849
57.088317,60,116.057242
50.114275,60,116.132041
52.44719,60,116.204365
42.757793,60,116.28723
52.425285,60,116.362955
55.476831,60,116.437687
55.323212,60,116.522178
54.50069,60,117.422481
20.94403,60,117.502094
54.057171,60,117.570549
57.157387,60,117.641521
29.31107,60,117.712076
36.758395,60,117.777096
54.988648,60,117.846818
53.361313,60,117.915315
46.096157,60,117.982106
44.642531,60,118.054369
54.349687,60,118.121212
55.910318,60,118.190551
50.387262,60,118.262369
56.522077,60,118.328799
55.095666,60,118.395195
31.25342,60,118.459116
51.218791,60,118.525563
57.710873,60,118.596588
54.056186,60,119.44209
56.333879,60,119.508993
38.417809,60,119.586582
55.698653,60,119.652517
44.252159,60,119.721563
53.114167,60,119.786084
49.162182,60,119.859568
55.189998,60,119.935532
55.883362,60,120.002556
50.298655,60,120.072631
56.872677,60,120.13959
54.610388,60,120.212101
49.198282,60,120.278102
54.418825,60,120.340935
53.631956,60,120.407499
56.047071,60,120.478756
48.692629,60,120.547374
56.273077,60,121.394041
50.536924,60,121.469493
49.08655,60,121.547139
56.251245,60,121.620675
57.821141,60,121.692022
56.202657,60,121.767806
47.192071,60,121.844621
55.644007,60,121.918677
55.447648,60,121.984243
55.481206,60,122.056682
52.547372,60,122.138822
54.208012,60,122.217339
53.404453,60,122.292663
56.43597,60,122.369674
54.606869,60,122.439629
52.286555,60,122.514095
53.724672,60,122.5826
53.266614,60,123.450056
53.876976,60,123.529147
54.079893,60,123.620375
55.55798,60,123.697507
55.744076,60,123.770514
41.124043,60,123.852954
55.260396,60,123.927916
56.910175,60,124.011922
29.258108,60,124.097251
55.107544,60,124.171239
50.931235,60,124.248901
55.131658,60,124.328006
48.743773,60,124.387886
45.348886,60,124.448509
57.29454,60,124.522553
56.467005,60,124.622907
54.639689,60,124.737714
54.680694,60,126.112375
38.406577,60,126.19167
33.571303,60,126.28564
51.192108,60,126.36363
56.540423,60,126.450051
52.222579,60,126.522374
57.241533,60,126.597847
51.799398,60,126.679397
54.508229,60,126.751858
47.151527,60,126.828474
36.840611,60,126.913109
38.274216,60,126.995738
55.11823,60,127.075139
54.59986,60,127.15346
55.842531,60,127.225552
55.979218,60,127.298058
47.845339,60,127.379551
51.949117,60,128.21465
52.907825,60,128.287784
51.118496,60,128.355651
54.825094,60,128.428795
56.644942,60,128.499305
54.827581,60,128.573298
50.465988,60,128.646181
12.765302,49,128.705046
56.289639,60,128.780484
40.96375,60,128.852628
45.894727,60,128.927394
46.002131,60,129.004995
51.859849,60,129.072907
55.707144,60,129.14649
54.371304,60,129.218899
51.061802,60,129.286865
57.236906,60,129.355698
53.958267,60,130.193051
54.71802,60,130.262546
42.552946,60,130.337554
52.373588,60,130.402892
54.85125,60,130.47291
56.960833,60,130.540857
56.118812,60,130.605196
55.819032,60,130.67694
55.728403,60,130.753941
56.089444,60,130.833848
55.832662,60,130.919397
56.401133,60,131.000583
56.011155,60,131.08727
56.615097,60,131.164824
55.770175,60,131.233858
55.921079,60,131.305371
55.91188,60,131.380868
54.529895,60,132.226152
55.149485,60,132.299943
57.251213,60,132.368504
56.495166,60,132.442605
33.419254,60,132.509569
47.482255,60,132.588014
58.420684,60,132.666015
55.248611,60,132.74488
57.023955,60,132.815239
56.392487,60,132.88358
55.528295,60,132.944981
52.514903,60,133.008459
55.771739,60,133.071873
45.671701,60,133.133728
23.589032,60,133.19982
57.164124,60,133.268705
51.842991,60,133.334713
57.250117,60,134.164093
24.964459,60,134.231067
46.138289,60,134.301559
56.827345,60,134.370482
34.345605,60,134.435942
55.201559,60,134.503758
56.014683,60,134.583289
52.750334,60,134.653334
55.777813,60,134.72379
57.112949,60,134.794144
57.385071,60,134.873456
54.483013,60,134.945665
56.450858,60,135.014446
55.940407,60,135.088897
46.473104,60,135.159514
42.432426,60,135.226972
10.078295,45,135.281892
57.05127,60,136.072707
44.569252,60,136.145208
54.48852,60,136.21168
56.158397,60,136.279243
53.753519,60,136.350264
54.732688,60,136.416673
56.780012,60,136.486351
56.705371,60,136.556614
55.060695,60,136.621344
35.675834,60,136.691034
43.320977,60,136.766962
26.544025,58,136.830456
55.925594,60,136.900527
51.716361,60,136.976069
54.953208,60,137.043477
49.495929,60,137.112835
53.535849,60,137.178752
54.318235,60,137.252552
57.038568,60,138.043016
44.936798,60,138.109479
54.731059,60,138.177403
53.571658,60,138.249752
53.641623,60,138.313673
54.174807,60,138.374118
56.418624,60,138.4396
58.012326,60,138.503957
55.895542,60,138.576435
50.31135,60,138.637234
44.632837,60,138.703162
47.292276,60,138.770225
56.178757,60,138.834076
41.543236,60,138.904865
54.330257,60,138.977858
56.906417,60,139.038945
55.428123,60,139.110852
51.857427,60,139.90286
56.704548,60,139.968184
56.097259,60,140.036777
57.210731,60,140.101093
56.174341,60,140.161036
56.218004,60,140.219522
56.911212,60,140.282907
56.188943,60,140.344744
43.875023,60,140.406374
53.706554,60,140.470136
56.399163,60,140.536554
56.017032,60,140.605085
53.973045,60,140.667532
52.215304,60,140.754591
48.310263,60,140.823502
55.799986,60,140.893598
46.790962,60,140.967175
50.04147,60,141.851441
56.315643,60,141.921274
54.40599,60,141.98766
55.41582,60,142.057073
50.174969,60,142.12289
56.234852,60,142.19639
54.738049,60,142.26133
57.321885,60,142.323102
56.020419,60,142.391022
56.027945,60,142.455068
57.147212,60,142.516748
34.679333,60,142.582083
56.006224,60,142.644526
55.831615,60,142.704891
55.327079,60,142.76564
50.982321,60,142.824882
54.792057,60,142.887607
43.381758,60,143.650876
47.008718,60,143.713623
47.02526,60,143.776004
53.984714,60,143.842973
56.534681,60,143.903306
56.518097,60,143.968688
51.64138,60,144.036145
52.095359,60,144.102446
57.63325,60,144.167374
55.899547,60,144.238833
55.445682,60,144.306309
55.142395,60,144.377221
37.889108,60,144.448705
41.277001,60,144.517694
56.688622,60,144.585667
46.69446,60,144.654218
56.385992,60,144.732291
45.261687,60,145.543488
56.718297,60,145.612807
56.912381,60,145.681377
44.331289,60,145.750728
56.368036,60,145.818133
54.733758,60,145.889545
56.108077,60,145.963913
55.648695,60,146.045938
56.098694,60,146.120384
56.70975,60,146.20037
55.335579,60,146.271242
56.461635,60,146.351146
55.153359,60,146.427063
56.148715,60,146.499409
56.815772,60,146.576873
56.895254,60,146.651289
54.455157,60,146.722577
57.65341,60,147.605758
55.805494,60,147.671712
55.633334,60,147.738082
55.731619,60,147.809877
47.599229,60,147.885909
41.829607,60,147.958221
55.795602,60,148.028742
48.315268,60,148.106301
55.94236,60,148.173141
53.959597,60,148.242516
58.114464,60,148.311922
54.68885,60,148.384764
51.934258,60,148.456196
52.671283,60,148.521537
52.867253,60,148.596612
26.070831,60,148.670773
56.052895,60,148.750278
42.119806,60,149.678957
55.492415,60,149.754985
56.948626,60,149.838576
57.898464,60,149.915403
57.03123,60,149.994801
50.960513,60,150.065018
56.906355,60,150.134758
54.635157,60,150.202095
54.691855,60,150.268828
49.23571,60,150.336104
48.639197,60,150.407418
26.809983,47,150.462832
37.344827,60,150.535747
55.717289,60,150.603166
57.326314,60,150.678085
52.826376,60,150.74707
55.116511,60,150.819136
55.888946,60,151.784036
52.450108,60,151.851761
57.463859,60,151.93187
47.997669,60,152.012792
55.516068,60,152.088264
57.147009,60,152.1716
46.235414,60,152.247426
52.50799,60,152.32285
56.843548,60,152.396344
56.919857,60,152.474384
57.41094,60,152.552751
52.635683,60,152.628412
51.165769,60,152.702871
55.749167,60,152.777765
53.891171,60,152.846181
47.721996,60,152.91452
55.839039,60,152.987359
53.068552,60,153.884462
57.609433,60,153.953458
50.231563,60,154.030404
57.047348,60,154.107444
56.876839,60,154.180547
56.112402,60,154.252501
56.621609,60,154.319963
54.265294,60,154.389709
57.37558,60,154.460712
52.293657,60,154.52849
41.999735,60,154.606355
35.902423,60,154.678284
36.256148,60,154.778975
50.575441,60,154.858953
56.647602,60,154.935392
56.673337,60,155.011296
56.62727,60,155.084612
56.569091,60,155.915509
39.90118,60,155.985555
42.383501,60,156.052957
56.163007,60,156.124468
30.146001,59,156.19029
57.086312,60,156.264686
57.669074,60,156.339666
55.670862,60,156.411819
57.330483,60,156.487679
56.952318,60,156.560707
57.183441,60,156.640683
57.175475,60,156.72667
56.463641,60,156.818211
56.448571,60,156.954652
22.802026,46,157.01456
21.776157,60,157.084354
9.279012,53,157.146356
56.18869,60,157.215699
54.260094,60,158.041163
54.569809,60,158.108962
49.886286,60,158.190328
56.01571,60,158.262917
56.807097,60,158.350814
57.349818,60,158.440471
55.993536,60,158.543624
55.419555,60,158.623276
57.015998,60,158.692591
48.399981,60,158.768392
56.664995,60,158.839648
40.969576,60,158.913043
54.184867,60,158.989615
57.748791,60,159.060564
25.941059,60,159.127396
57.223791,60,159.200873
52.010149,60,159.266238
29.385063,53,160.08
57.593123,60,160.151584
52.350454,60,160.219412
51.2605,60,160.28423
56.857279,60,160.350111
55.408093,60,160.411641
55.78463,60,160.474611
57.281616,60,160.539061
55.662572,60,160.597291
56.532176,60,160.661665
41.190336,60,160.730177
55.395512,60,160.797064
43.370522,60,160.861991
47.679917,60,160.929849
54.464595,60,160.993442
55.944614,60,161.063018
20.661359,59,161.127789
54.975575,60,161.951452
58.007887,60,162.023417
57.342162,60,162.090921
43.869438,60,162.156497
42.548693,60,162.229306
35.748,60,162.298601
55.546123,60,162.366838
56.620426,60,162.430294
57.102874,60,162.49853
55.343612,60,162.57282
56.738428,60,162.637737
26.100235,47,162.690087
36.242084,60,162.754502
57.535711,60,162.818114
57.49868,60,162.888076
52.980546,60,162.95047
57.094754,60,163.010234
49.542445,60,163.772301
57.306442,60,163.840195
50.62,60,163.905509
56.231381,60,163.973241
50.21992,60,164.048217
54.828028,60,164.11256
55.463232,60,164.180499
55.797337,60,164.252135
47.360454,60,164.314604
55.3917,60,164.385
56.151035,60,164.453532
56.392636,60,164.521413
44.283376,60,164.591281
23.359124,60,164.657583
57.562227,60,164.734899
50.554979,60,164.803119
56.041904,60,164.868875
46.66924,60,165.664635
56.578922,60,165.736557
45.012822,60,165.802341
50.001491,60,165.865576
54.951341,60,165.931136
51.51676,60,166.002319
52.196232,60,166.079607
55.596648,60,166.140949
57.538466,60,166.206857
49.97772,60,166.279798
56.68462,60,166.341122
57.313648,60,166.400969
56.456371,60,166.467362
56.596035,60,166.528751
56.874383,60,166.591624
49.640363,60,166.660553
57.154787,60,166.722842
56.910499,60,166.788267
56.925222,60,167.57312
36.587403,60,167.635996
54.380325,60,167.697271
52.482983,60,167.76013
33.242732,60,167.825497
57.654297,60,167.88894
55.171242,60,167.953407
55.15326,60,168.015787
54.748131,60,168.081206
45.917705,60,168.151556
46.816051,60,168.214723
57.911004,60,168.280356
48.016468,60,168.346572
56.096399,60,168.409843
55.105844,60,168.476914
56.711539,60,168.541687
56.361423,60,168.608588
40.192635,60,169.37791
32.682199,59,169.446365
55.061286,60,169.513368
57.447258,60,169.583996
54.421837,60,169.646924
56.071234,60,169.717825
54.55597,60,169.786251
56.228782,60,169.851954
57.719905,60,169.91789
52.239727,60,169.982194
49.269042,60,170.04708
56.984338,60,170.107416
55.692371,60,170.170326
55.781605,60,170.23426
55.390791,60,170.303265
55.768053,60,170.37668
56.795642,60,170.439038
46.08546,60,171.228786
56.64686,60,171.299786
15.171146,60,171.364298
40.748841,60,171.438906
55.111431,60,171.506668
56.495326,60,171.570519
56.338283,60,171.639447
56.548408,60,171.705945
57.844743,60,171.770239
54.880951,60,171.841562
46.771748,60,171.907454
57.40606,60,171.97886
56.955052,60,172.045535
38.325753,60,172.114349
56.70248,60,172.184312
54.617119,60,172.253409
57.166022,60,172.325342
51.017723,60,173.192946
30.813633,60,173.261392
56.529898,60,173.331861
55.890949,60,173.405884
55.969485,60,173.480759
55.415783,60,173.55595
49.889026,60,173.628295
55.203828,60,173.700263
54.209621,60,173.779912
53.345058,60,173.856191
55.514102,60,173.932584
55.65128,60,174.015962
43.922096,60,174.092929
50.882724,60,174.171669
56.936896,60,174.247154
51.104136,60,174.326112
55.459762,60,174.399553
54.508831,60,175.327854
57.667677,60,175.412951
52.12953,60,175.484414
54.517717,60,175.567271
52.051686,60,175.645746
52.135366,60,175.721703
56.51568,60,175.797187
20.705664,60,175.873047
56.881057,60,175.958804
57.143487,60,176.038001
56.152444,60,176.119889
56.621491,60,176.197765
56.910933,60,176.271294
26.906878,60,176.351016
57.788115,60,176.432009
55.268444,60,176.505507
52.457334,60,176.582966
55.800387,60,177.494302
49.193899,60,177.562295
56.782372,60,177.634252
55.034881,60,177.70419
56.350107,60,177.772631
56.369605,60,177.846683
56.320766,60,177.930726
57.1989,60,178.011758
45.041972,60,178.087273
55.729662,60,178.167152
56.746309,60,178.24048
51.981558,60,178.313061
55.118072,60,178.382945
53.97951,60,178.457968
43.825721,60,178.530879
54.952081,60,178.603792
57.782247,60,178.722172
54.864708,60,179.667202
57.866674,60,179.749861
55.830757,60,179.842458
30.826372,60,179.920372
56.65883,60,180.00213
34.186935,60,180.086156
55.629027,60,180.163767
56.446394,60,180.25088
56.692343,60,180.329065
57.364936,60,180.402072
45.282726,60,180.473001
57.186178,60,180.551064
57.251424,60,180.633038
54.982865,60,180.717507
57.712948,60,180.803004
56.89,60,180.892438
56.6066,60,180.974277
55.632716,60,181.933302
54.320466,60,182.0113
56.559466,60,182.090749
53.746101,60,182.179756
55.800161,60,182.257562
55.674081,60,182.341569
55.987953,60,182.417343
57.132115,60,182.509444
51.767006,60,182.58038
58.440516,60,182.660874
56.876689,60,182.745118
56.858214,60,182.82194
55.288907,60,182.90695
56.040292,60,182.97893
55.995867,60,183.050353
12.035518,40,183.098724
56.540379,60,183.172506
56.643272,60,184.063005
20.472818,60,184.142332
57.09783,60,184.220291
56.300392,60,184.289734
55.97067,60,184.362719
57.331864,60,184.44172
56.479224,60,184.520339
55.152605,60,184.602813
56.675897,60,184.68388
55.759128,60,184.768975
56.528258,60,184.856738
56.318138,60,184.939692
21.667599,50,185.00715
56.820164,60,185.079116
36.146027,60,185.166266
54.25357,60,185.252523
57.186858,60,185.326616
23.405311,44,185.382354
43.354062,60,186.302642
28.111768,60,186.379188
54.23968,60,186.458251
50.072184,60,186.546329
57.192883,60,186.626204
51.158662,60,186.701718
56.392091,60,186.787507
57.444869,60,186.862115
56.622212,60,186.936606
56.083012,60,187.012044
57.352902,60,187.083032
53.853475,60,187.162475
57.988213,60,187.241761
58.345518,60,187.317838
56.705946,60,187.397045
56.541265,60,187.476044
55.136062,60,187.560682
57.385116,60,188.452873
52.696142,60,188.537924
55.210783,60,188.61184
3.752453,27,188.643972
35.967032,60,188.718357
56.684569,60,188.801342
57.160487,60,188.887437
53.02523,60,188.95943
52.598311,60,189.043035
46.24177,60,189.124018
57.80917,60,189.203815
56.841186,60,189.290247
57.380621,60,189.37201
45.82264,60,189.443718
22.966719,60,189.532579
57.393746,60,189.622559
56.855501,60,189.712582
56.765815,60,189.812658
56.891043,60,190.760181
54.6509,60,190.827112
49.642367,60,190.900105
41.187028,60,190.973737
57.34966,60,191.047756
56.011735,60,191.127316
40.377838,60,191.202224
28.53407,58,191.283672
56.590545,60,191.363623
56.445113,60,191.452089
56.27629,60,191.525117
53.274116,60,191.593006
43.843056,60,191.675357
56.87365,60,191.749204
55.908429,60,191.822557
57.52727,60,191.902946
54.064123,60,191.976691
57.638239,60,192.929782
52.624972,60,193.008369
56.309059,60,193.082623
47.152978,60,193.159044
54.489757,60,193.232001
52.273758,60,193.300996
57.083883,60,193.375987
57.614124,60,193.463674
56.884305,60,193.549508
52.496518,60,193.627077
57.168183,60,193.707158
55.394878,60,193.793626
32.944888,60,193.872733
55.331469,60,193.941821
56.89279,60,194.018873
51.319673,60,194.092837
51.920191,60,194.175077
53.856366,60,195.131847
57.0451,60,195.212235
32.81931,60,195.307114
49.286933,60,195.391895
56.356389,60,195.466985
57.147026,60,195.549947
55.942845,60,195.630935
57.226823,60,195.7129
56.890626,60,195.796832
57.180644,60,195.874311
57.154331,60,195.948184
51.779576,60,196.024657
56.923676,60,196.109165
56.984617,60,196.190693
57.200811,60,196.277232
51.26012,60,196.36276
56.778508,60,196.443725
57.086958,60,197.459787
53.493593,60,197.532752
56.177873,60,197.621869
56.280626,60,197.708302
55.0594,60,197.791818
37.969697,60,197.886903
56.42385,60,197.967313
57.076252,60,198.054001
56.43754,60,198.137012
57.586528,60,198.216498
31.111471,56,198.296456
56.306588,60,198.376381
56.453827,60,198.454876
57.603912,60,198.5279
57.058546,60,198.599838
56.547041,60,198.67086
57.020601,60,198.754447
38.835256,60,199.708705
56.374926,60,199.798258
57.071354,60,199.898867
57.054054,60,199.979448
57.529326,60,200.063977
56.317437,60,200.151575
46.030882,60,200.238735
56.42318,60,200.335389
42.849496,60,200.417252
56.324962,60,200.500158
56.926795,60,200.593605
58.061843,60,200.674001
56.39874,60,200.765972
56.098661,60,200.852473
43.490322,60,200.948733
57.227229,60,201.030447
56.79517,60,201.110688
56.298817,60,202.024139
56.320423,60,202.09938
56.443279,60,202.175275
56.800282,60,202.252565
56.985768,60,202.342443
57.632757,60,202.422586
55.016774,60,202.511045
56.921608,60,202.594999
56.555081,60,202.672607
52.706257,60,202.754209
57.088488,60,202.8419
56.837996,60,202.921482
57.12571,60,203.005349
54.804926,60,203.08657
56.788663,60,203.174968
55.66385,60,203.26409
55.613076,60,203.343434
50.428963,60,204.355169
57.289207,60,204.435563
57.305207,60,204.518945
56.081836,60,204.603716
57.856009,60,204.700827
57.434889,60,204.787758
57.219856,60,204.865532
54.861655,60,204.95868
46.50449,60,205.041159
56.21749,60,205.132115
57.544292,60,205.223675
57.596079,60,205.31041
56.747684,60,205.404603
57.145736,60,205.491122
55.557862,60,205.58275
57.299548,60,205.678333
56.596837,60,205.772308
46.748942,60,206.789983
57.516925,60,206.868067
32.827447,60,206.956979
52.587564,60,207.041094
57.360101,60,207.124432
49.128801,60,207.213379
58.128791,60,207.30704
50.704023,60,207.391
50.128234,60,207.471334
56.136209,60,207.564416
56.325809,60,207.649409
51.397611,60,207.733323
56.593195,60,207.825098
45.728661,60,207.915094
55.258859,60,207.997804
54.505592,60,208.08419
56.08935,60,208.16978
30.139666,60,209.192362
56.254456,60,209.278955
57.030072,60,209.361508
56.501902,60,209.438985
57.328709,60,209.516524
56.186821,60,209.593528
43.065779,60,209.67596
56.645347,60,209.771618
56.911137,60,209.856036
58.214857,60,209.949554
55.961976,60,210.038057
56.181307,60,210.124985
56.241639,60,210.206533
41.550283,60,210.301419
56.594531,60,210.38565
52.401663,60,210.470884
55.792595,60,210.563189
56.856603,60,211.779071
55.288249,60,211.877157
56.705858,60,211.968212
57.573691,60,212.068674
56.662172,60,212.162193
55.204077,60,212.254775
27.79929,60,212.338654
57.347019,60,212.43563
56.931196,60,212.515026
55.682899,60,212.593362
55.938124,60,212.667864
52.299027,60,212.758776
51.993864,60,212.838753
48.29956,60,212.921723
36.667671,60,213.002268
47.594239,60,213.094814
56.945287,60,213.1758
57.501311,60,214.131084
56.501889,60,214.210076
56.852623,60,214.28243
57.199581,60,214.365284
56.657655,60,214.443351
57.184971,60,214.520752
57.254706,60,214.608288
55.389842,60,214.690669
57.540608,60,214.779084
57.551955,60,214.859569
56.468344,60,214.946668
56.079977,60,215.038348
45.103691,60,215.117879
57.051846,60,215.195822
56.630456,60,215.278357
52.675913,60,215.356435
55.226808,60,215.437414
57.237389,60,216.42944
57.456555,60,216.512026
56.786069,60,216.593616
51.940511,60,216.671134
56.964654,60,216.753254
56.097581,60,216.833348
57.107691,60,216.905253
57.038555,60,216.988378
56.359756,60,217.068976
56.342417,60,217.147411
57.595709,60,217.228232
55.946699,60,217.305587
57.950039,60,217.384166
57.426073,60,217.470223
53.087998,60,217.547866
56.768109,60,217.61986
58.279589,60,217.69244
56.8782,60,218.689462
55.271591,60,218.789243
58.148309,60,218.884883
58.099419,60,218.971943
57.015357,60,219.060967
57.309048,60,219.144992
57.970442,60,219.222989
56.753189,60,219.307549
57.441983,60,219.383431
58.057605,60,219.465797
56.919538,60,219.557091
55.417991,60,219.633538
58.135564,60,219.712269
56.769449,60,219.792219
57.818256,60,219.875299
55.663623,60,219.960452
55.676757,60,220.045529
57.746484,60,220.133178
35.198525,60,221.000492
56.932561,60,221.083945
58.630086,60,221.160437
57.803986,60,221.237409
56.877689,60,221.312337
56.600666,60,221.384873
56.871074,60,221.459825
50.321439,60,221.533231
57.480242,60,221.60522
57.574246,60,221.681733
57.373887,60,221.753434
53.704157,60,221.823368
56.916254,60,221.898354
51.800592,60,221.975431
18.106659,60,222.053281
56.514304,60,222.130228
57.10112,60,222.200033
58.067253,60,223.082341
57.189513,60,223.154173
56.764489,60,223.221082
57.966392,60,223.290382
47.428601,60,223.362777
34.984646,60,223.444724
54.548696,60,223.520024
56.440344,60,223.595668
57.366825,60,223.678155
57.090455,60,223.752059
57.028799,60,223.823045
19.53484,60,223.896556
57.85,60,223.977872
55.346968,60,224.058401
58.006468,60,224.143481
57.073853,60,224.221981
57.293721,60,224.295691
57.140579,60,225.229229
57.449606,60,225.30184
55.919955,60,225.388406
56.05353,60,225.464838
57.650253,60,225.543769
57.089385,60,225.626786
51.502526,60,225.696692
56.56348,60,225.770026
57.350362,60,225.842974
57.022316,60,225.927788
58.349985,60,226.00173
53.944178,60,226.071578
46.264779,60,226.1485
56.611523,60,226.222012
56.593071,60,226.298954
55.051173,60,226.36731
57.321205,60,226.437412
57.223748,60,227.407388
51.652185,60,227.482257
57.780843,60,227.554529
56.658848,60,227.645931
57.17434,60,227.724636
57.211265,60,227.805726
56.487058,60,227.882153
56.352367,60,227.968199
58.080154,60,228.054742
57.201203,60,228.136297
47.164652,60,228.217772
54.092281,60,228.293719
55.9505,60,228.364778
57.713594,60,228.443263
57.364662,60,228.519561
54.879862,60,228.606475
54.956317,60,228.685838
58.109706,60,229.616447
57.084312,60,229.691876
54.918129,60,229.769192
57.341135,60,229.843615
56.044304,60,229.924694
56.546181,60,229.998864
56.322305,60,230.077403
57.060342,60,230.159597
14.053848,60,230.232025
57.638368,60,230.309509
57.938694,60,230.381062
57.326568,60,230.454978
49.767924,60,230.538543
57.288238,60,230.620373
37.663594,60,230.691747
56.997733,60,230.767167
20.880081,60,230.842199
31.999588,60,231.720742
56.706263,60,231.804268
54.917089,60,231.879927
57.527856,60,231.95146
57.271783,60,232.028438
57.132236,60,232.102049
57.923414,60,232.175358
57.409843,60,232.255729
56.025361,60,232.333186
56.725266,60,232.410175
57.155987,60,232.492733
52.524217,60,232.574138
55.744369,60,232.653152
58.154971,60,232.734138
56.356104,60,232.82524
57.262237,60,232.901557
55.331565,60,232.980352
56.906367,60,233.945912
57.011302,60,234.023846
55.774214,60,234.097849
57.595461,60,234.181653
57.256894,60,234.258381
57.152232,60,234.345462
58.664667,60,234.421961
58.477779,60,234.494755
57.377674,60,234.586439
9.964035,32,234.629214
57.35684,60,234.710261
57.336041,60,234.79212
21.971416,60,234.870916
42.530775,60,234.957135
58.574061,60,235.041624
57.731143,60,235.121211
54.002446,60,235.191447
49.135105,60,236.054193
54.499439,60,236.134243
57.656069,60,236.217529
57.643584,60,236.298023
53.364145,60,236.388617
57.430236,60,236.462049
41.964581,60,236.540527
44.163037,60,236.620156
57.17392,60,236.701141
57.112379,60,236.777641
56.064956,60,236.858695
57.409756,60,236.950724
58.053611,60,237.093776
55.859253,60,237.19356
58.579605,60,237.280644
56.607041,60,237.360737
57.756587,60,237.433296
56.864425,60,237.529652
57.14098,60,238.496125
54.896457,60,238.579198
57.893746,60,238.654059
44.527514,60,238.721842
58.138647,60,238.791693
45.878864,60,238.862611
57.145423,60,238.932796
57.330335,60,239.004266
57.247654,60,239.080792
57.029723,60,239.153778
53.016093,60,239.228754
57.201185,60,239.306107
57.229082,60,239.382974
51.553036,60,239.444985
57.478522,60,239.503383
57.601694,60,239.56489
57.146345,60,239.620756
41.675582,60,240.400031
57.995529,60,240.476609
49.583185,60,240.548013
58.066856,60,240.628966
55.964813,60,240.703742
53.55322,60,240.774998
56.907,60,240.845813
48.688929,60,240.921231
57.16714,60,240.997149
58.036356,60,241.070086
57.026056,60,241.144521
57.871649,60,241.215494
55.026421,60,241.28893
56.519292,60,241.359736
54.086473,60,241.426664
56.382139,60,241.500335
57.7579,60,241.576799
39.486707,60,242.368685
56.916272,60,242.444025
57.329138,60,242.516257
58.103998,60,242.590073
55.971133,60,242.682619
58.367841,60,242.768761
45.883059,60,242.850325
56.500498,60,242.933434
57.03443,60,243.03312
53.619766,60,243.108087
57.55485,60,243.206462
42.244922,60,243.291142
57.253505,60,243.371735
57.667487,60,243.458279
57.961367,60,243.545119
56.621579,60,243.637001
29.837406,60,243.726421
56.780363,60,244.679743
57.007685,60,244.751152
52.370979,60,244.832657
46.379761,60,244.904614
57.749676,60,244.973514
57.857305,60,245.052572
16.177195,56,245.117531
57.745793,60,245.184883
57.422254,60,245.247582
58.236819,60,245.318942
57.941803,60,245.38469
56.333381,60,245.458797
20.88163,60,245.539436
46.189911,60,245.618412
57.3582,60,245.70295
57.713348,60,245.78191
56.222389,60,245.86551
55.933414,60,246.772872
58.479647,60,246.849809
56.460943,60,246.926243
57.546269,60,246.998736
56.15829,60,247.071762
55.79031,60,247.145708
57.131836,60,247.215609
56.787125,60,247.290196
56.870776,60,247.360114
53.35356,60,247.440053
58.094255,60,247.506967
56.563372,60,247.603448
57.319376,60,247.682781
36.81998,60,247.759608
57.378568,60,247.824026
57.739349,60,247.88646
57.527782,60,247.961814
55.409763,60,248.860377
58.259611,60,248.927384
57.302683,60,248.993239
35.314838,60,249.065233
23.797467,60,249.138141
56.843744,60,249.211179
56.792054,60,249.287191
57.795632,60,249.355064
57.475765,60,249.428976
57.845211,60,249.495901
57.167808,60,249.571302
56.768825,60,249.641702
56.972693,60,249.714739
55.458884,60,249.784979
55.036755,60,249.856103
58.343663,60,249.92724
56.454207,60,250.00825
57.760687,60,250.872495
43.885489,60,250.951165
57.36361,60,251.023705
57.008889,60,251.096807
56.298351,60,251.172364
52.465282,60,251.240859
56.70018,60,251.30985
58.477814,60,251.380422
57.070521,60,251.445533
22.844983,60,251.519959
55.120762,60,251.595923
56.699841,60,251.673981
56.577594,60,251.744936
54.88625,60,251.815206
57.44713,60,251.88872
57.283805,60,251.951674
56.649566,60,252.028387
56.571559,60,252.91149
57.53358,60,252.987584
39.932201,60,253.067228
44.486375,60,253.132488
50.826064,60,253.212269
58.23107,60,253.278135
56.917116,60,253.354685
55.566453,60,253.426702
58.612663,60,253.489082
57.255928,60,253.548
54.104579,60,253.628065
28.857319,60,253.725465
52.598944,60,253.792274
44.504141,60,253.871351
51.711456,60,253.953716
57.71151,60,254.035835
55.787962,60,254.116307
55.970818,60,255.104183
56.928596,60,255.191696
57.652667,60,255.270767
57.500366,60,255.35123
31.661749,60,255.438596
54.968102,60,255.523898
55.980616,60,255.611336
56.70345,60,255.696157
56.80811,60,255.788151
58.427699,60,255.872245
57.144041,60,255.957784
57.328982,60,256.049251
56.804501,60,256.129714
55.934746,60,256.209632
57.591919,60,256.295669
35.648104,60,256.377172
55.169803,60,256.449398
55.220635,60,257.4229
27.542232,60,257.502776
56.815225,60,257.588665
51.255561,60,257.662496
57.702989,60,257.742874
57.158592,60,257.830269
52.823348,60,257.908136
56.800932,60,258.005583
56.887017,60,258.093117
48.114505,60,258.180132
57.195148,60,258.264127
55.632095,60,258.343645
57.583379,60,258.432212
57.133119,60,258.508628
57.985576,60,258.598074
56.367918,60,258.681236
51.981595,60,258.762366
57.647534,60,259.765005
57.415613,60,259.851044
56.716592,60,259.94664
56.984637,60,260.030596
57.730103,60,260.115598
57.352978,60,260.209243
57.223625,60,260.298726
56.405488,60,260.387395
55.062025,60,260.471955
57.540661,60,260.558947
56.845298,60,260.653471
56.079988,60,260.735027
54.919141,60,260.815589
56.82121,60,260.901243
57.152184,60,260.988471
47.712954,60,261.078415
54.036766,60,261.160298
57.866341,60,262.154952
54.619747,60,262.235982
57.52163,60,262.322549
57.456408,60,262.405285
56.93606,60,262.493663
58.056083,60,262.581068
56.856505,60,262.662095
20.458154,60,262.755852
56.849375,60,262.838908
56.765441,60,262.916814
56.55412,60,263.003443
57.264612,60,263.084422
42.01187,60,263.16698
57.724262,60,263.247444
57.193357,60,263.32582
57.575087,60,263.408718
56.408774,60,263.48559
56.732909,60,264.458785
57.713835,60,264.546933
56.87515,60,264.630937
52.504035,60,264.70889
56.970099,60,264.782959
57.49537,60,264.868972
54.527526,60,264.949983
55.216751,60,265.027429
52.388014,60,265.112984
57.715421,60,265.187871
47.933536,60,265.273396
55.257954,60,265.360399
54.761605,60,265.437329
56.793189,60,265.512658
53.242447,60,265.598111
50.071421,60,265.669467
57.181737,60,265.750384
58.071574,60,266.680557
57.303468,60,266.752844
57.440843,60,266.829262
51.276231,60,266.920766
53.364124,60,266.998358
57.840714,60,267.086424
55.950941,60,267.170465
45.74868,60,267.247971
51.762784,60,267.323895
57.544712,60,267.400844
58.080373,60,267.483319
55.562832,60,267.569342
57.030497,60,267.661439
54.274687,60,267.743887
57.69223,60,267.827335
56.600039,60,267.91776
50.516,60,268.004428
54.151326,60,268.084338
56.2119,60,269.073831
57.205889,60,269.149337
55.502755,60,269.225857
57.692681,60,269.302296
44.20307,60,269.379305
58.120633,60,269.454386
58.172888,60,269.5343
57.752069,60,269.614648
56.78496,60,269.692991
56.42038,60,269.779366
56.287244,60,269.859806
56.47385,60,269.940317
57.572287,60,270.016863
57.531304,60,270.102264
57.591507,60,270.182734
23.727424,46,270.245631
57.9686,60,270.33127
23.184379,60,271.365355
56.357581,60,271.442329
51.857421,60,271.525214
39.227657,60,271.612071
54.874356,60,271.691149
58.508464,60,271.770065
56.15894,60,271.852062
57.404342,60,271.930118
52.988018,60,272.007066
33.58465,60,272.078134
56.785282,60,272.153476
57.108852,60,272.224957
26.492492,60,272.294936
57.236835,60,272.366412
57.199443,60,272.446793
55.924755,60,272.528715
57.42876,60,272.621209
54.368099,60,273.618361
56.981891,60,273.706409
39.467408,60,273.785824
57.497592,60,273.859191
58.056214,60,273.942097
56.068661,60,274.020503
58.095727,60,274.099419
36.665198,60,274.173844
54.208077,60,274.255399
57.511368,60,274.329353
40.538837,60,274.405414
55.893814,60,274.487317
55.126297,60,274.563488
47.387948,60,274.642007
54.252226,60,274.716384
54.280968,60,274.788564
46.919972,60,274.865309
56.412976,60,275.870582
42.531443,60,275.96726
57.207318,60,276.044593
29.110269,60,276.127999
57.571242,60,276.206415
55.199329,60,276.284412
54.344355,60,276.362259
50.094961,60,276.443667
43.585157,60,276.523218
57.367724,60,276.614242
58.260248,60,276.685778
58.70712,60,276.770329
52.657812,60,276.856934
56.885592,60,276.937305
58.002433,60,277.009037
56.792249,60,277.086926
50.147753,60,277.182006
55.53896,60,278.142455
48.426064,60,278.224519
56.066052,60,278.302577
56.522151,60,278.377548
57.079495,60,278.460552
56.982692,60,278.537448
57.014661,60,278.623047
54.73631,60,278.702616
58.097522,60,278.773457
56.466672,60,278.853906
57.866486,60,278.952588
53.022133,60,279.038369
57.092942,60,279.119979
56.557952,60,279.197298
56.986662,60,279.278129
57.257538,60,279.361226
57.163995,60,279.444246
55.61661,60,280.430423
58.093122,60,280.510791
57.633311,60,280.594289
57.369,60,280.670773
58.316851,60,280.740093
57.678221,60,280.823005
57.609229,60,280.909908
57.432444,60,280.99945
57.424527,60,281.071819
57.137848,60,281.147205
56.786455,60,281.229142
57.365907,60,281.303099
57.96878,60,281.379576
58.157768,60,281.461099
58.086721,60,281.539529
56.402401,60,281.621955
57.282343,60,281.710537
57.296536,60,282.667393
57.513569,60,282.749438
57.028156,60,282.836487
54.745255,60,282.922963
56.816044,60,283.011047
37.232704,60,283.092072
56.722248,60,283.168966
58.293172,60,283.246982
56.399593,60,283.328997
56.661562,60,283.404841
56.751464,60,283.489937
45.155427,60,283.58682
57.010985,60,283.670967
29.52412,60,283.761079
54.173123,60,283.84188
57.560653,60,283.922894
57.31623,60,284.008003
58.132352,60,285.139064
45.948476,60,285.218067
56.524173,60,285.326205
57.314587,60,285.41459
57.345406,60,285.49662
56.459798,60,285.589645
54.336213,60,285.676663
57.822256,60,285.761037
57.552136,60,285.840883
57.202611,60,285.938451
56.509754,60,286.026004
57.528829,60,286.112139
53.517411,60,286.199456
56.061549,60,286.287018
57.837693,60,286.382711
56.910926,60,286.471823
56.556819,60,286.559376
11.840924,60,287.663535
57.760939,60,287.740066
57.631454,60,287.813507
51.583764,60,287.887415
51.020402,60,287.958706
57.802211,60,288.037669
57.892909,60,288.110152
41.485233,60,288.186609
45.183499,60,288.26871
55.122309,60,288.344597
56.586019,60,288.418555
57.508304,60,288.494958
57.715304,60,288.57947
57.795764,60,288.655848
53.127106,60,288.732116
56.831305,60,288.826179
57.544912,60,288.914618
56.718443,60,289.918489
43.25237,60,290.006484
56.109593,60,290.092623
56.705535,60,290.180048
56.8,60,290.260435
57.353913,60,290.345247
51.339767,60,290.425694
56.502108,60,290.51079
27.006814,52,290.588696
57.27854,60,290.675384
56.592847,60,290.756985
57.976918,60,290.860492
57.580297,60,290.947961
56.937953,60,291.042074
56.692122,60,291.132019
58.699664,60,291.218586
54.819389,60,291.304128
56.812165,60,291.38953
46.967054,60,292.440638
57.372731,60,292.542471
57.065871,60,292.642584
57.795406,60,292.71952
56.684597,60,292.810102
57.339373,60,292.904808
56.668252,60,292.996379
40.199155,60,293.073941
57.013316,60,293.14165
44.521247,60,293.213127
57.491197,60,293.290444
56.304697,60,293.374549
56.007089,60,293.445046
34.033625,60,293.528108
57.285325,60,293.602728
57.162907,60,293.674657
56.087077,60,293.750544
46.766729,60,294.73302
29.666587,60,294.830094
57.076828,60,294.909682
34.308817,60,294.984995
55.220415,60,295.066522
57.411156,60,295.149528
57.059395,60,295.228179
57.31067,60,295.308718
35.626535,60,295.396276
52.732674,60,295.483862
56.263944,60,295.563321
57.41628,60,295.647895
52.577404,60,295.722522
55.384927,60,295.798967
56.518977,60,295.878001
54.023006,60,295.967992
56.309681,60,296.047509
56.796027,60,297.006587
57.578503,60,297.079387
58.145058,60,297.154826
57.309389,60,297.230135
58.246585,60,297.306566
58.113819,60,297.387987
57.959521,60,297.464661
55.916998,60,297.544621
54.58835,60,297.630335
57.497575,60,297.713111
57.094901,60,297.799544
57.111894,60,297.881672
54.991235,60,297.984932
56.682638,60,298.072912
57.835446,60,298.147354
57.298093,60,298.226856
53.504087,60,298.299872
57.87828,60,299.195341
56.774066,60,299.275252
58.092396,60,299.349119
57.869001,60,299.437627
58.55,60,299.537599
57.186346,60,299.614418
57.402352,60,299.697705
57.016834,60,299.770654
58.08956,60,299.84345
54.561937,60,299.921949
55.100968,60,300.000283
58.320759,60,300.071679
56.345995,60,300.152955
42.029047,60,300.238919
57.41157,60,300.320698
56.786832,60,300.397194
55.177626,60,300.480645
57.125883,60,301.310071
55.460413,60,301.373218
55.336976,60,301.438337
57.216458,60,301.50753
56.196918,60,301.578069
57.727179,60,301.649022
57.632039,60,301.727508
57.489697,60,301.795662
43.744042,60,301.867124
57.409537,60,301.944118
55.7061,60,302.023977
57.439287,60,302.093886
57.904291,60,302.173826
57.888366,60,302.243779
32.208986,60,302.310249
36.880442,60,302.383611
58.303736,60,302.464553
56.657315,60,303.357398
58.25,60,303.427893
57.112123,60,303.507642
35.287979,60,303.586156
56.941339,60,303.665209
58.60788,60,303.739656
57.54182,60,303.817534
54.468737,60,303.894981
58.008061,60,303.975433
57.980372,60,304.064156
54.35073,60,304.140579
57.105562,60,304.222491
46.453686,60,304.31142
56.690193,60,304.386907
53.323449,60,304.470009
57.066683,60,304.555618
57.343597,60,304.644195
54.566452,60,305.595852
57.518028,60,305.672317
58.173128,60,305.739933
56.966352,60,305.808434
52.211492,60,305.876767
57.698957,60,305.946289
56.984871,60,306.022818
57.370625,60,306.093794
32.458843,60,306.165624
58.199945,60,306.238674
52.09244,60,306.305673
44.369761,60,306.375527
40.77308,60,306.44588
56.849984,60,306.51888
56.83789,60,306.592414
57.611261,60,306.66279
44.124335,60,306.748708
57.397451,60,307.681397
58.247619,60,307.759465
57.620237,60,307.841842
55.908245,60,307.923119
57.389045,60,308.015427
42.666247,60,308.102354
54.404062,60,308.180289
55.972567,60,308.262345
57.743778,60,308.340371
57.131709,60,308.414932
58.347135,60,308.494224
57.309998,60,308.577134
56.786251,60,308.662571
57.309533,60,308.755092
52.206601,60,308.840291
19.791057,40,308.891366
57.221481,60,308.976514
57.193251,60,310.125979
57.080084,60,310.215562
56.929111,60,310.297054
51.114826,60,310.382182
54.3088,60,310.465888
56.923064,60,310.547458
56.015482,60,310.638035
57.434936,60,310.7279
57.336201,60,310.816936
56.503229,60,310.90354
57.103037,60,310.988055
55.481663,60,311.066207
56.929035,60,311.140312
57.875277,60,311.217353
41.563811,60,311.293245
57.928659,60,311.370185
51.920817,60,311.44865
57.933222,60,311.528639
57.931888,60,312.52121
57.275202,60,312.604697
58.019851,60,312.683116
55.907631,60,312.77008
55.587549,60,312.850486
57.628425,60,312.936488
57.702966,60,313.029095
57.036111,60,313.107618
57.674553,60,313.188744
57.779348,60,313.268736
57.875891,60,313.358249
57.219207,60,313.438756
56.818176,60,313.517214
55.546744,60,313.604121
58.130198,60,313.68165
56.436923,60,313.761589
57.854445,60,313.835046
57.658956,60,314.702588
55.815327,60,314.770011
57.66849,60,314.844534
57.392026,60,314.91746
57.163814,60,314.994103
57.309191,60,315.071491
57.765274,60,315.142712
45.272838,60,315.211935
57.626456,60,315.285317
56.383971,60,315.357379
55.854902,60,315.434469
42.223855,60,315.506081
56.318904,60,315.575607
56.933785,60,315.649019
50.964534,60,315.712382
57.643142,60,315.788864
57.901956,60,315.859431
58.381536,60,316.683983
57.475286,60,316.747815
29.836803,60,316.805066
49.473387,60,316.864954
42.637558,60,316.927316
33.402102,60,316.998844
56.283123,60,317.07116
57.541313,60,317.139595
56.580308,60,317.212058
56.665745,60,317.281518
58.066172,60,317.350387
52.7565,60,317.425936
57.701669,60,317.497451
57.769545,60,317.565367
58.077573,60,317.640792
56.906427,60,317.716313
57.085319,60,317.786656
57.419902,60,318.641073
48.728322,60,318.704554
52.402281,60,318.769542
54.20363,60,318.835982
30.978534,60,318.901284
56.827841,60,318.974184
57.840627,60,319.04671
58.453131,60,319.118803
57.927114,60,319.191853
18.011607,41,319.243699
57.486095,60,319.312609
58.118106,60,319.378899
56.449222,60,319.450156
57.385598,60,319.52301
56.734154,60,319.596364
56.727679,60,319.672702
56.323662,60,319.742967
51.652926,60,320.585796
57.791636,60,320.653695
57.467045,60,320.720114
55.778542,60,320.79362
57.401603,60,320.864837
56.402958,60,320.932763
11.301721,51,321.000251
55.65498,60,321.07417
53.436852,60,321.139534
57.727272,60,321.202367
40.016893,60,321.267528
56.610443,60,321.336896
57.548617,60,321.408716
57.18105,60,321.476681
53.597136,60,321.556135
57.024647,60,321.636707
56.275556,60,321.706248
56.910236,60,322.609933
56.865223,60,322.686487
37.580387,60,322.773136
57.906039,60,322.850063
58.415478,60,322.923145
56.697914,60,323.006654
57.335709,60,323.089512
58.005867,60,323.161025
57.290589,60,323.242626
33.418362,60,323.322971
50.340612,60,323.392552
44.502889,60,323.468996
57.373568,60,323.542034
48.627416,60,323.612953
37.414135,60,323.680935
56.551568,60,323.753483
58.413882,60,323.831081
58.590241,60,324.730273
54.474029,60,324.806182
58.54846,60,324.887558
54.731594,60,324.966391
40.834973,60,325.043682
57.781623,60,325.113646
56.953874,60,325.182356
56.917885,60,325.259185
57.232298,60,325.343462
56.948082,60,325.425277
56.241498,60,325.515746
56.992736,60,325.609341
51.33659,60,325.704881
55.217159,60,325.788821
58.322969,60,325.880924
56.629535,60,325.971037
24.852188,60,326.047888
57.550511,60,326.968234
56.399064,60,327.045857
54.368744,60,327.123806
57.606203,60,327.203766
57.357721,60,327.279703
57.357303,60,327.352619
56.545318,60,327.433074
56.341239,60,327.505926
47.822011,60,327.5807
53.401301,60,327.659061
56.90637,60,327.733652
57.254256,60,327.812686
55.421682,60,327.894243
56.920948,60,327.973774
52.883805,60,328.059317
57.515902,60,328.143734
57.566536,60,328.227651
53.900159,60,328.310222
57.271831,60,329.280621
57.344115,60,329.353457
56.410074,60,329.434564
42.083611,60,329.512065
56.649674,60,329.59151
57.391651,60,329.67501
54.627652,60,329.759881
49.320117,60,329.839438
57.437769,60,329.920876
56.409333,60,330.013349
57.525554,60,330.09227
42.244254,60,330.183555
51.442649,60,330.269133
57.842462,60,330.347203
56.833023,60,330.438346
58.169171,60,330.521966
58.613623,60,330.603544
57.410561,60,331.600974
58.958952,60,331.676909
56.911644,60,331.75741
57.234692,60,331.841861
57.570024,60,331.918077
55.268015,60,331.993053
55.615445,60,332.073725
48.170767,60,332.164711
56.878249,60,332.256354
57.440425,60,332.373006
57.915395,60,332.449516
54.177132,60,332.532129
44.027818,60,332.625882
57.036283,60,332.713963
57.662979,60,332.828562
56.904368,60,332.94078
56.388731,60,333.048863
56.672504,60,334.199143
56.962194,60,334.27878
44.949187,60,334.362188
57.955187,60,334.442127
58.127118,60,334.534681
54.930158,60,334.624804
55.632672,60,334.703318
57.08969,60,334.79335
42.145072,60,334.876381
57.023157,60,334.960899
54.839718,60,335.043172
57.340532,60,335.134471
57.214066,60,335.217461
57.978958,60,335.29792
57.701873,60,335.381893
57.781361,60,335.47174
57.676177,60,335.555241
57.348361,60,336.595481
58.302977,60,336.686056
57.457731,60,336.790624
57.602577,60,336.889595
31.134647,60,336.9856
57.301988,60,337.072609
58.56937,60,337.15638
55.337343,60,337.251856
57.650325,60,337.331878
36.709747,60,337.417875
58.354874,60,337.511438
55.114023,60,337.589418
11.398012,52,337.658754
56.78756,60,337.749753
56.72755,60,337.843413
56.837501,60,337.935408
58.494276,60,338.022699
53.592389,60,339.08475
32.247042,60,339.17746
58.091286,60,339.257693
57.367054,60,339.338085
57.698784,60,339.424114
57.461358,60,339.503169
51.164274,60,339.587302
57.985675,60,339.666967
57.877065,60,339.748389
56.70363,60,339.834841
18.45641,60,339.922459
57.567307,60,340.00539
57.172684,60,340.094946
57.350721,60,340.189557
57.650221,60,340.283168
57.320248,60,340.366611
34.694826,60,340.447143
54.554346,60,341.529898
55.498998,60,341.636181
57.986144,60,341.720655
9.8339,60,341.805944
56.788266,60,341.89196
57.176086,60,341.974364
57.070542,60,342.051677
55.146907,60,342.131546
57.953152,60,342.207334
57.373645,60,342.291258
57.257519,60,342.376871
55.507103,60,342.452869
57.167208,60,342.536913
56.403195,60,342.623453
57.15635,60,342.714053
58.156835,60,342.791553
48.894772,60,342.874849
22.930204,60,343.863813
56.78052,60,343.945221
57.603366,60,344.030639
35.333339,60,344.113709
54.596445,60,344.206872
57.829442,60,344.288876
56.758269,60,344.365914
58.080244,60,344.452453
56.426539,60,344.533474
54.248348,60,344.614826
56.957393,60,344.706133
56.072992,60,344.789623
57.69066,60,344.872565
57.674343,60,344.966072
21.576717,60,345.048965
56.880507,60,345.133939
58.967617,60,345.220629
49.337263,60,346.155029
57.920984,60,346.236743
54.746557,60,346.318259
56.504183,60,346.390645
57.331271,60,346.465167
57.329581,60,346.544145
55.574015,60,346.632267
57.950296,60,346.715662
46.512976,60,346.799653
57.721,60,346.882173
58.071916,60,346.962679
57.038422,60,347.04499
57.809088,60,347.128671
45.69694,60,347.207772
58.307652,60,347.296782
57.109252,60,347.387724
57.781065,60,347.468272
48.519044,60,348.425868
56.960586,60,348.496449
57.057955,60,348.567796
40.007017,60,348.646295
57.603078,60,348.737423
53.51468,60,348.829564
56.922393,60,348.919098
26.408529,49,348.986428
52.949585,60,349.067035
56.463268,60,349.143458
55.578788,60,349.224413
55.003603,60,349.307384
57.64895,60,349.404442
56.362806,60,349.490519
57.600484,60,349.569018
57.308472,60,349.654941
57.228953,60,349.741515
33.503216,60,350.739131
56.900634,60,350.81321
54.196931,60,350.886653
58.058094,60,350.963662
57.460329,60,351.032672
57.004328,60,351.097993
52.420336,60,351.167423
56.885814,60,351.247339
56.798823,60,351.32913
57.724416,60,351.418803
56.95657,60,351.49657
58.193987,60,351.573933
40.190904,60,351.71583
46.761759,60,351.841306
56.923449,60,351.916253
58.196403,60,351.990276
57.85,60,352.06732
57.631245,60,353.032165
52.546332,60,353.113675
49.301036,60,353.204767
56.314247,60,353.300273
5.585404,39,353.358156
56.914513,60,353.443698
57.579858,60,353.523701
56.906628,60,353.594722
53.596684,60,353.66749
57.455438,60,353.750298
57.870964,60,353.837955
57.676801,60,353.920344
51.317073,60,353.998858
50.896243,60,354.07695
57.858676,60,354.158005
50.116482,60,354.244993
56.461503,60,354.330027
27.492348,60,354.408591
55.620007,60,355.406515
18.332889,60,355.488577
10.406263,60,355.558908
57.3,60,355.649472
57.67585,60,355.731596
58.028585,60,355.809144
56.835519,60,355.899245
56.969358,60,355.97807
55.113754,60,356.063453
57.056969,60,356.140756
57.283818,60,356.216289
57.076721,60,356.289624
40.191142,60,356.373176
27.169014,60,356.453832
58.144624,60,356.533997
53.633732,60,356.625587
56.374278,60,356.702047
55.091973,60,357.706951
57.973173,60,357.784361
50.352316,60,357.884366
37.498022,60,357.965683
55.374716,60,358.047678
56.714032,60,358.129168
34.308735,60,358.226567
58.408816,60,358.314166
57.652993,60,358.394657
57.297762,60,358.492249
57.452348,60,358.579238
55.655301,60,358.663372
56.706125,60,358.748386
58.305226,60,358.830732
57.211507,60,358.905569
57.592745,60,358.998513
57.065324,60,359.079524
37.167228,60,360.020279
55.638069,60,360.094972
57.386067,60,360.185949
54.326664,60,360.279241
50.23098,60,360.363905
57.519663,60,360.457912
55.075748,60,360.543443
57.493039,60,360.624953
54.41263,60,360.699292
57.232681,60,360.76882
57.152202,60,360.846692
57.501275,60,360.922648
7.151309,57,361.000116
57.376738,60,361.076638
56.75517,60,361.154569
46.855479,60,361.230581
56.76232,60,361.302601
53.846903,60,362.225067
56.680396,60,362.314104
47.949266,60,362.39375
57.565864,60,362.468632
50.594247,60,362.531524
57.466787,60,362.58341
55.699429,60,362.648341
57.808185,60,362.718837
55.574158,60,362.777284
57.808563,60,362.831583
57.132414,60,362.889394
57.387396,60,362.945155
56.706717,60,363.002023
27.206293,60,363.060449
56.871291,60,363.127465
16.236911,41,363.181007
57.673828,60,363.241364
52.313917,60,363.296189
54.383585,60,364.040595
57.001341,60,364.108105
58.02402,60,364.178543
56.828897,60,364.246574
57.515215,60,364.312019
57.633753,60,364.374971
57.225816,60,364.44877
56.946247,60,364.512095
56.791702,60,364.578721
40.346258,60,364.658707
57.037362,60,364.729238
57.443094,60,364.803591
57.02895,60,364.882568
57.308567,60,364.945398
56.05669,60,365.017473
56.79365,60,365.087351
58.100591,60,365.157331
55.717392,60,366.013305
57.332732,60,366.080027
56.569872,60,366.145263
57.330228,60,366.208105
57.589908,60,366.268055
57.221807,60,366.360259
57.349523,60,366.44639
31.768764,60,366.522748
53.686911,60,366.616153
13.96558,39,366.666992
55.801081,60,366.744997
57.830468,60,366.813403
55.626606,60,366.864798
55.811973,60,366.923572
57.500166,60,366.992486
57.403371,60,367.059428
42.391234,60,367.125878
57.994205,60,367.98807
34.78716,60,368.067961
57.426962,60,368.136325
57.310264,60,368.210343
56.301303,60,368.289357
57.59007,60,368.360285
57.592498,60,368.43673
57.553562,60,368.505127
58.002959,60,368.573191
56.749089,60,368.641103
57.378335,60,368.709148
56.549871,60,368.780479
57.779923,60,368.854485
57.176783,60,368.925817
57.176423,60,369.008584
57.014651,60,369.077938
57.308135,60,369.147871
57.816975,60,370.0266
58.02883,60,370.105636
56.758088,60,370.19064
56.242941,60,370.269252
56.161759,60,370.345259
56.720352,60,370.418855
58.345077,60,370.495675
57.117012,60,370.569007
56.68058,60,370.640965
56.240981,60,370.712627
57.562665,60,370.772076
39.110466,60,370.830909
57.082529,60,370.883724
57.012633,60,370.941214
58.676517,60,371.003463
52.456421,60,371.072439
58.022971,60,371.154447
57.469042,60,372.020392
57.9,60,372.095683
23.1212,60,372.180104
56.879116,60,372.266307
57.442845,60,372.339256
57.135413,60,372.414218
58.060672,60,372.491132
49.829525,60,372.563067
43.291594,60,372.64745
57.496252,60,372.722416
56.959188,60,372.79579
32.83828,60,372.869265
57.503864,60,372.95329
52.662282,60,373.035889
57.980688,60,373.111925
53.024056,60,373.188747
58.410145,60,373.259135
42.589692,60,374.145717
57.73452,60,374.220931
57.479431,60,374.300588
58.394698,60,374.373322
57.314099,60,374.444063
57.19891,60,374.52389
24.95426,60,374.596663
57.942777,60,374.673702
57.477242,60,374.746737
57.037494,60,374.818261
58.026803,60,374.903218
57.075054,60,374.97668
52.059527,60,375.050663
57.107605,60,375.126082
16.116211,38,375.174336
57.134809,60,375.252962
9.120548,60,375.327966
56.951652,60,375.403336
36.085307,60,376.24119
57.543802,60,376.314963
57.34304,60,376.392902
47.954664,60,376.468408
57.637397,60,376.53716
56.831453,60,376.606584
57.583698,60,376.67549
58.553498,60,376.74841
56.727907,60,376.818891
56.783768,60,376.89794
56.276142,60,376.973771
58.371885,60,377.045788
56.648316,60,377.122164
47.686143,60,377.200722
56.507773,60,377.272127
56.864756,60,377.352583
57.603801,60,377.424968
56.759531,60,378.311821
57.659673,60,378.382811
54.721097,60,378.451314
57.526232,60,378.516289
57.916962,60,378.580144
57.525211,60,378.65011
57.556404,60,378.729191
57.409429,60,378.798122
57.499364,60,378.877097
57.742508,60,378.952535
57.2353,60,379.024292
56.286804,60,379.098701
57.712407,60,379.17116
56.665371,60,379.251781
57.000466,60,379.323106
28.688101,60,379.398327
57.455833,60,379.478904
58.068644,60,380.360104
56.953804,60,380.440099
57.029768,60,380.507994
53.991329,60,380.581975
57.07504,60,380.658551
58.106724,60,380.732986
58.094857,60,380.815305
57.891099,60,380.889732
56.225428,60,380.962982
57.622587,60,381.036407
49.680373,60,381.103215
57.079754,60,381.18422
57.147703,60,381.258831
56.993681,60,381.335373
56.283867,60,381.417305
57.268458,60,381.494267
44.594466,60,381.565737
56.648773,60,382.481209
56.873559,60,382.554661
57.341297,60,382.648576
57.939468,60,382.726419
53.295052,60,382.80383
56.88799,60,382.885925
57.221771,60,382.969965
54.799484,60,383.044904
54.04314,60,383.118779
57.733661,60,383.204023
56.305094,60,383.286499
57.530599,60,383.36239
57.225067,60,383.435325
57.566603,60,383.503095
57.390845,60,383.57445
56.329163,60,383.645937
56.835098,60,383.725965
35.798575,60,384.626185
56.945945,60,384.70395
57.576823,60,384.772277
56.557953,60,384.840114
58.15,60,384.915399
57.495754,60,384.985799
57.36591,60,385.057237
52.390561,60,385.127537
56.780805,60,385.19792
57.129678,60,385.268805
56.676359,60,385.337646
56.97959,60,385.414651
57.934978,60,385.483505
56.705895,60,385.553485
27.702717,52,385.615311
28.100375,51,385.675111
56.468717,60,385.748502
58.05,60,386.574919
51.695407,60,386.639943
56.608467,60,386.712388
21.729551,60,386.779782
57.56068,60,386.857852
56.333615,60,386.947486
57.431826,60,387.020406
56.464889,60,387.093335
57.429415,60,387.171831
53.38385,60,387.248819
56.730222,60,387.328707
38.861114,60,387.399762
56.600453,60,387.475263
58.153176,60,387.550529
58.256577,60,387.623022
57.92352,60,387.695426
58.088105,60,387.768335
58.002379,60,388.627631
57.578387,60,388.715029
57.482918,60,388.787956
55.152722,60,388.865838
57.215655,60,388.939717
57.118964,60,389.015192
58.809002,60,389.095758
56.411215,60,389.17663
18.251958,39,389.228454
57.976886,60,389.296404
57.661859,60,389.372418
56.911034,60,389.451056
54.580033,60,389.523823
56.099529,60,389.607657
56.86239,60,389.68319
55.751568,60,389.755583
46.988333,60,389.837435
57.604047,60,389.914817
58.403955,60,390.843851
57.141447,60,390.913158
56.860056,60,390.983527
56.391203,60,391.054355
56.531617,60,391.126371
56.859121,60,391.212425
57.142229,60,391.296391
50.151291,60,391.379815
57.512296,60,391.465443
52.031771,60,391.557534
53.806224,60,391.638488
57.754754,60,391.717004
43.529399,60,391.794011
57.06773,60,391.869692
57.052828,60,391.947042
48.632734,60,392.023939
58.096254,60,392.094198
46.730926,60,393.04361
56.970597,60,393.120338
57.533451,60,393.222915
57.630996,60,393.31599
57.567307,60,393.395934
57.702566,60,393.488002
57.533361,60,393.580631
46.250327,60,393.694002
57.109119,60,393.807385
57.353504,60,393.903985
57.961991,60,394.001922
48.346934,60,394.087342
57.989393,60,394.165776
56.910769,60,394.240262
57.564139,60,394.316319
49.012291,60,394.391386
57.439546,60,394.464927
55.634123,60,395.442404
7.006907,30,395.481539
52.994395,60,395.567518
21.177943,60,395.653879
57.48391,60,395.74487
51.131917,60,395.836354
51.932124,60,395.933826
57.984803,60,396.041706
56.776116,60,396.131519
57.646707,60,396.26593
57.767547,60,396.410687
58.549871,60,396.520815
55.732239,60,396.604868
57.931581,60,396.682269
57.130642,60,396.781111
57.219873,60,396.876702
57.675386,60,396.963432
40.392677,60,397.990649
57.785419,60,398.0661
57.317507,60,398.139667
57.301824,60,398.219731
56.565744,60,398.298681
56.339063,60,398.390254
56.995521,60,398.471784
49.736668,60,398.54463
57.168192,60,398.627446
54.889526,60,398.712012
56.113376,60,398.791006
55.529858,60,398.876487
53.957311,60,398.953022
44.328184,60,399.026911
52.354838,60,399.10794
57.508766,60,399.18419
57.252661,60,399.268585
58.06154,60,399.36104
57.048467,60,400.373143
57.046652,60,400.452118
49.518575,60,400.534912
56.892712,60,400.613318
56.694905,60,400.688375
55.892187,60,400.764389
39.039712,60,400.835763
57.275214,60,400.914342
58.256255,60,400.992255
14.185627,54,401.067646
55.270015,60,401.157074
55.559156,60,401.231421
41.546945,60,401.31141
58.370977,60,401.383389
51.043489,60,401.465922
23.586374,60,401.536445
33.231133,60,401.613346
57.235088,60,402.573875
56.942653,60,402.66542
56.198122,60,402.754458
57.376998,60,402.8305
57.702696,60,402.912514
57.998893,60,403.011661
49.415739,60,403.096102
50.74879,60,403.174828
56.874212,60,403.258449
57.131637,60,403.348639
57.803006,60,403.441722
57.54635,60,403.524686
58.041497,60,403.5926
57.660169,60,403.661902
57.011885,60,403.736382
57.279095,60,403.814381
57.70704,60,403.889387
56.486189,60,404.82186
7.361164,56,404.902912
57.694393,60,404.978413
41.742194,60,405.061941
58.327475,60,405.147031
57.035832,60,405.22566
57.447248,60,405.293579
48.247876,60,405.362627
57.906942,60,405.440407
55.179891,60,405.516287
57.526602,60,405.588291
57.502245,60,405.661295
56.864533,60,405.733681
56.267532,60,405.805669
57.132939,60,405.892673
56.190107,60,405.962383
57.088946,60,406.033369
56.193397,60,407.025144
57.958616,60,407.094004
58.304207,60,407.169491
57.418737,60,407.240534
57.554969,60,407.310251
49.518517,60,407.393632
39.946409,60,407.471416
57.56721,60,407.544747
56.549645,60,407.625835
57.57506,60,407.711247
57.094786,60,407.793182
56.602004,60,407.876601
57.180897,60,407.951125
56.662221,60,408.03915
56.591785,60,408.116759
57.107675,60,408.194725
57.75587,60,408.278446
57.699792,60,409.17484
57.816574,60,409.252666
57.302712,60,409.328459
57.629328,60,409.406286
21.274374,60,409.478179
57.662717,60,409.549615
57.729262,60,409.634207
56.830877,60,409.716235
57.240863,60,409.791502
57.76811,60,409.879647
55.783765,60,409.967213
56.553843,60,410.05835
56.255806,60,410.137904
56.363969,60,410.207249
21.721285,60,410.279128
31.653573,60,410.349931
57.687098,60,410.429415
53.691176,60,411.334491
56.820144,60,411.407423
55.45702,60,411.491939
57.372913,60,411.681558
57.262044,60,411.787198
42.824831,60,411.855626
55.101267,60,411.927099
56.410485,60,412.003366
56.914401,60,412.075764
55.143538,60,412.142205
53.721228,60,412.212663
58.016966,60,412.281071
40.835302,60,412.34734
53.010128,60,412.430382
57.763935,60,412.517998
57.017212,60,412.60554
57.9,60,412.692003
43.297652,60,413.668211
57.167328,60,413.739067
53.135246,60,413.81235
11.600201,60,413.884054
42.456208,60,413.957272
56.96468,60,414.044348
57.598188,60,414.133365
57.883105,60,414.216964
56.024348,60,414.302487
53.422803,60,414.379411
44.234831,60,414.46404
58.251385,60,414.538456
56.932826,60,414.624023
56.608795,60,414.70763
57.173486,60,414.790277
57.11803,60,414.886738
35.535359,60,414.978457
54.19782,60,415.90248
57.534139,60,415.980985
57.322685,60,416.058984
56.792951,60,416.137035
18.31932,60,416.214544
48.941284,60,416.288022
58.072526,60,416.366068
55.852611,60,416.456
35.75353,60,416.537971
56.848095,60,416.626645
52.161899,60,416.695736
58.192777,60,416.768329
49.03097,60,416.841178
52.357212,60,416.920569
53.518117,60,416.996418
56.649437,60,417.068707
58.135572,60,417.142859
57.312492,60,418.093952
55.979451,60,418.172827
56.421293,60,418.25187
57.698337,60,418.32176
50.645118,60,418.397784
57.825888,60,418.478288
57.231064,60,418.548268
55.342669,60,418.621687
56.339049,60,418.702179
56.627748,60,418.775645
57.462556,60,418.857764
57.066944,60,418.940836
54.477114,60,419.017271
57.172559,60,419.110743
56.221842,60,419.192596
57.538305,60,419.264847
53.628029,60,419.340749
56.176051,60,420.343482
56.129497,60,420.415458
57.186515,60,420.497893
56.687371,60,420.579265
56.398107,60,420.662719
56.769337,60,420.748178
57.970202,60,420.837765
57.749665,60,420.918243
26.659424,60,421.008301
58.480036,60,421.109014
58.577005,60,421.189115
56.515179,60,421.263599
56.796191,60,421.345919
46.822041,60,421.425812
57.975359,60,421.510813
54.377792,60,421.590222
57.099198,60,421.666443
56.517668,60,422.641843
56.842589,60,422.732325
18.374327,60,422.833325
54.118361,60,422.916028
54.611069,60,423.026078
56.825375,60,423.111231
57.902115,60,423.190163
56.996687,60,423.274981
53.985884,60,423.371913
56.833036,60,423.454909
57.202537,60,423.532896
56.811686,60,423.624941
57.593211,60,423.71809
56.958491,60,423.802562
57.130175,60,423.89296
57.580553,60,423.996882
54.696953,60,424.099328
55.904517,60,425.133753
47.294033,60,425.209733
57.302019,60,425.287755
56.602619,60,425.363326
55.096463,60,425.435161
56.894954,60,425.51204
56.849558,60,425.588939
58.051848,60,425.670889
37.117654,60,425.75229
55.913356,60,425.829813
56.459579,60,425.912307
57.108845,60,425.990302
55.199807,60,426.066315
46.38807,60,426.141787
57.94017,60,426.220487
57.626311,60,426.291356
57.752708,60,426.367724
57.061757,60,427.304784
57.053711,60,427.380383
55.974439,60,427.457725
52.568664,60,427.536081
56.504513,60,427.616975
57.092951,60,427.699898
12.304402,40,427.750076
57.135617,60,427.826452
55.701966,60,427.906931
56.442349,60,427.98389
57.281917,60,428.057268
25.960435,60,428.132844
55.090589,60,428.218951
47.445757,60,428.300056
21.343676,60,428.379378
54.674012,60,428.458701
55.243564,60,428.536129
57.328285,60,428.622877
30.431079,60,429.535667
58.057266,60,429.622008
56.388806,60,429.694621
57.579811,60,429.766447
5.816666,27,429.804592
52.035898,60,429.882535
56.833641,60,429.956768
56.40911,60,430.050241
56.078503,60,430.127758
56.388755,60,430.201761
56.855401,60,430.279397
57.93301,60,430.354796
53.548965,60,430.43376
56.581351,60,430.504662
58.049386,60,430.569458
56.177899,60,430.646865
58.150915,60,430.717379
57.720123,60,430.786345
55.946681,60,431.576558
56.505833,60,431.651529
57.188474,60,431.721755
57.541289,60,431.787656
56.96329,60,431.861191
57.19818,60,431.926558
56.503266,60,431.986853
56.136681,60,432.054924
49.65105,60,432.123694
57.088885,60,432.186955
56.568629,60,432.257328
54.686777,60,432.324073
57.194508,60,432.39015
57.018794,60,432.45788
57.596231,60,432.525292
57.671717,60,432.592231
57.531822,60,432.671722
57.259979,60,433.547678
57.007355,60,433.62415
57.213958,60,433.700079
57.9899,60,433.784763
56.908975,60,433.858721
58.053241,60,433.929663
56.656766,60,434.006597
39.262937,60,434.08261
57.767107,60,434.160868
55.143042,60,434.237603
57.198655,60,434.319382
56.817334,60,434.392596
33.716154,60,434.459814
57.433369,60,434.529569
56.162191,60,434.593803
56.80101,60,434.66555
50.742654,60,434.740334
56.841137,60,435.631139
39.146662,60,435.70764
57.309921,60,435.779633
53.686694,60,435.8475
56.608484,60,435.914006
58.07922,60,435.987909
57.378432,60,436.066324
57.493711,60,436.141251
52.932325,60,436.221837
44.326502,60,436.309861
57.2738,60,436.394548
34.849349,60,436.464098
56.317222,60,436.535076
56.341857,60,436.616145
54.863378,60,436.697668
56.818436,60,436.7792
39.977024,60,436.868531
18.794734,45,437.733762
56.804112,60,437.814179
54.674734,60,437.900157
53.413048,60,437.979134
7.38117,57,438.065203
57.105218,60,438.138924
56.830622,60,438.215374
54.274531,60,438.287323
56.053675,60,438.358737
54.272065,60,438.440127
50.644633,60,438.520123
57.401071,60,438.60771
57.566651,60,438.683215
45.679666,60,438.764224
57.190807,60,438.846358
56.508031,60,438.923303
58.08978,60,439.002224
57.928454,60,439.929072
53.908508,60,440.021666
57.396876,60,440.110266
57.474694,60,440.192736
57.601004,60,440.279171
57.036244,60,440.357596
56.910402,60,440.438556
56.429164,60,440.513748
29.431414,60,440.59954
57.706194,60,440.69459
57.578281,60,440.770565
52.690605,60,440.857545
44.675668,60,440.935994
56.307786,60,441.006889
56.720431,60,441.076293
56.11319,60,441.147606
38.793657,60,441.223481
57.7886,60,442.122112
55.96529,60,442.194028
57.195294,60,442.263482
47.522212,60,442.341506
56.253089,60,442.411979
56.825688,60,442.481691
57.109561,60,442.566027
56.99545,60,442.640422
57.628136,60,442.714471
58.025762,60,442.792415
57.212399,60,442.873339
52.112326,60,442.95039
57.029536,60,443.02386
57.941234,60,443.103918
57.251664,60,443.189908
56.068189,60,443.272994
57.476129,60,443.364538
57.364746,60,444.300331
56.807081,60,444.382312
56.958844,60,444.470464
57.598151,60,444.54443
58.343394,60,444.621408
58.48241,60,444.69586
57.147496,60,444.766794
56.992998,60,444.844031
57.410359,60,444.923627
57.737967,60,445.007153
57.684614,60,445.084053
54.28966,60,445.165336
55.177971,60,445.237243
57.408088,60,445.313289
58.029448,60,445.383209
57.472179,60,445.459128
53.576401,60,445.516942
55.688207,60,446.244844
53.866701,60,446.312189
56.732001,60,446.387075
56.863488,60,446.463367
56.722279,60,446.53528
55.605083,60,446.606037
58.291484,60,446.672381
51.752259,60,446.745678
56.963755,60,446.812444
58.022865,60,446.886793
48.065622,60,446.98068
57.977223,60,447.064446
56.889889,60,447.144065
57.223502,60,447.221562
7.869632,60,447.29241
56.691596,60,447.365268
33.445207,60,447.4407
56.519432,60,448.349725
57.560585,60,448.426479
57.518144,60,448.497204
57.273403,60,448.565413
56.862174,60,448.635365
56.934627,60,448.711314
57.092841,60,448.780309
57.503529,60,448.859771
53.897284,60,448.94128
57.17209,60,449.017195
52.6447,60,449.084007
57.848796,60,449.154266
58.580234,60,449.225981
56.972576,60,449.291359
57.071287,60,449.362438
57.818387,60,449.437485
36.876434,60,449.508393
56.358603,60,450.483983
43.074589,60,450.555482
57.574426,60,450.631446
9.049738,41,450.690869
56.786185,60,450.768338
54.667669,60,450.845241
57.013787,60,450.922763
57.651176,60,450.993751
56.703312,60,451.063604
53.264409,60,451.13657
55.697397,60,451.214609
56.254667,60,451.290742
58.094925,60,451.360541
56.606699,60,451.434442
57.24778,60,451.505761
55.569292,60,451.578053
56.834997,60,451.652516
57.338392,60,451.733563
57.698711,60,452.601918
58.055391,60,452.694551
58.005985,60,452.767525
56.53737,60,452.85202
57.066961,60,452.929812
44.22069,60,453.001102
57.220956,60,453.076125
57.949705,60,453.147426
57.400293,60,453.217388
56.992984,60,453.290792
58.287329,60,453.356171
57.219587,60,453.418492
58.182214,60,453.487286
56.783792,60,453.556141
57.048328,60,453.621988
55.906317,60,453.69179
56.852933,60,453.758328
57.555685,60,454.628191
58.076677,60,454.703213
56.099546,60,454.777254
27.791655,60,454.861919
56.876818,60,454.933249
58.041566,60,455.01512
57.581869,60,455.087652
58.285248,60,455.155566
55.181039,60,455.231652
58.029897,60,455.310777
56.756991,60,455.383695
57.681373,60,455.453066
53.326423,60,455.526999
57.190181,60,455.606972
35.351599,60,455.680366
53.549705,60,455.75644
49.855904,60,455.827324
57.75091,60,456.683001
56.898773,60,456.751393
57.848321,60,456.832838
56.57249,60,456.909448
57.710282,60,456.987398
57.958731,60,457.06693
57.087414,60,457.138227
57.236013,60,457.203669
57.209931,60,457.276541
45.371721,60,457.342214
58.022124,60,457.407583
57.321314,60,457.48212
50.357994,60,457.549016
57.634245,60,457.613388
56.635853,60,457.684217
58.106245,60,457.755044
56.445036,60,457.82635
55.693511,60,458.70001
56.363518,60,458.776335
57.075341,60,458.854528
55.140514,60,458.933953
54.214267,60,459.007344
51.561177,60,459.084441
57.230086,60,459.154929
56.857408,60,459.227858
56.871039,60,459.303869
45.988201,60,459.376371
57.158093,60,459.448698
56.542463,60,459.519239
58.195023,60,459.596729
55.883053,60,459.681759
57.408974,60,459.769091
37.181027,60,459.852036
57.66356,60,459.923314
56.943982,60,460.856987
57.675341,60,460.930504
58.493205,60,461.008201
42.538573,60,461.086287
58.192306,60,461.163253
53.901891,60,461.233814
52.592008,60,461.314153
18.656083,60,461.393579
15.911874,60,461.468067
56.668346,60,461.540561
57.94007,60,461.614661
42.158437,60,461.694159
58.626271,60,461.766231
57.677953,60,461.846468
56.578352,60,461.921986
57.753415,60,461.99599
43.726374,60,462.0799
57.72503,60,463.03319
46.061047,60,463.118598
57.674756,60,463.201968
57.616829,60,463.28279
57.785153,60,463.360772
56.692029,60,463.43021
57.258955,60,463.500659
46.946135,60,463.574736
13.43202,46,463.645045
57.050567,60,463.723957
57.488182,60,463.79826
56.745145,60,463.888344
58.18362,60,463.966219
52.750226,60,464.048709
56.044813,60,464.126639
57.136642,60,464.210608
57.15594,60,464.285076
56.738825,60,465.353147
55.447975,60,465.429555
56.962728,60,465.507993
49.124702,60,465.585554
57.036677,60,465.66462
54.838732,60,465.740587
56.890052,60,465.825916
57.417428,60,465.907358
56.439109,60,465.984374
57.268106,60,466.056924
57.345132,60,466.131099
58.5024,60,466.199561
51.228312,60,466.267372
58.171324,60,466.334662
57.24387,60,466.397356
8.633053,32,466.435072
56.955719,60,466.496646
57.10765,60,466.576918
57.64804,60,467.500572
54.388231,60,467.595921
58.3414,60,467.679444
52.695564,60,467.753742
56.85,60,467.839607
25.577837,60,467.9234
58.140431,60,468.00333
57.103425,60,468.08067
57.286118,60,468.223828
56.031971,60,468.322483
57.711586,60,468.41046
56.413577,60,468.497939
53.870076,60,468.57337
57.198285,60,468.653804
57.155762,60,468.748343
56.666139,60,468.830267
56.906353,60,468.907079
57.176067,60,469.818242
57.272827,60,469.921482
55.183787,60,470.016515
53.395182,60,470.102558
49.31252,60,470.20397
56.940855,60,470.304986
56.885368,60,470.424876
56.261703,60,470.524696
56.85,60,470.622713
56.980979,60,470.733387
56.81931,60,470.837287
47.570702,60,470.9369
56.997455,60,471.044652
57.84022,60,471.123961
57.277715,60,471.208054
57.248382,60,471.302163
56.830042,60,471.396711
57.299336,60,472.328533
56.746881,60,472.39599
56.989964,60,472.46134
56.81626,60,472.529045
56.685483,60,472.60153
58.215066,60,472.67561
58.190058,60,472.744878
55.965125,60,472.813092
56.42407,60,472.886841
55.454524,60,472.957096
57.954393,60,473.034069
43.703205,60,473.11161
54.291423,60,473.182359
57.574266,60,473.256927
56.778745,60,473.329463
55.921286,60,473.399834
56.849197,60,473.476265
52.921458,60,474.298743
57.757663,60,474.36553
57.984288,60,474.432851
58.029555,60,474.497818
49.133134,60,474.559249
57.765665,60,474.62611
36.231362,60,474.690881
57.66647,60,474.75423
57.772233,60,474.817168
30.72264,60,474.888081
57.912633,60,474.95336
58.31684,60,475.018089
56.447034,60,475.089894
56.947317,60,475.157799
56.993471,60,475.223801
35.072497,60,475.298755
58.326822,60,475.365566
56.909309,60,476.168861
57.977991,60,476.227121
57.210284,60,476.279455
56.048325,60,476.343951
57.748973,60,476.408931
57.20214,60,476.462224
57.82112,60,476.525952
55.844099,60,476.590791
56.791206,60,476.653252
57.501209,60,476.713695
57.031771,60,476.787729
56.279446,60,476.855223
56.95936,60,476.924141
57.871576,60,477.000069
57.692986,60,477.063483
57.990747,60,477.140974
58.059901,60,477.219634
57.496847,60,478.062757
39.488358,60,478.137549
57.329926,60,478.209918
57.484979,60,478.283229
24.665507,60,478.355189
56.514745,60,478.419119
56.24614,60,478.486571
58.480524,60,478.566114
49.838668,60,478.638069
57.487743,60,478.706967
57.863575,60,478.77226
56.978419,60,478.856876
56.804693,60,478.948468
58.27528,60,479.0284
58.092369,60,479.103689
57.9611,60,479.172312
57.316,60,479.246797
51.226314,60,480.119512
54.978346,60,480.197002
52.570264,60,480.268931
57.60286,60,480.340331
57.787604,60,480.425895
56.99104,60,480.496154
56.882492,60,480.566517
57.329639,60,480.646986
51.584613,60,480.716389
57.299722,60,480.790254
57.533153,60,480.874904
57.550574,60,480.948919
58.279805,60,481.023845
57.438734,60,481.093096
54.6974,60,481.176065
56.93869,60,481.251071
57.594122,60,481.320672
55.702565,60,482.153636
57.613382,60,482.223166
57.567835,60,482.291008
56.885133,60,482.355766
58.8,60,482.4284
56.78666,60,482.499312
56.762806,60,482.565712
20.528203,60,482.637624
57.282968,60,482.705523
56.946661,60,482.774931
48.000203,60,482.852485
57.249559,60,482.926437
57.38926,60,482.992202
57.323705,60,483.067775
57.470996,60,483.134189
56.949248,60,483.203078
55.57929,60,483.272903
57.223645,60,484.066316
37.632569,60,484.134242
56.557508,60,484.20376
51.280277,60,484.287618
56.415666,60,484.36511
53.593305,60,484.442065
57.666896,60,484.516555
45.057255,60,484.592543
29.766561,60,484.664517
55.514141,60,484.732418
52.230209,60,484.799215
58.346497,60,484.871296
58.422966,60,484.944713
55.960667,60,485.023648
54.932113,60,485.095526
56.793605,60,485.166958
56.923462,60,485.250979
52.239336,60,485.33053
58.10244,60,486.24406
57.235341,60,486.320133
56.554513,60,486.392504
52.590904,60,486.471397
56.486875,60,486.550844
57.164148,60,486.623204
56.276928,60,486.691783
57.952715,60,486.76639
28.983803,60,486.842368
56.721328,60,486.91624
58.431039,60,486.994123
57.73486,60,487.072947
57.459898,60,487.156296
34.159295,60,487.23984
55.619224,60,487.31435
57.652896,60,487.400465
56.903686,60,487.472868
57.47488,60,488.340696
58.185006,60,488.414635
57.530787,60,488.483842
57.445177,60,488.552026
45.898659,60,488.620727
53.278212,60,488.68997
55.817914,60,488.760867
57.705757,60,488.830359
57.014993,60,488.896073
57.328999,60,488.964568
57.075466,60,489.027582
24.529197,49,489.080016
52.283682,60,489.140922
57.646708,60,489.203267
57.45,60,489.265645
56.556218,60,489.331547
56.342617,60,489.397912
58.602137,60,490.17824
36.509625,60,490.243594
46.22363,60,490.309206
46.864141,60,490.37863
57.125354,60,490.443467
58.069632,60,490.506377
56.64675,60,490.574791
57.477847,60,490.641534
57.165326,60,490.703298
57.063848,60,490.771923
58.261786,60,490.837847
51.849661,60,490.906611
56.959259,60,490.971998
37.936722,60,491.039921
31.317314,60,491.106331
56.02818,60,491.172759
57.48172,60,491.239578
58.090045,60,491.976448
57.35177,60,492.040372
56.952567,60,492.100303
56.972783,60,492.166674
58.048856,60,492.234636
49.560563,60,492.29449
56.18164,60,492.362862
57.786533,60,492.428647
58.4,60,492.492691
57.704329,60,492.561951
35.914002,60,492.622711
56.779548,60,492.684103
56.076025,60,492.75209
57.659377,60,492.81204
56.788908,60,492.873976
57.195792,60,492.940018
57.031177,60,493.004896
55.421013,60,493.759983
58.56704,60,493.818769
35.083745,60,493.877963
57.610657,60,493.93574
55.271455,60,494.001329
57.232963,60,494.063686
57.326101,60,494.126593
56.295704,60,494.195937
57.752165,60,494.261303
43.595289,60,494.320205
58.376113,60,494.380605
46.675099,60,494.439393
54.873372,60,494.502658
58.829461,60,494.566412
56.180698,60,494.626764
57.547594,60,494.693518
57.809333,60,494.755427
57.623809,60,495.506658
57.004766,60,495.563372
33.062269,60,495.623273
58.424594,60,495.685639
54.673856,60,495.745394
53.749652,60,495.805916
58.159096,60,495.861118
56.953732,60,495.921903
56.564299,60,495.981311
58.504039,60,496.036686
57.91102,60,496.094475
31.89469,60,496.150303
57.131292,60,496.209771
51.645811,60,496.266683
58.049056,60,496.322971
52.798386,60,496.382748
56.055288,60,496.443152
57.407308,60,497.143633
22.581459,60,497.20789
57.130264,60,497.266195
57.364298,60,497.324151
57.470538,60,497.390066
47.316623,60,497.44939
57.55031,60,497.503263
55.689273,60,497.564206
57.024651,60,497.623101
42.76054,60,497.681892
56.84826,60,497.742155
56.940747,60,497.80118
56.819069,60,497.86044
55.44143,60,497.92183
51.366223,60,497.977143
57.981894,60,498.055073
57.394835,60,498.113286
57.211079,60,498.790378
55.72929,60,498.852816
50.540593,60,498.908164
57.841295,60,498.963417
56.902256,60,499.022738
57.501353,60,499.07921
57.577659,60,499.135564
57.35003,60,499.190957
52.030642,60,499.252852
31.742538,60,499.312185
55.685979,60,499.372392
57.524172,60,499.430506
56.626276,60,499.490773
57.914572,60,499.548191
56.494016,60,499.600987
57.36798,60,499.660941
49.849417,60,499.718972
57.336685,60,500.40453
56.851848,60,500.459918
57.343487,60,500.515295
56.478577,60,500.571155
57.117342,60,500.629094
56.106025,60,500.683509
37.06632,60,500.742553
57.283843,60,500.796297
57.342195,60,500.854337
54.901381,60,500.914244
35.532942,60,500.971517
57.187798,60,501.031815
57.088976,60,501.092758
57.057222,60,501.150189
58.157232,60,501.206667
58.174612,60,501.267721
51.99689,60,501.328613
56.829991,60,502.066201
56.906854,60,502.13203
57.075711,60,502.197268
57.638586,60,502.262179
56.120788,60,502.317377
57.163875,60,502.377284
57.050777,60,502.43562
56.834988,60,502.491509
57.494136,60,502.549912
8.13008,30,502.577587
52.664682,60,502.633831
26.060338,60,502.686298
49.496906,60,502.743202
47.241214,60,502.79259
58.392542,60,502.847568
40.238297,60,502.90029
57.690968,60,502.952624
57.069857,60,503.005891
22.875116,60,503.655758
57.906909,60,503.71026
53.120887,60,503.771667
57.577569,60,503.828128
57.842738,60,503.88392
57.354273,60,503.943222
54.920215,60,503.999071
11.669816,60,504.053852
56.85358,60,504.116261
55.93413,60,504.174597
51.077503,60,504.230014
53.041649,60,504.286277
57.008401,60,504.343611
37.343025,60,504.400934
57.411756,60,504.460739
57.480593,60,504.519135
47.466781,60,504.575037
40.281725,60,505.222927
54.813918,60,505.284302
56.199778,60,505.347714
58.063499,60,505.415129
56.733939,60,505.477988
50.329254,60,505.534389
44.89443,60,505.589383
50.406975,60,505.642611
57.236279,60,505.696878
57.721135,60,505.750686
55.231989,60,505.801487
58.784057,60,505.854818
42.887683,60,505.90163
56.581119,60,505.953961
57.198111,60,506.00422
23.384274,60,506.060089
55.978781,60,506.118364
57.359973,60,506.777257
56.951291,60,506.832995
57.298822,60,506.885209
56.061768,60,506.941506
56.634468,60,506.997419
56.39881,60,507.052287
57.765722,60,507.103086
43.704287,60,507.158836
25.932072,60,507.211652
32.447142,60,507.268061
56.872009,60,507.325393
48.18907,60,507.37616
57.943164,60,507.42807
55.617287,60,507.481818
57.703134,60,507.533117
53.768572,60,507.584979
52.75878,60,507.638772
56.083678,60,508.281983
54.936085,60,508.33278
57.0339,60,508.391293
46.614995,60,508.444637
55.629991,60,508.497418
57.32842,60,508.554336
55.779756,60,508.610624
57.385054,60,508.661584
56.963654,60,508.715799
28.900924,60,508.773705
57.258796,60,508.830473
54.687839,60,508.886245
56.77036,60,508.940046
54.136643,60,508.995085
55.754227,60,509.048462
56.421652,60,509.09623
57.397767,60,509.150572
57.642795,60,509.76202
57.787349,60,509.815885
38.752656,60,509.871656
56.703713,60,509.926078
56.058544,60,509.983425
53.21721,60,510.038821
57.376668,60,510.095554
55.046579,60,510.150846
50.347707,60,510.203742
56.797442,60,510.26208
57.540282,60,510.316481
53.538932,60,510.370846
49.347707,60,510.425101
55.616173,60,510.477412
51.054532,60,510.53623
53.172498,60,510.594541
57.298583,60,510.651815
56.729948,60,511.294762
56.463324,60,511.350293
56.424755,60,511.407063
31.973749,60,511.463603
55.618412,60,511.513964
56.801568,60,511.570336
54.055936,60,511.623576
44.900924,60,511.671892
56.186454,60,511.719637
46.36335,60,511.776027
55.643322,60,511.830193
57.122481,60,511.885297
56.894911,60,511.943527
56.615545,60,511.998776
56.238304,60,512.049598
57.065562,60,512.101912
57.093184,60,512.155439
52.653813,60,512.798199
34.583567,60,512.858169
17.308332,60,512.910483
57.208327,60,512.967273
56.876129,60,513.024635
58.026293,60,513.082409
58.229985,60,513.139218
41.301048,60,513.195434
57.318476,60,513.251632
56.68249,60,513.306431
57.441855,60,513.355676
40.735122,60,513.411514
11.453464,59,513.468925
57.101892,60,513.521671
56.370199,60,513.5773
57.400183,60,513.633423
56.574991,60,513.686867
57.464819,60,514.304455
56.838353,60,514.361753
55.598052,60,514.420551
54.206198,60,514.479902
52.625252,60,514.531199
56.649068,60,514.581484
55.001983,60,514.636315
56.873587,60,514.693503
50.099676,60,514.741125
57.706122,60,514.794897
57.155904,60,514.848597
48.655764,60,514.901021
56.890666,60,514.955842
56.451754,60,515.012137
58.158377,60,515.065357
54.837467,60,515.123706
56.60327,60,515.175987
50.449065,60,515.84186
57.30035,60,515.93287
56.548506,60,515.995681
55.911442,60,516.055552
38.491767,60,516.111925
56.986523,60,516.1703
9.558405,36,516.207083
55.492549,60,516.265522
52.834382,60,516.324831
55.670125,60,516.383671
57.69105,60,516.440973
57.204912,60,516.504424
56.820691,60,516.560773
57.077271,60,516.627228
57.245863,60,516.689093
56.29348,60,516.748421
57.970191,60,516.805763
56.592705,60,516.866048
57.542452,60,517.528023
57.381791,60,517.583294
56.167131,60,517.641934
57.554458,60,517.697353
57.184199,60,517.759645
56.362855,60,517.814387
57.110296,60,517.870261
56.441203,60,517.925128
56.837426,60,517.97731
54.835852,60,518.034156
55.426762,60,518.091918
50.727477,60,518.145751
58.507816,60,518.202943
56.348997,60,518.259763
58.35791,60,518.320468
56.460513,60,518.375603
57.607,60,518.436273
56.47195,60,519.117519
55.986843,60,519.173402
56.511149,60,519.237602
51.020304,60,519.296966
13.68488,35,519.330223
43.910334,60,519.386075
57.384244,60,519.448515
57.162103,60,519.518883
57.118647,60,519.58375
56.632255,60,519.649695
56.409897,60,519.716311
55.132574,60,519.782436
9.102854,31,519.815168
52.758504,60,519.880965
56.150706,60,519.946893
19.857849,44,519.988621
53.864803,60,520.051647
56.091156,60,520.113425
57.416554,60,520.840101
58.329396,60,520.901928
30.156432,60,520.959774
57.763344,60,521.024254
57.035028,60,521.082045
52.371154,60,521.145958
57.048929,60,521.203873
56.815446,60,521.26127
24.424097,49,521.311485
56.999214,60,521.372088
8.083365,57,521.428261
57.958786,60,521.485983
43.624961,60,521.545883
56.198169,60,521.604674
57.12976,60,521.662992
28.158298,60,521.725436
57.856785,60,521.782762
55.407802,60,521.85172
55.487746,60,522.655852
56.908671,60,522.722897
57.690947,60,522.82818
57.331514,60,522.920753
56.060718,60,522.99105
56.941588,60,523.055288
57.301196,60,523.142258
57.10446,60,523.246123
57.206554,60,523.309485
58.201748,60,523.368355
57.483961,60,523.431848
49.036384,60,523.486235
57.15463,60,523.541659
57.727245,60,523.6074
57.900107,60,523.666796
53.122558,60,523.725254
57.594487,60,523.778127
54.141798,60,524.425364
58.828853,60,524.482272
55.41431,60,524.537689
53.670828,60,524.594506
53.931436,60,524.651323
56.135553,60,524.706588
54.377827,60,524.761772
56.922317,60,524.816162
57.142373,60,524.870049
58.028784,60,524.925847
56.789197,60,524.984787
54.531765,60,525.040617
58.084408,60,525.094853
56.84074,60,525.155305
57.021103,60,525.211091
58.466161,60,525.265401
56.114927,60,525.320218
56.708401,60,525.907121
59.134274,60,525.958398
58.546206,60,526.010653
56.843377,60,526.068947
56.730168,60,526.122805
57.541346,60,526.180136
58.195179,60,526.238603
56.564214,60,526.291003
57.519409,60,526.342778
57.237459,60,526.393127
53.061056,60,526.445904
56.992403,60,526.501828
56.765825,60,526.554032
57.76924,60,526.605914
56.503147,60,526.6627
57.588714,60,526.714813
58.145809,60,526.76858
57.508457,60,527.421637
58.083094,60,527.47754
55.892772,60,527.535466
32.136807,60,527.588828
57.107701,60,527.642689
57.67519,60,527.69505
58.138729,60,527.744324
52.260746,60,527.792185
55.566835,60,527.841906
57.663153,60,527.892149
48.356214,60,527.945075
57.7771,60,527.993402
54.860067,60,528.042721
50.459662,60,528.09507
57.130646,60,528.14337
57.305664,60,528.199434
57.551514,60,528.254702
10.396671,55,528.882555
56.633622,60,528.935892
54.870525,60,528.988686
57.61925,60,529.049557
47.536772,60,529.102843
57.494993,60,529.153289
56.830743,60,529.211054
57.183387,60,529.264459
57.746161,60,529.316798
56.727692,60,529.375234
56.713391,60,529.430137
57.177244,60,529.483102
57.976939,60,529.540986
57.607765,60,529.592943
56.753949,60,529.661474
58.231807,60,529.72689
57.545175,60,529.792735
57.184852,60,530.475713
57.09276,60,530.5376
58.379669,60,530.599915
57.771153,60,530.662783
57.911093,60,530.721829
55.978337,60,530.780217
57.824852,60,530.840326
56.604932,60,530.894681
52.377904,60,530.952116
57.016185,60,531.010494
57.246175,60,531.068407
27.774515,60,531.144339
55.60594,60,531.208369
57.302984,60,531.273726
57.222851,60,531.335661
56.44267,60,531.395481
54.133781,60,531.460901
56.259392,60,532.148008
57.177141,60,532.20174
50.621203,60,532.257031
57.672795,60,532.31587
57.216673,60,532.371291
32.155014,60,532.433068
55.988602,60,532.498998
51.491967,60,532.559467
58.266756,60,532.618445
57.242954,60,532.680149
57.689778,60,532.751024
57.75,60,532.820686
57.299182,60,532.883101
48.271761,60,532.955146
58.057868,60,533.021096
57.62931,60,533.087469
58.177964,60,533.148509
57.114494,60,533.885997
52.455159,60,533.945907
50.903815,60,534.005977
57.827284,60,534.064445
55.500326,60,534.121332
56.914954,60,534.179749
58.02332,60,534.235647
57.804438,60,534.296552
55.873327,60,534.350562
56.495585,60,534.404974
50.651864,60,534.470463
53.364469,60,534.529908
57.759697,60,534.587841
55.865939,60,534.647707
14.017568,60,534.704311
57.298306,60,534.758654
51.787518,60,534.81108
50.767699,60,535.534698
57.123207,60,535.594929
46.467211,60,535.651606
56.593629,60,535.71139
12.160791,36,535.749132
57.76377,60,535.806016
54.115936,60,535.860864
58.004094,60,535.911202
57.422543,60,535.962492
57.601387,60,536.011994
50.975451,60,536.064446
57.202584,60,536.115862
57.582711,60,536.175161
56.517602,60,536.230334
58.173745,60,536.280504
58.04116,60,536.330857
57.277336,60,536.385343
57.603966,60,536.434267
58.344033,60,537.024904
57.785103,60,537.078688
56.623278,60,537.131458
58.386339,60,537.187307
36.007372,60,537.241205
58.162408,60,537.294007
58.120109,60,537.336828
57.71439,60,537.387048
57.61988,60,537.442452
53.572208,60,537.490312
58.542953,60,537.541173
48.830595,60,537.591964
58.51463,60,537.641907
51.192524,60,537.695282
57.162609,60,537.747593
57.792795,60,537.794394
55.944724,60,537.843231
57.781188,60,538.511907
57.584214,60,538.577124
57.821566,60,538.633304
56.810965,60,538.690048
57.444135,60,538.743852
57.345599,60,538.80936
57.403508,60,538.862761
58.001728,60,538.918089
57.124255,60,538.976587
57.795817,60,539.026467
56.254343,60,539.080949
57.319738,60,539.136282
58.231101,60,539.192098
54.77895,60,539.247948
57.360337,60,539.304882
26.362893,60,539.361836
57.230193,60,539.418332
56.862857,60,540.108126
57.777928,60,540.166515
39.761238,60,540.225466
57.46898,60,540.288885
57.378373,60,540.349351
37.883057,60,540.408829
23.090131,60,540.471701
57.449841,60,540.533256
57.138945,60,540.58911
56.842501,60,540.646939
49.138195,60,540.704366
45.695654,60,540.766807
58.004532,60,540.826698
57.25487,60,540.886481
57.379179,60,540.945241
57.785868,60,541.002424
57.061998,60,541.059305
56.544482,60,541.781642
55.980819,60,541.840581
57.023866,60,541.89834
39.036661,60,541.957253
58.13068,60,542.015603
58.447126,60,542.076884
57.398652,60,542.135256
56.897153,60,542.19584
57.721548,60,542.252238
57.426077,60,542.313217
55.175959,60,542.372986
56.702202,60,542.467543
57.433471,60,542.541589
57.634475,60,542.60044
58.182732,60,542.658338
30.371218,60,542.714243
57.174494,60,542.768507
57.190517,60,543.441309
57.603933,60,543.496957
58.329674,60,543.554083
57.788362,60,543.609423
56.370851,60,543.663245
57.948802,60,543.716978
57.639912,60,543.773299
56.623246,60,543.829453
11.346547,32,543.859024
57.514445,60,543.917858
57.012045,60,543.973757
27.886876,60,544.031238
57.434723,60,544.088135
58.152019,60,544.144465
57.051895,60,544.198887
58.07995,60,544.255769
57.336475,60,544.310199
57.687323,60,544.95547
57.680362,60,545.008343
57.328815,60,545.066847
57.751144,60,545.124724
57.139992,60,545.181098
56.645347,60,545.236472
56.651831,60,545.292466
26.870602,60,545.353411
57.752343,60,545.411344
56.703197,60,545.465763
57.926134,60,545.518045
57.109,60,545.574943
57.508782,60,545.632964
58.421727,60,545.68487
57.49319,60,545.740739
57.111153,60,545.79506
56.704526,60,545.851539
56.952635,60,546.500921
57.404106,60,546.557282
56.75814,60,546.618745
57.334042,60,546.677547
35.911,60,546.736366
52.734559,60,546.793693
56.83211,60,546.852563
56.404944,60,546.911618
56.298849,60,546.971512
57.202932,60,547.027853
58.130902,60,547.08474
57.041433,60,547.142605
56.423907,60,547.198868
57.817613,60,547.255703
56.106559,60,547.314166
58.048689,60,547.369879
56.888865,60,547.427426
57.00416,60,547.483772
57.406012,60,548.109937
57.444259,60,548.163285
57.640281,60,548.22378
56.362707,60,548.279629
57.915536,60,548.339095
57.957591,60,548.395467
57.810329,60,548.449671
57.641151,60,548.506426
56.99375,60,548.562168
57.568972,60,548.617906
58.016686,60,548.67272
54.348729,60,548.729129
57.452559,60,548.789006
57.590094,60,548.848293
50.747691,60,548.904531
56.119726,60,548.961899
41.801993,60,549.020783
58.399024,60,549.681986
19.950337,40,549.719675
56.542891,60,549.775367
57.419555,60,549.830735
58.273175,60,549.886199
57.941062,60,549.942591
57.054841,60,549.992874
57.362887,60,550.048334
58.110934,60,550.103713
57.370576,60,550.156685
57.400633,60,550.214008
56.840762,60,550.271336
55.431897,60,550.325636
56.028778,60,550.383035
57.691942,60,550.440348
55.339465,60,550.498508
56.623957,60,550.555291
54.418999,60,551.200115
46.069628,60,551.255405
58.118763,60,551.312869
58.543139,60,551.369703
53.324312,60,551.425613
7.376227,39,551.461985
56.989323,60,551.518904
57.803267,60,551.575282
57.229777,60,551.631215
58.267538,60,551.687622
57.80916,60,551.743912
57.541679,60,551.805248
57.818351,60,551.860536
57.528961,60,551.914951
56.210168,60,551.971888
57.748241,60,552.022205
57.877157,60,552.074916
33.307247,60,552.711588
57.203827,60,552.772406
56.722858,60,552.828255
58.028971,60,552.882683
57.779217,60,552.93905
56.462657,60,552.99245
55.580725,60,553.049278
28.167396,60,553.104662
58.161137,60,553.158512
57.331443,60,553.215189
57.961332,60,553.26901
55.665569,60,553.324803
55.917509,60,553.383308
57.334838,60,553.441247
52.304317,60,553.497051
57.628803,60,553.555033
48.210536,60,553.613858
57.723318,60,554.26105
56.784256,60,554.313898
58.038626,60,554.367751
57.009713,60,554.42218
31.841335,60,554.473238
56.633876,60,554.526819
56.6666,60,554.579623
57.634213,60,554.635064
58.543739,60,554.686468
12.961637,59,554.7398
55.111242,60,554.794321
21.243014,46,554.834913
58.421183,60,554.889651
57.576537,60,554.949011
56.915716,60,555.006463
57.570175,60,555.06283
57.695869,60,555.1166
57.652884,60,555.173013
47.904381,60,555.8255
57.21957,60,555.885354
57.713755,60,555.939413
35.911584,60,555.998373
57.569492,60,556.057701
53.451643,60,556.115521
56.81289,60,556.174459
57.622222,60,556.23131
56.079665,60,556.288174
58.565798,60,556.349082
43.140462,60,556.407949
54.850378,60,556.461756
57.8,60,556.51553
57.648546,60,556.569286
56.861211,60,556.622552
56.478817,60,556.678434
57.701092,60,556.732726
56.699939,60,557.384984
56.640581,60,557.443913
57.986732,60,557.500242
56.872171,60,557.559145
58.074026,60,557.617493
57.678875,60,557.671393
54.926551,60,557.730206
57.680757,60,557.784091
57.333553,60,557.841018
57.839676,60,557.898981
45.83083,60,557.956156
42.040731,60,558.012386
56.441222,60,558.069276
57.010381,60,558.126184
57.015228,60,558.181095
57.292347,60,558.23896
57.025213,60,558.296244
57.848754,60,558.936193
57.972859,60,558.991032
57.508254,60,559.044822
57.931883,60,559.0972
57.98087,60,559.154561
57.024424,60,559.211508
44.918422,60,559.267848
55.854027,60,559.326273
52.944326,60,559.381109
58.010021,60,559.435501
57.062745,60,559.491924
57.710801,60,559.544764
55.170913,60,559.605079
57.129939,60,559.66063
57.739456,60,559.715162
57.711313,60,559.773614
58.065209,60,559.829028
57.638526,60,560.485466
57.29744,60,560.555437
56.004159,60,560.616292
57.792477,60,560.674319
57.031107,60,560.726151
57.347912,60,560.780487
55.377293,60,560.835377
55.777137,60,560.895177
51.408713,60,560.947622
57.051282,60,560.998954
56.819439,60,561.05515
58.121226,60,561.113526
57.855693,60,561.166427
56.93358,60,561.225337
57.856748,60,561.283205
56.790765,60,561.33862
57.791044,60,561.401739
56.610502,60,562.141257
58.461689,60,562.227854
57.455746,60,562.286217
56.516766,60,562.344083
15.19099,39,562.382285
57.286976,60,562.441201
57.153351,60,562.497628
57.34486,60,562.555142
28.378804,60,562.615112
57.397943,60,562.671009
57.086582,60,562.726455
58.707687,60,562.783755
42.5018,60,562.843064
56.936398,60,562.906491
56.880534,60,562.963839
57.137387,60,563.021159
55.797597,60,563.078412
56.507298,60,563.736609
56.579122,60,563.791043
58.182495,60,563.846222
57.155308,60,563.900002
26.447701,60,563.950873
57.928251,60,564.005292
56.936472,60,564.057637
56.353598,60,564.111003
57.949414,60,564.167845
57.787959,60,564.224802
57.242166,60,564.278786
55.283531,60,564.338629
57.003763,60,564.394408
57.539556,60,564.449718
40.106626,60,564.503945
57.912748,60,564.558829
55.175829,60,564.615061
57.47471,60,564.66991
58.124833,60,565.322679
44.745901,60,565.379989
57.101214,60,565.436379
57.062512,60,565.492292
57.489177,60,565.548274
46.504027,60,565.604605
46.453766,60,565.658972
56.380863,60,565.714583
32.321893,60,565.768948
58.096979,60,565.823751
56.870568,60,565.879507
39.669472,60,565.93338
36.392175,60,565.98621
56.869282,60,566.044992
56.5524,60,566.100325
56.289974,60,566.157234
57.379735,60,566.210998
54.214402,60,566.861887
56.627407,60,566.91733
56.978089,60,566.975197
57.088204,60,567.031027
56.52571,60,567.087417
57.824872,60,567.146755
55.344994,60,567.203101
57.556101,60,567.257395
58.118593,60,567.315247
58.584718,60,567.371652
58.009177,60,567.426071
47.822887,60,567.484387
57.081166,60,567.540747
56.644653,60,567.596665
57.482543,60,567.650557
57.597382,60,567.705951
58.414638,60,567.762335
56.501521,60,568.388148
57.307455,60,568.445946
55.709019,60,568.500246
57.313718,60,568.556061
57.553062,60,568.610909
57.207131,60,568.666177
56.586712,60,568.724405
57.546219,60,568.778601
57.430085,60,568.833326
57.020699,60,568.887189
57.603258,60,568.939941
40.612535,60,568.995304
56.150215,60,569.052704
56.273368,60,569.10698
51.216259,60,569.169956
57.72847,60,569.224864
57.012198,60,569.287225
58.467345,60,569.949965
58.13482,60,570.006313
58.95,60,570.060783
56.922727,60,570.109656
56.257713,60,570.161492
57.856422,60,570.214826
57.375978,60,570.26725
57.786363,60,570.316085
58.041642,60,570.377934
57.273008,60,570.440038
57.528991,60,570.494206
53.333308,60,570.546399
56.913889,60,570.600764
57.25,60,570.654719
46.936074,60,570.707076
57.2,60,570.758931
57.108332,60,570.813294
56.335837,60,571.462726
58.129726,60,571.521161
56.420715,60,571.57203
56.763491,60,571.627219
57.314213,60,571.681125
41.250107,60,571.735254
58.032712,60,571.789596
57.180021,60,571.842609
57.846099,60,571.90843
57.359959,60,571.965662
57.222138,60,572.018566
54.973008,60,572.074439
57.975896,60,572.126839
56.461314,60,572.17709
57.071492,60,572.229416
57.357699,60,572.283518
58.079134,60,572.335917
56.141365,60,572.955767
56.858212,60,573.009109
55.775122,60,573.061516
57.189176,60,573.112827
56.513342,60,573.162827
49.970709,60,573.218101
57.073505,60,573.269779
7.420788,60,573.322089
57.307635,60,573.368773
57.754579,60,573.415651
57.73831,60,573.464397
57.15,60,573.519869
58.557116,60,573.572268
55.910412,60,573.624594
55.1676,60,573.677553
57.099365,60,573.733369
58.22596,60,573.788298
55.25855,60,574.382878
58.041242,60,574.438113
56.767881,60,574.490524
58.492707,60,574.545811
54.557042,60,574.601272
58.420346,60,574.655072
57.818855,60,574.704789
57.773149,60,574.758605
57.496447,60,574.812933
34.227332,60,574.86727
55.817031,60,574.920653
58.210486,60,574.973531
58.02913,60,575.027875
57.037348,60,575.079212
55.507145,60,575.13459
57.967509,60,575.190989
57.4,60,575.241308
58.044083,60,575.814765
57.241768,60,575.865658
57.164544,60,575.915909
54.043159,60,575.967196
56.989853,60,576.024035
58.632283,60,576.072276
56.532859,60,576.122995
47.546248,60,576.174996
57.268335,60,576.223293
42.178672,60,576.274166
57.818221,60,576.329555
56.683185,60,576.381289
57.228836,60,576.438108
57.505119,60,576.493389
55.246422,60,576.545166
53.143874,60,576.613045
57.412766,60,576.66929
57.139364,60,577.271438
52.498435,60,577.321264
25.533727,60,577.37316
56.223125,60,577.422399
58.181544,60,577.472119
57.177351,60,577.521586
56.10328,60,577.570953
57.767076,60,577.619674
56.051823,60,577.669034
56.973649,60,577.722248
55.217212,60,577.773003
55.55971,60,577.824298
57.343962,60,577.876017
58.13766,60,577.926925
58.017708,60,577.974212
56.730618,60,578.026007
57.062821,60,578.076199
56.028403,60,578.674864
25.567818,60,578.728269
57.708047,60,578.784043
56.850299,60,578.838469
58.093014,60,578.890828
56.650555,60,578.94367
57.133642,60,579.000511
58.20774,60,579.052437
58.748457,60,579.105772
57.672667,60,579.159048
58.153712,60,579.213816
58.34397,60,579.264648
57.973378,60,579.318973
57.856773,60,579.374758
55.412396,60,579.427618
57.698249,60,579.47592
57.405583,60,579.528249
54.246713,60,580.098463
34.598948,60,580.150419
57.328292,60,580.207706
47.803789,60,580.258919
58.869928,60,580.313078
56.785113,60,580.368271
56.676873,60,580.422371
57.296706,60,580.474713
57.124139,60,580.524119
54.898281,60,580.574944
58.657349,60,580.629284
56.991949,60,580.680124
57.484247,60,580.736993
56.094511,60,580.793485
36.076566,60,580.84886
57.769604,60,580.903653
54.933864,60,580.962382
56.515177,60,581.598446
57.530356,60,581.65488
12.94564,36,581.689644
58.023428,60,581.744967
47.612572,60,581.799343
57.788433,60,581.853134
44.299212,60,581.904288
57.868371,60,581.958552
56.681899,60,582.009822
55.187596,60,582.065675
57.509274,60,582.121596
56.030789,60,582.174452
56.843805,60,582.228188
58.582699,60,582.284982
55.015469,60,582.337362
58.4,60,582.395749
55.78828,60,582.452104
55.782468,60,582.51051
56.778414,60,583.168524
45.081553,60,583.224797
57.153781,60,583.281083
57.207244,60,583.336549
57.704565,60,583.392975
56.298781,60,583.447837
57.629755,60,583.506131
57.748772,60,583.557979
58.312297,60,583.614279
57.569223,60,583.676296
57.184314,60,583.729557
57.472451,60,583.783436
56.257855,60,583.841742
57.551073,60,583.899203
57.319104,60,583.954137
56.627623,60,584.014322
58.888071,60,584.117387
57.577753,60,584.742694
57.279845,60,584.794585
54.763983,60,584.846988
58.036347,60,584.896328
56.416314,60,584.947643
57.728964,60,585.004406
56.129244,60,585.061327
57.504255,60,585.115736
57.641126,60,585.169551
41.182785,60,585.228983
57.108019,60,585.285743
57.632167,60,585.343557
57.722842,60,585.400472
57.15682,60,585.448315
58.073422,60,585.503135
54.128483,60,585.558925
57.501275,60,585.611201
55.166854,60,586.275771
55.661209,60,586.336584
57.683416,60,586.402189
56.807598,60,586.465534
57.138446,60,586.524425
58.7,60,586.578856
56.130641,60,586.636095
57.694767,60,586.692506
57.75056,60,586.743358
56.979838,60,586.79368
58.579113,60,586.85125
58.456662,60,586.905597
57.456372,60,586.960444
56.746239,60,587.016824
55.491895,60,587.071667
57.923589,60,587.128011
54.857392,60,587.183363
57.607246,60,587.848341
55.071462,60,587.90727
57.19454,60,587.964068
57.332839,60,588.019921
57.867996,60,588.077277
55.942584,60,588.129632
54.921546,60,588.186006
57.739525,60,588.246926
41.213974,60,588.30637
55.189091,60,588.362342
55.976543,60,588.420672
55.306167,60,588.477553
57.315484,60,588.531906
58.089221,60,588.587273
57.722446,60,588.64257
55.021584,60,588.70414
56.783603,60,588.758052
57.465201,60,589.384762
57.285952,60,589.439085
57.412599,60,589.495469
58.00043,60,589.549798
36.267115,60,589.603993
58.238444,60,589.661387
57.917741,60,589.717795
57.55,60,589.774741
56.430362,60,589.830537
56.761588,60,589.884793
19.322958,60,589.939819
26.501272,60,589.993671
57.314082,60,590.054546
22.529859,60,590.109869
51.513967,60,590.163551
56.149368,60,590.215604
57.037088,60,590.275905
53.21755,60,590.924102
11.520433,34,590.956335
58.15,60,591.010726
54.282201,60,591.066493
56.179038,60,591.119889
57.806672,60,591.174289
57.592728,60,591.226097
55.322349,60,591.281778
54.324561,60,591.338517
57.880797,60,591.397326
21.476041,60,591.452997
56.493919,60,591.508972
56.103524,60,591.564816
55.103398,60,591.62004
57.024157,60,591.676811
39.702545,60,591.732662
57.027471,60,591.786401
57.099523,60,591.845395
57.167659,60,592.492916
56.616921,60,592.545795
57.428617,60,592.602059
54.725813,60,592.658859
54.088083,60,592.713195
13.875331,59,592.767523
57.378731,60,592.829653
57.27198,60,592.883637
44.869031,60,592.937942
56.855158,60,592.996385
49.373679,60,593.055721
56.761497,60,593.110571
57.784195,60,593.164419
54.695376,60,593.222317
57.373351,60,593.276781
57.634922,60,593.332735
57.719732,60,593.387967
50.475999,60,594.086635
57.202808,60,594.149496
57.085676,60,594.206894
51.626148,60,594.263314
56.889011,60,594.31552
56.891369,60,594.373821
55.575795,60,594.431548
52.355092,60,594.490129
19.953501,60,594.549673
56.553032,60,594.607981
48.412948,60,594.669928
57.468101,60,594.733847
57.60542,60,594.793735
57.473531,60,594.854648
57.850424,60,594.917984
53.406194,60,594.987391
55.868616,60,595.044405
56.775118,60,595.711545
57.511445,60,595.765874
55.828125,60,595.820056
57.468046,60,595.876407
57.600981,60,595.931703
52.298386,60,595.990576
58.113911,60,596.045416
57.729805,60,596.101829
49.725973,60,596.158628
55.478007,60,596.213466
56.668817,60,596.267466
57.075333,60,596.326282
57.440401,60,596.388188
55.401401,60,596.445479
58.278406,60,596.506317
57.598747,60,596.564764
57.403857,60,596.624188
57.90871,60,597.290278
54.617889,60,597.348268
58.085984,60,597.407637
14.227692,37,597.443859
58.151751,60,597.503757
51.507298,60,597.55962
57.590025,60,597.616006
57.215186,60,597.675307
56.925471,60,597.728639
58.373626,60,597.78399
55.756967,60,597.843899
57.550664,60,597.899265
50.73028,60,597.955641
10.311588,33,597.987992
57.086373,60,598.043245
57.621078,60,598.099616
57.116225,60,598.155351
57.934825,60,598.214715
56.580203,60,598.874377
52.696371,60,598.932782
52.843686,60,598.987605
56.859885,60,599.041894
54.950396,60,599.101305
57.520524,60,599.156171
57.580199,60,599.210055
56.845079,60,599.266457
57.881504,60,599.322861
57.77237,60,599.379748
43.285393,60,599.439515
56.886748,60,599.496141
55.838359,60,599.551042
58.029999,60,599.642136
57.167062,60,599.706057
57.001175,60,599.765593
51.600425,60,599.824612
56.735503,60,600.487057
56.582819,60,600.542326
57.451682,60,600.600358
56.977126,60,600.65571
58.119665,60,600.712733
57.44473,60,600.770632
56.158247,60,600.829577
57.058707,60,600.888436
57.160645,60,600.947745
56.838706,60,601.007164
57.373459,60,601.062526
30.736737,60,601.117359
57.014175,60,601.177309
56.122285,60,601.237916
57.809208,60,601.293764
57.444562,60,601.35249
57.910046,60,601.413791
51.476804,60,602.111038
56.227823,60,602.164348
57.773968,60,602.221324
57.818355,60,602.279212
55.391265,60,602.335573
57.724836,60,602.390844
58.57956,60,602.449087
58.20729,60,602.505605
57.366438,60,602.559441
52.177459,60,602.621354
57.497592,60,602.679696
56.677012,60,602.734581
55.757669,60,602.79197
29.341431,60,602.849844
56.604731,60,602.908249
45.135719,60,602.965001
57.732925,60,603.021756
