#{"t_start": 1790474181.4729724, "env_id": "None"}
r,l,t
18.031129,60,2.382221
13.980479,48,2.398309
17.7351,60,2.41693
20.557115,59,2.435015
17.001194,60,2.457242
7.665483,53,2.474873
16.601357,60,2.496971
11.819071,59,2.514645
6.122181,32,2.525208
16.024709,45,2.53878
22.03256,58,2.555415
9.076883,47,2.569502
5.6924,45,2.58459
4.390226,34,2.595653
7.571763,38,2.606699
6.185089,56,2.62233
2.71129,39,2.634924
6.471187,40,2.647995
20.806238,60,2.671167
10.850018,52,2.692328
13.925996,60,2.716736
8.579843,51,2.73532
6.173911,33,2.750359
16.665506,57,2.772464
4.347073,47,2.789518
14.61097,50,2.809618
10.775435,40,2.825197
3.825525,36,2.837725
12.674567,51,2.855784
4.556312,36,2.86789
11.964181,60,2.888023
18.282073,60,2.905637
34.949267,60,2.927728
17.48858,60,2.948486
18.956221,60,2.971138
9.35521,47,2.989724
13.43739,52,3.006328
12.836705,57,3.025486
20.069367,60,3.04658
20.916141,60,3.066728
7.39793,36,3.080371
15.88969,49,3.096423
8.558308,58,3.115498
16.580154,60,3.135724
12.505891,60,3.153873
10.702612,49,3.169515
13.960554,60,3.188686
35.217784,60,3.211347
11.216358,48,3.229472
17.055603,60,3.253148
28.943847,60,3.27585
13.87343,59,3.296507
17.603679,60,3.318135
1.134527,32,3.331213
15.269595,56,3.354383
7.067597,33,3.369494
18.094546,60,3.390663
7.933675,59,3.413341
32.803897,60,3.434499
15.847271,60,3.453627
7.072371,57,3.471296
17.246729,60,3.488388
4.647005,41,3.501969
23.92684,60,3.51955
21.591093,60,3.53768
20.605925,60,3.55534
11.782667,50,3.570656
11.428078,48,3.585755
9.944077,60,3.606331
21.215073,54,3.62641
21.28059,60,3.646494
27.050481,60,3.666082
11.865726,38,3.68022
7.784664,36,3.692271
12.474518,53,3.712373
8.017503,41,3.726989
12.911136,49,3.744188
13.442247,60,3.761797
15.987507,60,3.779945
7.141928,36,3.791045
16.796143,60,3.810199
18.088884,60,3.829802
43.315755,60,3.849406
17.393763,60,3.869503
19.093985,60,3.888629
2.885589,27,3.899705
7.720933,45,3.915287
17.039878,60,3.936404
18.349648,60,3.957026
10.817811,38,3.969612
17.787118,58,3.990279
14.108018,60,4.012323
5.003504,39,4.025402
4.782433,32,4.037463
9.215737,44,4.051545
15.138286,60,4.072119
22.840685,60,4.123374
13.237396,60,4.178214
11.392755,36,4.210338
17.198735,60,4.271846
22.731841,60,4.330538
27.681467,60,4.390993
10.997955,60,4.442354
10.596137,56,4.497253
12.925998,48,4.540982
15.891651,60,4.597344
14.952684,53,4.643608
18.312027,60,4.69896
6.25491,42,4.736567
19.195446,58,4.803448
18.794234,58,4.874488
23.029496,60,4.957977
8.084475,39,5.002778
8.814077,34,5.036454
6.533175,32,5.069185
10.009787,60,5.133008
23.048407,60,5.192338
7.886241,36,5.230016
3.708364,37,5.26476
16.448334,47,5.307474
18.743768,60,5.36436
22.166843,60,5.41622
14.252154,48,5.45595
40.637173,60,5.511796
10.99541,51,5.559163
15.008635,49,5.626081
10.946959,60,5.689455
24.718221,60,5.761609
15.74028,60,5.832022
28.317865,60,5.891997
11.989791,46,5.936268
15.312101,60,5.995604
27.58396,60,6.066578
24.491389,60,6.12446
14.316621,60,6.182041
29.182082,60,6.238315
9.564692,51,6.285136
10.475594,60,6.348648
13.901286,60,6.419687
21.871883,59,6.493138
21.935326,60,6.555991
15.214991,60,6.618357
12.478318,42,6.663078
14.717976,60,6.722649
14.82416,50,6.77293
24.851496,60,6.837422
19.299558,57,6.897407
5.070396,48,6.977293
12.192342,60,7.065289
19.767028,55,7.121696
10.403814,38,7.15843
16.22411,60,7.214007
16.807229,60,7.269815
4.956403,37,7.306455
20.711394,57,7.367445
5.383055,33,7.407262
11.289385,41,7.457655
5.933717,35,7.494915
35.482196,60,7.561117
21.337956,52,7.625145
10.530636,45,7.679029
10.740605,46,7.729296
15.66278,60,7.782252
23.937625,60,7.840635
12.481766,47,7.89033
26.262005,60,7.945544
14.119593,59,8.003831
27.274591,60,8.063198
9.155386,50,8.10844
3.525684,28,8.135217
14.268486,55,8.188618
15.272806,44,8.231833
4.89806,36,8.26649
36.66139,60,8.327554
22.355889,60,8.390543
7.305106,40,8.42779
6.47369,38,8.459487
10.504339,35,8.49174
13.834793,38,8.528906
18.405299,60,8.582277
21.508582,60,8.643686
8.723948,40,8.68648
8.856073,45,8.73381
4.847578,37,8.772085
16.972923,60,8.82786
14.985333,48,8.874235
10.813548,60,8.940343
33.702988,60,9.004239
21.983239,59,9.06143
19.594924,60,9.118211
18.964866,60,9.174589
9.748088,44,9.212828
7.1575,42,9.249603
10.754942,60,9.30857
18.332019,60,9.362881
7.779823,59,9.420811
9.027684,54,9.521482
15.634604,60,9.586402
32.199491,60,9.640249
25.199262,60,9.700246
10.826041,60,9.753078
9.225079,59,9.803869
12.91231,60,9.857748
15.859987,44,9.896526
6.473977,47,9.942295
36.439492,60,9.997125
6.664908,36,10.031878
23.654437,60,10.089758
11.069979,45,10.134083
14.705327,60,10.187882
14.548117,60,10.247225
30.401994,60,10.300127
5.300622,46,10.342426
12.132963,52,10.393306
5.849196,36,10.42556
8.267563,60,10.478318
7.262136,32,10.507132
3.435091,38,10.539281
17.141581,60,10.595702
21.366136,60,10.65051
8.125244,39,10.689743
11.071225,49,10.732992
29.19551,60,10.785721
33.086308,60,10.838559
18.58633,60,10.893851
4.384918,38,10.934685
22.610592,60,10.985666
22.730281,60,11.041022
21.009781,60,11.095937
25.976189,60,11.152834
13.859335,54,11.198656
12.269948,56,11.247487
12.894781,51,11.296918
13.74142,56,11.350301
7.292852,42,11.391975
12.106934,60,11.450142
15.41615,60,11.513501
8.392623,39,11.549384
12.511244,52,11.601325
7.533425,41,11.640117
17.188666,60,11.694532
12.948813,57,11.749411
6.288133,49,11.795692
13.995773,54,11.845604
36.133489,60,11.902445
29.246589,60,11.962331
10.072202,53,12.00927
9.849489,60,12.062668
13.766967,52,12.111016
13.144533,60,12.171864
22.375344,60,12.260936
34.626728,60,12.321269
21.884189,60,12.374043
22.678254,60,12.427395
17.670455,52,12.478714
20.414973,60,12.542592
12.096612,60,12.606602
11.637789,52,12.661929
29.947647,60,12.723603
5.329601,29,12.750273
4.336091,32,12.780021
18.565329,60,12.839402
8.410434,54,12.891829
15.071177,60,12.945561
5.550686,52,12.9943
30.030693,60,13.052995
22.233111,60,13.109235
12.367579,47,13.151469
16.691153,60,13.209361
32.030533,60,13.266812
20.314732,60,13.324738
19.147931,50,13.382495
12.321505,57,13.441976
24.026954,60,13.495326
18.332503,60,13.550281
34.121689,60,13.614657
13.927733,60,13.677916
5.831803,34,13.71458
10.126952,43,13.758357
21.99002,60,13.825447
19.587615,60,13.890427
20.745763,54,13.954752
16.513817,60,14.016643
10.562316,60,14.074153
9.035525,46,14.138201
37.772624,60,14.205632
10.730947,50,14.256957
12.403106,50,14.301192
18.011789,60,14.358551
37.672939,60,14.410366
19.975721,60,14.463738
11.080618,57,14.517594
18.906875,58,14.568842
19.398331,60,14.622728
22.364435,60,14.676118
7.031156,35,14.714452
15.511775,60,14.780895
23.068608,60,14.836703
13.153743,45,14.880009
10.959724,46,14.927777
6.736513,39,14.959521
8.815403,34,14.993268
7.939423,42,15.029496
24.645113,60,15.085229
23.14624,60,15.137536
20.623154,54,15.18934
9.362564,33,15.221046
13.738638,49,15.262339
8.686318,35,15.29355
20.443512,60,15.345418
25.387795,60,15.406348
26.711791,59,15.460757
12.728357,59,15.514216
19.920375,60,15.57221
7.819817,43,15.609959
6.997846,36,15.6422
16.762778,60,15.696093
10.729494,60,15.751002
24.706045,60,15.808461
7.538796,46,15.848732
24.604843,60,15.905024
12.476555,59,15.963942
13.253973,60,16.020823
17.891336,60,16.080238
13.630035,60,16.138384
12.602956,60,16.196129
2.581208,29,16.224727
22.11319,60,16.284961
8.714183,60,16.336164
14.558956,60,16.394029
8.626671,49,16.444846
7.567667,59,16.507864
25.865174,60,16.564761
25.879877,60,16.625669
29.716193,60,16.685606
23.400906,60,16.739435
15.458935,60,16.795665
16.546139,60,16.84753
19.05497,60,16.90387
4.198719,29,16.930101
5.271698,46,16.973463
23.889881,60,17.031945
14.633342,60,17.086344
29.75631,60,17.141798
12.84798,52,17.191672
11.819599,37,17.226443
18.83398,55,17.277293
9.351638,52,17.324663
9.367262,57,17.38084
3.585877,31,17.409982
25.088387,60,17.463789
5.837767,40,17.503599
3.152065,37,17.537379
30.693276,60,17.59825
32.765303,60,17.648091
17.950265,60,17.712066
33.202207,60,17.76849
22.298168,60,17.821904
12.201096,37,17.858036
23.063374,60,17.914783
30.22731,60,17.969704
27.192274,60,18.029712
17.547808,60,18.08961
8.459924,36,18.121829
8.527832,60,18.175704
19.747526,60,18.231619
19.519217,60,18.294119
28.906133,60,18.346489
6.537694,44,18.383675
12.085531,43,18.42938
20.311622,49,18.474171
14.763136,48,18.518474
16.651879,60,18.576012
8.761102,45,18.618008
32.774159,60,18.672386
4.603935,36,18.710104
24.433484,60,18.772078
21.938679,60,18.831
6.179794,36,18.866683
19.526911,60,18.923206
22.406342,60,18.982808
15.488558,59,19.03328
28.257435,60,19.083742
23.63237,60,19.136423
9.072476,52,19.187046
19.429573,60,19.240901
26.52128,60,19.297372
17.358934,60,19.360363
15.866183,55,19.417273
6.208601,52,19.4651
6.255557,38,19.504431
25.549882,60,19.573905
8.602489,50,19.62224
19.054815,60,19.679555
34.408985,60,19.741418
15.575607,47,19.786619
11.957169,56,19.846487
20.986894,60,19.904032
20.667132,60,19.960388
36.594526,60,20.023386
14.509751,45,20.067201
32.416137,60,20.126112
10.946973,40,20.163419
20.49626,60,20.227341
8.11678,43,20.272649
31.081051,60,20.326938
13.60302,52,20.377235
16.316255,60,20.449274
14.912576,49,20.494597
11.922129,58,20.551473
7.186046,46,20.598219
19.635457,54,20.655581
21.791365,54,20.710369
8.62757,60,20.773428
12.727712,48,20.829638
9.603729,39,20.87249
9.0654,58,20.934865
16.266819,60,20.996812
7.811342,60,21.058193
19.464335,60,21.11963
15.758992,60,21.186115
24.684471,54,21.244022
12.527964,60,21.303463
10.033687,41,21.345106
29.697952,60,21.405795
21.880787,60,21.465323
11.617432,45,21.511634
16.206634,60,21.568943
9.778836,60,21.626884
6.906322,29,21.653577
18.077429,60,21.714009
7.419797,58,21.773872
27.169682,60,21.834761
14.748372,59,21.899692
27.804727,60,21.961627
11.819903,60,22.021556
28.063678,60,22.081413
15.282023,60,22.140781
20.859498,57,22.195141
29.348624,60,22.259539
22.75291,60,22.316667
34.442241,60,22.379591
10.738521,60,22.442716
26.1304,60,22.501837
25.080261,60,22.567206
2.689152,25,22.593888
8.009326,34,22.632184
26.873481,60,22.692616
10.224918,60,22.752506
18.780965,60,22.817994
21.931605,60,22.933359
22.570092,60,22.996963
6.70357,37,23.031196
20.726034,60,23.08956
22.071654,60,23.141581
8.198699,40,23.17836
22.915987,60,23.242798
29.939933,60,23.295644
26.406777,60,23.355066
36.102726,60,23.413379
17.94649,54,23.463191
17.854308,60,23.523116
18.167784,60,23.580499
20.436341,60,23.636896
3.290286,33,23.667068
8.585208,40,23.704813
8.865486,42,23.743035
6.015957,29,23.767236
13.202432,55,23.820165
23.270232,60,23.877545
7.576321,41,23.916911
19.142872,54,23.964102
26.232673,60,24.013484
3.666076,37,24.043251
7.330217,38,24.079972
14.472353,60,24.141018
38.504017,60,24.200803
7.805107,60,24.257171
19.810665,60,24.318127
13.350341,43,24.359887
14.909611,60,24.42118
11.871967,44,24.463417
17.944351,60,24.526258
17.158286,60,24.592257
4.885455,41,24.636539
9.04401,60,24.696472
8.24086,52,24.752292
25.462691,60,24.822326
11.233192,53,24.882711
20.203846,60,24.952412
13.47052,60,25.02041
21.533986,60,25.079671
13.293114,41,25.118859
20.430713,60,25.180808
18.799998,60,25.248312
19.651855,60,25.309798
21.498805,60,25.36921
23.372273,60,25.433736
12.722386,60,25.492139
30.297844,60,25.553033
20.431956,60,25.61076
20.360143,60,25.668597
3.843638,48,25.718365
6.834406,49,25.76372
30.465401,60,25.825528
15.468827,58,25.890862
12.427301,57,25.947255
28.230068,60,26.000036
17.035837,60,26.052943
29.100152,60,26.10833
15.081105,60,26.167764
15.392901,60,26.226529
20.085585,60,26.282404
2.812258,55,26.332186
22.259134,60,26.384
19.477202,60,26.439719
33.64347,60,26.497429
15.549769,54,26.548253
24.848699,60,26.60319
28.792311,60,26.668223
23.077321,60,26.732688
20.650983,60,26.793635
26.620623,60,26.853546
37.659644,60,26.914469
10.445865,53,26.976383
28.267759,60,27.029614
13.842888,44,27.073485
26.395954,60,27.139927
39.770098,60,27.206331
15.046192,60,27.27019
6.435173,44,27.319047
35.762837,60,27.390527
5.829076,40,27.431311
16.750026,60,27.490567
14.434813,60,27.555254
16.422252,60,27.615726
23.258622,60,27.681713
15.950459,47,27.727926
16.784585,52,27.78424
6.963371,36,27.823018
21.677465,55,27.876997
28.382888,60,27.937285
12.324464,56,27.994626
17.815224,60,28.06037
27.361509,60,28.124684
10.771932,45,28.171483
28.458493,60,28.254662
37.583334,60,28.321561
16.932007,60,28.381417
12.623732,60,28.447272
12.693412,53,28.502126
10.13127,42,28.543855
37.00323,60,28.602406
5.24321,46,28.647212
30.870154,60,28.703978
15.818995,59,28.760764
19.720694,60,28.818186
9.908358,52,28.871051
25.86027,60,28.92689
17.24126,60,28.987806
11.371564,44,29.047657
10.412146,38,29.093884
22.031052,60,29.15972
15.097151,60,29.232789
5.203134,36,29.271464
18.445833,60,29.338154
33.316172,60,29.416673
21.103532,60,29.479152
22.70268,60,29.542718
12.687964,60,29.602131
27.87692,60,29.663427
13.168965,60,29.726222
10.105769,60,29.78422
34.791165,60,29.847023
20.621583,60,29.916008
25.202227,60,29.964871
13.171913,60,30.013176
15.244131,60,30.066108
14.852909,40,30.099329
36.936388,60,30.144651
9.558549,48,30.182988
27.033709,60,30.230695
15.889681,54,30.27588
36.79663,60,30.329267
32.874016,60,30.381149
22.029487,60,30.425035
13.07463,60,30.467272
16.292299,47,30.499976
1.860105,37,30.530237
14.829925,53,30.573544
35.127882,60,30.614306
16.819568,60,30.657063
19.8901,60,30.697912
18.657464,60,30.744699
2.873699,27,30.762302
16.350791,53,30.805103
6.873425,40,30.834758
29.582609,60,30.88515
35.346032,60,30.934526
14.406443,60,30.975302
19.339465,55,31.018306
10.106416,53,31.059038
19.012546,56,31.100766
21.043667,60,31.145436
13.067752,60,31.1868
29.210044,60,31.247276
25.41899,60,31.303692
16.759295,60,31.364486
5.354022,33,31.396176
15.591504,60,31.458187
21.328137,60,31.523666
14.70144,60,31.577928
35.006548,60,31.640351
5.67582,30,31.667094
22.632954,60,31.725316
10.045234,49,31.774103
22.297312,60,31.834573
23.501026,60,31.895396
19.040802,60,31.954335
19.49192,57,32.010743
6.876793,33,32.042533
11.834083,46,32.086877
13.241004,60,32.15181
15.451656,60,32.219222
17.178707,49,32.273082
8.226945,52,32.326946
17.321603,56,32.385722
16.835475,60,32.451725
8.752733,53,32.509125
25.490974,60,32.567948
24.864801,60,32.630886
14.807232,60,32.688253
23.816902,60,32.750257
25.401805,60,32.808191
8.015118,50,32.859124
20.286946,56,32.925066
8.071532,57,32.983438
21.853955,60,33.04431
23.420326,60,33.103671
31.799559,60,33.16213
19.874253,49,33.209491
20.035924,51,33.25939
17.423156,53,33.310713
12.921043,56,33.369069
32.129761,60,33.429806
48.51347,60,33.487772
3.183466,27,33.514886
21.869391,60,33.57425
33.148233,60,33.632681
12.12807,60,33.69158
6.47101,41,33.731284
18.957198,59,33.790674
37.101457,60,33.847131
27.867621,60,33.90396
21.170961,60,33.962452
8.415413,39,33.999182
14.901365,57,34.056473
15.616344,60,34.115866
38.07315,60,34.174126
6.684276,38,34.213344
9.32296,43,34.256103
16.118949,41,34.29381
23.293262,60,34.357246
16.960169,56,34.417319
14.336815,53,34.472765
37.277987,60,34.529177
26.187859,60,34.591095
31.127259,60,34.647338
11.222236,42,34.687005
27.906515,60,34.747972
26.137514,60,34.817653
8.462381,39,34.854337
24.6347,60,34.912207
29.568227,60,34.969029
14.007569,60,35.031826
15.378816,59,35.089716
39.602387,60,35.147809
8.743263,37,35.187053
7.079248,41,35.226753
24.376701,60,35.285045
28.460016,60,35.345052
20.799555,60,35.405842
23.606205,60,35.466782
25.172207,60,35.526655
24.901401,60,35.585552
30.573301,60,35.647789
5.237193,35,35.683081
10.17884,53,35.73157
21.23261,60,35.789366
15.059275,60,35.852136
33.286209,60,35.911991
21.484708,60,35.968205
17.734521,60,36.031117
7.733403,60,36.087464
16.442182,60,36.144295
30.080715,60,36.204249
24.252566,60,36.260273
33.5285,60,36.317141
9.393775,53,36.370941
18.321914,60,36.43686
21.171997,60,36.497862
19.054539,60,36.554708
14.498259,49,36.609498
18.963222,45,36.653667
17.286569,52,36.708885
21.512651,60,36.770309
30.86189,60,36.832195
31.25811,60,36.894067
16.461978,50,36.941929
37.99274,60,37.001172
26.243949,60,37.064831
34.357945,60,37.127293
30.803974,60,37.186783
11.179459,45,37.234003
30.728962,60,37.292227
13.90992,60,37.350478
9.645763,57,37.406353
30.576487,60,37.46571
16.847239,53,37.515017
20.930422,60,37.570807
10.86058,48,37.619116
6.235273,33,37.653403
28.823506,60,37.710205
30.577073,60,37.767819
28.484867,60,37.829142
21.538799,60,37.886549
10.695503,48,37.931849
6.008382,51,37.984632
17.472764,60,38.04859
25.918459,60,38.105926
7.723623,60,38.165374
26.749796,60,38.222185
20.350896,60,38.282602
3.707133,31,38.314787
28.07685,60,38.377733
14.786462,41,38.418917
14.332132,50,38.468628
19.184962,60,38.532477
17.343685,60,38.605295
33.867306,60,38.669604
25.178727,60,38.739157
14.331937,59,38.796052
21.976048,60,38.856829
20.869357,60,38.916667
21.132728,60,38.986403
6.638339,55,39.047789
32.588912,60,39.122287
13.811764,60,39.186799
23.364265,60,39.246251
1.814518,30,39.282004
17.050099,42,39.332357
9.681257,60,39.394222
25.87314,60,39.453861
4.283856,31,39.482061
9.978691,45,39.530274
38.81577,60,39.595107
17.566971,51,39.650046
29.013259,60,39.722032
24.832022,60,39.802085
25.767415,60,39.881177
31.219784,60,39.957667
43.072959,60,40.021183
30.192133,60,40.081108
27.652048,60,40.145606
24.609979,60,40.20639
33.886153,60,40.270239
20.904471,58,40.326583
9.799093,45,40.37284
22.525366,60,40.436704
25.229797,60,40.497083
27.331345,60,40.557993
18.383635,60,40.622942
23.127381,60,40.685648
27.053543,60,40.742494
21.896807,60,40.808895
29.261911,60,40.874847
30.330347,60,40.938064
23.175278,60,41.002651
7.004135,42,41.045336
29.482123,60,41.121197
15.375776,60,41.194155
14.818112,60,41.265116
13.241339,58,41.333107
16.425943,60,41.397454
34.845277,60,41.458816
14.159946,49,41.509686
22.170162,60,41.576589
25.411419,60,41.642564
38.707965,60,41.711045
7.547874,44,41.757836
7.958494,35,41.796075
15.79955,60,41.863373
6.499509,60,41.932692
39.99348,60,41.996674
29.17501,60,42.059119
25.969806,60,42.122021
12.712166,60,42.183998
11.082653,47,42.226152
29.077239,60,42.285508
43.755787,60,42.34993
28.023281,60,42.40989
7.136766,36,42.445188
18.582388,60,42.506134
39.943087,60,42.56552
21.504293,60,42.624228
19.113709,53,42.676111
24.126845,60,42.738074
14.446116,60,42.796026
27.081678,60,42.857363
48.140432,60,42.927888
18.040212,50,42.983317
18.020553,60,43.045194
18.359656,54,43.101159
8.796056,37,43.136816
28.605711,60,43.197784
23.465058,60,43.258732
49.569297,60,43.320305
7.721226,47,43.369122
26.782202,60,43.430018
17.822508,60,43.491498
17.32692,60,43.550971
12.566641,40,43.592615
32.416109,60,43.660593
8.231143,37,43.698749
12.835797,45,43.741198
27.491616,60,43.800548
20.202033,57,43.856991
19.824801,53,43.910275
14.273098,52,43.966595
20.880621,60,44.028055
25.005055,55,44.079989
42.864381,60,44.143838
19.323189,60,44.206745
33.09465,60,44.267568
19.261827,60,44.328967
28.96665,60,44.387893
15.485568,60,44.448724
9.057755,55,44.509059
30.468903,60,44.576488
21.150617,60,44.650399
16.181459,60,44.708901
41.972628,60,44.768762
15.473745,46,44.819061
36.29503,60,44.892057
9.345599,37,44.93282
31.717097,60,45.000142
31.946315,60,45.064451
10.993397,60,45.130511
18.058268,60,45.197383
21.007593,60,45.263901
21.284182,60,45.324467
20.61543,58,45.384788
32.971081,60,45.444594
22.142756,60,45.507949
28.135578,60,45.567298
6.235206,48,45.614531
4.868426,28,45.645234
28.977939,60,45.707007
33.25909,60,45.767732
31.008773,60,45.831516
15.488309,60,45.891445
22.219945,60,45.951372
34.14697,60,46.012272
34.913848,60,46.070238
11.669024,45,46.118535
24.519139,60,46.187211
34.137626,60,46.253983
25.508894,60,46.318851
10.816265,53,46.377222
14.923573,60,46.444633
7.166418,39,46.487412
7.772546,40,46.530611
5.889763,49,46.580933
23.031243,60,46.643384
26.876022,60,46.711492
8.604465,60,46.780885
26.289173,60,46.852661
26.740494,60,46.919007
11.630711,42,46.95868
24.817144,60,47.021025
15.923922,60,47.081903
41.758281,60,47.141166
7.256055,43,47.181312
29.690898,60,47.24307
4.471589,27,47.268737
21.940726,60,47.329659
32.838301,60,47.388561
22.725349,60,47.450423
24.025081,60,47.510925
11.343758,60,47.574867
31.314185,60,47.638659
36.223777,60,47.69855
33.526845,60,47.761542
10.431206,44,47.807815
26.274921,60,47.870883
27.382926,60,47.932463
21.628597,56,47.991845
18.383505,60,48.052961
29.674439,60,48.115895
37.34662,60,48.177798
32.205675,60,48.241107
22.548542,60,48.307895
25.667148,60,48.3678
19.021962,49,48.42038
17.277911,60,48.478797
41.842976,60,48.537575
36.388832,60,48.597498
14.716556,60,48.659962
27.876236,60,48.720136
29.866847,60,48.779154
22.839261,60,48.842386
14.260177,59,48.902733
35.896074,60,48.962046
33.678391,60,49.021456
37.583623,60,49.084929
10.24035,40,49.125104
27.335392,60,49.183573
22.467501,57,49.242012
10.590692,60,49.304072
39.658331,60,49.365084
21.741324,60,49.426473
38.007052,60,49.490887
23.232738,60,49.547234
26.685205,60,49.608642
20.216219,60,49.667575
18.942861,60,49.726426
22.622187,60,49.791859
32.228123,60,49.852305
33.333904,60,49.915699
42.013015,60,49.980683
18.239642,60,50.044577
31.175009,60,50.10556
32.573479,60,50.160361
28.742977,60,50.223163
16.326642,46,50.273472
29.307231,60,50.337409
27.57339,60,50.395808
34.312378,60,50.45665
13.406569,53,50.509508
33.91156,60,50.569368
15.372697,60,50.628681
23.761313,60,50.692048
22.743925,53,50.745406
36.511285,60,50.806808
23.934151,60,50.880396
35.39644,60,50.950372
12.758013,39,50.995098
39.218031,60,51.056475
34.28617,60,51.131311
15.712858,55,51.189507
41.00189,60,51.254426
36.389323,60,51.315896
36.091884,60,51.379291
13.385593,60,51.44517
31.360188,60,51.510199
37.550537,60,51.576549
19.8978,60,51.639875
27.533622,60,51.700984
23.483177,60,51.761836
44.671151,60,51.822592
12.661996,39,51.860841
46.875945,60,51.924701
6.029633,41,51.965947
27.155031,60,52.026367
25.041531,60,52.088796
17.487938,60,52.151737
22.463888,60,52.214077
30.358482,60,52.276029
27.898083,60,52.334395
24.049515,60,52.397757
23.784555,60,52.466066
32.112419,60,52.532281
33.829327,60,52.592658
23.504515,60,52.656043
16.910954,60,52.72198
47.714102,60,52.78438
38.367531,60,52.84321
31.854179,60,52.905408
11.602728,53,52.960293
32.357938,60,53.025352
38.695485,60,53.088269
8.823761,45,53.133692
47.672052,60,53.195141
10.898411,60,53.256013
24.550309,60,53.319365
15.130445,60,53.378385
34.40918,60,53.442687
9.974231,34,53.481471
30.832782,60,53.538897
34.458155,60,53.601334
18.766109,52,53.658678
40.632667,60,53.723001
46.690488,60,53.784715
22.675416,60,53.844638
26.931814,60,53.906066
29.10898,60,53.967637
31.806281,60,54.034553
30.019016,60,54.102451
9.21207,32,54.135744
36.151429,60,54.197673
32.480609,60,54.26019
13.759328,52,54.311456
34.361551,60,54.369313
18.018302,60,54.425024
24.318347,60,54.488945
28.276583,60,54.555285
30.766101,60,54.618729
34.569521,60,54.680318
44.051246,60,54.741145
13.929342,49,54.788931
7.840287,38,54.828753
30.11802,60,54.890291
19.712608,60,54.951629
23.07731,60,55.017443
21.393664,60,55.079813
29.54797,60,55.150355
20.654992,60,55.215805
4.946764,30,55.246505
25.755976,60,55.309941
27.710795,60,55.374404
19.799525,60,55.438388
44.246949,60,55.498505
31.647114,60,55.56701
16.6047,47,55.634422
8.063721,37,55.680615
28.333701,60,55.742904
25.195904,60,55.815922
25.577928,60,55.883227
23.011509,60,55.955108
4.93962,42,56.000895
25.785458,60,56.070874
34.923421,60,56.153824
37.20561,60,56.240373
28.125109,60,56.304286
33.752235,60,56.371755
31.766278,60,56.44012
25.954486,60,56.504775
36.450286,60,56.566233
20.038488,54,56.627249
20.785805,60,56.687127
22.649845,60,56.74566
26.184116,60,56.811502
24.457319,60,56.872436
3.529131,30,56.901689
22.339735,60,56.960993
32.782991,60,57.026891
38.602892,60,57.090764
25.39024,60,57.164304
30.987666,60,57.236253
30.008726,60,57.298751
33.491687,60,57.366175
31.177304,60,57.438736
45.407907,60,57.52316
25.968761,60,57.596057
36.263969,60,57.671389
34.907169,60,57.743672
32.398706,60,57.811402
44.878437,60,57.874451
31.091489,60,57.939829
17.380022,46,57.989694
51.083859,60,58.051576
10.412314,42,58.097388
35.300565,60,58.162836
42.795564,60,58.22676
37.16467,60,58.291214
37.64676,60,58.352942
36.251907,60,58.415219
19.489997,51,58.469156
20.971344,60,58.532557
33.649214,60,58.59342
22.26848,60,58.663923
38.011229,60,58.735936
39.267915,60,58.799942
23.214686,60,58.865248
9.705319,41,58.906407
25.783665,60,58.971526
33.759255,60,59.033848
35.444705,60,59.096338
30.131507,60,59.158732
33.567085,60,59.222682
12.793124,37,59.265487
33.226351,60,59.327373
32.998722,60,59.391434
34.497737,60,59.453269
42.073557,60,59.520245
38.952913,60,59.580517
15.049275,56,59.641894
45.401778,60,59.703295
50.848618,60,59.765646
25.686156,60,59.824489
33.086381,60,59.890302
34.08643,60,59.956173
35.64226,60,60.020415
32.103569,60,60.083713
12.001315,60,60.147699
36.408354,60,60.211169
33.185215,60,60.272804
28.653529,60,60.334258
7.276483,37,60.375064
6.777548,41,60.419325
19.765864,60,60.481326
22.638399,60,60.548489
49.745379,60,60.612817
23.353807,60,60.675166
22.032204,60,60.739236
25.76532,60,60.815196
36.330626,60,60.887199
37.986009,60,60.958818
39.901326,60,61.029795
32.347406,60,61.107337
18.56966,54,61.194597
24.296995,60,61.277647
43.771431,60,61.340721
31.485366,60,61.403092
22.394914,60,61.464645
15.495232,46,61.514044
25.648623,60,61.576986
29.416018,60,61.64029
20.070529,52,61.6942
50.88999,60,61.755623
41.529758,60,61.816648
28.352095,59,61.873455
34.207773,60,61.93272
39.631001,60,61.995036
28.45927,60,62.059536
39.554418,60,62.124425
41.97097,60,62.185801
52.230395,60,62.251826
47.313194,60,62.311707
31.902521,60,62.375207
26.950301,60,62.437147
15.248448,60,62.503085
38.248079,60,62.570475
24.679322,60,62.63124
32.082324,60,62.69404
16.811293,60,62.759506
30.946746,56,62.820456
38.258647,60,62.882791
39.851248,60,62.944654
37.72935,60,63.00708
18.383631,60,63.070108
35.027546,60,63.133288
14.153285,45,63.181651
30.265271,60,63.24256
41.402213,60,63.305899
34.895059,60,63.370465
16.786277,60,63.433887
49.141679,60,63.494718
21.595649,60,63.557266
37.680176,60,63.622658
34.557916,60,63.687303
29.968451,60,63.75224
18.447368,60,63.816224
36.611155,60,63.881781
25.23612,60,63.943753
44.09799,60,64.007156
41.846939,60,64.067554
40.622357,60,64.129009
42.159614,60,64.189048
27.232778,60,64.251634
14.51932,48,64.301534
16.153909,60,64.363844
40.619965,60,64.430623
51.484038,60,64.489976
41.643189,60,64.552427
19.294804,60,64.616754
16.245301,60,64.681813
41.694474,60,64.74375
40.656505,60,64.811026
34.381239,60,64.878857
30.834713,60,64.941751
35.706386,60,65.004153
27.035103,60,65.071334
24.897291,60,65.136222
43.278482,60,65.201676
20.002199,46,65.253448
40.234922,60,65.315336
17.283055,43,65.362649
33.483859,60,65.427164
43.850321,60,65.492152
46.781743,60,65.553048
23.844119,60,65.620438
43.031413,60,65.683819
48.848302,60,65.746724
23.186989,60,65.809213
47.705916,60,65.871632
50.519246,60,65.937489
34.75138,60,66.002321
26.035106,60,66.071606
29.247731,60,66.140093
27.946101,60,66.203074
29.751101,60,66.263971
39.625672,60,66.322915
38.477183,60,66.387286
40.310511,60,66.450207
45.374455,60,66.512671
41.97766,60,66.573518
41.044794,60,66.632767
34.620523,60,66.696648
43.93607,60,66.757575
33.201419,60,66.821999
34.040407,60,66.885436
41.538647,60,66.950846
51.319993,60,67.013186
36.862311,60,67.07611
45.679637,60,67.137527
31.675032,60,67.201872
30.05578,60,67.265834
25.015729,60,67.33166
36.164883,60,67.397146
31.653562,60,67.459073
27.176713,60,67.521578
41.271752,60,67.58654
25.029915,56,67.647452
36.278436,60,67.712457
35.128372,60,67.77577
32.47373,60,67.841278
34.802318,60,67.908146
42.937339,60,67.973009
36.33119,60,68.037101
37.794818,60,68.100482
26.414612,60,68.164497
39.067718,60,68.230469
43.425687,60,68.294369
40.524275,60,68.35515
27.239343,60,68.420035
35.613851,60,68.483398
19.410563,60,68.548647
36.246232,60,68.612031
50.600456,60,68.676453
28.385504,60,68.737396
23.617521,60,68.796202
36.386191,60,68.85615
39.734126,60,68.920935
26.595237,60,68.980936
52.18855,60,69.043597
40.18622,60,69.135188
36.915254,60,69.201115
30.364269,60,69.265121
14.227518,60,69.327503
37.591748,60,69.390023
45.594684,60,69.450963
44.718936,60,69.516924
30.143356,60,69.579333
37.586478,60,69.646436
42.950155,60,69.709848
33.565511,60,69.771254
47.586538,60,69.837158
44.651689,60,69.901098
32.168549,60,69.964948
37.65323,60,70.028599
36.991608,60,70.096144
32.1199,60,70.160213
21.221109,60,70.225587
32.42783,60,70.291026
37.238274,60,70.353818
39.455443,60,70.418186
40.2392,60,70.482121
42.373038,60,70.550637
29.46983,60,70.613533
26.469444,60,70.675243
41.818734,60,70.742731
48.698508,60,70.806403
48.313601,60,70.870979
39.075912,60,70.935669
22.816255,60,70.99559
42.750806,60,71.057221
23.650578,60,71.114158
25.861249,60,71.179064
33.156671,60,71.242476
47.432979,60,71.308938
24.467703,60,71.371905
29.360465,60,71.440876
39.525154,60,71.511378
50.861679,60,71.576207
34.443668,60,71.640672
35.418535,60,71.707158
47.928366,60,71.77212
36.041534,60,71.83655
32.902223,60,71.89905
43.51735,60,71.96706
27.120405,60,72.030831
51.850276,60,72.09534
44.948999,60,72.161652
46.976924,60,72.220665
43.796418,60,72.285608
47.680409,60,72.352039
28.088806,60,72.417011
16.840551,45,72.469319
25.087946,60,72.537206
36.190422,60,72.600522
33.652249,60,72.668247
40.89785,60,72.73155
33.229637,60,72.79489
29.226248,60,72.858336
37.117439,60,72.923183
28.920831,60,72.991161
41.988541,60,73.054959
25.966437,60,73.119462
32.795803,60,73.182814
29.006986,60,73.243743
20.951763,60,73.305233
36.471064,60,73.366118
37.556242,60,73.427964
36.088967,60,73.491439
9.059385,60,73.55347
32.218014,60,73.616966
31.014945,60,73.676793
36.63409,60,73.741151
26.666571,60,73.807109
40.45885,60,73.868552
34.459545,60,73.932489
25.102197,60,73.993383
41.494291,60,74.058262
33.951377,60,74.120125
29.120181,60,74.185117
48.601065,60,74.253436
42.704692,60,74.315876
25.72143,60,74.379821
30.025166,60,74.448204
51.735382,60,74.511677
43.09119,60,74.579703
23.937655,55,74.640554
38.813731,60,74.707955
42.467213,60,74.775318
53.847469,60,74.840743
27.475312,60,74.906635
12.16874,39,74.950356
44.444495,60,75.015199
41.423987,60,75.080453
22.792993,60,75.142791
15.565816,43,75.190289
49.774124,60,75.25672
35.224565,60,75.32313
32.510701,60,75.387058
39.040818,60,75.454456
54.59306,60,75.515447
50.383731,60,75.577812
37.367277,60,75.640638
29.631046,60,75.703126
32.259908,60,75.767074
39.074178,60,75.827505
50.433205,60,75.892564
50.658356,60,75.955601
54.360932,60,76.023144
30.05456,60,76.082957
46.789364,60,76.147038
44.483742,60,76.209724
35.968544,60,76.273679
42.890307,60,76.339123
33.224055,60,76.399438
37.050856,60,76.467292
54.617435,60,76.533266
52.459265,60,76.596651
35.660522,60,76.661578
20.539045,54,76.721883
6.358534,51,76.775141
40.191635,60,76.842169
31.256526,60,76.906528
36.957974,60,76.967922
7.696203,48,77.020818
29.334109,60,77.08425
49.905065,60,77.147269
42.978269,60,77.209311
29.392058,60,77.274266
25.340711,60,77.338351
22.702606,60,77.406662
45.876657,60,77.468988
43.629035,60,77.533553
33.498566,60,77.598924
40.152452,60,77.66488
46.165803,60,77.730785
51.873986,60,77.792226
33.269324,60,77.857397
35.04456,60,77.921777
38.555199,60,77.984164
26.164143,60,78.046473
49.226196,60,78.112495
26.979215,60,78.177922
18.009578,60,78.246347
34.533366,60,78.318867
41.846545,60,78.384586
28.414822,60,78.449067
54.189174,60,78.512045
37.260212,60,78.576928
25.913268,60,78.642708
51.907718,60,78.707175
40.90001,60,78.772093
49.033179,60,78.833867
42.341692,60,78.898861
41.896641,60,78.964424
28.158841,60,79.027857
47.585005,60,79.091878
48.523814,60,79.161335
37.727993,60,79.228094
55.408465,60,79.296126
39.604764,60,79.364501
29.631556,60,79.428387
37.081841,60,79.495374
40.230699,60,79.557956
42.067863,60,79.62537
47.700835,60,79.686817
11.107984,60,79.75225
20.423866,60,79.817209
27.041316,60,79.88223
50.99738,60,79.947185
46.758094,60,80.012709
31.907463,60,80.076588
41.556259,60,80.138818
32.936229,60,80.203586
41.400524,60,80.266985
25.18782,55,80.329444
54.366568,60,80.394811
40.053234,60,80.460773
43.294143,60,80.523747
44.16191,60,80.592171
31.55316,60,80.65843
39.671204,60,80.722935
40.803381,60,80.78471
43.548961,60,80.850668
32.836453,60,80.919739
48.75995,60,80.985206
50.202049,60,81.054704
40.534006,60,81.117152
33.630333,60,81.179101
51.252127,60,81.247969
30.332253,60,81.308296
35.730069,60,81.372102
38.787491,60,81.441011
50.0261,60,81.503551
55.060104,60,81.571007
51.040854,60,81.636934
46.593999,60,81.701546
48.183408,60,81.767014
38.245771,60,81.832856
45.832503,60,81.902254
44.122443,60,81.965086
44.929802,60,82.029107
23.599937,60,82.100043
43.066471,60,82.166702
26.366171,60,82.233167
38.800049,60,82.297031
51.386252,60,82.359913
55.181859,60,82.422904
42.520967,60,82.487839
19.125688,54,82.545125
28.671031,60,82.611564
47.776405,60,82.678392
37.906209,60,82.743834
42.830746,60,82.810745
41.864705,60,82.875208
45.3558,60,82.939469
26.52486,60,83.004343
35.718039,60,83.071247
44.57184,60,83.134584
42.64311,60,83.199329
47.741686,60,83.269869
33.738099,60,83.338818
25.344845,53,83.400746
40.143212,60,83.46712
46.612071,60,83.537128
52.685779,60,83.600005
41.567627,60,83.669113
35.670016,60,83.735552
42.097551,60,83.801023
44.714416,60,83.867364
55.538162,60,83.938297
56.423189,60,84.006824
36.786099,60,84.075279
22.34611,60,84.140211
44.888617,60,84.210669
31.051125,60,84.277087
48.070137,60,84.341992
46.838239,60,84.410347
40.123204,60,84.473275
30.255315,60,84.542602
49.301787,60,84.607938
35.847261,60,84.673442
40.719786,60,84.73832
25.570814,60,84.800584
50.554834,60,84.864427
47.894644,60,84.92625
50.228376,60,84.992167
29.858977,60,85.056149
39.982667,60,85.122096
45.697713,60,85.187948
33.137345,60,85.251436
33.673151,60,85.315584
46.224489,60,85.382623
37.072506,60,85.449825
39.543472,60,85.513985
35.75773,60,85.580408
37.654959,60,85.650034
13.430939,41,85.692724
36.835336,60,85.759586
40.705521,60,85.829381
47.294847,60,85.893791
41.896376,60,85.959712
40.798368,60,86.028694
34.042513,60,86.092251
32.652496,60,86.161512
48.189377,60,86.225768
53.000959,60,86.290502
29.33041,60,86.358784
53.864902,60,86.426803
41.288507,60,86.504623
38.472444,60,86.587117
49.539306,60,86.675548
38.501081,60,86.752464
35.183072,60,86.822282
43.917076,60,86.895739
53.707344,60,86.965751
41.556292,60,87.033668
34.75925,60,87.098115
33.081944,60,87.161992
40.478676,60,87.232215
45.16124,60,87.300145
48.9034,60,87.362705
44.119948,60,87.440708
34.348529,60,87.513113
26.302044,60,87.587904
39.811777,60,87.66506
51.849653,60,87.731031
33.804804,60,87.802036
29.310919,60,87.866285
39.297236,60,87.933297
53.719563,60,88.000231
41.526169,60,88.065123
49.992708,60,88.135149
27.807998,60,88.200592
48.535348,60,88.266414
45.121292,60,88.333872
30.143833,60,88.398751
47.163514,60,88.471341
35.492475,60,88.545182
49.940739,60,88.61309
26.819756,60,88.683113
48.524554,60,88.750724
39.03521,60,88.818076
46.316415,60,88.884556
10.817956,42,88.929857
54.024943,60,88.99934
43.802838,60,89.062154
45.932186,60,89.127103
36.399133,60,89.191052
42.730149,60,89.257972
38.964169,60,89.317847
38.159194,60,89.383261
37.633519,60,89.445719
38.761287,60,89.507905
39.041546,60,89.574648
43.187621,60,89.64215
30.192882,60,89.709654
32.51904,60,89.775623
45.117123,60,89.843048
53.666439,60,89.908707
43.721683,60,89.9711
28.792739,60,90.037842
38.137841,60,90.105403
50.936944,60,90.174006
35.124711,60,90.241437
42.935318,60,90.305346
39.562854,60,90.374794
42.734284,60,90.445817
53.710991,60,90.513723
25.207876,60,90.58138
34.156111,60,90.651203
48.161595,60,90.716918
47.607691,60,90.78702
55.38475,60,90.850965
27.940854,60,90.918474
42.563499,60,90.986776
54.042734,60,91.056738
51.070152,60,91.121389
34.502202,60,91.190763
39.630223,60,91.261094
30.460738,60,91.327862
49.32549,60,91.396933
43.952141,60,91.465907
50.574391,60,91.532364
18.101794,60,91.601311
46.762156,60,91.667017
46.231781,60,91.730469
38.688352,60,91.796261
39.833209,60,91.870335
39.758744,60,91.939255
42.368889,60,92.014645
46.88119,60,92.086115
35.20001,60,92.156079
41.751743,60,92.229169
50.260025,60,92.298631
41.856448,60,92.37213
34.077271,60,92.443665
49.453893,60,92.518505
45.185666,60,92.585427
41.280168,60,92.656937
32.601736,60,92.728983
37.725611,60,92.796965
40.670619,60,92.869934
34.204222,60,92.943483
44.143861,60,93.014294
41.339431,60,93.09078
45.791659,60,93.159595
28.788826,60,93.230545
42.172493,60,93.300522
42.773071,60,93.37048
38.058828,60,93.438387
48.165453,60,93.510847
48.483418,60,93.583693
37.154433,60,93.658138
55.113924,60,93.728656
50.094268,60,93.796687
49.090344,60,93.863701
46.11761,60,93.931609
39.542087,60,93.997037
38.802815,60,94.064021
56.001116,60,94.13327
51.69894,60,94.204255
45.558957,60,94.273643
48.746483,60,94.347798
55.494663,60,94.415303
40.660394,60,94.481245
46.879473,60,94.548674
52.830135,60,94.6152
47.193324,60,94.685619
33.892433,60,94.752568
50.712487,60,94.823075
33.213308,60,94.891586
45.789674,60,94.960074
32.702749,60,95.031961
45.759446,60,95.100414
47.030472,60,95.172478
36.733181,60,95.24798
47.528995,60,95.315803
38.846478,60,95.386657
45.11915,60,95.456677
45.973382,60,95.530293
28.573616,60,95.604227
45.656626,60,95.674138
49.177598,60,95.746645
39.036108,60,95.816023
47.695058,60,95.887888
53.003181,60,95.958621
47.661817,60,96.0289
49.581138,60,96.097798
56.464704,60,96.163866
52.783049,60,96.230814
42.480013,60,96.295155
38.25661,60,96.357547
42.309871,60,96.425157
37.555369,60,96.496072
47.752179,60,96.563958
50.456815,60,96.63769
50.11379,60,96.708378
48.016151,60,96.781676
42.447475,60,96.854713
45.497856,60,96.928123
46.822587,60,97.001504
35.553675,60,97.07319
53.828656,60,97.151234
47.476152,60,97.224142
55.775873,60,97.306718
48.661632,60,97.383762
36.747267,60,97.459818
44.434352,60,97.537762
52.714748,60,97.61416
51.530914,60,97.700666
50.973698,60,97.818671
47.678453,60,97.895104
50.368756,60,97.965607
52.142925,60,98.04163
25.966043,60,98.116178
54.344593,60,98.185195
49.553868,60,98.257713
46.877078,60,98.327699
23.461638,60,98.397571
43.145721,60,98.469063
45.291908,60,98.544601
44.114708,60,98.615051
47.414211,60,98.692762
52.623394,60,98.759612
50.739054,60,98.826645
48.669612,60,98.895154
55.250552,60,98.967121
53.836237,60,99.04066
51.927703,60,99.111629
49.878698,60,99.178528
45.02146,60,99.249552
50.084807,60,99.319638
51.920277,60,99.389461
46.690689,60,99.46898
49.631191,60,99.538342
56.389086,60,99.60976
53.577322,60,99.681637
56.202186,60,99.757651
53.505991,60,99.826643
50.265259,60,99.898684
47.68229,60,99.965671
46.234859,60,100.035036
46.494993,60,100.107562
45.424377,60,100.184969
40.659407,60,100.254889
57.667376,60,100.326328
52.772942,60,100.396732
54.549874,60,100.462231
50.952832,60,100.537686
40.355486,60,100.603532
44.280134,60,100.673994
46.819416,60,100.746948
53.861052,60,100.814478
53.109346,60,100.888515
55.091291,60,100.962563
54.837451,60,101.033174
53.590355,60,101.108592
55.729676,60,101.181026
45.657926,60,101.25142
43.991799,60,101.324235
49.235815,60,101.396984
52.219497,60,101.478629
52.626205,60,101.548798
20.722329,60,101.620744
30.740357,60,101.689095
54.493551,60,101.757464
56.057309,60,101.829437
55.063738,60,101.900431
50.248094,60,101.970765
53.535653,60,102.037534
50.497013,60,102.104312
52.136201,60,102.168707
52.561171,60,102.239616
50.654027,60,102.310177
51.619323,60,102.377637
51.095594,60,102.450787
29.321922,60,102.526314
51.679847,60,102.604858
56.108901,60,102.679291
55.093196,60,102.754165
54.25991,60,102.831085
39.912466,60,102.911005
53.001,60,102.995943
42.992969,60,103.075979
18.584204,60,103.157476
53.392304,60,103.233129
53.354284,60,103.310051
34.481024,60,103.391328
52.638532,60,103.472672
49.987923,60,103.553885
54.81428,60,103.631288
54.133184,60,103.70173
55.479311,60,103.773273
55.369462,60,103.846349
51.560172,60,103.924029
55.51905,60,103.993402
39.818742,60,104.060451
55.157768,60,104.13293
54.269077,60,104.198445
54.528338,60,104.267375
46.262936,60,104.335326
54.542402,60,104.409214
53.288883,60,104.479481
25.87305,60,104.544218
55.048572,60,104.615524
16.913077,60,104.699023
51.583763,60,104.765584
52.068167,60,104.829972
26.662717,60,104.897919
53.955478,60,104.966422
53.058693,60,105.036515
54.066433,60,105.10188
47.06481,60,105.166724
51.561255,60,105.238715
52.50995,60,105.306177
51.883807,60,105.374091
54.615525,60,105.445552
40.737825,60,105.513165
41.770934,60,105.580456
53.885152,60,105.644135
31.99242,60,105.709947
44.37296,60,105.776529
45.661208,60,105.841558
39.462289,60,105.906944
46.178611,60,105.972347
46.586761,60,106.036728
47.393412,60,106.101845
53.453699,60,106.166033
54.822132,60,106.232997
52.869172,60,106.302161
54.389333,60,106.367363
48.492747,60,106.435625
27.987994,60,106.502989
38.547836,60,106.570971
50.241349,60,106.638453
48.622245,60,106.705916
47.836094,60,106.776431
47.639515,60,106.842994
46.789694,60,106.914848
23.963804,60,106.984189
53.498707,60,107.050408
55.172477,60,107.120528
43.253428,60,107.189832
52.735478,60,107.2592
56.534624,60,107.330204
51.105917,60,107.398052
49.806504,60,107.469526
49.575018,60,107.543061
53.381467,60,107.620009
55.883533,60,107.689799
54.999858,60,107.762836
55.430185,60,107.837458
54.261141,60,107.906457
23.991144,60,107.975494
55.222445,60,108.066191
27.199618,60,108.153256
54.968488,60,108.221193
53.684176,60,108.290858
54.965911,60,108.359233
52.626716,60,108.425689
52.045693,60,108.494331
51.519807,60,108.560814
53.158261,60,108.633237
53.848726,60,108.703078
53.585368,60,108.7746
51.287506,60,108.84611
53.605789,60,108.914599
48.30558,60,108.983603
47.182596,60,109.053127
34.281602,60,109.124694
56.418985,60,109.196663
55.88637,60,109.271213
56.05876,60,109.341052
54.499995,60,109.411573
56.412077,60,109.485566
43.728318,60,109.554447
53.002626,60,109.625425
49.323984,60,109.695468
54.714558,60,109.765383
55.471031,60,109.838428
49.578806,60,109.91278
47.885442,60,109.983287
56.082606,60,110.05477
54.588008,60,110.127227
46.384702,60,110.202785
54.736301,60,110.274709
54.18452,60,110.346686
52.382074,60,110.422215
55.072143,60,110.49482
53.589961,60,110.565189
32.932622,60,110.635032
54.833941,60,110.703821
55.176003,60,110.772859
36.863014,60,110.840375
56.619585,60,110.909304
55.322374,60,110.982998
57.212192,60,111.050921
53.132448,60,111.124625
30.18151,60,111.197606
52.215536,60,111.267541
55.031869,60,111.33506
47.825864,60,111.403357
55.766514,60,111.475207
49.739978,60,111.543436
43.132666,60,111.616552
55.05804,60,111.684042
26.338941,60,111.75105
48.179796,60,111.820549
55.484786,60,111.886376
53.814625,60,111.954365
55.361899,60,112.024858
54.395142,60,112.09017
55.462688,60,112.159937
51.91807,60,112.226277
56.149767,60,112.290185
54.387977,60,112.360613
54.45796,60,112.429477
51.686015,60,112.49744
54.342604,60,112.563848
54.782742,60,112.634787
54.58884,60,112.700665
50.261872,60,112.767543
54.799888,60,112.83546
46.744169,60,112.900285
49.117006,60,112.966305
49.146098,60,113.032784
54.843344,60,113.101136
52.372987,60,113.167319
55.931886,60,113.235727
57.306746,60,113.301623
52.218755,60,113.368996
53.110625,60,113.442914
54.171493,60,113.511996
50.471343,60,113.579826
54.305065,60,113.648246
53.45706,60,113.715703
42.742613,60,113.783143
50.729447,60,113.851129
43.997677,60,113.919823
38.282926,60,113.986564
50.794358,60,114.054729
45.951565,60,114.123041
32.34197,60,114.190959
54.095569,60,114.259397
49.805602,60,114.32829
37.217173,60,114.394759
56.502421,60,114.468239
55.397175,60,114.533661
52.8251,60,114.59858
54.739219,60,114.666553
46.669733,60,114.735386
54.157827,60,114.804284
54.032726,60,114.871974
41.915277,60,114.941945
53.733942,60,115.008355
54.201339,60,115.073174
52.522862,60,115.14112
25.090541,60,115.204098
40.558716,60,115.271236
54.090735,60,115.337632
56.428819,60,115.403071
58.27446,60,115.468466
56.362932,60,115.537485
55.508479,60,115.602424
54.150836,60,115.671576
42.003638,60,115.743095
47.45866,60,115.810536
54.50881,60,115.876449
56.011118,60,115.943866
56.772806,60,116.011822
55.132959,60,116.078228
54.867679,60,116.14959
53.874818,60,116.219271
55.611705,60,116.286236
53.98776,60,116.352188
55.750817,60,116.420632
55.840153,60,116.488173
55.662778,60,116.561625
53.112655,60,116.632583
56.177026,60,116.705174
39.299466,60,116.77321
55.552688,60,116.842747
54.553675,60,116.914262
55.931387,60,116.982105
55.438887,60,117.078303
56.0758,60,117.160831
55.023735,60,117.230995
54.1724,60,117.297772
55.742009,60,117.361506
46.433124,60,117.427974
55.949795,60,117.491981
51.40628,60,117.554825
38.868147,60,117.624315
56.576099,60,117.691267
54.010969,60,117.753707
50.704249,60,117.823782
52.527123,60,117.89205
53.783951,60,117.957109
49.070927,60,118.025096
41.11305,60,118.091054
35.544577,60,118.15791
55.118085,60,118.22478
53.506824,60,118.291191
56.380107,60,118.355077
53.435866,60,118.424601
23.937317,60,118.491003
45.369919,60,118.558369
56.326472,60,118.62885
47.62394,60,118.694201
56.623957,60,118.761748
26.638055,60,118.831299
54.400731,60,118.897336
56.258887,60,118.968724
50.956901,60,119.038046
56.482453,60,119.105465
42.297601,60,119.177434
55.730571,60,119.258444
51.334565,60,119.332412
55.017655,60,119.404065
51.336814,60,119.483207
56.484824,60,119.5517
56.517832,60,119.620194
55.264729,60,119.69147
54.642948,60,119.759926
55.616944,60,119.824891
16.324836,57,119.892785
21.960988,60,119.957235
52.210881,60,120.025209
54.616585,60,120.096122
51.854374,60,120.16443
51.675692,60,120.233374
52.0899,60,120.30071
49.584957,60,120.368183
53.301354,60,120.433122
53.233802,60,120.50114
54.977173,60,120.570584
55.685609,60,120.637049
37.087471,60,120.708809
56.246405,60,120.777149
55.097662,60,120.844527
54.442237,60,120.919513
54.552221,60,120.992498
41.452682,60,121.063956
48.119247,60,121.133959
50.212105,60,121.199835
55.132568,60,121.268658
55.23816,60,121.336008
55.206049,60,121.403026
55.866973,60,121.473515
49.318893,60,121.546031
40.092874,60,121.617552
54.631327,60,121.683167
55.182653,60,121.752365
50.265005,60,121.818687
54.858353,60,121.887024
56.070876,60,121.956454
55.567321,60,122.019443
55.440031,60,122.08582
45.622015,60,122.150794
54.829034,60,122.21365
44.094205,60,122.279466
54.818465,60,122.345851
55.936121,60,122.413384
56.552439,60,122.478273
55.939418,60,122.5463
49.693412,60,122.612635
55.214461,60,122.68103
53.839731,60,122.748405
53.737902,60,122.815798
55.743427,60,122.885903
54.723319,60,122.952883
53.852282,60,123.022324
50.159497,60,123.089772
53.955455,60,123.157226
45.929129,60,123.229609
46.668657,60,123.297474
54.895737,60,123.369938
19.952143,60,123.445969
55.200704,60,123.51492
56.482604,60,123.592367
53.49974,60,123.666351
32.130036,57,123.732249
55.54914,60,123.805254
35.461934,60,123.89292
51.705548,60,123.970422
55.815624,60,124.039895
54.605653,60,124.102352
49.714012,60,124.177121
10.784133,36,124.220546
56.92585,60,124.292853
55.899818,60,124.366272
55.004987,60,124.438335
41.981012,60,124.507806
54.489406,60,124.570258
47.975322,60,124.634556
55.382366,60,124.701457
54.694054,60,124.765545
53.622568,60,124.833494
55.389237,60,124.903059
46.804683,60,124.971487
57.312562,60,125.041983
55.592364,60,125.1087
29.373896,60,125.175242
46.707933,60,125.242062
17.888971,48,125.298462
53.428091,60,125.359315
49.072914,60,125.425257
55.304972,60,125.494856
53.923963,60,125.560189
55.335252,60,125.62957
46.148981,60,125.699968
55.672407,60,125.766324
56.23137,60,125.835986
52.892014,60,125.903848
7.057912,37,125.942067
42.377242,60,126.010863
56.166387,60,126.080228
55.294799,60,126.144675
57.009428,60,126.217037
51.674803,60,126.284469
55.113983,60,126.351501
43.281038,60,126.421476
52.594043,60,126.484324
55.132887,60,126.551225
56.396715,60,126.61888
55.372869,60,126.689833
55.424559,60,126.754668
55.139815,60,126.825574
56.168218,60,126.892472
53.868236,60,126.962006
56.532343,60,127.031856
54.295196,60,127.09878
56.152215,60,127.167356
20.059665,60,127.234785
53.337394,60,127.301652
54.036262,60,127.363982
55.334406,60,127.430929
55.555959,60,127.499472
53.311034,60,127.565374
45.581402,60,127.632414
55.12388,60,127.695869
54.141525,60,127.761437
55.821982,60,127.822792
54.431017,60,127.889195
56.380907,60,127.954444
32.042535,60,128.017364
44.543548,60,128.086278
38.510632,60,128.152903
52.727825,60,128.222852
55.299672,60,128.290745
55.427338,60,128.36294
56.118052,60,128.431941
47.468376,60,128.500318
52.097845,60,128.56625
55.361103,60,128.63414
55.48059,60,128.704063
50.161885,60,128.770056
56.629626,60,128.837959
50.039386,60,128.90893
55.505337,60,128.978871
39.168359,60,129.046267
55.866908,60,129.117724
54.386509,60,129.238512
18.153198,60,129.324119
53.261264,60,129.393043
53.250347,60,129.459793
53.750404,60,129.534336
53.325435,60,129.604953
54.648191,60,129.687005
54.250191,60,129.755387
44.42606,60,129.825937
50.231042,60,129.900011
49.906688,60,129.973537
53.259966,60,130.04268
48.694872,60,130.113611
53.605469,60,130.182021
55.321703,60,130.249004
55.372809,60,130.317361
54.598941,60,130.385814
39.219283,60,130.457988
54.448367,60,130.531345
14.721578,60,130.60437
55.652064,60,130.671323
55.128986,60,130.740782
55.318298,60,130.812182
54.392939,60,130.881693
56.777056,60,130.957128
46.308325,60,131.031578
56.788802,60,131.10341
54.944448,60,131.170377
55.853674,60,131.238911
56.677108,60,131.304328
52.622542,60,131.374215
50.040178,60,131.442005
55.301343,60,131.506912
53.176224,60,131.57597
56.744538,60,131.643783
55.984113,60,131.713192
55.980016,60,131.780153
56.328078,60,131.852102
39.633983,60,131.927053
54.962236,60,131.992863
52.251103,60,132.061287
51.80145,60,132.128757
36.08104,60,132.195773
6.865882,33,132.234989
39.091756,60,132.300771
54.380537,60,132.369875
51.926194,60,132.440362
55.723271,60,132.513276
47.07602,60,132.580254
54.30707,60,132.646176
41.120022,60,132.716033
55.596957,60,132.782342
56.34038,60,132.851926
55.019599,60,132.918816
50.03142,60,132.989149
54.885556,60,133.056793
54.769536,60,133.124737
55.380713,60,133.197318
45.061399,60,133.274707
14.141098,53,133.339871
45.507997,60,133.419448
55.944229,60,133.527017
25.178443,60,133.60078
54.234734,60,133.677166
56.287805,60,133.750618
56.260795,60,133.821682
43.992025,60,133.899041
26.064771,60,133.966045
54.766416,60,134.051081
53.870832,60,134.124379
56.109154,60,134.203782
30.79082,60,134.271795
55.788314,60,134.35582
55.348376,60,134.430299
55.298348,60,134.515356
56.519913,60,134.586183
55.981186,60,134.653959
56.649379,60,134.716151
55.292418,60,134.78723
29.707405,60,134.852551
54.13173,60,134.917832
56.575373,60,134.988277
51.402965,60,135.056964
41.162115,60,135.130966
56.168019,60,135.208906
56.89532,60,135.2784
55.579354,60,135.355423
46.580295,60,135.435335
55.10848,60,135.528963
49.776707,60,135.623107
49.728383,60,135.717299
39.362383,60,135.798775
56.984784,60,135.880304
53.803993,60,135.973351
54.752879,60,136.052957
55.276511,60,136.124009
54.72817,60,136.200063
55.291117,60,136.270027
55.399561,60,136.338475
37.780447,60,136.404397
56.572186,60,136.475898
35.423856,60,136.554887
54.619164,60,136.624902
55.73723,60,136.697764
54.373383,60,136.772868
49.307631,60,136.839296
56.257595,60,136.909164
55.467585,60,136.979089
54.721519,60,137.049558
50.391867,60,137.118025
55.936985,60,137.182405
41.740642,60,137.250114
56.735927,60,137.313952
44.669306,60,137.381007
37.687858,60,137.447664
55.397368,60,137.517004
56.29545,60,137.585895
21.323861,60,137.652825
55.63724,60,137.725275
44.982487,60,137.793217
56.467046,60,137.863512
53.479999,60,137.935331
29.002801,60,138.005484
34.184197,60,138.076782
48.536879,60,138.145752
43.754433,60,138.212794
45.330129,60,138.28407
54.026428,60,138.353649
37.946824,60,138.421019
54.596928,60,138.490057
55.966426,60,138.564593
54.24332,60,138.635867
42.241836,60,138.703289
39.346374,60,138.776804
40.30095,60,138.840722
55.507002,60,138.911638
56.793231,60,138.981147
53.596509,60,139.050975
55.40907,60,139.122631
49.240772,60,139.198596
55.827197,60,139.267018
47.384273,60,139.334341
21.481307,48,139.388572
54.677167,60,139.456801
47.568488,60,139.524211
55.220001,60,139.591636
52.107129,60,139.660194
55.965413,60,139.727616
55.209074,60,139.798676
43.122472,60,139.873797
55.736336,60,139.943818
43.973561,60,140.011617
53.008262,60,140.079993
22.149739,60,140.14701
56.02753,60,140.214111
47.100259,60,140.278046
48.143638,60,140.345827
4.513954,30,140.378549
19.247225,60,140.447118
6.994658,31,140.483353
56.266926,60,140.552401
53.703379,60,140.622921
52.350743,60,140.692577
57.585798,60,140.765087
52.59888,60,140.840064
44.131803,60,140.908919
53.164645,60,140.975946
55.725493,60,141.046003
29.589382,60,141.113528
6.232622,33,141.150656
56.230577,60,141.221472
55.616699,60,141.288057
50.730368,60,141.357107
56.15,60,141.424537
46.243697,60,141.493491
54.501672,60,141.56302
45.442418,60,141.632062
54.607524,60,141.698427
54.660855,60,141.773391
56.115825,60,141.840301
49.567106,60,141.909815
50.699515,60,141.981251
53.031198,60,142.049689
55.123548,60,142.118641
54.28466,60,142.185628
53.549585,60,142.255588
56.551363,60,142.325851
54.737184,60,142.394347
55.480278,60,142.460885
56.419493,60,142.528339
54.752845,60,142.59374
54.787866,60,142.660356
56.075272,60,142.722195
54.95748,60,142.786747
51.48774,60,142.853718
55.917837,60,142.920545
54.520224,60,142.987468
53.332685,60,143.055176
29.065576,60,143.121695
56.493477,60,143.19325
56.066697,60,143.261618
55.988077,60,143.328055
56.075454,60,143.397864
55.714672,60,143.462525
50.320948,60,143.531385
41.849197,60,143.597734
26.497253,54,143.660121
55.660019,60,143.727551
36.836047,60,143.797479
56.686348,60,143.86498
49.757182,60,143.93152
49.607053,60,144.001898
55.531241,60,144.072172
54.977484,60,144.144956
55.076049,60,144.21995
55.425026,60,144.292478
56.2994,60,144.364978
55.994646,60,144.480875
56.556921,60,144.552567
27.118672,60,144.615895
54.469637,60,144.68239
55.836322,60,144.747116
50.025265,60,144.813561
53.101937,60,144.883451
48.704655,60,144.950945
57.352669,60,145.016377
57.336882,60,145.086185
53.218711,60,145.152398
55.565026,60,145.221334
55.208012,60,145.289384
53.629091,60,145.354827
57.060579,60,145.42381
29.414226,60,145.489026
39.864624,60,145.5605
52.070059,60,145.667085
55.801387,60,145.738653
52.586547,60,145.811076
55.903349,60,145.878554
56.354155,60,145.948444
53.746121,60,146.0179
57.584188,60,146.085808
52.860863,60,146.156784
47.889523,60,146.224114
56.933068,60,146.294021
55.690725,60,146.362982
51.964582,60,146.434896
53.729766,60,146.502521
56.298045,60,146.569454
56.375793,60,146.636954
29.185749,60,146.70194
56.063326,60,146.768902
50.71379,60,146.831372
54.677443,60,146.895764
40.691872,60,146.962648
18.153532,60,147.026927
42.778237,60,147.091904
51.66047,60,147.156551
55.716649,60,147.224476
40.51282,60,147.291912
51.744443,60,147.361919
17.122582,60,147.431598
56.136194,60,147.499618
57.665967,60,147.565563
46.987878,60,147.632075
55.522793,60,147.702954
55.457436,60,147.771266
54.339774,60,147.836793
55.716695,60,147.909745
56.030141,60,147.975893
16.123591,60,148.045816
54.312255,60,148.114745
55.823861,60,148.182063
54.181879,60,148.253616
47.111744,60,148.323535
44.020798,60,148.390357
53.648354,60,148.461861
45.124534,60,148.529769
37.404711,60,148.600415
56.679228,60,148.667941
54.251817,60,148.734874
48.779378,60,148.800755
52.1271,60,148.864562
41.512953,60,148.929113
55.790612,60,148.991903
57.374554,60,149.055648
56.443893,60,149.122115
55.492321,60,149.184954
40.820525,60,149.253385
53.91273,60,149.320802
56.507178,60,149.387722
56.261168,60,149.459701
55.337213,60,149.529136
55.379852,60,149.593993
26.649832,60,149.66055
52.655917,60,149.728402
54.377355,60,149.79831
54.914187,60,149.864241
56.322494,60,149.931677
54.824045,60,150.001912
39.610274,60,150.069963
54.996984,60,150.13914
51.950686,60,150.206544
42.33874,60,150.274006
56.400696,60,150.345408
35.736878,60,150.412753
50.598206,60,150.480157
56.434345,60,150.546603
55.909416,60,150.618706
54.008699,60,150.68464
56.357564,60,150.75344
47.373344,60,150.822409
54.115591,60,150.889865
56.225714,60,150.957814
56.212825,60,151.025384
54.665164,60,151.094626
56.365659,60,151.158857
55.654805,60,151.22508
56.527649,60,151.292215
56.165672,60,151.356791
55.727656,60,151.428715
48.821798,60,151.497192
55.204618,60,151.565746
56.70404,60,151.635576
57.088103,60,151.700905
43.884641,60,151.763177
40.050304,60,151.827981
56.515365,60,151.900944
46.02201,60,151.96933
56.497355,60,152.042733
57.10205,60,152.113783
28.923845,57,152.178709
56.03324,60,152.249799
57.084252,60,152.316719
56.269294,60,152.386606
34.654111,60,152.459565
34.436873,60,152.525385
57.388877,60,152.599092
49.057122,60,152.66695
56.700874,60,152.73956
55.260775,60,152.806515
55.687102,60,152.87639
55.486064,60,152.944372
48.265098,60,153.007205
43.427709,60,153.070586
56.19789,60,153.13492
54.707727,60,153.19947
55.306594,60,153.269377
56.178564,60,153.335205
55.755783,60,153.399597
54.543966,60,153.46695
46.320311,60,153.548318
55.095298,60,153.616214
54.647311,60,153.687704
51.68612,60,153.754154
55.76329,60,153.824481
55.193975,60,153.893336
33.281322,60,153.960328
57.15302,60,154.030115
56.342969,60,154.098358
56.418894,60,154.168238
53.421547,60,154.237142
43.165344,60,154.306549
54.588826,60,154.374031
54.773866,60,154.438421
46.017436,60,154.50578
54.58291,60,154.571714
54.858214,60,154.638053
54.38167,60,154.711043
55.928886,60,154.780034
55.829506,60,154.850454
45.193523,60,154.918913
49.959285,60,154.98784
55.842692,60,155.054293
55.726079,60,155.120569
41.123632,60,155.188394
52.888623,60,155.258621
56.241904,60,155.32839
49.987036,60,155.392759
51.664784,60,155.458284
56.118823,60,155.519556
55.727032,60,155.589317
54.0649,60,155.658195
51.218136,60,155.725602
47.802303,60,155.793841
56.625723,60,155.861247
54.326007,60,155.930161
55.438786,60,155.99574
54.919065,60,156.061675
57.107127,60,156.124117
56.391991,60,156.193195
56.111444,60,156.261183
56.592159,60,156.325596
46.696506,60,156.395379
45.919381,60,156.463844
23.997683,60,156.529787
54.391382,60,156.598758
56.400517,60,156.66631
54.619118,60,156.736308
56.044159,60,156.809458
54.737305,60,156.878049
54.224193,60,156.947965
53.415119,60,157.0148
56.392423,60,157.080216
51.109777,60,157.145287
49.951932,60,157.212222
46.500198,60,157.277145
55.348809,60,157.340966
56.415734,60,157.406723
53.499229,60,157.472608
54.592756,60,157.53765
56.412207,60,157.599514
52.353842,60,157.666786
56.792731,60,157.73105
40.467599,60,157.801028
57.912699,60,157.870548
55.775968,60,157.940505
53.50798,60,158.007927
56.846179,60,158.072421
55.882421,60,158.142961
46.773664,60,158.207857
46.327534,60,158.277245
56.55,60,158.346426
54.582545,60,158.415354
54.652925,60,158.487385
56.262356,60,158.553286
55.796363,60,158.621246
55.005743,60,158.69214
52.838632,60,158.761276
37.996664,60,158.829616
50.015033,60,158.897166
55.528018,60,158.96964
55.390272,60,159.037705
55.571761,60,159.104708
36.287289,60,159.170737
56.621163,60,159.234085
52.751595,60,159.305048
47.495307,60,159.368933
56.442997,60,159.434313
54.032556,60,159.501247
36.190128,60,159.565108
56.636063,60,159.627331
50.48982,60,159.698256
56.036302,60,159.768315
55.202807,60,159.832307
56.5,60,159.903403
55.497111,60,159.969894
54.162857,60,160.032887
55.303567,60,160.10037
56.372125,60,160.167895
46.647495,60,160.233397
46.000194,60,160.301594
50.720854,60,160.37299
56.247539,60,160.439885
44.576123,60,160.5064
51.291049,60,160.573931
55.005987,60,160.641918
53.559174,60,160.714483
56.323295,60,160.782426
50.998777,60,160.849219
56.449266,60,160.921679
56.224707,60,160.991613
57.075912,60,161.06213
35.844445,60,161.127501
56.839308,60,161.191681
56.172029,60,161.257647
55.916851,60,161.321766
52.437252,60,161.386042
56.640121,60,161.453785
31.600193,60,161.520282
56.906704,60,161.58452
42.0607,60,161.648803
55.833432,60,161.714626
54.303871,60,161.784556
47.714239,60,161.852213
56.3,60,161.919605
55.572923,60,161.988654
49.897895,60,162.05106
56.572617,60,162.119469
56.585411,60,162.18332
56.3,60,162.250815
56.188689,60,162.319051
54.130153,60,162.385401
56.464877,60,162.457532
56.528704,60,162.526502
54.907531,60,162.592552
56.142105,60,162.661482
55.699356,60,162.72556
56.628811,60,162.795485
55.476378,60,162.86504
55.809269,60,162.931272
7.341718,31,162.970497
56.493579,60,163.033035
55.210024,60,163.101516
51.735061,60,163.16967
56.293217,60,163.236579
56.185151,60,163.304511
55.798077,60,163.367318
55.762343,60,163.433218
31.47376,60,163.49867
34.782122,60,163.563115
57.684414,60,163.627573
50.992122,60,163.690517
53.681187,60,163.756867
56.463011,60,163.821233
33.845045,60,163.889752
52.713105,60,163.955136
56.180592,60,164.02445
50.368199,60,164.09493
55.972219,60,164.160815
36.067781,60,164.227345
50.650402,60,164.291837
56.2,60,164.363444
54.605941,60,164.433041
57.489431,60,164.503999
57.115767,60,164.57128
52.72728,60,164.639676
55.505434,60,164.712117
55.359683,60,164.779502
56.7,60,164.848464
48.232774,60,164.92105
53.592243,60,164.987334
55.283787,60,165.053572
57.043217,60,165.12075
50.706278,60,165.189617
9.028961,52,165.246979
44.957981,60,165.313404
42.541737,60,165.381914
56.625215,60,165.444845
56.330974,60,165.512758
55.827904,60,165.575559
55.02665,60,165.640569
55.4,60,165.705441
56.924384,60,165.770814
56.478072,60,165.831529
54.320738,60,165.896951
56.125007,60,165.966456
57.998426,60,166.029355
56.669296,60,166.099421
56.750861,60,166.167887
57.13107,60,166.236774
53.131713,60,166.302651
56.32537,60,166.365045
20.485408,60,166.433485
46.846634,60,166.501924
55.966685,60,166.570884
54.494447,60,166.640846
34.976126,60,166.708654
53.505506,60,166.776437
56.6,60,166.844815
54.80807,60,166.912366
57.304121,60,166.98125
53.804298,60,167.049169
55.790423,60,167.121159
53.488521,60,167.187195
57.054865,60,167.256405
57.419372,60,167.326573
47.980548,60,167.391366
56.279615,60,167.461178
56.9,60,167.528668
57.001282,60,167.599147
54.947535,60,167.670551
56.206094,60,167.739485
56.913004,60,167.80143
53.273969,60,167.871192
56.357602,60,167.94023
53.545437,60,168.005492
46.987885,60,168.072758
57.410464,60,168.139408
53.883861,60,168.20608
34.652077,60,168.275035
56.215352,60,168.343005
45.030623,60,168.411449
55.870377,60,168.478734
43.882459,60,168.548158
56.475513,60,168.613529
54.615234,60,168.683463
55.563303,60,168.750361
25.691054,50,168.80618
47.091571,60,168.875083
47.872185,60,168.945501
26.464948,60,169.013958
55.472548,60,169.082982
50.256639,60,169.149845
8.084512,55,169.211644
56.042327,60,169.281253
56.507706,60,169.34969
52.251151,60,169.418212
55.942568,60,169.487231
55.793471,60,169.553522
53.689557,60,169.619999
55.765953,60,169.684154
39.480666,60,169.747242
56.629143,60,169.811645
50.900566,60,169.876025
51.756044,60,169.945417
54.174156,60,170.012316
56.258574,60,170.074065
55.827305,60,170.143031
56.474489,60,170.211963
47.72849,60,170.28037
36.421059,60,170.352905
51.584151,60,170.418398
40.230984,60,170.484349
57.180213,60,170.551803
56.39238,60,170.618282
57.499275,60,170.684287
37.585274,60,170.753791
48.655736,60,170.826621
45.252887,60,170.894097
39.390164,60,170.959619
56.294475,60,171.030642
56.276419,60,171.096544
45.699512,60,171.165106
37.521547,60,171.239604
55.647747,60,171.304428
57.827128,60,171.375377
18.889184,60,171.44541
56.39125,60,171.516363
55.059431,60,171.582317
55.875902,60,171.650226
50.896433,60,171.716327
27.107155,60,171.783673
48.673819,60,171.849224
55.7,60,171.913135
53.83235,60,171.978088
56.775634,60,172.039445
28.321511,60,172.10536
55.448065,60,172.170677
43.892979,60,172.239999
56.087189,60,172.310823
57.151142,60,172.379163
40.658179,60,172.451503
37.302765,60,172.520333
56.178593,60,172.588375
55.497384,60,172.656366
38.753277,60,172.72539
45.549089,60,172.795044
55.979869,60,172.864616
19.067924,53,172.926053
15.738628,60,172.993439
54.136891,60,173.062371
24.877361,50,173.119881
46.848478,60,173.184439
50.151437,60,173.254519
56.305056,60,173.32146
55.161062,60,173.388455
52.91583,60,173.45906
52.901098,60,173.528631
48.956709,60,173.602975
57.07247,60,173.66839
55.698764,60,173.73792
53.172275,60,173.804934
51.15693,60,173.874316
54.886139,60,173.94126
56.341087,60,174.008722
39.886495,60,174.072044
55.336864,60,174.133883
43.244495,60,174.19725
55.431841,60,174.262155
56.83927,60,174.332185
55.589936,60,174.403715
22.553906,60,174.475216
53.179922,60,174.545131
58.05448,60,174.613484
32.591955,59,174.678272
57.187043,60,174.743953
38.075638,60,174.81336
21.451605,60,174.880396
55.986554,60,174.949486
52.124332,60,175.022376
44.029029,60,175.08633
52.524448,60,175.155311
56.532794,60,175.223824
55.536757,60,175.291139
51.755648,60,175.357993
56.250799,60,175.426359
56.893248,60,175.491844
32.17037,60,175.560846
56.442371,60,175.63591
56.875116,60,175.710358
55.249787,60,175.781374
56.760143,60,175.853738
56.697234,60,175.920032
49.233045,60,175.98541
56.867847,60,176.057944
53.74566,60,176.12344
45.145534,60,176.188411
55.697319,60,176.255302
55.878498,60,176.319764
55.847693,60,176.387662
53.153987,60,176.458448
56.301498,60,176.526386
56.038362,60,176.593306
56.593441,60,176.687443
53.234985,60,176.769983
56.7,60,176.854824
56.123251,60,176.926847
53.205833,60,177.006811
21.738731,60,177.081296
47.733616,60,177.176346
55.91742,60,177.254961
46.709983,60,177.343048
9.803298,59,177.431859
56.878541,60,177.538734
56.533186,60,177.630573
54.990885,60,177.710248
56.632594,60,177.793238
56.442368,60,177.875117
45.655577,60,177.960287
56.443519,60,178.03671
39.947093,60,178.109554
55.46021,60,178.183129
56.096161,60,178.249199
55.948032,60,178.314063
53.027457,60,178.382101
52.662451,60,178.447501
56.220119,60,178.51599
56.224582,60,178.581662
56.745183,60,178.648137
56.976632,60,178.711448
52.94365,60,178.781702
56.054826,60,178.848639
48.579608,60,178.914559
24.87046,60,178.985841
54.419121,60,179.048394
49.715256,60,179.111955
51.033117,60,179.176407
54.105654,60,179.244799
55.753609,60,179.312722
41.671582,60,179.379163
55.450144,60,179.444499
40.670305,60,179.504868
47.221821,60,179.575826
55.9,60,179.64128
54.720539,60,179.711125
51.025932,60,179.775819
55.770057,60,179.839697
49.720039,60,179.910693
47.38819,60,179.975104
57.142297,60,180.044173
55.690949,60,180.105174
52.897072,60,180.169588
56.56624,60,180.234843
55.808495,60,180.298748
56.640807,60,180.364867
54.180649,60,180.421591
56.282743,60,180.48507
56.753678,60,180.549476
56.458104,60,180.615048
18.291549,44,180.661886
56.800954,60,180.728872
47.01996,60,180.791203
25.229491,49,180.841799
55.428574,60,180.901674
44.935658,60,180.965002
33.142015,60,181.025917
56.127658,60,181.087884
56.537015,60,181.145841
49.849873,60,181.204426
44.624552,60,181.260347
55.69367,60,181.322828
56.382048,60,181.383747
56.4671,60,181.447913
51.367579,60,181.50521
52.28564,60,181.56662
43.073254,60,181.637475
56.777025,60,181.701411
12.996982,44,181.747662
54.793589,60,181.808436
54.554053,60,181.872846
54.105998,60,181.9412
55.894609,60,182.003924
54.547443,60,182.067327
56.012489,60,182.132203
54.751816,60,182.187593
43.318785,60,182.258365
54.803371,60,182.32438
55.662625,60,182.382266
56.060989,60,182.453122
42.90488,60,182.51588
52.640695,60,182.577817
54.049343,60,182.634666
56.314802,60,182.700083
54.080169,60,182.769653
56.178184,60,182.832949
17.721175,43,182.87606
41.367479,60,182.939432
52.808468,60,183.003243
56.548428,60,183.091224
51.705675,60,183.172678
30.486836,60,183.26221
51.425804,60,183.333727
55.619607,60,183.402601
55.5864,60,183.487747
49.811421,60,183.563579
54.235559,60,183.644189
50.398282,60,183.742638
57.136756,60,183.83627
57.046809,60,183.919331
54.340341,60,183.999065
46.438908,60,184.077746
55.277679,60,184.157664
53.705342,60,184.258546
42.193318,60,184.363142
54.515491,60,184.458773
41.529712,60,184.535835
54.852004,60,184.604711
36.608324,60,184.667992
55.531306,60,184.73579
56.974182,60,184.807151
56.120862,60,184.879681
57.117514,60,184.942596
56.182898,60,185.009075
56.687293,60,185.074878
56.315352,60,185.142818
49.353715,60,185.208654
49.719424,60,185.281187
53.266131,60,185.368085
55.879518,60,185.434409
48.057655,60,185.499711
55.531903,60,185.564466
42.617167,60,185.661487
45.050165,60,185.729471
56.164021,60,185.802043
56.364545,60,185.877493
48.901486,60,185.95413
22.030301,60,186.032131
57.045456,60,186.108064
54.775353,60,186.183494
55.735385,60,186.280114
55.474844,60,186.354653
56.571645,60,186.422114
35.321227,60,186.492525
57.594086,60,186.568793
55.500403,60,186.637606
53.989373,60,186.713184
27.00696,60,186.781145
6.122026,60,186.839481
56.760023,60,186.906511
53.769712,60,186.962345
53.535431,60,187.024669
56.54849,60,187.101789
55.581897,60,187.197381
49.305642,60,187.300788
55.406214,60,187.404768
56.596016,60,187.49436
54.334938,60,187.593049
42.263471,60,187.67627
47.705787,60,187.763277
54.709922,60,187.84337
56.157963,60,187.924071
50.503282,60,188.002975
56.432867,60,188.076975
53.161413,60,188.160926
56.809187,60,188.239512
53.911062,60,188.319638
56.167034,60,188.401242
55.913934,60,188.481779
56.025916,60,188.562423
47.791425,60,188.642592
54.629205,60,188.724076
50.981085,60,188.798133
58.444936,60,188.872667
56.920137,60,188.948166
55.967578,60,189.027542
53.595163,60,189.10442
50.488055,60,189.180374
56.688242,60,189.259797
53.631439,60,189.333608
47.781293,60,189.412469
46.077365,60,189.491424
56.89329,60,189.570472
56.671695,60,189.648465
52.376743,60,189.738153
23.404569,60,189.854891
16.865964,60,189.931435
52.227762,60,190.002785
55.694791,60,190.079317
56.566852,60,190.151008
55.501382,60,190.224545
56.66521,60,190.300102
50.651547,60,190.3822
54.936757,60,190.467785
55.779033,60,190.551536
48.788075,60,190.6285
19.930807,47,190.692745
55.712201,60,190.76775
56.495313,60,190.837537
56.623269,60,190.912296
55.838588,60,190.979671
56.644945,60,191.052694
44.764197,60,191.127718
24.818761,57,191.196149
56.871484,60,191.261603
56.650986,60,191.324586
43.460985,60,191.394082
56.665092,60,191.46309
54.759384,60,191.52711
52.694822,60,191.604947
55.919743,60,191.685019
38.810721,60,191.764503
55.906705,60,191.837934
56.26924,60,191.913011
50.793218,60,191.976554
46.472492,60,192.039985
57.143886,60,192.108331
52.489792,60,192.181263
55.376997,60,192.255706
55.870167,60,192.332932
49.244394,60,192.415643
56.198216,60,192.492803
56.23907,60,192.586416
28.084373,60,192.664639
46.889594,60,192.73944
56.685814,60,192.815235
55.979967,60,192.904633
57.158289,60,192.987625
56.213112,60,193.07749
55.691753,60,193.160589
56.586716,60,193.236041
35.783039,60,193.319125
56.388503,60,193.39971
56.756302,60,193.520996
56.635147,60,193.632601
51.735071,60,193.724679
56.662263,60,193.821651
56.560819,60,193.905626
49.241314,60,193.986073
56.17008,60,194.064707
41.574943,60,194.158769
48.694039,60,194.243748
55.054666,60,194.33101
53.864792,60,194.40892
55.584012,60,194.495481
24.086603,52,194.56282
56.864676,60,194.640649
45.94256,60,194.722079
45.572646,60,194.800535
42.858317,60,194.883088
55.796501,60,194.960218
50.113363,60,195.038929
56.559164,60,195.119957
55.38739,60,195.200562
48.60298,60,195.278978
54.193813,60,195.372314
47.439824,60,195.457889
56.443358,60,195.538368
55.230724,60,195.621812
33.052097,60,195.700092
51.310498,60,195.780512
57.161317,60,195.859504
56.39547,60,195.937739
54.963341,60,196.017553
55.878831,60,196.099959
53.970082,60,196.185796
57.675051,60,196.263193
56.16454,60,196.342054
56.787661,60,196.422933
56.524885,60,196.495177
29.201993,60,196.567424
57.332526,60,196.642464
57.064494,60,196.722007
25.718757,60,196.812503
16.16857,60,196.901048
53.50884,60,196.979812
38.184023,60,197.078401
53.615626,60,197.16194
56.545557,60,197.244865
56.05985,60,197.340622
55.878096,60,197.448743
56.284683,60,197.55649
36.839055,60,197.653404
56.6,60,197.758036
55.277238,60,197.850857
54.132127,60,197.950055
40.412352,60,198.041067
56.952456,60,198.127795
57.312487,60,198.225866
51.963599,60,198.324552
53.522302,60,198.426762
55.298358,60,198.536945
52.629304,60,198.649242
44.866066,60,198.735683
51.893689,60,198.831861
53.0654,60,198.936847
54.44161,60,199.022881
27.688969,60,199.110772
55.720484,60,199.195778
20.467939,60,199.281435
54.731228,60,199.371966
45.664577,60,199.454781
55.53624,60,199.548277
55.6,60,199.641696
35.011388,60,199.726198
56.663497,60,199.814327
56.413438,60,199.903383
55.17713,60,199.992909
53.442382,60,200.08814
55.829624,60,200.178721
54.859582,60,200.259277
56.593288,60,200.352773
57.247472,60,200.438653
55.345019,60,200.523254
48.973091,60,200.610967
54.856676,60,200.693456
20.856215,45,200.753312
47.732556,60,200.840937
56.176237,60,200.93088
55.72865,60,201.014821
56.189616,60,201.100357
45.948744,60,201.187959
56.77677,60,201.270351
37.315086,60,201.349526
55.84709,60,201.429666
54.914249,60,201.511335
56.929839,60,201.593622
56.926418,60,201.679265
51.110635,60,201.769982
56.896764,60,201.852922
49.145485,60,201.952278
25.632563,60,202.038839
44.131041,60,202.115879
55.564853,60,202.195975
25.932391,60,202.302259
56.956878,60,202.38118
55.491223,60,202.474697
42.166427,60,202.552461
56.774001,60,202.63318
52.866516,60,202.725384
53.593356,60,202.804382
52.225265,60,202.888873
51.958171,60,202.981044
47.110263,60,203.065445
54.604593,60,203.15053
56.356386,60,203.239531
56.478153,60,203.331846
29.412894,56,203.408601
47.015299,60,203.501524
54.494291,60,203.587085
14.338961,53,203.65908
46.176698,60,203.740947
54.480677,60,203.822339
55.78968,60,203.902649
49.074827,60,203.984715
55.864531,60,204.070289
56.752143,60,204.152749
44.266562,60,204.240381
56.445245,60,204.322968
53.333562,60,204.402972
56.492704,60,204.484919
55.288763,60,204.571437
50.416401,60,204.658589
56.1,60,204.75117
48.80096,60,204.836856
56.139628,60,204.928174
57.811666,60,205.012508
51.182626,60,205.092602
55.239587,60,205.181694
56.324025,60,205.26229
50.774588,60,205.347786
56.402508,60,205.437479
53.874195,60,205.530121
55.682189,60,205.612352
54.897635,60,205.698364
26.332781,51,205.763254
56.485633,60,205.838774
48.661132,60,205.922268
56.334089,60,205.999669
44.214457,60,206.077361
55.722355,60,206.157652
43.999215,60,206.250219
53.777751,60,206.340749
57.435215,60,206.431126
54.897847,60,206.522712
57.236469,60,206.60175
53.960724,60,206.681271
56.248263,60,206.762718
55.7,60,206.843645
56.992714,60,206.928263
55.985288,60,207.016813
48.479858,60,207.102906
54.761146,60,207.191524
56.009235,60,207.277527
45.177033,60,207.359566
54.973091,60,207.452646
30.256178,55,207.52964
41.69956,60,207.61202
55.917783,60,207.698687
34.94577,60,207.786227
47.485792,60,207.868777
47.952103,60,207.950836
56.425675,60,208.02937
57.391133,60,208.10437
55.958468,60,208.181411
56.224288,60,208.261007
56.080038,60,208.337781
56.428461,60,208.418686
55.883429,60,208.498034
54.898673,60,208.576379
46.840695,60,208.659469
56.306877,60,208.752573
40.589511,60,208.837127
37.158892,60,208.921843
55.92662,60,209.072582
57.612,60,209.163785
38.163845,60,209.249268
56.700341,60,209.336895
56.295176,60,209.418
40.983093,60,209.504703
56.144996,60,209.600839
50.72477,60,209.703058
56.799105,60,209.804378
29.62794,60,209.899253
55.736789,60,209.9939
52.987048,60,210.084051
51.62158,60,210.175552
55.54769,60,210.27838
56.069024,60,210.392657
55.580016,60,210.51045
56.768359,60,210.602061
56.141243,60,210.702702
57.067798,60,210.786701
43.637784,60,210.883696
24.511537,51,210.964396
55.954876,60,211.049587
57.158182,60,211.159154
48.025189,60,211.253393
56.029859,60,211.338481
41.910746,60,211.421573
51.462589,60,211.509134
52.13342,60,211.595748
45.376013,60,211.681736
56.122437,60,211.774081
55.964205,60,211.867113
55.952681,60,211.967163
57.473509,60,212.054217
56.66126,60,212.151906
43.966711,60,212.238983
56.861561,60,212.326063
53.557793,60,212.414396
53.102832,60,212.504501
56.715962,60,212.587605
57.643398,60,212.670603
35.842429,60,212.750625
56.262585,60,212.833614
56.567379,60,212.920267
56.549342,60,213.001426
57.243684,60,213.082838
56.115969,60,213.158906
56.85076,60,213.243439
57.013558,60,213.331551
55.997497,60,213.418701
49.34727,60,213.500151
33.193953,60,213.579709
53.624078,60,213.672941
34.012503,60,213.768866
55.4061,60,213.858802
56.044841,60,213.953291
55.107376,60,214.095757
53.932688,60,214.208561
56.372608,60,214.310025
55.713672,60,214.411076
56.29502,60,214.514186
57.087814,60,214.610313
46.993926,60,214.708531
56.76253,60,214.795663
18.429822,60,214.890843
52.535472,60,214.981686
41.347971,60,215.076337
53.496632,60,215.168467
45.107323,60,215.256473
42.021523,60,215.347963
47.97065,60,215.430857
35.434402,60,215.514419
54.389994,60,215.599048
55.728994,60,215.691978
51.084542,60,215.779912
57.609559,60,215.876787
56.642452,60,215.968765
56.771506,60,216.059391
46.696856,60,216.142405
51.628543,60,216.23346
54.169253,60,216.317019
49.807245,60,216.411562
56.270713,60,216.500288
47.673723,60,216.58126
55.643048,60,216.670913
55.166425,60,216.748958
56.264841,60,216.833518
53.136673,60,216.921514
51.358649,60,217.00133
56.93287,60,217.087549
42.143179,60,217.172568
56.574293,60,217.259565
57.3,60,217.335976
55.631675,60,217.405438
54.689981,60,217.488209
51.888545,60,217.567691
55.491599,60,217.643481
53.795736,60,217.721953
56.394902,60,217.800486
50.353085,60,217.878495
56.897607,60,217.96706
46.309025,60,218.047307
56.259405,60,218.130669
20.224181,60,218.214217
55.820449,60,218.298649
46.141106,60,218.378234
52.852562,60,218.464842
56.408683,60,218.547396
56.086772,60,218.629369
56.287578,60,218.715019
56.519758,60,218.798508
32.67262,60,218.883519
55.429805,60,218.968073
56.131796,60,219.048947
50.003039,60,219.138633
56.566327,60,219.221437
56.651997,60,219.307105
47.807839,60,219.395133
54.426892,60,219.481148
56.138776,60,219.561532
56.393385,60,219.642971
54.819914,60,219.72554
12.089625,38,219.774875
56.176774,60,219.853931
56.43258,60,219.932136
30.881043,60,220.009066
54.190739,60,220.085915
41.80411,60,220.164286
51.610084,60,220.243762
12.505725,60,220.327309
55.784248,60,220.403903
55.884892,60,220.488459
56.468017,60,220.569961
56.628328,60,220.648465
55.081988,60,220.732611
53.966415,60,220.810465
54.287751,60,220.899991
56.792797,60,220.989017
56.709844,60,221.074052
42.677712,60,221.163571
56.19759,60,221.242418
55.763758,60,221.332984
17.072982,60,221.424087
39.708963,60,221.510995
54.808623,60,221.597434
56.593557,60,221.689559
41.080088,60,221.771526
55.779536,60,221.854009
57.357735,60,221.936202
8.500933,42,221.991458
55.389948,60,222.072501
40.496563,60,222.147119
41.612805,60,222.23053
56.602504,60,222.306552
56.993809,60,222.390641
15.639542,42,222.447833
56.577213,60,222.530403
56.555199,60,222.606366
37.292441,60,222.692083
50.704444,60,222.776653
54.446409,60,222.859029
55.640137,60,222.944022
56.026465,60,223.030174
56.621743,60,223.11223
51.911556,60,223.204338
57.24966,60,223.286107
57.111167,60,223.379325
51.871305,60,223.467219
55.635804,60,223.555203
57.300078,60,223.655136
54.18857,60,223.749433
56.931944,60,223.840292
57.359297,60,223.924973
34.23304,60,224.013473
56.223761,60,224.101008
46.105691,60,224.195078
53.440407,60,224.279669
58.149462,60,224.364141
57.264326,60,224.4489
52.771191,60,224.526861
58.326053,60,224.60392
49.689655,60,224.682453
56.378478,60,224.765048
56.033004,60,224.848098
55.820633,60,224.932385
51.91935,60,225.016898
52.013793,60,225.098734
57.064042,60,225.177251
55.624353,60,225.261793
52.544248,60,225.339791
20.002318,60,225.422647
42.02255,60,225.511335
44.078092,60,225.590773
56.680935,60,225.67386
55.865771,60,225.755575
57.149883,60,225.83322
42.209497,60,225.918776
54.804173,60,226.000821
41.692188,60,226.085905
57.658226,60,226.168356
54.923867,60,226.256439
56.459263,60,226.340539
56.623649,60,226.426044
53.233069,60,226.506555
56.443162,60,226.583967
55.861761,60,226.66392
55.887952,60,226.746319
54.148974,60,226.824247
56.774062,60,226.906804
57.67574,60,226.992551
46.778448,60,227.078109
55.377795,60,227.163988
56.856881,60,227.255082
55.765412,60,227.340165
43.873137,60,227.423656
56.186769,60,227.513844
55.796434,60,227.595855
55.490254,60,227.6854
57.379724,60,227.772285
55.667634,60,227.85387
51.335177,60,227.943799
55.007149,60,228.025892
52.165245,60,228.108394
57.991417,60,228.195923
56.302084,60,228.276918
56.343323,60,228.367094
53.659112,60,228.451567
56.904264,60,228.53944
56.119604,60,228.617388
56.085531,60,228.700059
56.607785,60,228.77953
40.088532,60,228.856606
24.716195,52,228.919597
56.666449,60,228.998642
54.416327,60,229.075068
47.958787,60,229.154181
47.601075,60,229.232934
55.506429,60,229.316649
49.348618,60,229.39702
51.467481,60,229.482631
57.515872,60,229.567771
56.893412,60,229.651279
42.590132,60,229.731806
56.192745,60,229.817454
56.080041,60,229.896477
48.661803,60,229.988412
56.034188,60,230.073529
56.580487,60,230.154017
56.778064,60,230.239316
56.989282,60,230.318867
39.379545,60,230.404043
53.406435,60,230.492868
45.888426,60,230.569679
56.608426,60,230.65556
57.085342,60,230.744487
53.59968,60,230.830142
54.670549,60,230.913175
56.314286,60,231.003262
42.977725,60,231.082891
21.907808,60,231.160563
35.600841,60,231.239625
47.193793,60,231.319064
54.939493,60,231.393653
56.505653,60,231.47718
55.47764,60,231.563615
56.889832,60,231.646121
55.811231,60,231.737341
46.094165,60,231.821959
56.274157,60,231.903243
56.433754,60,231.98132
56.427934,60,232.064945
55.990111,60,232.147454
54.421494,60,232.235548
56.42015,60,232.320672
50.412733,60,232.402182
54.999223,60,232.486145
56.189453,60,232.567412
44.963037,60,232.652208
56.22591,60,232.742758
56.979611,60,232.826828
57.094091,60,232.917984
55.850214,60,233.005642
56.611524,60,233.092238
42.802441,60,233.172804
24.867602,60,233.256921
56.683227,60,233.336849
56.426827,60,233.419025
57.682327,60,233.498148
53.486921,60,233.578122
56.0,60,233.654142
57.728205,60,233.7377
55.677799,60,233.821266
56.747945,60,233.901868
56.658912,60,233.994876
17.063783,60,234.075195
56.514129,60,234.159191
20.905995,44,234.217165
57.218731,60,234.297661
56.341077,60,234.37759
55.199273,60,234.460651
55.92891,60,234.548695
57.344587,60,234.627547
49.063183,60,234.712975
55.751353,60,234.797528
56.77811,60,234.877504
50.234799,60,234.968444
56.280014,60,235.047423
56.810814,60,235.136013
53.058304,60,235.221671
56.385635,60,235.311013
56.39381,60,235.391758
56.560791,60,235.479006
56.627379,60,235.561222
56.075815,60,235.63849
55.959865,60,235.723042
41.875757,60,235.801133
56.333369,60,235.879128
50.493138,60,235.962584
54.652966,60,236.048679
56.507431,60,236.130779
57.744602,60,236.219675
57.221649,60,236.302552
56.273672,60,236.383873
56.510546,60,236.464862
30.650823,60,236.558931
53.791555,60,236.642452
9.333866,32,236.688665
50.863928,60,236.779629
54.201832,60,236.866303
55.820511,60,236.952788
43.816635,60,237.045112
46.766397,60,237.131117
56.878949,60,237.222119
55.621342,60,237.30804
56.197373,60,237.390484
56.506453,60,237.476949
53.989782,60,237.564828
56.344311,60,237.644061
52.637615,60,237.730437
56.306594,60,237.814034
55.958696,60,237.896606
57.246249,60,237.979023
56.460397,60,238.054503
56.088014,60,238.133567
41.60366,60,238.21212
33.821737,60,238.293412
55.546402,60,238.379412
56.294021,60,238.460257
38.4629,60,238.548944
57.321931,60,238.631296
55.993628,60,238.71943
51.170317,60,238.802525
56.29503,60,238.884495
56.149259,60,238.970073
39.069339,60,239.066243
56.228636,60,239.153897
56.69579,60,239.253974
55.826854,60,239.349512
56.837917,60,239.458481
52.862055,60,239.563066
55.876847,60,239.670225
56.302444,60,239.766829
53.951521,60,239.854817
56.442878,60,239.951021
56.605673,60,240.043965
55.008995,60,240.144033
56.153427,60,240.275659
55.480835,60,240.400482
48.89726,60,240.483697
57.016033,60,240.583939
47.404252,60,240.675055
55.094261,60,240.766123
57.45,60,240.863775
56.97447,60,240.962749
44.058586,60,241.051736
55.387929,60,241.152854
36.149639,60,241.251996
53.340359,60,241.340114
31.924677,60,241.431214
50.536081,60,241.519306
57.118367,60,241.62151
25.022281,55,241.702464
55.542999,60,241.78199
57.246003,60,241.87476
54.808073,60,241.962993
53.455861,60,242.049976
56.844498,60,242.137501
55.495715,60,242.218935
52.182693,60,242.305704
56.697998,60,242.390396
56.548208,60,242.47941
44.229577,60,242.561327
57.386283,60,242.650202
56.989835,60,242.737974
55.906373,60,242.821215
53.520078,60,242.904649
55.720144,60,242.98358
56.423832,60,243.063652
56.962617,60,243.147783
57.793046,60,243.235066
53.917414,60,243.318614
56.005319,60,243.407578
40.198083,60,243.490115
56.858132,60,243.572656
54.302466,60,243.651453
53.46344,60,243.734972
55.34068,60,243.817442
56.54434,60,243.90394
50.731401,60,244.003566
56.102533,60,244.098192
56.81622,60,244.207359
56.699548,60,244.294726
56.50129,60,244.397173
56.727136,60,244.50577
57.6,60,244.617448
56.34099,60,244.72368
26.306126,60,244.811261
23.594116,60,244.909042
57.334127,60,245.008192
56.275192,60,245.103129
42.00985,60,245.196332
57.249219,60,245.293332
37.250917,60,245.384709
31.157409,60,245.474557
49.039197,60,245.558695
56.396201,60,245.642323
57.488299,60,245.731278
55.625088,60,245.820837
56.462495,60,245.912809
57.080534,60,246.005496
40.589143,60,246.096077
48.634948,60,246.179095
55.404481,60,246.268182
54.444137,60,246.353242
56.867732,60,246.442693
45.794913,60,246.528195
51.459957,60,246.610085
57.3,60,246.693513
56.955979,60,246.762471
52.058434,60,246.852717
52.927349,60,246.940308
56.797046,60,247.033331
56.359371,60,247.121257
51.622104,60,247.209031
40.856241,60,247.305984
56.588482,60,247.392705
47.922608,60,247.499406
51.537398,60,247.624777
57.875496,60,247.736494
23.065084,46,247.829935
53.683859,60,247.953854
56.06964,60,248.042125
57.229463,60,248.137722
56.243661,60,248.228438
55.908047,60,248.32601
37.481653,60,248.413444
56.162457,60,248.514092
56.146444,60,248.606011
56.4,60,248.709291
56.595457,60,248.797845
39.439371,60,248.893306
56.712809,60,248.993608
55.569353,60,249.092343
57.275068,60,249.201353
56.112407,60,249.298921
54.345484,60,249.398534
36.344538,60,249.508013
51.363183,60,249.589116
55.05166,60,249.699963
56.548495,60,249.797936
57.638275,60,249.895378
56.284237,60,249.990352
55.788864,60,250.081238
55.606361,60,250.181427
43.815871,60,250.268817
38.852942,60,250.368515
55.950484,60,250.46914
11.452467,31,250.512453
56.961581,60,250.611853
55.637061,60,250.718812
56.759243,60,250.838317
56.823613,60,250.943598
56.747433,60,251.048756
53.502739,60,251.143363
56.381119,60,251.232941
57.578121,60,251.334414
32.688428,60,251.423371
56.249998,60,251.510532
58.106567,60,251.6803
56.052431,60,251.784459
55.88358,60,251.872297
56.479995,60,251.966951
55.945182,60,252.063064
27.817294,60,252.161802
54.065003,60,252.253412
57.162858,60,252.344724
56.136451,60,252.441288
56.507326,60,252.532899
58.18679,60,252.629031
49.541865,60,252.72217
56.64293,60,252.808998
53.592574,60,252.907449
55.719249,60,253.008149
54.128949,60,253.103801
49.922271,60,253.209886
54.662008,60,253.307896
56.679776,60,253.403098
54.877127,60,253.495142
48.726994,60,253.584214
55.9,60,253.677304
56.342005,60,253.772609
36.273027,60,253.86336
57.641328,60,253.952549
56.675304,60,254.044764
29.62117,60,254.138469
48.478024,60,254.232301
52.744787,60,254.31838
56.909412,60,254.417524
35.996501,60,254.522591
57.580309,60,254.628836
53.557138,60,254.73049
56.378124,60,254.834693
56.68057,60,254.929772
55.726166,60,255.047976
58.322423,60,255.158279
56.213723,60,255.273687
57.227085,60,255.375784
43.625398,60,255.499032
56.241661,60,255.609777
56.548146,60,255.700315
56.5,60,255.804622
57.331,60,255.910743
56.45,60,256.008801
56.27635,60,256.100343
55.979448,60,256.189981
30.392848,60,256.276954
57.635687,60,256.364399
56.510999,60,256.469517
42.050188,60,256.564475
56.380028,60,256.667372
52.207426,60,256.763831
58.011201,60,256.854563
55.365129,60,256.946278
33.999742,60,257.03682
55.636812,60,257.120756
57.096824,60,257.212302
56.27829,60,257.29846
41.623972,60,257.389084
55.525373,60,257.472061
56.589252,60,257.551539
56.516955,60,257.637706
57.097065,60,257.718693
56.824049,60,257.802934
46.857449,60,257.889202
55.551598,60,257.97195
43.173846,60,258.059606
56.650355,60,258.147615
55.972441,60,258.232627
45.165323,60,258.312032
43.571448,60,258.403554
40.676717,60,258.484094
56.363925,60,258.56917
57.3,60,258.657697
55.084144,60,258.737724
55.985953,60,258.817252
36.236831,60,258.900658
47.460975,60,258.985358
46.707766,60,259.06782
56.066481,60,259.152864
56.963022,60,259.232349
57.195815,60,259.317572
54.198014,60,259.397662
56.773401,60,259.486655
44.21094,60,259.570124
53.915503,60,259.664777
53.223846,60,259.748027
56.446516,60,259.829437
56.728111,60,259.926279
57.364715,60,260.006837
57.328595,60,260.094391
57.521383,60,260.182933
57.022535,60,260.273023
50.192066,60,260.362601
57.693076,60,260.448722
56.213944,60,260.538738
57.836607,60,260.62975
51.566893,60,260.720791
56.772036,60,260.800384
56.577139,60,260.891479
56.254635,60,260.973506
56.9,60,261.063277
20.545918,60,261.147659
47.146049,60,261.283303
57.518097,60,261.393731
49.62413,60,261.48247
29.444023,60,261.568833
53.840933,60,261.659257
56.3,60,261.750382
56.896016,60,261.833907
33.322651,60,261.903484
57.347559,60,261.993157
55.962904,60,262.079922
55.506163,60,262.16552
54.983788,60,262.248963
44.817335,60,262.333333
56.75,60,262.423323
55.845111,60,262.506784
57.279516,60,262.594451
42.137217,60,262.683462
27.576473,60,262.759498
58.012863,60,262.848932
56.949057,60,262.930471
53.505416,60,263.010106
56.524917,60,263.093171
56.850105,60,263.176767
53.91456,60,263.259269
56.298661,60,263.341765
57.575247,60,263.431195
55.781691,60,263.514216
30.197969,52,263.587324
57.198762,60,263.666717
58.300317,60,263.749963
44.112885,60,263.832682
57.633108,60,263.929976
57.333748,60,264.023232
48.27703,60,264.123215
56.823261,60,264.220845
57.549838,60,264.315921
56.388648,60,264.401472
57.06516,60,264.502601
54.73059,60,264.596538
57.180803,60,264.698202
37.547922,60,264.801955
58.0981,60,264.914091
55.684725,60,265.023165
56.635004,60,265.123243
49.678077,60,265.220273
56.366128,60,265.306603
58.210624,60,265.398339
56.876034,60,265.485401
56.762648,60,265.577361
53.976912,60,265.671541
55.582379,60,265.767138
52.054928,60,265.853046
57.05,60,265.951504
56.444504,60,266.039887
39.176939,60,266.120807
57.132239,60,266.208269
20.91575,60,266.30199
56.864883,60,266.382527
54.381823,60,266.474106
44.373645,60,266.571627
43.182522,60,266.669097
56.150154,60,266.771667
58.723454,60,266.860698
56.842993,60,266.955605
56.631718,60,267.044133
55.322843,60,267.131474
28.450037,54,267.205955
57.377127,60,267.297657
56.132921,60,267.389227
54.313025,60,267.480379
56.0163,60,267.566545
57.540179,60,267.654545
57.358763,60,267.756725
47.81348,60,267.835147
57.304169,60,267.917719
56.466809,60,268.008739
54.542345,60,268.090183
56.593025,60,268.181154
55.236458,60,268.276726
52.526651,60,268.366078
57.90857,60,268.45499
49.790034,60,268.548696
17.363994,45,268.609551
56.791505,60,268.700799
37.448868,60,268.791757
42.088815,60,268.878343
53.679488,60,268.963334
58.000198,60,269.045425
49.393112,60,269.126823
56.207692,60,269.203456
57.087087,60,269.282505
39.274504,60,269.361549
56.720612,60,269.437839
55.745408,60,269.51286
55.100796,60,269.598885
56.753178,60,269.679873
56.573911,60,269.766941
55.237781,60,269.853008
40.597015,60,269.931548
56.312445,60,270.012521
51.259605,60,270.092968
56.272994,60,270.173231
56.146041,60,270.25629
48.832303,60,270.350915
56.574074,60,270.439634
56.990419,60,270.5274
57.539963,60,270.608925
56.36344,60,270.690988
47.323455,60,270.774063
55.962794,60,270.859149
55.825996,60,270.946807
56.481391,60,271.03593
56.894783,60,271.115167
54.791759,60,271.205967
57.40603,60,271.295323
53.383053,60,271.378345
56.458139,60,271.471897
56.249533,60,271.555916
55.643848,60,271.637517
52.725723,60,271.721928
57.374,60,271.801837
53.711492,60,271.879706
55.458789,60,271.959865
56.648774,60,272.046469
39.70066,60,272.127371
44.446,60,272.210744
57.013502,60,272.299088
56.756621,60,272.378626
41.266076,60,272.460589
57.0242,60,272.54079
56.389388,60,272.625489
52.106415,60,272.707099
28.804712,60,272.800829
56.879754,60,272.883069
51.514008,60,272.969724
55.743679,60,273.059182
53.072416,60,273.140185
56.431369,60,273.23096
42.128176,60,273.313621
32.532062,60,273.394914
56.378388,60,273.480923
55.696815,60,273.56233
55.743685,60,273.647383
57.821256,60,273.735043
49.717492,60,273.818845
56.903138,60,273.900335
56.502884,60,273.988669
56.75882,60,274.07368
56.415541,60,274.159835
55.249144,60,274.237351
51.712822,60,274.316915
53.644071,60,274.392985
54.641031,60,274.468481
49.35575,60,274.551081
54.770122,60,274.63308
44.89315,60,274.715164
55.487483,60,274.798441
56.72523,60,274.881279
37.007591,60,274.968836
56.704679,60,275.064043
53.410854,60,275.153027
55.916102,60,275.243024
56.204083,60,275.339042
57.20088,60,275.430206
43.418452,60,275.528479
55.984758,60,275.620159
57.77822,60,275.710722
56.67045,60,275.798903
57.696669,60,275.880422
57.202786,60,275.969933
41.147802,60,276.052445
45.066194,60,276.133975
56.83949,60,276.203944
25.076599,60,276.293989
56.844666,60,276.377008
54.106069,60,276.461506
50.948515,60,276.548593
55.852569,60,276.628546
56.401548,60,276.708903
55.778705,60,276.785769
54.461357,60,276.864062
52.104221,60,276.943537
57.638201,60,277.026134
56.997541,60,277.111677
55.935831,60,277.193176
56.883349,60,277.282342
42.364306,60,277.360887
57.297083,60,277.444284
57.191002,60,277.520671
36.631459,60,277.603523
48.40574,60,277.682867
31.076392,60,277.764041
56.247868,60,277.853588
38.031171,60,277.934309
53.731395,60,278.022439
56.257692,60,278.100365
56.77509,60,278.183854
48.088013,60,278.269001
55.000905,60,278.347558
56.964087,60,278.434736
49.566579,60,278.51925
56.480703,60,278.601789
54.243048,60,278.685368
56.002161,60,278.769355
56.504655,60,278.850392
53.154329,60,278.933824
56.389149,60,279.020859
57.441273,60,279.099737
57.857502,60,279.171719
55.386267,60,279.251681
56.606907,60,279.329534
57.923292,60,279.407444
57.353435,60,279.488063
54.682974,60,279.571194
56.856287,60,279.653234
57.307305,60,279.742805
57.008478,60,279.828631
55.864521,60,279.912782
57.135343,60,279.995092
56.145642,60,280.079666
43.273656,60,280.159707
56.790846,60,280.243889
56.575664,60,280.326531
53.986944,60,280.409104
53.91282,60,280.490261
49.25715,60,280.571145
27.598262,60,280.658605
57.222132,60,280.738467
55.832196,60,280.82159
56.836961,60,280.907557
56.406464,60,280.990623
46.73183,60,281.072623
56.627775,60,281.156109
37.608664,60,281.248233
43.328883,60,281.328222
54.258656,60,281.416471
55.22876,60,281.498546
48.731913,60,281.579585
56.109733,60,281.662344
58.09417,60,281.736893
54.373044,60,281.813949
56.344414,60,281.898364
52.028014,60,281.983773
57.532672,60,282.066841
42.664589,60,282.155427
46.418266,60,282.239285
53.648002,60,282.319084
54.434785,60,282.399191
56.815295,60,282.477278
57.473068,60,282.558361
56.763709,60,282.636324
57.542537,60,282.725975
52.058022,60,282.805602
56.085,60,282.890463
34.294323,60,282.976543
56.587242,60,283.057074
50.508738,60,283.145166
51.82003,60,283.230145
12.035388,56,283.306657
55.16692,60,283.393695
56.960162,60,283.472691
55.676105,60,283.556807
23.203637,60,283.638663
56.684491,60,283.728092
57.490797,60,283.809179
56.411778,60,283.898229
58.079553,60,283.981058
58.031416,60,284.061375
37.741676,60,284.146121
55.552272,60,284.22613
56.410616,60,284.300459
55.700272,60,284.378629
56.477804,60,284.461735
56.387015,60,284.54162
41.732201,60,284.626589
54.197233,60,284.712268
48.795212,60,284.796366
52.934568,60,284.878511
55.911798,60,284.961928
53.111399,60,285.050514
47.225956,60,285.131561
56.868903,60,285.218963
47.46981,60,285.304836
56.7924,60,285.390475
33.585923,60,285.473115
50.750964,60,285.555135
56.848702,60,285.642733
55.935387,60,285.726319
32.823546,60,285.813767
56.949356,60,285.912255
56.362574,60,286.002596
35.651121,60,286.096726
56.537001,60,286.194087
56.438923,60,286.282063
56.312119,60,286.372738
55.175526,60,286.460843
55.449779,60,286.542891
55.604897,60,286.627956
56.069479,60,286.70672
53.67039,60,286.788733
55.860663,60,286.864149
11.653496,38,286.918513
55.782394,60,287.005709
33.067963,60,287.088238
55.988364,60,287.179218
57.27349,60,287.26454
56.885888,60,287.3445
52.025944,60,287.43147
56.093067,60,287.520446
55.364499,60,287.608798
57.668084,60,287.70543
58.095901,60,287.784693
54.680131,60,287.872859
54.902364,60,287.967071
55.054052,60,288.047566
56.027369,60,288.136552
55.244497,60,288.222162
51.439334,60,288.30374
55.503322,60,288.392393
57.682737,60,288.472924
57.269209,60,288.55707
52.463111,60,288.639132
48.923647,60,288.721699
56.10525,60,288.808309
56.827946,60,288.895815
40.850774,60,288.978379
48.336592,60,289.05796
56.803946,60,289.136491
57.026094,60,289.21299
37.863297,60,289.29004
56.884302,60,289.372037
48.327813,60,289.459635
56.060596,60,289.540451
56.261256,60,289.625042
56.999599,60,289.711174
56.381992,60,289.790678
56.573306,60,289.871192
56.873676,60,289.95574
57.276019,60,290.034205
55.304449,60,290.11635
55.257169,60,290.206889
57.373142,60,290.29144
45.847537,60,290.376957
43.765427,60,290.459469
57.288161,60,290.536058
54.681332,60,290.62411
55.31988,60,290.70601
52.220288,60,290.792773
7.184918,49,290.864627
56.204699,60,290.945692
46.591202,60,291.03078
57.359357,60,291.115299
56.291208,60,291.19968
56.304964,60,291.284644
57.539517,60,291.372717
29.712143,60,291.459954
57.087867,60,291.54299
57.063753,60,291.625026
53.023002,60,291.704061
56.129907,60,291.780687
57.464009,60,291.863984
57.08595,60,291.951388
55.960981,60,292.035331
55.890844,60,292.125395
56.502558,60,292.21436
56.489889,60,292.292397
56.628652,60,292.370862
56.267401,60,292.462028
56.833127,60,292.541988
19.296602,60,292.628152
57.495654,60,292.712636
56.492521,60,292.795278
57.817697,60,292.882383
56.372161,60,292.965155
55.97459,60,293.053969
57.237701,60,293.140727
55.839156,60,293.219811
23.016576,60,293.309476
51.496287,60,293.391029
57.83652,60,293.47844
56.64435,60,293.565052
51.988545,60,293.653533
55.63058,60,293.740605
57.249412,60,293.833768
52.249209,60,293.916773
55.345456,60,293.998366
54.193466,60,294.081829
48.572381,60,294.160211
34.976458,60,294.234908
54.179723,60,294.312326
55.404843,60,294.399893
55.882033,60,294.483863
44.245956,60,294.572928
52.808403,60,294.661545
56.274737,60,294.745116
54.509291,60,294.826205
54.148361,60,294.914805
56.109875,60,295.008402
52.634715,60,295.097923
56.468901,60,295.188302
56.724069,60,295.2692
57.299704,60,295.362325
57.407428,60,295.446786
55.087505,60,295.535912
50.301947,60,295.628665
52.067533,60,295.711209
57.573283,60,295.804848
57.214089,60,295.890793
51.42573,60,295.972206
53.885816,60,296.055181
56.321059,60,296.142291
53.007982,60,296.242564
54.164883,60,296.329228
55.744945,60,296.424548
56.002553,60,296.51746
9.72666,39,296.578267
52.033602,60,296.665734
55.965938,60,296.750773
56.68062,60,296.835373
14.203591,60,296.935399
53.665765,60,297.032579
43.135398,60,297.121331
53.772698,60,297.207026
56.209721,60,297.291787
55.182665,60,297.375513
56.233914,60,297.464887
55.09186,60,297.546359
57.765255,60,297.631912
55.744204,60,297.718998
51.345634,60,297.799034
52.630648,60,297.891185
36.240656,60,297.972121
51.941087,60,298.059188
44.063185,60,298.141863
56.553097,60,298.22667
55.861411,60,298.318838
54.68029,60,298.404694
51.771084,60,298.492797
52.16334,60,298.575622
56.702001,60,298.665754
56.767603,60,298.745063
55.051264,60,298.83098
56.642961,60,298.913505
54.926681,60,298.999081
47.198998,60,299.082032
55.534787,60,299.157058
55.377678,60,299.230578
56.839202,60,299.307392
53.158473,60,299.392858
48.602903,60,299.476012
53.240433,60,299.553926
56.702929,60,299.641797
57.397019,60,299.727092
56.51185,60,299.807152
57.880324,60,299.890811
53.893152,60,299.97349
50.032238,60,300.053023
57.527249,60,300.141671
44.961956,60,300.22674
50.64751,60,300.312253
56.191779,60,300.400156
38.054413,60,300.481899
55.358761,60,300.571362
9.254854,33,300.616117
57.191465,60,300.695141
52.836169,60,300.784677
46.896442,60,300.86671
53.48734,60,300.952727
55.97687,60,301.03627
44.838114,60,301.122058
57.435342,60,301.202673
53.853246,60,301.287256
51.022827,60,301.371347
54.755783,60,301.455313
56.836128,60,301.537836
49.157557,60,301.611794
55.462159,60,301.698437
54.766894,60,301.772304
54.194162,60,301.857688
55.296676,60,301.937859
54.685146,60,302.023449
31.015805,60,302.110527
38.508101,60,302.192789
51.607241,60,302.27896
52.242485,60,302.360428
37.181137,60,302.444163
52.59128,60,302.526285
55.425699,60,302.61105
27.124524,60,302.691643
16.294239,46,302.755994
52.051322,60,302.846088
56.728321,60,302.930216
56.765998,60,303.016225
49.30509,60,303.09932
56.660868,60,303.183729
52.554745,60,303.275733
54.824391,60,303.354244
57.11067,60,303.441028
44.556653,60,303.524176
48.204305,60,303.61178
53.614843,60,303.693886
57.515041,60,303.778379
56.719046,60,303.860561
56.947818,60,303.943524
57.022942,60,304.026324
49.212901,60,304.106775
57.420744,60,304.186641
55.463961,60,304.267234
56.471238,60,304.351441
33.329484,60,304.432508
57.008259,60,304.520115
55.963557,60,304.602228
56.566036,60,304.681837
52.810595,60,304.763498
55.148324,60,304.843374
42.271273,60,304.92654
56.4,60,305.006906
56.905073,60,305.092645
52.949312,60,305.174682
39.684428,60,305.262258
45.258852,60,305.341305
58.742827,60,305.423526
54.563901,60,305.512522
57.175584,60,305.59251
53.560678,60,305.678012
28.922196,60,305.765513
58.239464,60,305.849069
48.886216,60,305.934771
48.359981,60,306.028236
49.190627,60,306.111504
55.177938,60,306.198068
55.207935,60,306.28748
56.139538,60,306.369084
54.74085,60,306.455152
54.921442,60,306.530096
58.075388,60,306.60919
54.679094,60,306.685605
59.086503,60,306.767597
56.612152,60,306.84749
55.484056,60,306.93239
54.259324,60,307.018517
56.495019,60,307.097028
54.080893,60,307.183927
56.331925,60,307.268612
52.91754,60,307.351629
57.080915,60,307.432552
47.195867,60,307.522094
50.838843,60,307.602589
45.304448,60,307.688886
53.998489,60,307.773146
55.208317,60,307.855005
37.317583,60,307.945628
31.398788,60,308.023242
55.922538,60,308.110195
53.690805,60,308.20846
55.655472,60,308.292466
56.627151,60,308.37394
53.102657,60,308.464145
55.726121,60,308.587475
57.707011,60,308.68171
54.772917,60,308.766264
12.653042,60,308.845407
57.287564,60,308.929718
27.555898,60,309.009712
56.520218,60,309.088826
52.259646,60,309.166543
48.012995,60,309.257004
42.116997,60,309.338715
57.089247,60,309.42894
53.940767,60,309.511456
55.939878,60,309.591114
56.060825,60,309.672648
56.835906,60,309.758095
37.069473,60,309.838441
57.423616,60,309.924151
56.375421,60,310.012667
15.148596,60,310.093726
55.865265,60,310.182266
54.718066,60,310.26447
56.702747,60,310.348883
58.118232,60,310.441912
56.428182,60,310.526925
55.074268,60,310.61051
55.630847,60,310.700048
53.873593,60,310.782028
56.467172,60,310.869497
42.059491,60,310.959946
47.825124,60,311.045427
58.893784,60,311.129025
57.092931,60,311.223713
45.721,60,311.307116
56.591594,60,311.391097
35.71692,60,311.470538
52.584679,60,311.54908
36.276123,60,311.626434
54.523691,60,311.707129
54.760154,60,311.785709
35.584462,60,311.868752
58.033058,60,311.953382
53.727924,60,312.033582
57.427476,60,312.118154
17.556566,58,312.206195
54.236883,60,312.292437
54.141863,60,312.373546
56.501625,60,312.462166
23.254753,60,312.546735
41.595876,60,312.628636
51.304699,60,312.722419
57.238758,60,312.800968
52.159082,60,312.891134
54.970428,60,312.974992
54.653501,60,313.06003
38.265201,60,313.144521
44.2965,60,313.228017
56.742835,60,313.314002
57.631706,60,313.400154
55.413284,60,313.482146
57.204705,60,313.559983
36.901119,60,313.645815
48.617965,60,313.730367
55.441213,60,313.807899
55.979227,60,313.892383
55.86259,60,313.973891
57.612129,60,314.05097
57.856297,60,314.129065
54.270233,60,314.215029
56.458383,60,314.294921
20.351645,60,314.378695
54.742325,60,314.463522
55.094251,60,314.545007
47.688015,60,314.624846
53.875797,60,314.706056
57.515167,60,314.787085
55.816665,60,314.868706
34.05884,60,314.949718
56.034916,60,315.028167
57.411135,60,315.116433
57.723713,60,315.198992
51.187334,60,315.279061
57.50564,60,315.368938
40.850607,60,315.450474
55.442768,60,315.538051
45.571388,60,315.626158
57.731171,60,315.707954
57.522058,60,315.796109
55.75626,60,315.885428
56.505086,60,315.971936
55.839887,60,316.056531
54.458246,60,316.145666
50.503278,60,316.232175
55.637185,60,316.314167
57.283498,60,316.392393
56.150079,60,316.468913
54.84286,60,316.544691
56.988306,60,316.627989
56.4174,60,316.710912
57.909996,60,316.78986
55.543328,60,316.875398
56.198349,60,316.961003
56.529754,60,317.048517
57.604494,60,317.130853
56.301621,60,317.215949
56.042743,60,317.299034
57.889401,60,317.392627
50.495491,60,317.474154
58.2,60,317.572305
57.199588,60,317.662113
56.559812,60,317.741106
56.311399,60,317.83084
46.712733,60,317.920429
41.03025,60,318.00812
56.176262,60,318.091106
57.225214,60,318.174567
54.645228,60,318.267118
56.709805,60,318.35328
57.740641,60,318.433213
57.283333,60,318.514311
56.124278,60,318.6018
56.159696,60,318.686888
55.575175,60,318.766384
27.309835,60,318.844219
57.509863,60,318.922237
57.597897,60,318.998704
57.751139,60,319.078889
57.018463,60,319.163942
54.836887,60,319.246037
56.253833,60,319.337098
57.2,60,319.422043
57.470992,60,319.503423
31.714488,60,319.58378
49.852161,60,319.663142
56.073096,60,319.746841
58.875592,60,319.834185
57.609521,60,319.917621
57.337349,60,319.99856
55.921975,60,320.084746
56.195611,60,320.168052
56.997921,60,320.254942
56.696137,60,320.33598
46.835904,60,320.41492
44.324928,60,320.499319
27.852954,60,320.581529
19.186524,60,320.663177
56.617098,60,320.742279
53.765564,60,320.826804
51.229896,60,320.905319
56.460668,60,320.988365
57.811552,60,321.075821
44.684546,60,321.157402
56.261887,60,321.233161
58.050479,60,321.313815
28.452108,60,321.392319
57.459451,60,321.468976
56.454426,60,321.550448
55.014371,60,321.63297
56.99196,60,321.712081
57.157776,60,321.801448
57.739744,60,321.887231
47.070093,60,321.973209
53.789996,60,322.053069
41.732373,60,322.136938
57.539894,60,322.223338
55.847773,60,322.313286
56.219771,60,322.395684
57.491533,60,322.477718
56.637847,60,322.572393
52.868536,60,322.659417
56.101347,60,322.751837
38.114877,60,322.835341
49.042587,60,322.92537
31.929477,60,323.014075
56.8,60,323.099536
51.40013,60,323.190495
19.002918,60,323.276716
57.518414,60,323.367218
50.398212,60,323.448769
51.074464,60,323.538494
56.563267,60,323.627573
56.05859,60,323.709772
49.576967,60,323.787603
57.052908,60,323.86731
42.365935,60,323.942862
55.004761,60,324.023758
56.592495,60,324.108335
55.499393,60,324.19077
57.236913,60,324.284038
56.464528,60,324.364328
56.672447,60,324.44892
49.629867,60,324.52839
57.688789,60,324.618137
56.763812,60,324.701797
55.997199,60,324.791865
56.39705,60,324.872862
56.316262,60,324.956867
57.710901,60,325.044572
57.799808,60,325.126967
50.209147,60,325.213121
45.071082,60,325.297259
57.384088,60,325.376706
57.080283,60,325.466288
40.530451,60,325.551399
56.919476,60,325.636538
56.871594,60,325.725224
53.218181,60,325.812966
57.005843,60,325.893957
56.168535,60,325.99015
57.117729,60,326.072275
56.6,60,326.15291
50.505384,60,326.233008
56.430265,60,326.313764
45.009477,60,326.391801
55.526955,60,326.46735
57.411043,60,326.54987
56.884344,60,326.628275
41.316953,60,326.710154
56.087084,60,326.796419
56.439081,60,326.871926
41.649344,60,326.955696
57.620259,60,327.03368
18.313946,46,327.097235
58.493219,60,327.178818
56.793812,60,327.267889
56.768011,60,327.351232
57.087298,60,327.433821
55.610931,60,327.520446
49.820138,60,327.604041
57.171373,60,327.68866
49.876648,60,327.771801
38.320451,60,327.853842
56.985688,60,327.940669
47.151091,60,328.027138
57.942292,60,328.109987
45.700242,60,328.195475
44.052634,60,328.286897
55.786344,60,328.366469
56.6,60,328.456121
57.07563,60,328.541601
37.522473,60,328.620459
55.352535,60,328.705755
56.527858,60,328.781748
56.801574,60,328.861282
56.03333,60,328.936332
57.753278,60,329.021844
37.637586,60,329.104367
43.065451,60,329.191349
47.177445,60,329.276386
56.734408,60,329.361897
44.467496,60,329.440515
57.343622,60,329.524019
57.751538,60,329.607126
56.436087,60,329.690628
56.257277,60,329.77629
56.755794,60,329.86089
57.211953,60,329.950454
57.179103,60,330.035044
56.73951,60,330.118598
56.03185,60,330.203214
56.191998,60,330.279606
56.272871,60,330.369278
55.857177,60,330.453915
56.654542,60,330.53544
50.514879,60,330.617915
55.243138,60,330.706059
45.12092,60,330.785058
53.589211,60,330.869434
34.845869,60,330.957144
56.82878,60,331.039136
57.014324,60,331.120038
49.067897,60,331.198477
46.634169,60,331.277111
55.361124,60,331.358166
56.557632,60,331.44121
56.094336,60,331.524765
56.25,60,331.603715
52.085721,60,331.693255
55.9,60,331.774893
56.240601,60,331.858784
56.826528,60,331.937743
58.210007,60,332.024789
57.35,60,332.105139
56.382712,60,332.202193
50.203009,60,332.288384
56.820263,60,332.372074
56.43288,60,332.476372
37.484356,60,332.611259
57.868001,60,332.703802
56.640094,60,332.789372
56.68106,60,332.874279
56.959979,60,332.963813
57.678425,60,333.046709
37.44191,60,333.128623
44.681772,60,333.200212
57.029099,60,333.287874
33.613881,60,333.372317
36.392621,60,333.474518
57.528653,60,333.561109
56.667922,60,333.645106
56.482015,60,333.734126
56.868115,60,333.815454
56.99954,60,333.897662
56.430217,60,333.98179
54.884799,60,334.061814
54.196897,60,334.144446
57.537348,60,334.225377
40.094216,60,334.309819
44.617956,60,334.396158
35.077334,60,334.48279
57.170576,60,334.573957
56.813592,60,334.654446
57.931646,60,334.738501
56.752928,60,334.824598
47.387485,60,334.908556
57.043736,60,335.007411
56.699465,60,335.099237
54.789425,60,335.185086
45.736749,60,335.272735
53.968767,60,335.366813
57.957621,60,335.458932
44.718729,60,335.545197
53.901364,60,335.626308
57.076931,60,335.721731
46.440178,60,335.817201
55.95,60,335.904938
56.701916,60,335.995005
57.139482,60,336.075446
31.211188,60,336.161344
56.745244,60,336.244276
57.220378,60,336.33152
55.691628,60,336.409625
53.888385,60,336.498738
35.191998,60,336.579024
55.94069,60,336.6621
55.195283,60,336.756318
48.834628,60,336.836533
55.510376,60,336.919256
55.791514,60,337.017681
56.081794,60,337.103055
56.114253,60,337.18125
56.870713,60,337.267718
57.19078,60,337.374952
55.042088,60,337.480096
54.816635,60,337.566095
56.701191,60,337.649541
55.123454,60,337.73566
55.179689,60,337.820705
56.030877,60,337.90834
50.080041,60,337.991507
57.493995,60,338.081455
57.755599,60,338.160772
57.229553,60,338.241533
57.704217,60,338.331144
56.655031,60,338.418269
56.402169,60,338.503438
35.601592,60,338.596159
57.081775,60,338.680026
30.002744,60,338.762909
57.879501,60,338.850981
53.237116,60,338.930665
55.498757,60,339.020768
56.946134,60,339.107714
56.349216,60,339.20783
56.371179,60,339.289026
52.407788,60,339.370684
56.756391,60,339.455233
56.965604,60,339.537227
54.467933,60,339.626005
48.617971,60,339.705854
56.659678,60,339.793402
56.066408,60,339.876958
54.559009,60,339.959512
56.773737,60,340.04706
30.581311,60,340.131716
57.052485,60,340.214705
33.023269,60,340.311301
57.168826,60,340.400229
55.376288,60,340.477625
57.315037,60,340.561617
56.082882,60,340.650795
57.37024,60,340.749968
56.961352,60,340.842396
56.829571,60,340.925463
54.457056,60,341.004493
45.30045,60,341.08757
56.415741,60,341.171153
45.742523,60,341.251255
51.681581,60,341.331691
55.773943,60,341.420773
55.804729,60,341.498399
58.13688,60,341.57954
57.132374,60,341.661441
57.385778,60,341.74689
55.786779,60,341.835775
57.019601,60,341.924255
41.327261,60,342.009711
51.316434,60,342.092684
58.243937,60,342.18591
57.082912,60,342.269476
49.150054,60,342.367232
56.75,60,342.47939
56.443781,60,342.565756
57.65,60,342.647734
56.764153,60,342.731005
46.751559,60,342.811204
56.338879,60,342.901863
42.107041,60,342.98329
57.30792,60,343.069241
56.593389,60,343.157623
56.5,60,343.242951
57.080074,60,343.330922
48.311482,60,343.419445
56.95,60,343.501481
57.00467,60,343.591557
56.703915,60,343.690143
57.67548,60,343.769541
57.722512,60,343.857222
57.669734,60,343.951464
56.696416,60,344.056113
57.761748,60,344.149932
45.922095,60,344.230922
47.090388,60,344.312453
56.923582,60,344.395001
53.892484,60,344.481624
56.496582,60,344.563805
54.91946,60,344.640617
57.608166,60,344.727871
39.700885,60,344.808712
48.913659,60,344.892738
22.371979,60,344.977908
56.4,60,345.06985
35.706833,60,345.158297
57.361733,60,345.240365
51.85579,60,345.325585
56.812695,60,345.404484
56.846708,60,345.48542
56.062315,60,345.570475
58.0,60,345.661567
50.00731,60,345.752441
56.723441,60,345.840792
46.7561,60,345.927332
57.177459,60,346.007041
57.19024,60,346.091271
56.64309,60,346.180438
4.582723,59,346.261891
56.72906,60,346.360082
57.948742,60,346.443968
56.3597,60,346.537446
56.700784,60,346.631469
56.306169,60,346.72676
57.421368,60,346.823866
55.985748,60,346.915786
57.680687,60,347.010805
54.898409,60,347.11097
56.266123,60,347.213699
54.925034,60,347.308746
52.505631,60,347.42033
56.510597,60,347.515927
56.501198,60,347.603347
57.578026,60,347.697891
55.861923,60,347.78704
56.39817,60,347.866925
31.597749,60,347.956024
57.455457,60,348.049733
53.962149,60,348.132255
57.122448,60,348.223829
53.425534,60,348.312823
55.308341,60,348.394372
54.710833,60,348.491886
56.246151,60,348.578204
56.758648,60,348.66398
46.985599,60,348.75003
30.175024,60,348.828766
56.881555,60,348.91779
56.70427,60,349.017581
51.2757,60,349.120441
57.250716,60,349.203934
57.476594,60,349.287419
44.871138,60,349.368602
58.014351,60,349.45788
55.509921,60,349.539473
57.0,60,349.621761
56.879435,60,349.710361
57.357814,60,349.792486
56.9,60,349.881485
54.209728,60,349.969812
56.839588,60,350.052841
57.313213,60,350.141419
56.450341,60,350.222458
57.166794,60,350.311669
56.221922,60,350.398093
56.160602,60,350.491305
56.912339,60,350.580846
57.861015,60,350.675323
52.996973,60,350.77176
43.784128,60,350.857
31.362931,60,350.941057
57.508781,60,351.026909
40.611916,60,351.109057
55.992561,60,351.19183
57.233868,60,351.268269
56.629709,60,351.352429
56.556458,60,351.436382
45.987709,60,351.520431
55.650553,60,351.606318
56.476595,60,351.69036
57.33117,60,351.776832
40.351446,60,351.858797
57.175869,60,351.949023
53.911625,60,352.030629
55.216144,60,352.112785
53.185448,60,352.208436
55.398778,60,352.296773
58.341693,60,352.394094
56.797361,60,352.47719
51.480072,60,352.560262
56.757489,60,352.641199
56.585459,60,352.728913
35.631563,60,352.813971
56.096867,60,352.893962
56.318381,60,352.980988
57.134008,60,353.058706
52.494309,60,353.14463
57.04329,60,353.234384
57.568763,60,353.317322
48.650499,60,353.408434
56.402014,60,353.489059
55.640157,60,353.583688
57.15041,60,353.670631
57.292075,60,353.764564
55.377217,60,353.849548
55.958933,60,353.965914
56.896628,60,354.073557
57.30706,60,354.167387
56.258445,60,354.255634
56.306956,60,354.34409
57.729977,60,354.437741
41.666748,60,354.533504
56.2098,60,354.655441
28.578048,60,354.765081
56.61356,60,354.876629
57.55,60,354.98665
56.649081,60,355.072724
57.340728,60,355.180982
48.215875,60,355.288607
51.69961,60,355.378229
54.617434,60,355.47463
55.863565,60,355.559253
52.581567,60,355.647679
51.218187,60,355.738699
54.961099,60,355.82802
42.888157,60,355.927526
54.871742,60,356.024662
57.794022,60,356.121248
57.490189,60,356.214318
49.514496,60,356.307039
56.136175,60,356.399571
55.140922,60,356.487529
56.843104,60,356.584145
56.728525,60,356.677207
57.094154,60,356.766249
55.701327,60,356.869405
56.059877,60,356.962276
43.01436,60,357.056739
1.584184,25,357.097397
54.014119,60,357.192319
56.967138,60,357.293544
57.497241,60,357.38515
44.484202,60,357.4716
56.562727,60,357.564654
56.862269,60,357.653728
45.177511,60,357.745949
51.819476,60,357.831424
49.682641,60,357.916536
53.052162,60,358.002598
57.061916,60,358.077096
54.842702,60,358.168145
41.961841,60,358.261234
57.507789,60,358.34657
57.076192,60,358.437992
56.977439,60,358.541191
54.81441,60,358.625812
57.386256,60,358.718221
42.309946,60,358.817436
54.24178,60,358.933335
52.205664,60,359.030408
57.610991,60,359.118963
54.412414,60,359.205009
28.993239,60,359.301629
41.915812,60,359.396731
57.360522,60,359.482655
56.11046,60,359.577674
55.553889,60,359.666643
49.45406,60,359.756589
58.121055,60,359.862185
56.831537,60,359.956979
56.496778,60,360.049095
57.207307,60,360.156135
46.916117,60,360.253732
57.785702,60,360.341142
55.972881,60,360.43339
57.292898,60,360.520764
57.286013,60,360.60878
57.367432,60,360.695889
54.971344,60,360.780461
55.738162,60,360.870495
51.939837,60,360.958243
57.910322,60,361.047839
58.447919,60,361.124188
56.85,60,361.209705
56.260446,60,361.290652
57.3,60,361.375062
56.655748,60,361.463013
55.463462,60,361.550186
57.091786,60,361.645212
56.108327,60,361.733208
56.090927,60,361.817261
56.806449,60,361.905495
56.293755,60,361.99997
44.784051,60,362.086015
56.196011,60,362.177606
55.263604,60,362.269216
46.904842,60,362.348225
57.285327,60,362.430751
52.132647,60,362.51748
56.533683,60,362.604458
56.453341,60,362.692954
57.676679,60,362.78034
19.89884,60,362.858805
55.047629,60,362.943887
58.049383,60,363.028267
54.304084,60,363.121461
39.280472,60,363.20755
57.052611,60,363.294675
57.66092,60,363.387264
54.275623,60,363.474643
57.215503,60,363.557811
42.914736,60,363.641343
56.65,60,363.742862
49.485946,60,363.843681
26.858049,60,363.929158
56.871209,60,364.01724
56.861647,60,364.104995
56.589333,60,364.195478
56.340483,60,364.283182
57.65,60,364.362298
38.200499,60,364.451409
56.15972,60,364.530766
57.082421,60,364.613294
58.150203,60,364.704769
56.209885,60,364.798387
53.19107,60,364.890409
54.529621,60,364.974948
57.457938,60,365.065066
26.642659,60,365.14972
55.46094,60,365.235187
57.015532,60,365.318153
57.018895,60,365.408154
43.53845,60,365.500821
57.764111,60,365.580382
43.43086,60,365.665402
56.808903,60,365.747824
55.332257,60,365.835602
56.50616,60,365.922477
57.442716,60,366.011335
55.45849,60,366.097305
57.392995,60,366.179837
56.46509,60,366.267508
51.304571,60,366.354431
57.137747,60,366.444993
56.842677,60,366.534528
56.72409,60,366.644206
57.258431,60,366.739843
7.714508,28,366.787117
55.324636,60,366.874759
57.215042,60,366.973801
56.57281,60,367.08217
57.426753,60,367.199426
56.070968,60,367.287952
56.125722,60,367.371345
56.236932,60,367.462168
56.331584,60,367.556646
56.53499,60,367.645563
57.835615,60,367.749191
56.078076,60,367.852362
46.833328,60,367.948526
34.182452,60,368.068028
56.794536,60,368.169217
57.61064,60,368.266329
57.021394,60,368.379508
57.248348,60,368.495566
56.891271,60,368.598719
50.73804,60,368.700064
57.700984,60,368.811125
45.124358,60,368.91331
56.256492,60,369.012507
34.094371,59,369.105486
56.690235,60,369.194677
41.796886,60,369.283836
55.773485,60,369.371318
56.56774,60,369.464925
30.171995,60,369.546345
56.190774,60,369.645002
48.093998,60,369.727361
57.282374,60,369.807736
57.337665,60,369.899245
55.080415,60,369.979702
41.391271,60,370.065303
56.668801,60,370.151204
56.500931,60,370.250932
49.110105,60,370.353586
55.298352,60,370.434139
54.868815,60,370.523414
56.331243,60,370.606996
57.26952,60,370.689362
56.460717,60,370.772278
56.402295,60,370.850841
52.482841,60,370.926325
57.946784,60,371.009823
56.080804,60,371.09127
51.290375,60,371.174851
56.063784,60,371.258237
57.133502,60,371.345376
46.54745,60,371.453745
52.20958,60,371.538821
56.723644,60,371.631227
53.32988,60,371.721262
57.000572,60,371.806374
56.766867,60,371.892467
56.524496,60,371.991049
45.116207,60,372.073045
46.294248,60,372.163749
34.04119,60,372.246819
58.433757,60,372.331214
56.669816,60,372.422152
54.77639,60,372.50441
46.39673,60,372.59389
56.575036,60,372.692912
47.180294,60,372.777858
55.376015,60,372.868182
56.509444,60,372.965333
57.165281,60,373.049054
30.574868,60,373.13759
52.765398,60,373.225312
55.280885,60,373.308817
58.634116,60,373.390401
56.661512,60,373.469525
56.647844,60,373.544548
55.980662,60,373.626422
55.502826,60,373.720444
55.85882,60,373.803584
56.747846,60,373.894564
57.77989,60,373.984227
44.786412,60,374.062708
33.335569,60,374.141887
57.00288,60,374.227861
56.537042,60,374.307289
46.299155,60,374.388029
56.116847,60,374.476197
56.284444,60,374.558092
36.706247,60,374.647917
56.651884,60,374.73295
56.251427,60,374.814112
55.074199,60,374.903089
57.103213,60,374.987699
53.355614,60,375.077578
51.748602,60,375.159572
56.451381,60,375.246985
56.127446,60,375.330938
56.359524,60,375.420453
47.921531,60,375.505083
54.774432,60,375.600346
15.531568,60,375.684477
54.30104,60,375.768016
56.6,60,375.854084
56.66864,60,375.932419
58.30112,60,376.015067
57.315884,60,376.096907
55.839321,60,376.180302
56.309874,60,376.260818
56.924444,60,376.350492
50.699615,60,376.433694
56.937583,60,376.517339
54.772978,60,376.598222
56.722057,60,376.682831
57.396592,60,376.761084
40.748625,60,376.844698
55.827103,60,376.929146
53.03582,60,377.010575
56.85,60,377.103609
57.203407,60,377.18629
56.753438,60,377.269398
57.615991,60,377.355247
25.940187,60,377.437312
55.965615,60,377.529375
57.289688,60,377.609638
42.452899,60,377.690177
57.311303,60,377.773732
57.143721,60,377.86697
57.056521,60,377.947908
43.847165,60,378.036804
48.623005,60,378.126944
55.53459,60,378.206384
57.335378,60,378.289719
57.401229,60,378.365728
56.724056,60,378.445914
50.203995,60,378.519792
51.618596,60,378.610582
55.393619,60,378.691985
57.803811,60,378.769551
57.776992,60,378.854157
57.760112,60,378.935639
53.478643,60,378.998554
51.271411,60,379.075017
56.528807,60,379.158066
53.261157,60,379.237169
56.766032,60,379.326576
56.427389,60,379.411134
52.784155,60,379.501233
56.369607,60,379.589837
56.40478,60,379.669807
57.45047,60,379.754728
55.99969,60,379.838017
48.368241,60,379.927438
57.798277,60,380.021894
57.266689,60,380.101924
54.84042,60,380.191071
55.891972,60,380.274169
54.940812,60,380.363767
56.670553,60,380.448819
52.526751,60,380.537908
57.206414,60,380.619589
55.894444,60,380.703287
57.721286,60,380.784812
48.723639,60,380.865351
56.3779,60,380.943287
56.744887,60,381.022828
57.379365,60,381.107676
56.722294,60,381.192142
57.911756,60,381.276996
55.898205,60,381.359835
56.51155,60,381.440325
56.871224,60,381.518752
57.077694,60,381.600328
38.191628,60,381.679332
56.580439,60,381.7635
57.251373,60,381.851022
57.497218,60,381.931077
56.668726,60,382.000154
57.496183,60,382.080141
46.654441,60,382.164121
57.020519,60,382.25356
55.776334,60,382.332065
44.11378,60,382.420704
57.314105,60,382.503374
57.708591,60,382.592524
57.722932,60,382.679023
56.142269,60,382.778624
