#{"t_start": 1790475126.192352, "env_id": "None"}
r,l,t
10.048305,50,0.080017
13.214713,51,0.147376
10.582256,47,0.229871
12.674531,60,0.313324
18.064712,60,0.405841
18.663025,60,0.482705
6.948301,40,0.533875
5.047329,35,0.577121
31.042815,60,0.651998
14.704751,53,0.738615
10.172256,42,0.802836
6.910775,36,0.849135
27.399377,60,0.933756
2.706963,39,0.994707
7.916128,48,1.07024
45.029685,60,1.159342
13.123791,47,1.243465
7.150154,39,1.304783
19.708518,58,1.377332
13.251932,51,1.440243
9.616284,60,2.430282
10.832213,47,2.496844
5.647958,36,2.543619
7.128723,37,2.59498
16.769763,51,2.662362
5.935109,36,2.724374
26.258086,60,2.805923
15.194417,60,2.897008
13.776848,46,2.961828
14.111146,48,3.03495
11.517839,36,3.090673
14.824617,54,3.179579
10.617922,45,3.244993
10.757179,50,3.328141
7.999166,60,3.419024
6.017589,44,3.487878
18.650369,60,3.582975
9.37874,40,3.653371
5.151185,60,3.747889
18.219267,58,3.824392
4.837475,39,3.878192
7.149109,45,4.843961
20.720802,54,4.915858
11.514224,60,4.989138
41.845668,60,5.073486
11.536662,43,5.129216
40.578159,60,5.205062
11.187634,47,5.274185
26.436866,60,5.350217
24.74089,60,5.428762
14.53091,60,5.518309
8.17714,57,5.595374
33.065493,60,5.672865
28.087925,60,5.755361
29.069051,60,5.830842
20.396877,60,5.906217
23.379843,60,5.983182
11.78262,48,6.046145
26.508306,60,6.123682
17.119566,60,7.0897
8.838079,40,7.144638
12.770685,60,7.217567
1.801379,27,7.249752
15.496807,60,7.327651
11.342013,58,7.402952
18.518861,60,7.472869
18.361092,58,7.549753
9.679282,37,7.599548
12.915033,60,7.674357
5.380868,31,7.711082
14.811997,49,7.788491
23.310031,57,7.862555
37.670599,60,7.937914
10.698306,54,8.008834
12.419496,44,8.067152
14.647549,60,8.152112
15.272028,60,8.22901
30.003563,60,8.297859
25.83406,60,8.368288
19.46882,60,9.222581
20.743447,60,9.298033
12.202271,53,9.359874
18.697723,60,9.43082
12.451304,60,9.510026
27.832583,60,9.589527
3.486479,30,9.623678
29.787176,60,9.696114
14.413701,53,9.763073
20.354796,60,9.8354
21.838195,60,9.909301
36.800108,60,9.980078
33.364151,60,10.056595
29.300122,60,10.129514
13.669187,48,10.187441
9.09865,60,10.260004
14.093075,54,10.322807
19.174269,60,10.398841
18.031073,56,11.227952
24.273472,60,11.299623
17.802694,60,11.382499
5.258964,38,11.429817
15.740346,51,11.4942
29.712263,60,11.573257
13.393004,60,11.643192
13.454548,46,11.699585
28.74461,60,11.778619
22.339549,60,11.848071
19.632247,44,11.902308
13.943728,49,11.957613
23.549493,60,12.037122
17.928608,60,12.139356
31.844891,60,12.246591
5.740569,29,12.285884
22.861357,60,12.3538
34.524171,60,12.423709
30.009355,60,12.491568
12.22665,54,13.313748
17.489586,60,13.383535
23.294977,60,13.454911
34.419271,60,13.529716
11.331795,55,13.601009
14.17692,60,13.677665
40.289871,60,13.751071
20.829359,60,13.82953
30.992638,60,13.899963
17.61967,60,13.969322
29.22663,60,14.045165
14.919263,60,14.118136
10.165976,56,14.18403
6.919184,42,14.240832
13.496216,51,14.307152
12.841389,60,14.379564
34.149573,60,14.451446
17.107217,54,15.325229
1.544708,24,15.348827
14.617059,60,15.416814
29.280971,60,15.48173
20.69217,60,15.54708
12.515527,52,15.609788
23.842361,60,15.681065
18.097569,60,15.75551
27.56261,60,15.830828
47.667199,60,15.900138
21.718231,60,15.967375
44.379896,60,16.043808
26.830265,60,16.123333
52.838324,60,16.195238
11.561067,37,16.238047
20.592592,60,16.312431
27.251022,60,16.388275
36.629209,60,16.459165
20.621746,60,16.537321
7.319137,49,17.469554
8.416931,47,17.530838
16.976229,60,17.609417
32.49352,60,17.68839
35.798623,60,17.765898
40.162079,60,17.843342
28.559586,56,17.905757
14.798184,49,17.963024
19.783848,56,18.032363
21.589391,60,18.110789
19.474515,58,18.191766
23.824852,60,18.262701
37.713264,60,18.338077
42.194622,60,18.415683
20.913866,60,18.485599
12.994805,45,18.537936
40.075774,60,18.610945
10.965037,37,18.656222
13.666529,60,19.565018
15.985789,60,19.642384
39.834065,60,19.713838
12.119898,49,19.780955
26.784827,60,19.854976
33.939492,60,19.939547
25.675333,60,20.02719
38.480083,60,20.109147
18.766252,44,20.174852
35.873302,60,20.26475
50.666631,60,20.347823
21.64533,60,20.471644
38.573687,60,20.580886
26.916565,60,20.664898
31.138191,60,20.764525
12.432999,48,20.832908
28.263746,60,20.921781
27.866185,60,21.014271
17.068791,60,21.993158
39.355472,60,22.065675
34.412852,60,22.149285
33.888536,60,22.23871
26.364176,60,22.324592
37.710147,60,22.399691
10.572907,42,22.450443
10.084553,60,22.52904
26.147675,60,22.61214
23.865265,60,22.687076
23.808524,60,22.769581
20.485474,60,22.848891
18.782116,60,22.923285
24.804448,60,22.998603
18.61272,55,23.071954
34.306908,60,23.139829
16.733033,59,23.205237
16.395795,45,24.178774
27.344627,60,24.261327
19.122679,60,24.34187
32.866897,60,24.424443
29.623566,60,24.521499
38.327164,60,24.602964
8.874201,40,24.658282
44.058208,60,24.749383
33.967039,60,24.844158
34.785193,60,24.950384
32.670972,60,25.034585
40.184753,60,25.145314
16.978882,41,25.213636
39.129672,60,25.292944
20.498101,60,25.379426
28.95402,60,25.475137
27.086373,60,25.563028
43.377778,60,25.667074
25.947587,60,26.741149
28.781089,60,26.825706
24.051268,60,26.902676
32.292399,60,26.990746
25.181305,60,27.076265
23.101866,60,27.160775
24.923039,60,27.250382
14.791624,60,27.33039
23.5261,60,27.412791
8.756938,43,27.471636
23.02524,60,27.547587
22.036124,60,27.619436
23.399143,60,27.71348
15.965118,53,27.784767
20.508808,60,27.867243
49.630453,60,27.954307
22.331302,60,28.046273
16.884281,58,28.127273
28.880325,60,29.181791
10.341631,43,29.245164
25.443432,60,29.340499
23.363136,60,29.448418
21.24083,60,29.534884
30.648082,60,29.638395
33.451715,60,29.732334
13.102346,60,29.826702
29.654367,60,29.913071
12.884282,60,30.005883
20.515751,58,30.085374
24.406457,58,30.176859
31.447302,60,30.284413
38.271444,60,30.365822
36.757053,60,30.449583
44.158802,60,30.530949
22.750123,60,30.61293
25.6162,60,31.606678
23.956667,60,31.697196
28.480637,60,31.782755
33.77362,60,31.864839
12.751554,41,31.921626
40.944665,60,32.020194
19.951116,60,32.110301
10.808519,46,32.17463
13.09081,46,32.244192
8.736535,60,32.326284
10.582805,32,32.364984
23.449206,60,32.453866
37.840697,60,32.546885
12.32001,44,32.603746
27.130993,60,32.685761
35.572964,60,32.762724
21.866564,60,32.840179
30.644114,60,32.909176
36.329181,60,32.985127
31.237724,60,33.893463
20.608063,44,33.954505
32.418108,60,34.036521
31.195035,60,34.11853
38.334675,60,34.197449
26.938835,60,34.273839
13.599892,52,34.343729
18.555142,60,34.430327
21.938259,60,34.50806
32.140433,60,34.586543
34.771675,60,34.667059
37.315151,60,34.765133
21.706759,60,34.848624
22.114184,60,34.940735
28.225364,60,35.033973
33.446363,60,35.118283
44.379442,60,35.200216
19.072662,60,36.169454
27.254107,60,36.244408
27.905993,60,36.315827
20.743334,60,36.386306
39.869303,60,36.461265
42.432593,60,36.539222
20.7564,60,36.620787
7.071351,35,36.666057
14.43334,60,36.744921
24.644729,60,36.829361
24.000701,60,36.908825
46.943274,60,36.992233
25.098451,60,37.067611
44.942877,60,37.143927
4.004869,28,37.18157
25.063896,60,37.260885
33.134582,60,37.338114
14.951886,47,37.405865
21.150438,60,38.427598
33.711847,60,38.513668
18.732086,59,38.60184
21.948431,60,38.668757
25.685457,60,38.747669
41.24602,60,38.836343
25.371996,60,38.909309
15.314765,56,38.976253
21.288799,60,39.065738
26.341325,60,39.138164
29.644107,60,39.221732
46.40449,60,39.297151
20.586769,60,39.377821
26.376113,60,39.45484
28.93133,60,39.536351
22.115582,60,39.614792
20.084341,60,39.690327
19.69424,56,39.764361
25.677443,57,40.67858
18.738981,53,40.744578
27.464904,60,40.814129
37.04572,60,40.897652
35.040799,60,40.977619
15.60696,53,41.049134
23.140495,60,41.133853
36.704186,60,41.213595
21.101717,60,41.292596
26.225525,60,41.376575
29.324394,60,41.455053
37.278034,60,41.537092
44.445882,60,41.616056
17.521564,60,41.693442
30.452181,60,41.775507
35.435569,60,41.84803
42.650159,60,41.932481
30.234044,60,42.822358
16.293744,60,42.900834
16.848464,53,42.96119
36.959582,60,43.037652
28.409075,60,43.113068
35.625724,60,43.19198
28.960005,60,43.270316
20.356019,60,43.350236
30.356468,60,43.42682
30.239106,60,43.506346
20.499196,52,43.567801
40.67475,60,43.64631
28.370918,60,43.727478
41.376018,60,43.799442
24.866891,60,43.879357
44.133527,60,43.957217
10.141117,56,44.024369
22.328083,60,44.887415
41.745788,60,44.960003
46.101723,60,45.034481
17.489294,60,45.104221
9.842795,49,45.167479
49.048234,60,45.24789
15.999389,60,45.318799
21.298587,60,45.393312
34.320235,60,45.462172
23.308361,60,45.544093
17.209373,53,45.607426
30.291199,60,45.682843
35.145036,60,45.759227
33.640953,60,45.832106
39.439831,60,45.905497
42.043244,60,45.981986
29.9658,60,46.052491
26.185286,60,46.129364
39.113435,60,47.037776
42.627771,60,47.109773
37.355526,60,47.178682
24.295662,60,47.24755
28.214201,60,47.318968
16.99982,48,47.373341
31.188969,60,47.447449
24.296296,60,47.524917
23.722863,60,47.596345
45.919441,60,47.668778
20.435633,53,47.734201
23.041748,60,47.800086
31.386055,60,47.867523
40.262677,60,47.936515
40.550802,60,48.00595
36.99641,60,48.075912
15.677917,60,48.148418
13.638817,60,49.047368
14.396201,60,49.125034
30.593176,60,49.204501
24.231661,60,49.277956
30.876113,60,49.347977
24.386351,60,49.432544
51.555004,60,49.513821
37.747917,60,49.584301
30.292498,60,49.655257
38.409101,60,49.721333
10.942203,51,49.780246
48.534695,60,49.851271
34.160772,60,49.918663
33.271058,60,49.993202
24.78667,60,50.063162
26.348042,60,50.133044
34.449764,60,50.208537
40.801494,60,51.130923
42.842192,60,51.216883
38.777601,60,51.289949
25.295655,60,51.358905
37.074294,60,51.437402
32.294381,60,51.512907
15.463256,60,51.593912
52.812248,60,51.66889
13.813577,55,51.736332
23.408209,60,51.808084
47.454117,60,51.878669
37.365317,60,51.959244
21.323033,60,52.03669
7.716139,43,52.085468
30.146596,60,52.1579
24.216871,60,52.233336
35.883382,60,52.302314
27.312341,60,52.37291
28.289411,60,53.235233
17.309272,60,53.309246
30.098142,60,53.379023
11.449693,60,53.45892
18.716237,60,53.543838
57.207582,60,53.612795
45.514604,60,53.693302
38.331932,60,53.769871
37.677188,60,53.850387
11.660931,50,53.91669
42.681304,60,53.988672
30.949157,60,54.059124
34.891601,60,54.140011
29.099782,60,54.214868
9.191522,50,54.282717
28.314498,60,54.352546
31.448413,60,54.425383
30.632242,60,55.278062
20.90644,60,55.353468
25.602292,60,55.427419
21.711743,60,55.494899
40.792846,60,55.569982
29.164603,60,55.637763
37.249146,60,55.708236
34.513333,60,55.787825
34.802872,60,55.857747
29.445595,49,55.912981
39.248218,60,55.989079
38.680775,60,56.062942
18.883345,60,56.138846
33.479433,60,56.218832
44.149302,60,56.293729
43.033668,60,56.368572
38.989379,60,56.455231
29.496818,60,57.339856
43.59385,60,57.411375
30.526462,60,57.489859
21.206033,59,57.572409
41.678102,60,57.641395
13.374765,60,57.719814
36.87892,60,57.803787
20.274038,60,57.874206
26.022439,60,57.949146
23.050034,60,58.019957
20.262739,60,58.091449
25.278678,60,58.168397
34.84647,60,58.241321
39.356062,60,58.319301
22.071568,60,58.398791
30.080683,60,58.478379
33.484504,60,58.567928
39.034854,60,59.504246
17.477529,59,59.573602
55.840853,60,59.660983
35.737123,60,59.736325
52.985383,60,59.815826
32.117679,60,59.895221
29.583812,60,59.967138
29.563821,60,60.035103
27.369617,60,60.103025
27.345752,60,60.180586
35.777725,60,60.254628
42.375576,60,60.335366
36.241971,60,60.418148
22.368293,60,60.50687
36.469402,60,60.58964
33.777363,60,60.660565
51.305534,60,60.738387
28.738063,60,60.81491
39.456668,60,61.811818
28.099642,60,61.896383
14.864475,60,61.979945
14.864075,43,62.039037
46.858583,60,62.116371
41.765089,60,62.200475
24.754599,60,62.287938
35.747366,60,62.369976
29.545833,60,62.456978
27.048207,60,62.541806
32.978396,60,62.617115
43.992365,60,62.69401
50.817897,60,62.774481
28.544481,60,62.852445
14.073777,51,62.918998
35.980804,60,63.00605
43.211016,60,63.083061
34.06952,60,64.067816
24.375444,60,64.179925
44.495376,60,64.31819
29.651933,60,64.399769
28.955578,60,64.480363
15.070907,60,64.571954
51.488645,60,64.653183
33.403644,60,64.732933
23.80865,60,64.81666
40.591607,60,64.894902
27.053956,60,64.976223
9.829668,39,65.026413
20.605854,60,65.101302
26.136456,60,65.183904
26.727742,56,65.254401
44.080988,60,65.332355
36.388152,60,65.405749
31.186811,60,65.479155
40.658157,60,66.438067
26.274716,60,66.533352
45.26204,60,66.610077
40.867469,60,66.682949
44.723033,60,66.765527
48.529307,60,66.847547
24.017264,60,66.932079
40.934887,60,67.015746
39.140045,60,67.096588
36.59686,60,67.175554
42.23888,60,67.250099
50.149787,60,67.329505
27.808837,60,67.413771
46.232498,60,67.494648
28.064753,60,67.584021
40.22992,60,67.665747
39.059665,60,67.744321
21.844577,60,68.682556
27.847829,60,68.755934
44.476256,60,68.828494
49.445854,60,68.900905
41.615226,60,68.974135
24.593659,60,69.058669
23.753128,60,69.137022
42.607101,60,69.21244
13.875684,60,69.287395
26.511799,60,69.366875
46.019546,60,69.443366
40.079818,60,69.528912
38.013811,60,69.612319
29.612598,60,69.687294
22.735829,60,69.763195
45.891287,60,69.846758
46.62468,60,69.921724
42.64693,60,70.852381
22.887938,60,70.93021
41.695816,60,71.006035
14.257138,56,71.079475
32.975746,60,71.162634
34.62193,60,71.236469
45.662209,60,71.312813
43.461371,60,71.385161
29.656662,60,71.463491
36.557909,60,71.533853
39.00946,60,71.603732
39.196273,60,71.678623
40.169897,60,71.749927
47.984598,60,71.823363
18.547039,60,71.903402
28.809107,51,71.967831
49.928142,60,72.043854
31.196051,60,72.97438
19.840687,60,73.04435
31.238981,60,73.112819
32.080637,60,73.181766
39.191236,60,73.255493
37.26508,60,73.32389
42.202184,60,73.402826
27.2031,60,73.481847
24.170259,60,73.564816
31.703664,60,73.653144
24.461548,60,73.729425
36.98688,60,73.803817
46.334817,60,73.878166
9.366193,44,73.930887
32.365656,60,74.00653
43.886769,60,74.079814
33.549439,60,74.158497
49.273645,60,75.077722
33.828449,60,75.132997
36.599227,60,75.194926
26.569987,60,75.255796
53.774894,60,75.314148
42.791411,60,75.372967
30.961295,60,75.428394
20.183193,60,75.489362
53.662033,60,75.548786
42.89978,60,75.608567
52.733813,60,75.666892
51.419533,60,75.724441
20.132914,60,75.791897
39.673306,60,75.862308
36.081284,60,75.934734
40.724796,60,76.010752
20.720238,60,76.088239
33.421182,60,76.908441
27.584566,60,76.998459
41.754733,60,77.069444
34.559654,60,77.1495
42.752541,60,77.245095
24.224163,60,77.330665
17.212558,60,77.406575
32.806079,60,77.497617
52.094393,60,77.584175
40.23663,60,77.665747
12.539849,35,77.712571
40.377542,60,77.79219
41.76661,60,77.869758
26.799261,60,77.940697
19.683308,60,78.021872
37.066321,60,78.098334
29.439038,60,78.169778
32.514196,60,78.244256
11.485146,60,79.100114
34.98555,60,79.17154
41.252116,60,79.245895
37.646375,60,79.32292
38.495063,60,79.393765
23.691336,60,79.470228
47.135054,60,79.549666
33.275696,60,79.621907
42.204876,60,79.695746
20.5717,60,79.772796
51.001241,60,79.844235
24.53325,59,79.914209
29.237754,60,79.995647
37.493077,60,80.066646
46.88909,60,80.140558
53.274472,60,80.211746
42.560527,60,80.286608
26.097802,60,81.100951
43.880914,60,81.168242
23.731583,60,81.24575
52.510647,60,81.317247
44.403435,60,81.389669
39.455467,60,81.459542
41.562428,60,81.53709
39.589839,60,81.608592
36.188921,60,81.677922
42.719642,60,81.756389
34.977349,60,81.826646
41.055522,60,81.895437
32.909956,60,81.968616
51.448813,60,82.035018
36.666187,60,82.099357
38.12591,60,82.170949
42.066799,60,82.237201
43.538291,60,82.990639
42.312524,60,83.051474
31.647759,60,83.108283
33.02667,60,83.165574
54.623199,60,83.22427
35.187809,60,83.279986
51.009487,60,83.337594
47.269802,60,83.403942
48.979815,60,83.468703
37.076248,60,83.530172
43.459073,60,83.592492
49.733896,60,83.653856
30.987404,58,83.711226
40.929003,60,83.771528
33.327654,60,83.826861
48.345724,60,83.889251
53.920482,60,83.951629
45.011346,60,84.684269
42.319449,60,84.747512
44.793458,60,84.809205
33.198692,60,84.868967
52.114133,60,84.931749
40.489057,60,84.995038
52.016879,60,85.053456
42.154263,60,85.118302
43.402282,60,85.183637
41.503381,60,85.244456
29.39997,60,85.305892
48.671445,60,85.363292
38.054005,60,85.425689
46.155053,60,85.486515
37.557895,60,85.549243
52.409405,60,85.610593
31.643282,60,85.667805
50.391738,60,86.382867
51.1699,60,86.443704
40.405628,60,86.505549
44.671841,60,86.577019
34.308355,60,86.638418
33.495726,60,86.699214
52.485249,60,86.764812
51.502936,60,86.824548
54.510312,60,86.884741
42.564866,60,86.948048
51.719914,60,87.009976
24.781024,60,87.070859
32.681435,60,87.140771
49.463668,60,87.205236
39.652384,60,87.265077
45.092248,60,87.326426
15.987425,59,87.386178
41.244379,60,88.090861
45.054456,60,88.151729
25.519843,60,88.2201
50.213504,60,88.280959
22.446928,60,88.340657
47.276647,60,88.399881
48.440715,60,88.46324
51.163978,60,88.527135
19.947345,46,88.574885
43.601689,60,88.636595
41.191813,60,88.702444
35.080032,60,88.7638
36.837794,60,88.824077
44.300717,60,88.888835
33.539296,60,88.950135
43.450353,60,89.011471
46.741644,60,89.075389
47.777247,60,89.136749
49.478013,60,89.872354
34.552448,60,89.929596
35.518957,60,89.985518
46.447565,60,90.042229
52.77569,60,90.098089
13.909892,41,90.139804
19.361168,60,90.19812
32.720424,60,90.254979
33.004922,60,90.315874
44.37927,60,90.378214
29.7585,60,90.43959
40.699282,60,90.506048
35.114044,60,90.57301
47.395766,60,90.636368
42.174025,60,90.701159
48.271691,60,90.758459
52.759208,60,90.823662
31.809741,60,91.615848
49.397846,60,91.67365
49.588314,60,91.735956
38.41158,60,91.795782
52.559751,60,91.856093
25.890757,51,91.908414
36.672304,60,91.969872
51.599774,60,92.033687
50.336175,60,92.093053
51.724318,60,92.154495
28.125458,60,92.217291
42.156048,60,92.280112
44.046807,60,92.340572
42.307987,60,92.398451
49.51561,60,92.458321
29.665247,60,92.514543
31.436405,60,92.571984
56.008135,60,93.271196
45.357666,60,93.331073
41.029212,60,93.389905
30.437178,60,93.453767
47.67071,60,93.520643
44.643065,60,93.579939
49.196009,60,93.641712
38.902377,60,93.703988
42.192049,60,93.761291
34.30896,60,93.822725
45.403147,60,93.885141
44.537529,60,93.946445
48.862563,60,94.006842
42.480585,60,94.061833
42.663219,60,94.114652
44.390822,60,94.16759
49.004669,60,94.224885
47.061334,60,94.957078
48.078392,60,95.019548
45.72715,60,95.090518
45.760419,60,95.163957
49.314639,60,95.228263
40.886148,60,95.304837
37.865845,60,95.376988
48.586684,60,95.451177
50.232702,60,95.52101
51.756202,60,95.591488
37.815881,60,95.662994
49.493511,60,95.734401
42.944365,60,95.807183
36.223246,60,95.881486
19.217177,60,95.95207
51.012557,60,96.026907
53.092944,60,96.101491
48.177777,60,96.964224
31.926988,60,97.043764
54.183824,60,97.118226
51.203544,60,97.197325
39.562482,60,97.262289
49.211591,60,97.326006
42.656412,60,97.39035
28.623269,60,97.457751
46.810495,60,97.537884
38.715166,60,97.607553
42.653404,60,97.676994
35.544692,60,97.749474
31.228295,60,97.817446
50.60073,60,97.88482
48.973471,60,97.954244
53.99369,60,98.024643
41.778041,60,98.096566
42.089795,60,98.959686
31.556829,60,99.032515
42.348227,60,99.103898
48.938609,60,99.180774
48.063656,60,99.253757
46.620035,60,99.322166
35.57902,60,99.399119
48.692764,60,99.469514
54.581888,60,99.53943
43.140621,60,99.610833
47.439086,60,99.676755
50.483356,60,99.740681
51.8079,60,99.807159
50.339932,60,99.871005
43.467797,60,99.937603
39.175707,60,100.007954
34.892994,60,100.075357
24.590316,60,100.971413
35.849006,60,101.040518
37.893959,60,101.110889
35.402701,60,101.184783
26.240351,60,101.254772
26.728213,60,101.327183
40.547337,60,101.403831
48.777213,60,101.472762
29.761828,60,101.553225
21.496149,60,101.631336
44.308864,60,101.711076
54.112115,60,101.782165
26.103371,60,101.856614
53.422962,60,101.933747
42.290969,60,102.005627
33.00128,60,102.076753
50.35063,60,102.141656
49.179362,60,103.001829
41.290866,60,103.075202
41.546147,60,103.168813
39.826408,60,103.265043
52.383151,60,103.3482
50.236656,60,103.450599
49.429917,60,103.536671
54.5858,60,103.616306
39.199205,60,103.699252
55.248951,60,103.774209
42.192148,60,103.857334
55.096662,60,103.933229
42.435932,60,104.004204
41.75785,60,104.078121
42.68863,60,104.162624
40.021254,60,104.24057
40.186408,60,104.323115
45.617831,60,104.391149
44.777797,60,105.283985
53.071162,60,105.359674
44.770662,60,105.435105
48.607096,60,105.511544
25.664163,60,105.591842
50.772366,60,105.669965
22.291278,60,105.745018
49.53771,60,105.82661
54.697019,60,105.905598
34.239967,60,105.985709
36.336779,60,106.061225
42.340864,60,106.142036
55.728846,60,106.230962
47.198245,60,106.311875
25.660001,60,106.384794
51.402983,60,106.470402
56.038959,60,106.549855
47.431848,60,107.437566
53.929957,60,107.506855
55.027282,60,107.584298
44.479812,60,107.655804
55.933743,60,107.727218
54.817013,60,107.805274
52.478641,60,107.881349
29.608374,54,107.947738
54.213409,60,108.019275
51.575488,60,108.094218
53.321517,60,108.173715
56.31769,60,108.245748
51.876677,60,108.318944
38.750539,60,108.397354
47.617972,60,108.468081
51.290552,60,108.542875
54.767176,60,108.626901
51.056616,60,109.493136
53.110214,60,109.56001
44.490795,60,109.630454
51.39857,60,109.703542
54.279044,60,109.771326
47.846221,60,109.838955
32.965172,60,109.904822
38.566838,60,109.968766
47.487181,60,110.033738
52.597534,60,110.098666
43.549854,60,110.165509
37.487368,60,110.234531
50.454281,60,110.301925
51.846064,60,110.374182
44.762896,60,110.445527
51.592614,60,110.511015
45.281229,60,110.581944
27.01791,60,111.446351
54.189359,60,111.527995
48.079763,60,111.615723
54.400132,60,111.689491
55.228254,60,111.764473
53.485262,60,111.826869
47.188347,60,111.907871
31.57938,60,111.979823
40.770766,60,112.048134
54.112165,60,112.120393
48.250787,60,112.185792
48.69073,60,112.249184
14.41418,60,112.310872
57.335554,60,112.372904
53.349573,60,112.43623
31.4567,60,112.496179
47.048271,60,112.560804
55.323038,60,113.382612
46.178167,60,113.46698
56.274626,60,113.545788
55.230438,60,113.625772
47.154487,60,113.708842
54.040116,60,113.782849
53.16697,60,113.866747
54.656996,60,113.947147
43.51034,60,114.021099
43.921417,60,114.105697
36.536538,60,114.187853
47.779638,60,114.265405
56.323835,60,114.347515
55.57574,60,114.421935
50.865102,60,114.505264
51.668896,60,114.583989
55.388361,60,114.663507
52.600183,60,115.549418
32.467368,60,115.624976
56.100652,60,115.697927
49.270489,60,115.777795
45.926341,60,115.853108
52.597052,60,115.929979
48.396704,60,116.007719
55.84687,60,116.087858
54.755717,60,116.17135
54.251902,60,116.251849
54.43944,60,116.327786
55.616789,60,116.40978
54.8653,60,116.487371
42.05617,60,116.566763
49.515856,60,116.647814
53.794461,60,116.716244
53.791153,60,116.787659
53.900203,60,117.634387
51.867116,60,117.705173
47.81597,60,117.776435
54.591725,60,117.843782
23.203935,60,117.912077
54.942248,60,117.984438
43.01599,60,118.050408
55.642829,60,118.117321
42.113732,60,118.184724
55.132781,60,118.253788
39.053486,60,118.322286
42.375443,60,118.392762
56.108152,60,118.464358
52.879251,60,118.53855
55.9511,60,118.607608
55.130279,60,118.681058
55.772436,60,118.75054
55.437377,60,119.594277
55.564056,60,119.662838
52.819252,60,119.731226
55.904187,60,119.80183
49.673181,60,119.869801
10.054422,35,119.907539
53.860637,60,119.973546
53.935246,60,120.034867
27.40365,60,120.102932
28.316307,60,120.17672
53.53681,60,120.245822
55.792733,60,120.310692
56.538518,60,120.381687
51.656738,60,120.452002
55.608979,60,120.522494
52.540771,60,120.595425
56.301066,60,120.671335
53.447072,60,120.74272
55.183978,60,121.607538
49.689054,60,121.675675
53.326006,60,121.750113
50.071685,60,121.833263
54.725261,60,121.911267
52.815267,60,121.990627
54.737679,60,122.069629
56.287965,60,122.140595
36.38709,60,122.213582
52.912963,60,122.283094
55.778699,60,122.351993
42.039295,60,122.422461
54.945328,60,122.486736
54.285742,60,122.56589
43.627377,60,122.64132
56.796466,60,122.714638
55.310658,60,122.79203
56.609044,60,123.719951
52.67475,60,123.803316
53.681759,60,123.875725
26.241997,60,123.957435
55.413433,60,124.031011
53.614144,60,124.087344
55.770383,60,124.14845
49.499265,60,124.225549
55.634715,60,124.325411
56.669153,60,124.427623
41.768801,60,124.529228
48.61636,60,124.628849
56.086602,60,124.746614
52.014497,60,124.870506
28.431484,60,124.983185
38.406398,60,125.128338
56.458119,60,125.230928
55.03144,60,126.337582
56.591721,60,126.413606
53.871198,60,126.487726
53.855324,60,126.574384
55.50634,60,126.66095
51.468544,60,126.74198
55.781962,60,126.818802
55.643916,60,126.898123
48.067043,60,126.972365
49.966949,60,127.056879
55.01789,60,127.134357
55.972873,60,127.211351
47.589047,60,127.287359
55.086645,60,127.36243
33.315909,60,127.436498
48.996857,60,127.511457
55.946817,60,127.585814
53.913307,60,128.40403
40.343534,60,128.478455
47.081384,60,128.551572
44.844644,60,128.625341
54.517267,60,128.700461
55.628148,60,128.77237
54.020173,60,128.844452
56.333581,60,128.913335
55.382482,60,128.983366
55.515137,60,129.057658
54.409587,60,129.128511
55.596145,60,129.195863
31.99534,60,129.271059
56.189678,60,129.342023
55.27935,60,129.409938
38.953555,60,129.48596
56.556835,60,129.557497
47.476631,60,130.378409
50.086769,60,130.456913
55.919594,60,130.538363
56.595396,60,130.620894
50.172024,60,130.702238
46.749196,60,130.787246
56.605506,60,130.865792
53.235725,60,130.940407
56.642514,60,131.016425
10.459787,30,131.058229
50.95554,60,131.132768
57.188327,60,131.206876
42.413878,60,131.274353
53.526071,60,131.34294
55.403403,60,131.420265
55.845792,60,131.493515
30.736663,60,131.565459
47.195624,60,132.424262
46.670256,60,132.497605
51.334175,60,132.566925
55.07252,60,132.628308
34.98404,60,132.693806
42.74594,60,132.754251
56.156996,60,132.817626
55.147241,60,132.882713
55.711505,60,132.955086
43.420709,60,133.021625
50.323425,60,133.096744
56.834458,60,133.164537
55.804796,60,133.22946
56.158255,60,133.293924
57.316701,60,133.360454
56.309537,60,133.434439
47.235672,60,133.50683
55.602042,60,134.33973
54.01728,60,134.41069
34.455735,60,134.483075
55.576859,60,134.558308
55.699009,60,134.629072
51.804471,60,134.696795
40.690402,60,134.77071
54.666492,60,134.843396
32.966253,60,134.909793
55.909354,60,134.979339
54.35894,60,135.042303
48.88396,60,135.108196
53.289599,60,135.172655
14.016058,38,135.212103
55.157077,60,135.2774
32.881134,60,135.352399
56.35517,60,135.421475
53.155173,60,135.492962
49.907121,60,136.317783
34.5252,60,136.386465
45.593847,60,136.458893
56.823801,60,136.529443
56.771678,60,136.600986
53.796073,60,136.677536
28.384881,60,136.742958
53.841869,60,136.813298
43.903031,60,136.877175
53.649469,60,136.951945
52.164085,60,137.017025
56.993379,60,137.082264
55.790834,60,137.156232
46.221389,60,137.227196
54.913368,60,137.29021
56.214686,60,137.355076
36.64087,60,137.417508
53.455097,60,138.190358
55.99694,60,138.257809
55.92856,60,138.325129
45.676627,60,138.393586
47.986934,60,138.460156
47.713047,60,138.525007
55.983548,60,138.593288
55.441863,60,138.662669
55.876665,60,138.729877
54.020986,60,138.798152
56.33517,60,138.865229
55.883152,60,138.9316
47.766674,60,139.001015
55.653702,60,139.068506
55.308785,60,139.130996
56.438177,60,139.19898
42.647986,60,139.265007
55.247509,60,140.019609
53.40918,60,140.083168
46.363211,60,140.14449
55.294821,60,140.211405
52.794556,60,140.275235
55.289544,60,140.343345
18.980901,60,140.424911
56.569129,60,140.496327
55.381648,60,140.568438
53.450561,60,140.641003
53.660553,60,140.715926
56.462946,60,140.814123
54.09524,60,140.908664
55.525438,60,140.974444
55.587403,60,141.046658
31.195562,60,141.119917
53.636868,60,141.188919
52.681645,60,141.99391
39.858484,60,142.058309
46.696817,60,142.128161
54.151809,60,142.190626
56.372833,60,142.252906
55.235333,60,142.312792
48.80064,60,142.371176
24.316132,60,142.433011
57.188015,60,142.490715
53.445807,60,142.551429
56.653367,60,142.609775
52.108112,60,142.674621
46.626435,60,142.738096
56.242837,60,142.801003
51.125519,60,142.86891
4.991927,46,142.917285
55.896375,60,142.98074
56.102752,60,143.744196
55.603958,60,143.809462
53.979872,60,143.87636
55.859654,60,143.947341
54.747902,60,144.014799
37.355608,60,144.08727
54.15376,60,144.156269
55.931534,60,144.224737
56.290182,60,144.293875
47.891471,60,144.360222
54.273877,60,144.439395
52.036943,60,144.515344
39.581407,60,144.584801
56.522094,60,144.652771
56.494732,60,144.721752
56.67783,60,144.788159
55.791354,60,144.850573
57.882356,60,145.687045
34.658845,60,145.76249
56.381276,60,145.838958
49.349658,60,145.919962
55.853321,60,145.990286
56.798053,60,146.070734
43.930882,60,146.142567
54.737423,60,146.216969
54.878429,60,146.293001
54.98942,60,146.368306
56.628684,60,146.444625
52.756251,60,146.518945
53.757111,60,146.59471
37.038294,60,146.674685
55.433536,60,146.75719
49.616725,60,146.836843
53.149926,60,146.907279
53.979447,60,146.987997
54.773378,60,147.843972
52.1718,60,147.910819
54.426738,60,147.982725
56.469312,60,148.05159
54.503251,60,148.123464
55.917339,60,148.1909
44.401295,60,148.263343
56.077278,60,148.340059
54.705194,60,148.413972
54.96099,60,148.498068
56.218782,60,148.582712
53.154083,60,148.655621
56.714508,60,148.748007
55.165548,60,148.826463
56.52694,60,148.903849
40.308223,60,148.983155
56.331814,60,149.063331
56.157414,60,149.963257
41.757183,60,150.027527
56.106762,60,150.093807
56.168392,60,150.170376
52.968665,60,150.240719
53.480266,60,150.308166
53.25124,60,150.382092
53.873886,60,150.44706
51.248078,60,150.517098
33.947211,60,150.586024
56.45236,60,150.720005
46.689449,60,150.807184
53.396763,60,150.88378
55.610521,60,150.971739
56.957018,60,151.047597
55.976179,60,151.123053
55.938592,60,151.201169
56.338664,60,152.102861
36.365756,60,152.180387
55.810338,60,152.260334
56.95,60,152.333476
14.725086,38,152.385268
52.948734,60,152.460157
55.055855,60,152.527929
55.601144,60,152.596904
55.659745,60,152.665157
56.080425,60,152.748204
53.639338,60,152.823157
47.101502,60,152.900625
57.23604,60,152.976627
55.258721,60,153.051249
56.013551,60,153.124222
56.097934,60,153.195672
56.448191,60,153.27468
56.29553,60,154.134413
57.761995,60,154.203369
56.064039,60,154.27514
55.965571,60,154.351057
55.364238,60,154.442204
56.691323,60,154.524264
55.478716,60,154.605191
50.530296,60,154.678564
57.130319,60,154.755918
56.638473,60,154.826835
52.662006,60,154.904042
48.992066,60,154.971947
57.404494,60,155.042289
46.598157,60,155.105659
52.046287,60,155.175092
57.125655,60,155.247882
56.233611,60,155.315199
45.312681,60,156.145956
58.059712,60,156.221918
56.302914,60,156.301438
56.939696,60,156.385904
56.713856,60,156.480492
55.094222,60,156.590711
31.094365,60,156.670198
56.3064,60,156.750163
55.257794,60,156.820652
56.076006,60,156.890561
54.575079,60,156.96645
55.180966,60,157.045805
54.874679,60,157.115749
56.480511,60,157.183983
57.511665,60,157.260905
57.202747,60,157.335985
56.172542,60,157.406897
55.706918,60,158.32425
56.456799,60,158.396056
56.25724,60,158.472857
55.615708,60,158.548119
57.927813,60,158.621035
56.752932,60,158.69662
56.68274,60,158.765062
56.881443,60,158.836414
56.754216,60,158.912928
16.549048,39,158.955136
56.588915,60,159.018113
44.396572,60,159.088169
55.440184,60,159.153504
56.751924,60,159.219233
57.481387,60,159.295029
57.843165,60,159.365018
33.771823,60,159.433107
55.993369,60,159.511694
55.350182,60,160.296238
56.23356,60,160.361641
57.157675,60,160.43016
54.30943,60,160.497514
54.611449,60,160.564965
57.017496,60,160.632862
57.1795,60,160.696459
55.752538,60,160.766989
57.101172,60,160.83078
53.682312,60,160.899167
55.690949,60,160.964562
56.49434,60,161.034585
54.604336,60,161.109601
55.749901,60,161.177568
56.6936,60,161.250061
56.082883,60,161.318961
38.251008,60,161.389761
49.693519,60,162.208539
57.213154,60,162.280836
54.986372,60,162.345816
56.77979,60,162.412681
55.522296,60,162.474065
46.096499,60,162.540212
55.687582,60,162.60413
56.466061,60,162.665504
56.626747,60,162.7258
54.106747,60,162.792207
54.222513,60,162.85802
52.666057,60,162.921702
57.314582,60,162.995529
44.539246,60,163.062422
43.342625,60,163.128779
56.345808,60,163.198578
55.619389,60,163.260965
57.173597,60,164.052756
33.458941,58,164.123703
55.933584,60,164.191268
56.53232,60,164.260105
56.911195,60,164.331453
53.652167,60,164.401235
54.828859,60,164.475484
56.419202,60,164.541759
56.005168,60,164.604416
56.216956,60,164.672107
56.537168,60,164.744925
56.757902,60,164.814382
53.58228,60,164.890355
54.747873,60,164.955807
42.870934,60,165.016626
56.499155,60,165.078031
57.131493,60,165.142926
32.11348,60,165.946008
56.461734,60,166.011461
56.57441,60,166.074796
56.156944,60,166.145098
51.549138,60,166.211124
55.795726,60,166.27401
54.803479,60,166.343437
55.429435,60,166.406726
36.526616,60,166.473135
55.15984,60,166.543764
38.683782,60,166.607635
55.990085,60,166.670647
37.418185,60,166.742059
53.278278,60,166.806377
57.22986,60,166.871288
56.66606,60,166.938765
55.969952,60,167.003761
50.743596,60,167.755633
35.398629,60,167.825448
56.40628,60,167.892114
50.771004,60,167.956735
51.036324,60,168.020919
53.596315,60,168.084643
57.811781,60,168.150198
56.715159,60,168.211037
54.71034,60,168.275862
24.34812,60,168.342268
52.29702,60,168.407664
53.469369,60,168.47464
54.066496,60,168.543511
21.395681,42,168.589132
40.083371,60,168.651064
49.52973,60,168.725674
56.980096,60,168.787537
44.377745,60,169.584115
56.760762,60,169.654522
57.247124,60,169.718913
57.034178,60,169.780739
55.089323,60,169.842651
55.778782,60,169.907535
56.090051,60,169.973606
54.588805,60,170.044437
54.90561,60,170.110338
58.008629,60,170.176739
45.540737,60,170.246601
46.213863,60,170.31395
56.060486,60,170.381737
43.961226,60,170.45101
56.551955,60,170.517894
26.762454,60,170.586685
52.987323,60,170.656492
28.05057,53,170.721714
55.622188,60,171.524954
57.151896,60,171.594339
37.980624,60,171.665737
57.180955,60,171.729444
56.248639,60,171.798725
56.331482,60,171.866091
57.391324,60,171.934788
49.824137,60,172.004695
57.375261,60,172.077614
57.398703,60,172.146133
56.302381,60,172.211538
51.525688,60,172.277642
47.588233,60,172.346571
56.241375,60,172.425849
53.743534,60,172.524414
56.957382,60,172.597747
50.255934,60,172.675864
53.360478,60,173.53268
50.410982,60,173.610441
48.723532,60,173.691324
56.399094,60,173.773288
50.462525,60,173.847374
56.179014,60,173.920923
56.175088,60,174.005462
56.646419,60,174.079915
51.050347,60,174.160019
43.159402,60,174.241965
54.618478,60,174.339607
53.663861,60,174.41741
57.156036,60,174.498593
57.311901,60,174.581795
56.268966,60,174.663671
56.289519,60,174.739839
31.303964,55,174.811267
57.001436,60,175.746464
56.773577,60,175.828405
55.144022,60,175.901281
53.823209,60,175.976328
54.140402,60,176.059602
57.02576,60,176.134505
56.389116,60,176.209985
54.725978,60,176.292536
56.538096,60,176.371073
55.816581,60,176.454026
57.558051,60,176.536507
54.017133,60,176.614974
56.798442,60,176.688972
33.302848,60,176.766842
57.335562,60,176.845266
56.852907,60,176.922743
13.434411,60,176.997625
45.603176,60,177.89326
55.523925,60,177.969839
49.016763,60,178.040726
56.404792,60,178.1131
56.7,60,178.189154
55.076057,60,178.259958
54.761817,60,178.336647
45.992639,60,178.460832
38.562455,60,178.550547
55.726839,60,178.626268
55.937501,60,178.714048
57.39166,60,178.794409
38.541535,60,178.874907
55.286206,60,178.953441
48.014723,60,179.032486
56.933949,60,179.106401
51.901215,60,179.195373
56.945085,60,180.147815
57.667328,60,180.226417
28.860975,60,180.302346
57.193123,60,180.386267
56.953587,60,180.472323
55.934674,60,180.558753
55.068699,60,180.640595
56.55922,60,180.718696
53.912083,60,180.79983
57.361213,60,180.878368
56.631217,60,180.964792
56.044169,60,181.045988
52.086793,60,181.126455
44.46196,60,181.207632
22.518128,45,181.268494
46.771973,60,181.354192
50.083762,60,181.442745
56.520374,60,182.413119
58.254361,60,182.493277
55.670332,60,182.5727
54.785062,60,182.645654
56.977934,60,182.715631
40.660475,60,182.785067
54.709726,60,182.857413
56.962926,60,182.939767
52.153734,60,183.016188
56.769833,60,183.089698
57.723859,60,183.170256
37.575535,60,183.243686
56.427167,60,183.316264
56.505299,60,183.388751
56.522054,60,183.471644
56.947883,60,183.544022
29.164124,60,183.62012
56.438301,60,184.542596
56.59568,60,184.626088
42.189189,60,184.706113
57.069085,60,184.777636
57.755118,60,184.857159
56.883184,60,184.944454
50.968228,60,185.022548
51.787278,60,185.096385
42.99494,60,185.177045
26.155442,60,185.251557
51.226743,60,185.325962
57.274719,60,185.402872
55.746448,60,185.485903
56.306901,60,185.565942
48.678085,60,185.650483
56.468879,60,185.734024
30.318522,60,185.815669
56.026521,60,186.76793
57.299836,60,186.844875
57.213457,60,186.925155
56.737174,60,187.001665
8.953936,48,187.062629
51.795881,60,187.146348
57.62129,60,187.221897
51.78367,60,187.29742
55.445899,60,187.373268
51.837888,60,187.453603
57.304787,60,187.532991
57.705034,60,187.611012
56.793535,60,187.694975
57.10447,60,187.770986
46.186077,60,187.844477
56.188126,60,187.922046
45.196597,60,188.006016
57.245204,60,188.079399
57.25,60,189.045392
53.764125,60,189.123608
56.409074,60,189.213971
54.820347,60,189.303415
56.676779,60,189.395452
57.265473,60,189.500091
57.297537,60,189.594128
25.535948,60,189.671579
55.178091,60,189.756041
56.493225,60,189.846016
56.08366,60,189.927366
52.565659,60,190.008475
47.628898,60,190.097211
56.302113,60,190.180049
57.033568,60,190.255478
50.883465,60,190.331862
56.593082,60,190.400233
53.653345,60,191.318094
54.546614,60,191.399457
53.661852,60,191.473793
46.701981,60,191.550143
56.549014,60,191.625506
56.145059,60,191.697242
57.022471,60,191.780271
56.886013,60,191.860379
55.217131,60,191.938341
56.427104,60,192.027359
56.159895,60,192.107844
33.750247,60,192.185734
51.427362,60,192.259979
57.086572,60,192.344436
53.643506,60,192.430988
16.713695,39,192.482319
56.07399,60,192.561825
56.254451,60,193.505687
56.468783,60,193.582828
42.41559,60,193.655369
57.189566,60,193.730393
42.868693,60,193.802884
57.304896,60,193.882095
22.954821,60,193.951314
45.441567,60,194.023018
49.276311,60,194.09577
54.405026,60,194.173946
56.374337,60,194.254834
48.560493,60,194.347407
57.237048,60,194.435722
55.881108,60,194.517793
57.258639,60,194.602795
57.112842,60,194.690875
54.066445,60,194.771931
56.218636,60,195.731687
56.299421,60,195.815184
51.416801,60,195.894207
56.820415,60,195.988791
55.876583,60,196.070745
12.158375,60,196.153224
53.899742,60,196.230094
56.87754,60,196.306986
55.811167,60,196.392411
56.58495,60,196.477431
44.651099,60,196.571049
56.787154,60,196.653446
55.884874,60,196.728852
56.298776,60,196.828467
57.162144,60,196.913793
51.463056,60,196.99727
54.39215,60,197.093331
57.452412,60,198.096969
8.203046,33,198.141777
42.269418,60,198.217306
54.351766,60,198.291753
52.424013,60,198.361783
57.695346,60,198.445346
56.424357,60,198.525422
56.070164,60,198.603313
56.80981,60,198.689412
57.579704,60,198.769976
56.069228,60,198.85453
55.030266,60,198.930442
55.937469,60,199.014776
51.77537,60,199.095177
55.017002,60,199.179076
57.264959,60,199.262918
56.544772,60,199.341782
54.677914,60,199.424254
57.977446,60,200.466938
57.777748,60,200.551983
37.167461,60,200.636122
55.140453,60,200.716866
56.866019,60,200.797106
55.291584,60,200.878555
56.070667,60,200.952465
56.486578,60,201.020908
56.770684,60,201.095789
57.178391,60,201.174752
52.619161,60,201.255203
53.634495,60,201.32982
52.542915,60,201.41146
16.252139,41,201.46891
53.728725,60,201.545292
55.468458,60,201.632807
56.51859,60,201.71807
52.054117,60,202.701798
43.170557,60,202.783001
58.28448,60,202.867893
57.112368,60,202.951506
56.547825,60,203.035858
55.144135,60,203.123294
52.496523,60,203.213893
57.737759,60,203.301832
56.502824,60,203.388594
8.692893,48,203.454284
40.983389,60,203.54991
54.143335,60,203.642488
56.342182,60,203.731484
47.176006,60,203.821931
57.616428,60,203.89529
56.161625,60,203.974033
56.811412,60,204.063165
56.526166,60,205.117146
56.476914,60,205.200632
57.691998,60,205.288809
55.81444,60,205.380811
56.704017,60,205.472294
53.394167,60,205.555665
56.945402,60,205.649692
56.873257,60,205.73054
43.971743,60,205.818068
55.804474,60,205.908435
57.096498,60,206.004104
49.967287,60,206.080579
49.286292,60,206.162944
55.940412,60,206.251329
56.83491,60,206.333383
43.465011,60,206.421075
56.488413,60,206.504092
56.590244,60,207.543655
56.246749,60,207.635665
56.069885,60,207.71535
55.892261,60,207.804743
54.943492,60,207.893828
53.914096,60,207.976746
54.586802,60,208.071513
35.319564,60,208.1515
57.225558,60,208.240607
57.436967,60,208.323591
56.906186,60,208.409147
56.860288,60,208.500237
56.37222,60,208.575676
56.518077,60,208.655602
56.953416,60,208.737455
23.594634,59,208.814808
56.827178,60,208.90392
56.455166,60,208.991008
57.377738,60,210.016956
56.861702,60,210.094628
46.525366,60,210.180438
57.550738,60,210.275938
33.892515,56,210.353875
56.983009,60,210.44099
57.140806,60,210.53919
56.796838,60,210.653928
56.997399,60,210.77576
57.739799,60,210.871269
56.332024,60,210.985434
56.418257,60,211.140481
57.975183,60,211.223433
55.574577,60,211.295871
56.630872,60,211.393464
56.373831,60,211.518288
52.470324,60,211.600785
49.634398,60,212.654436
57.532178,60,212.742938
57.25814,60,212.83152
53.037286,60,212.909489
50.607198,60,212.992431
13.184942,35,213.045311
41.311043,60,213.13536
56.963127,60,213.217328
54.353455,60,213.2925
45.009,60,213.375797
56.367004,60,213.453601
54.818541,60,213.538153
34.537267,60,213.619648
54.625021,60,213.699203
49.210719,60,213.780711
57.070275,60,213.86377
54.007361,60,213.93664
47.830266,60,214.930546
57.155563,60,215.012511
57.395109,60,215.090605
42.223138,60,215.17152
40.073643,60,215.255939
57.41197,60,215.34741
57.481053,60,215.431351
27.7187,60,215.511373
55.362122,60,215.601086
56.979279,60,215.690954
57.056658,60,215.779924
52.875518,60,215.859451
55.633849,60,215.94942
56.685937,60,216.035914
54.372374,60,216.113832
45.707955,60,216.199408
53.71136,60,216.288047
46.225455,60,217.237292
52.863903,60,217.310268
57.081934,60,217.382372
57.286261,60,217.457896
42.319593,60,217.546889
56.87434,60,217.624754
52.978898,60,217.703306
56.898458,60,217.780886
50.378672,60,217.855886
56.091426,60,217.944541
57.361284,60,218.026655
57.739316,60,218.118566
57.521823,60,218.211918
57.019898,60,218.306689
43.186492,60,218.407082
52.463317,60,218.499798
57.284228,60,218.590895
56.752166,60,219.595461
52.834974,60,219.678536
56.015228,60,219.762186
57.729704,60,219.846745
55.137289,60,219.923254
57.192133,60,219.996624
44.026211,60,220.075789
56.604973,60,220.150723
56.620511,60,220.22675
57.118488,60,220.296607
56.228304,60,220.365791
55.961522,60,220.435636
57.220442,60,220.509286
56.681594,60,220.587429
56.17869,60,220.665512
56.690699,60,220.744697
53.977848,60,220.827735
56.912644,60,221.71852
41.156681,60,221.793464
56.133324,60,221.866362
56.977845,60,221.942351
57.583326,60,222.013398
57.180968,60,222.082783
55.361331,60,222.155292
57.493647,60,222.226908
55.460374,60,222.30553
56.531948,60,222.379165
47.046404,60,222.453258
54.416706,60,222.528106
56.290281,60,222.604585
55.620193,60,222.675494
55.337974,60,222.754963
11.940079,52,222.815433
56.266201,60,222.883815
56.325245,60,222.954186
42.548529,60,223.850537
54.012078,60,223.928555
55.976168,60,223.999149
46.574018,60,224.081685
54.839487,60,224.15759
49.581645,60,224.248668
58.18636,60,224.329679
33.583268,56,224.401985
48.912333,60,224.487978
47.782309,60,224.566855
55.520094,60,224.644267
57.165894,60,224.723829
56.281737,60,224.805424
51.244222,60,224.879362
54.001813,60,224.953876
57.467213,60,225.038134
56.936887,60,225.115055
53.239844,60,226.019549
54.856028,60,226.088586
57.475313,60,226.164124
55.983366,60,226.234993
38.307099,60,226.313018
56.812993,60,226.387571
56.189276,60,226.455452
55.662896,60,226.533992
57.182541,60,226.614136
52.012263,60,226.689037
22.602668,60,226.76964
57.041967,60,226.85185
56.020788,60,226.993896
54.10675,60,227.098776
55.116239,60,227.174188
38.30352,60,227.24796
56.018635,60,227.330322
57.146963,60,228.299906
30.83172,60,228.38027
57.035272,60,228.462963
55.99461,60,228.537484
57.118987,60,228.61595
41.206183,60,228.690407
55.509328,60,228.770949
55.637389,60,228.844831
30.538455,56,228.915852
50.091422,60,229.000432
56.820197,60,229.077428
44.08979,60,229.155377
56.262131,60,229.23736
54.713393,60,229.312899
10.568657,32,229.349618
56.909594,60,229.429253
55.241201,60,229.50531
55.886492,60,230.437008
33.406156,60,230.508082
55.337483,60,230.577874
46.843504,60,230.649576
49.605683,60,230.724621
55.969171,60,230.800138
56.765706,60,230.878676
56.340681,60,230.963784
43.176169,60,231.039787
57.285657,60,231.113271
53.095314,60,231.185144
55.320371,60,231.263991
56.998272,60,231.341613
57.313618,60,231.409652
57.217484,60,231.489152
47.157878,60,231.569344
54.992465,60,231.641375
57.401484,60,232.606012
52.668644,60,232.683304
57.334129,60,232.777705
55.379975,60,232.860524
57.272204,60,232.943607
22.527454,60,233.027822
55.770855,60,233.106853
57.47202,60,233.179772
56.576651,60,233.262276
22.001234,60,233.345215
39.940451,60,233.424313
57.649135,60,233.50994
57.341082,60,233.589503
51.464568,60,233.666461
57.339277,60,233.748141
56.821111,60,233.826363
58.43326,60,233.906724
56.558476,60,234.871861
56.618675,60,234.941639
56.207568,60,235.020495
53.939468,60,235.094949
37.071609,60,235.17034
57.556361,60,235.250397
51.508658,60,235.342068
57.292818,60,235.419031
54.203854,60,235.493509
36.223761,60,235.565243
57.353128,60,235.634094
56.421218,60,235.707942
55.25716,60,235.782366
50.505412,60,235.871021
12.040736,35,235.918998
51.821492,60,235.995984
53.115359,60,236.083548
46.844644,60,236.161508
55.057554,60,237.246695
56.715648,60,237.326181
53.000104,60,237.411259
56.723898,60,237.48731
50.828425,60,237.559264
52.695025,60,237.640579
58.016485,60,237.716607
36.924642,60,237.792011
50.616556,60,237.883909
56.162985,60,237.978545
56.300625,60,238.068136
55.517433,60,238.147133
44.694073,60,238.228801
41.928345,60,238.302788
39.942751,60,238.372113
44.542288,60,238.442956
54.857257,60,238.509795
56.260751,60,239.318231
56.363052,60,239.382555
56.336845,60,239.44646
24.350754,60,239.507263
57.956302,60,239.56914
55.662329,60,239.624514
56.89821,60,239.688693
40.814562,60,239.763643
46.814192,60,239.839771
30.807579,60,239.914286
35.036714,60,239.9849
38.12163,60,240.059231
56.779683,60,240.135367
56.705153,60,240.203799
52.095986,60,240.283651
51.529253,60,240.358463
57.182142,60,240.436836
56.159239,60,241.305975
54.362629,60,241.381737
56.465004,60,241.461269
57.064987,60,241.536177
57.260498,60,241.612633
58.096644,60,241.676988
54.392303,60,241.741977
57.540656,60,241.80337
53.495119,60,241.868363
50.955802,60,241.924802
56.159556,60,241.99271
48.395596,60,242.078716
54.401855,60,242.149502
56.628316,60,242.220248
56.904104,60,242.293038
13.718822,56,242.366472
57.052818,60,242.452145
57.774373,60,243.509805
56.706156,60,243.592749
56.257518,60,243.668385
56.509505,60,243.748966
56.891204,60,243.835049
49.899249,60,243.912973
57.981241,60,243.996368
53.569298,60,244.075342
58.185216,60,244.148335
55.544462,60,244.226953
49.968595,60,244.307344
56.321119,60,244.37972
57.018528,60,244.454691
38.383546,60,244.534678
57.461555,60,244.608577
54.905956,60,244.675014
57.202526,60,244.753662
56.133489,60,245.658581
54.970527,60,245.74362
56.900004,60,245.824224
57.214774,60,245.900218
57.103169,60,245.980235
57.039306,60,246.055884
56.807065,60,246.127203
57.859698,60,246.198536
57.52648,60,246.277692
56.983705,60,246.355935
57.08902,60,246.424161
56.878954,60,246.507044
57.463011,60,246.57587
56.563141,60,246.652859
56.542089,60,246.721922
56.198794,60,246.797857
32.532984,60,246.871304
53.89065,60,247.755206
55.943956,60,247.832776
48.927281,60,247.9103
57.287591,60,247.989784
39.291373,60,248.065269
45.880462,60,248.141296
56.991467,60,248.229275
56.479472,60,248.305179
55.759708,60,248.397826
57.919878,60,248.470702
55.932989,60,248.538689
57.37509,60,248.605164
56.960633,60,248.674615
57.966682,60,248.748611
40.901325,60,248.823038
50.800235,60,248.89604
54.172769,60,248.974096
56.915218,60,249.819449
55.440933,60,249.896796
56.646984,60,249.966206
57.341362,60,250.036797
56.615127,60,250.117792
42.57419,60,250.190748
58.152273,60,250.26724
56.624837,60,250.337253
57.319958,60,250.412854
56.654121,60,250.48598
57.394059,60,250.560912
54.341625,60,250.640061
56.199954,60,250.712092
57.654792,60,250.785211
31.099581,60,250.862781
52.332697,60,250.933789
54.887916,60,251.003779
57.414766,60,251.851572
32.119168,60,251.932091
55.382123,60,252.001959
56.673666,60,252.079479
31.709432,60,252.16453
57.324889,60,252.234001
57.099149,60,252.309521
57.200239,60,252.386406
40.692929,60,252.454826
56.617596,60,252.541008
57.575327,60,252.609607
57.320585,60,252.684514
56.094059,60,252.763198
57.43624,60,252.821908
57.220667,60,252.894643
50.746762,60,252.966069
54.297619,60,253.039525
56.91545,60,253.114122
55.878325,60,254.028111
57.186824,60,254.104268
46.281454,60,254.193358
57.2936,60,254.275765
53.634009,60,254.358256
56.976855,60,254.447052
56.663403,60,254.535023
56.391824,60,254.626021
38.768931,60,254.712094
56.481931,60,254.793084
57.864238,60,254.881616
31.960222,60,254.9612
56.992846,60,255.040662
56.726277,60,255.127512
49.549642,60,255.209806
56.681214,60,255.2917
40.147781,60,255.37989
48.634576,60,256.374605
39.956499,60,256.465745
53.047448,60,256.544735
57.462054,60,256.631604
57.882524,60,256.713062
57.254404,60,256.797881
55.165376,60,256.879743
57.068532,60,256.95563
55.080732,60,257.041511
57.993777,60,257.119836
40.555297,60,257.199223
56.645115,60,257.286103
54.929609,60,257.362478
27.206626,49,257.425768
30.737306,60,257.512163
57.32669,60,257.593039
57.753149,60,257.688278
57.752992,60,258.679702
57.306673,60,258.760205
45.613564,60,258.846446
56.772756,60,258.932248
55.963046,60,259.014603
56.624656,60,259.101079
49.196759,60,259.181856
54.420094,60,259.276285
53.987359,60,259.360359
53.529743,60,259.445888
56.676904,60,259.525878
57.511397,60,259.618906
56.419099,60,259.709468
54.679887,60,259.794415
57.314958,60,259.896661
52.330964,60,259.982093
56.052677,60,260.068772
56.700566,60,261.119904
38.274512,60,261.199879
56.177654,60,261.277331
55.876348,60,261.359895
55.260336,60,261.441827
33.311915,60,261.530562
42.642983,60,261.611753
57.600607,60,261.701946
56.715917,60,261.784929
56.472196,60,261.863483
30.614242,60,261.9445
32.531123,60,262.029071
57.069353,60,262.109264
55.38967,60,262.202645
55.850233,60,262.290077
56.164501,60,262.373422
40.780606,60,262.469885
57.421326,60,263.454447
52.707775,60,263.53679
57.720296,60,263.628795
57.125679,60,263.713518
56.745227,60,263.78748
56.563563,60,263.858411
26.019707,60,263.937463
58.658942,60,264.018434
56.631249,60,264.093904
57.259337,60,264.178373
57.150517,60,264.263971
56.030473,60,264.342471
56.042325,60,264.417923
56.074125,60,264.492453
49.360285,60,264.575955
8.737878,40,264.631895
53.917211,60,264.710304
58.787679,60,265.681834
29.966642,60,265.760219
55.152373,60,265.847837
57.545274,60,265.924277
50.564062,60,266.008231
42.75334,60,266.086298
56.88098,60,266.164295
56.828865,60,266.244853
57.086469,60,266.318289
57.387522,60,266.39256
47.573355,60,266.464306
57.620186,60,266.544863
52.261613,60,266.631802
54.042335,60,266.709373
56.745752,60,266.796446
56.425058,60,266.882505
57.444354,60,266.962501
57.643729,60,267.98649
57.51509,60,268.075976
57.683256,60,268.156937
56.578036,60,268.235897
56.970472,60,268.320046
47.052026,60,268.391981
29.79185,60,268.478933
57.85631,60,268.555195
57.381682,60,268.636961
57.675943,60,268.721508
57.914916,60,268.795928
56.385582,60,268.874421
57.65839,60,268.949978
57.540574,60,269.023401
50.523061,60,269.099996
55.394815,60,269.174407
54.468601,60,269.25432
56.559847,60,269.333724
56.318523,60,270.396084
57.183362,60,270.489207
52.805455,60,270.573389
57.609991,60,270.666823
58.047811,60,270.748849
57.341474,60,270.838466
40.3319,60,270.914378
56.736584,60,270.996423
40.682322,60,271.071859
57.273973,60,271.148817
46.873844,60,271.234735
57.841064,60,271.315554
57.490258,60,271.398174
57.788186,60,271.471563
44.859267,60,271.557634
57.256997,60,271.635635
57.487928,60,271.705518
57.093807,60,272.653694
57.04879,60,272.740598
57.407455,60,272.822823
58.134972,60,272.911846
56.903661,60,272.996872
57.637786,60,273.078345
57.530701,60,273.163807
54.961084,60,273.250308
43.174011,60,273.332916
57.718059,60,273.419453
57.030431,60,273.493797
57.920437,60,273.570203
57.307878,60,273.649132
56.234098,60,273.719964
50.834412,60,273.800928
57.4,60,273.879318
54.473936,60,273.95838
57.028393,60,274.863863
57.031545,60,274.950966
56.805045,60,275.033544
57.432774,60,275.112784
56.784668,60,275.188119
54.321504,60,275.301187
55.519821,60,275.399719
30.83359,60,275.492673
57.176402,60,275.567592
57.16817,60,275.663709
43.573305,60,275.740522
39.237922,60,275.823931
12.96021,60,275.903345
57.05828,60,275.979342
57.51708,60,276.052671
55.078229,60,276.139605
58.097962,60,276.220655
56.126113,60,277.207916
56.528909,60,277.28984
57.735628,60,277.379905
57.093037,60,277.458613
56.873829,60,277.546769
56.585055,60,277.627308
57.41114,60,277.70722
56.890972,60,277.784672
57.160018,60,277.857989
57.750971,60,277.940151
47.056617,60,278.013567
52.533816,60,278.089076
56.501687,60,278.174584
58.256989,60,278.247507
56.704282,60,278.337627
57.107805,60,278.416698
56.994192,60,278.484518
55.144998,60,279.511012
56.933863,60,279.593944
51.407733,60,279.676783
57.67982,60,279.751625
57.859389,60,279.829446
57.105911,60,279.913352
56.818823,60,279.99176
57.306504,60,280.079697
57.687037,60,280.172623
43.155039,60,280.248975
56.845323,60,280.33103
46.712773,60,280.402874
57.685319,60,280.482718
57.250355,60,280.570693
56.993836,60,280.65719
56.930376,60,280.734118
56.591793,60,280.80801
55.065316,60,281.775508
57.517944,60,281.849014
54.818044,60,281.934105
57.121148,60,282.012585
53.831431,60,282.092866
56.723779,60,282.169969
54.110952,60,282.248041
57.70886,60,282.32103
51.812308,60,282.398548
41.952889,60,282.478641
14.846168,38,282.530925
47.694195,60,282.613315
56.371112,60,282.695951
25.883915,60,282.768913
57.160561,60,282.841297
57.372171,60,282.913722
57.5225,60,283.0018
52.393945,60,283.997525
56.037945,60,284.088084
56.8258,60,284.179125
57.4,60,284.269249
56.482471,60,284.356895
57.266312,60,284.445529
57.041411,60,284.543566
44.175686,60,284.649404
54.31867,60,284.805189
57.809309,60,284.888879
57.133724,60,284.98387
57.631982,60,285.075467
54.584734,60,285.161392
57.267193,60,285.247986
55.303038,60,285.340564
55.143839,60,285.424341
57.117036,60,285.508726
53.974397,60,286.619172
56.747235,60,286.719684
55.565743,60,286.806898
57.912733,60,286.88946
57.525162,60,286.980929
57.275167,60,287.068598
57.237628,60,287.152704
57.613732,60,287.249347
57.829836,60,287.336343
56.479483,60,287.415368
56.632951,60,287.490354
57.745065,60,287.561731
56.403033,60,287.632066
49.565511,60,287.712506
49.54357,60,287.787955
52.27823,60,287.858947
54.918766,60,287.942516
57.102714,60,288.92777
44.850089,60,289.013885
28.890367,60,289.089483
57.282562,60,289.179069
56.30022,60,289.264147
56.414994,60,289.348594
57.846914,60,289.440097
57.328409,60,289.5223
57.780901,60,289.61142
56.07743,60,289.697411
57.425612,60,289.785024
56.887138,60,289.868978
51.909813,60,289.951366
57.247358,60,290.037168
54.610935,60,290.119125
51.963134,60,290.203721
56.78278,60,290.290189
57.908071,60,291.351182
57.508511,60,291.448909
54.172201,60,291.535236
57.7419,60,291.627182
40.41821,60,291.720809
56.912282,60,291.801846
55.894672,60,291.893917
56.113472,60,291.978576
57.26273,60,292.065136
57.550591,60,292.169959
18.401372,60,292.259537
57.010293,60,292.350608
56.967664,60,292.430572
57.531797,60,292.518148
52.61604,60,292.609293
56.693106,60,292.693818
56.721771,60,292.774891
54.778246,60,292.842619
57.45136,60,293.781134
56.710883,60,293.86872
57.46216,60,293.947559
57.630004,60,294.036407
26.990942,60,294.11422
57.280959,60,294.193676
56.293521,60,294.281703
56.98761,60,294.358054
24.837137,60,294.437498
48.314216,60,294.529569
56.282342,60,294.611147
56.835516,60,294.688462
56.985701,60,294.768999
55.525617,60,294.85257
56.632921,60,294.933224
54.726189,60,295.01025
57.677816,60,295.104275
45.879098,60,296.081462
56.224011,60,296.16189
57.816024,60,296.241912
57.706429,60,296.32861
57.342763,60,296.411236
27.321748,60,296.490269
55.860797,60,296.565149
56.609529,60,296.65431
57.634965,60,296.731649
38.104088,60,296.801998
53.066522,60,296.883925
57.89351,60,296.961244
57.29565,60,297.036161
57.404384,60,297.114238
57.112081,60,297.190832
57.234514,60,297.274268
56.649399,60,297.3554
57.399314,60,298.308815
57.097398,60,298.387477
57.287512,60,298.466486
55.389336,60,298.53984
56.433032,60,298.613181
22.553007,60,298.687687
55.542337,60,298.764196
56.382112,60,298.837105
56.816209,60,298.91034
56.555719,60,298.987791
57.463192,60,299.064193
58.282161,60,299.154198
33.014081,60,299.245082
55.970494,60,299.320375
55.44845,60,299.401686
57.031988,60,299.473135
57.466001,60,299.544914
57.364974,60,300.462739
57.67088,60,300.533166
56.939047,60,300.599586
57.018419,60,300.672132
56.879112,60,300.746177
58.106618,60,300.814049
56.819389,60,300.882143
55.92235,60,300.948414
54.732311,60,301.014537
56.617483,60,301.079207
58.32658,60,301.138826
56.789315,60,301.20705
45.668516,60,301.274015
56.15949,60,301.346492
55.504034,60,301.427466
54.281545,60,301.498632
57.922228,60,301.563056
56.494536,60,302.471328
47.483452,60,302.551756
35.243131,60,302.633298
57.549978,60,302.713144
56.203086,60,302.783839
56.930934,60,302.861113
50.354066,60,302.932423
55.195344,60,303.001174
57.093796,60,303.068515
49.176095,60,303.142061
56.399491,60,303.216661
56.919982,60,303.292658
57.230079,60,303.36922
57.591908,60,303.444129
44.016959,60,303.523007
58.16431,60,303.602473
57.264377,60,303.677959
57.712769,60,304.656024
47.629856,60,304.738502
45.376707,60,304.819989
56.990302,60,304.901068
57.566111,60,304.988033
55.880652,60,305.066594
57.491532,60,305.147049
57.241369,60,305.22299
57.474464,60,305.29731
54.395177,60,305.373263
56.453859,60,305.440924
55.659754,60,305.5059
57.039935,60,305.572699
57.160065,60,305.642221
40.977874,60,305.722764
48.814692,60,305.787225
58.402184,60,305.857547
57.546351,60,306.740557
57.084167,60,306.818006
57.482652,60,306.898016
57.014281,60,306.97498
57.254552,60,307.048902
56.688675,60,307.137412
56.623044,60,307.213368
41.739101,60,307.290263
57.143026,60,307.368264
57.536042,60,307.440818
55.31437,60,307.517735
57.973101,60,307.599002
58.34613,60,307.683738
57.125148,60,307.771639
46.289684,60,307.850065
56.66824,60,307.935114
55.578188,60,308.010158
58.03802,60,309.111712
57.433657,60,309.194684
57.528012,60,309.279065
57.591103,60,309.368608
56.035133,60,309.456598
57.143224,60,309.547158
57.922845,60,309.642063
57.495675,60,309.728976
58.351121,60,309.816911
57.649912,60,309.89895
57.16184,60,309.983447
57.77188,60,310.080626
56.745204,60,310.165857
57.55,60,310.250458
42.010473,60,310.340003
56.319318,60,310.419332
56.843138,60,310.510367
57.187088,60,311.453554
56.789482,60,311.536447
56.95,60,311.622561
57.765107,60,311.712137
54.026935,60,311.79264
24.399201,60,311.870676
37.178747,60,311.955721
56.643529,60,312.037102
57.153899,60,312.118455
55.158119,60,312.202546
51.738331,60,312.28758
54.989911,60,312.36313
58.317022,60,312.447965
52.744395,60,312.533381
24.996046,60,312.612306
57.456696,60,312.711476
57.386304,60,312.790483
42.388044,60,313.738889
56.991446,60,313.82391
56.566183,60,313.896746
57.701317,60,313.973791
46.262531,60,314.050244
56.724492,60,314.117343
56.689053,60,314.187267
56.632697,60,314.256148
57.293274,60,314.328041
58.135467,60,314.401037
58.231666,60,314.469531
55.739883,60,314.545985
42.163237,60,314.617414
57.149579,60,314.695546
54.880892,60,314.776969
54.473835,60,314.846678
56.334958,60,314.920408
57.60248,60,315.747617
57.999903,60,315.811587
57.896627,60,315.87981
52.745832,60,315.955092
57.286336,60,316.069189
55.708853,60,316.129963
57.87976,60,316.186873
53.33089,60,316.253691
52.223949,60,316.321112
57.787728,60,316.382926
56.931146,60,316.445783
53.130679,60,316.507526
40.889977,60,316.566926
57.00945,60,316.629307
57.1805,60,316.705324
55.7922,60,316.77976
55.670799,60,316.848173
56.740609,60,317.70337
54.392448,60,317.780792
39.523052,60,317.854661
30.600676,60,317.927455
41.433168,60,317.99686
58.219747,60,318.072345
58.05,60,318.139732
56.243698,60,318.208692
57.784585,60,318.277191
57.375307,60,318.346163
28.392765,59,318.409548
56.848499,60,318.47352
33.031169,54,318.530911
55.674638,60,318.596739
56.894742,60,318.667116
55.345719,60,318.742167
57.758094,60,318.814747
54.208172,60,319.651046
57.641064,60,319.724531
57.256983,60,319.803457
58.643722,60,319.872441
57.09117,60,319.947476
56.929781,60,320.022254
56.693718,60,320.086011
56.011409,60,320.165452
56.84417,60,320.233399
56.443589,60,320.309419
57.4315,60,320.376766
56.939021,60,320.446262
22.831871,60,320.52331
57.112674,60,320.593458
57.314495,60,320.671482
57.511207,60,320.745954
30.8118,60,320.811833
57.677465,60,320.877243
56.344796,60,321.727404
57.316426,60,321.806384
47.366071,60,321.874674
55.684133,60,321.945679
54.735079,60,322.023534
52.676507,60,322.096867
58.509857,60,322.179147
57.962305,60,322.259103
58.22272,60,322.33718
34.520517,60,322.418726
56.926732,60,322.50278
53.190499,60,322.575732
57.895214,60,322.651775
54.609584,60,322.73471
57.550786,60,322.812132
56.435409,60,322.887206
55.952388,60,322.971128
55.742995,60,323.836249
57.383837,60,323.908219
56.857223,60,323.980753
56.414442,60,324.053669
54.682157,60,324.138749
57.264089,60,324.208162
57.101592,60,324.291287
57.042662,60,324.371945
48.679898,60,324.442836
29.951307,60,324.524705
58.43389,60,324.600574
57.457676,60,324.679394
56.57826,60,324.760252
56.583873,60,324.835668
55.702006,60,324.90542
57.839135,60,324.988235
57.23796,60,325.072508
57.127121,60,326.053655
52.218391,60,326.13437
56.509637,60,326.214393
57.690304,60,326.299857
56.772487,60,326.385433
58.374284,60,326.462908
56.919854,60,326.541443
30.274074,60,326.612386
57.365589,60,326.688496
48.984537,60,326.763438
57.493817,60,326.845406
49.382569,60,326.925872
57.714315,60,326.999775
57.165962,60,327.083265
58.264171,60,327.154629
57.715124,60,327.227947
27.176513,50,327.294225
56.295511,60,328.255728
53.848403,60,328.341247
57.903358,60,328.414102
56.650806,60,328.488247
57.030787,60,328.564712
37.409048,60,328.654333
32.301247,60,328.739891
55.617975,60,328.819333
58.009812,60,328.907307
58.260554,60,328.983588
57.133775,60,329.061466
58.187556,60,329.138543
55.174111,60,329.218052
53.999577,60,329.300515
55.720975,60,329.382008
56.875777,60,329.466959
51.707379,60,329.544433
57.993441,60,330.573292
54.227909,60,330.662357
57.253011,60,330.750499
48.401329,60,330.842533
52.93259,60,330.923537
39.351032,60,331.012706
57.011237,60,331.09114
52.821833,60,331.163549
56.452677,60,331.247126
56.327906,60,331.328624
58.184037,60,331.408609
43.097239,60,331.496121
57.291515,60,331.570342
56.454491,60,331.651271
56.958682,60,331.726956
56.491956,60,331.815955
55.042851,60,331.906979
56.620872,60,333.10435
57.203864,60,333.198544
9.526269,47,333.267553
59.167211,60,333.371294
57.268309,60,333.456994
56.511155,60,333.555427
56.488816,60,333.647948
57.316415,60,333.736343
57.047723,60,333.831257
57.748395,60,333.913129
58.227046,60,333.997877
57.303855,60,334.081184
58.083682,60,334.168766
57.505141,60,334.259866
56.178743,60,334.347945
57.960802,60,334.430422
57.873022,60,334.521487
57.379656,60,335.493156
57.156926,60,335.590766
57.255838,60,335.679595
57.327579,60,335.768754
53.957481,60,335.871173
57.327573,60,335.958234
51.004853,60,336.042389
56.048418,60,336.136886
57.093783,60,336.226473
56.299823,60,336.305499
55.629147,60,336.3951
57.9781,60,336.500691
56.878321,60,336.588591
57.545377,60,336.681537
53.57788,60,336.772061
57.101592,60,336.858846
56.972761,60,336.951825
54.003048,60,337.993217
57.66083,60,338.071684
58.401282,60,338.157319
58.001589,60,338.269612
57.562359,60,338.367271
56.460832,60,338.447167
56.962296,60,338.529787
44.661849,60,338.627989
15.975819,60,338.705439
57.197991,60,338.79323
57.620358,60,338.883927
52.228463,60,338.965678
56.886191,60,339.050102
56.344938,60,339.133176
57.91636,60,339.209698
58.074639,60,339.290362
57.264881,60,339.368919
55.551268,60,340.514369
57.633956,60,340.608335
56.116746,60,340.686635
58.067465,60,340.771946
57.921357,60,340.847377
57.661624,60,340.921824
46.329129,60,341.000817
56.744812,60,341.079755
57.409568,60,341.15776
57.511839,60,341.25399
56.945175,60,341.345713
57.457643,60,341.432218
56.531035,60,341.522012
57.892929,60,341.606496
57.504872,60,341.686863
57.457569,60,341.765686
50.209301,60,341.841026
56.642745,60,341.923416
41.333006,60,342.913236
56.724315,60,342.986258
56.992069,60,343.063299
54.100997,60,343.149809
35.71909,60,343.232294
58.185722,60,343.321769
57.110234,60,343.407857
58.020528,60,343.486931
57.590568,60,343.572803
57.408019,60,343.654718
56.506433,60,343.738192
57.899662,60,343.819205
57.167109,60,343.906822
54.304712,60,343.990358
57.358334,60,344.071924
56.607548,60,344.159467
40.094554,60,344.24145
56.577254,60,345.231724
58.294827,60,345.309744
32.88741,60,345.385206
57.351575,60,345.458039
58.130006,60,345.526967
40.837846,60,345.601056
52.159604,60,345.676475
57.65,60,345.756966
57.945422,60,345.835411
58.635265,60,345.920055
57.17704,60,346.005174
57.804088,60,346.077055
55.894488,60,346.152548
47.538093,60,346.230545
42.417642,60,346.314098
57.756191,60,346.397524
40.383552,60,346.479464
57.287486,60,347.463479
57.443433,60,347.543997
46.294412,60,347.634135
57.331414,60,347.715127
56.547028,60,347.795104
57.737356,60,347.883196
58.006279,60,347.960705
54.958559,60,348.040508
56.848041,60,348.110247
57.370708,60,348.177851
50.506933,60,348.24818
57.634935,60,348.32968
55.299028,60,348.421782
57.75712,60,348.514972
57.530579,60,348.602957
57.758069,60,348.685928
24.655293,60,348.763989
55.465635,60,349.724704
58.221386,60,349.806669
57.283418,60,349.898649
55.39243,60,349.978487
56.155203,60,350.063861
43.115717,60,350.149654
58.4217,60,350.251072
56.535393,60,350.340456
56.967918,60,350.417975
57.863362,60,350.494064
57.952186,60,350.570034
58.37262,60,350.64555
57.482639,60,350.71304
57.776478,60,350.78135
56.990603,60,350.848809
57.034237,60,350.932248
57.730983,60,351.013031
55.952493,60,351.993403
57.524903,60,352.068941
57.685243,60,352.147969
30.922109,60,352.217386
56.181069,60,352.294872
57.595643,60,352.380986
33.704589,60,352.459822
57.68115,60,352.557088
58.074509,60,352.644607
57.735161,60,352.734139
57.57423,60,352.814142
57.129934,60,352.903722
57.844837,60,352.998734
54.673849,60,353.093882
56.298543,60,353.175339
57.605378,60,353.248381
36.567057,60,353.316792
22.712154,60,354.271131
29.358634,60,354.352221
57.45,60,354.432834
57.7,60,354.517893
57.100904,60,354.6055
57.263846,60,354.692828
57.010871,60,354.782421
34.604216,60,354.859323
57.678024,60,354.9523
56.643176,60,355.040103
56.591603,60,355.115539
57.390419,60,355.199544
56.57164,60,355.282
57.581912,60,355.367095
57.192921,60,355.446655
53.436491,60,355.528799
57.659884,60,355.613786
56.259191,60,356.550606
35.08954,60,356.635228
56.903143,60,356.718557
57.203194,60,356.818574
52.504908,60,356.914959
56.012097,60,356.991212
57.57944,60,357.07366
56.651105,60,357.161224
56.426993,60,357.240323
57.960041,60,357.322638
55.768406,60,357.39935
57.556087,60,357.477291
57.164149,60,357.571739
57.831998,60,357.659614
57.442337,60,357.740609
57.900775,60,357.822097
57.136166,60,357.919998
48.539851,60,358.946278
47.859259,60,359.028306
57.359382,60,359.108305
56.922858,60,359.181323
56.567646,60,359.257132
57.138857,60,359.329899
57.275188,60,359.404264
57.356489,60,359.488286
39.718799,60,359.565265
58.055176,60,359.64373
57.061385,60,359.722275
57.736248,60,359.792901
57.412782,60,359.891942
38.664866,60,359.984751
33.435032,60,360.069912
57.915047,60,360.160382
56.179595,60,360.241389
57.724379,60,361.125683
55.11582,60,361.196099
57.548013,60,361.274693
55.387407,60,361.350604
55.835166,60,361.432629
52.280011,60,361.511921
49.892665,60,361.592969
57.088798,60,361.689157
49.414256,60,361.771064
58.192416,60,361.845953
56.441011,60,361.934625
56.103616,60,362.022681
54.983963,60,362.097755
54.653136,60,362.175174
57.56489,60,362.234539
26.166098,60,362.287407
57.029241,60,362.352834
57.299079,60,363.0865
56.813383,60,363.146413
55.927447,60,363.207277
46.286629,60,363.278767
58.741417,60,363.342388
57.601496,60,363.405851
56.939663,60,363.470801
58.464406,60,363.535873
50.477182,60,363.601208
32.307913,60,363.671232
56.611706,60,363.732492
49.220957,60,363.801537
57.144007,60,363.872475
56.937665,60,363.939507
57.528393,60,364.006958
57.600543,60,364.067397
41.675485,60,364.140701
34.131923,60,364.973874
57.132712,60,365.042795
57.482817,60,365.116758
27.979545,60,365.188239
52.454843,60,365.265641
40.248579,60,365.336928
54.474676,60,365.411859
43.085581,60,365.491291
56.489634,60,365.56217
57.659902,60,365.635044
57.033573,60,365.706236
57.493131,60,365.775464
54.631699,60,365.840196
57.300618,60,365.8985
55.383686,60,365.954932
55.778854,60,366.049685
42.027441,60,366.133759
57.59843,60,366.961158
57.820652,60,367.029191
56.928813,60,367.097044
55.974158,60,367.172502
58.228065,60,367.238369
57.130694,60,367.307794
56.750161,60,367.38878
54.278622,60,367.469976
57.650382,60,367.544499
56.214862,60,367.61701
57.913783,60,367.693052
56.279063,60,367.771405
55.048913,60,367.842343
57.59788,60,367.918333
48.573144,60,367.992332
56.955736,60,368.063802
56.159059,60,368.140708
55.051957,60,368.95861
57.694067,60,369.03162
56.406978,60,369.102462
57.305029,60,369.181963
53.409786,60,369.251806
56.023223,60,369.321403
31.686567,60,369.396383
31.463581,60,369.473876
58.165746,60,369.550943
58.440881,60,369.631422
57.09639,60,369.705824
58.127463,60,369.781409
56.88862,60,369.867918
57.513519,60,369.948135
56.522215,60,370.020563
48.078821,60,370.096079
57.443834,60,370.177078
56.928617,60,370.940588
56.780213,60,371.002449
58.579667,60,371.076067
55.128595,60,371.167306
45.759511,60,371.239731
56.63009,60,371.313156
50.5773,60,371.382582
58.099446,60,371.460605
55.620927,60,371.534602
50.036238,60,371.611933
57.558643,60,371.687721
56.778017,60,371.769019
56.463926,60,371.845133
53.532768,60,371.932511
56.84947,60,372.006522
58.413751,60,372.079427
39.641317,60,372.157942
57.591841,60,373.052213
57.068529,60,373.125797
58.034016,60,373.196799
39.968448,60,373.273791
54.148814,60,373.350297
56.037398,60,373.429249
58.267912,60,373.504458
56.411965,60,373.581476
56.894967,60,373.6626
56.598337,60,373.738205
56.801938,60,373.810973
57.352874,60,373.887293
57.375421,60,373.968036
58.033458,60,374.037658
58.176232,60,374.105883
56.64512,60,374.18515
56.379315,60,374.260417
57.793211,60,374.337877
57.171552,60,375.21147
57.95878,60,375.281574
58.133417,60,375.359939
55.64125,60,375.437885
57.423648,60,375.50882
57.246278,60,375.578758
55.184975,60,375.644712
55.931779,60,375.714159
56.403314,60,375.782662
34.132771,60,375.857125
52.678012,60,375.931109
57.088826,60,376.003879
58.200559,60,376.080815
57.717421,60,376.156817
57.199613,60,376.226565
57.47416,60,376.294488
56.807431,60,376.359887
57.310066,60,377.234642
57.953001,60,377.313601
57.788865,60,377.387574
57.802625,60,377.461523
55.987165,60,377.536064
24.505564,60,377.614845
57.202849,60,377.686643
58.035434,60,377.753567
50.180425,60,377.826494
58.379154,60,377.902512
38.416525,60,377.976579
57.786512,60,378.047624
57.828054,60,378.117571
57.176985,60,378.185614
56.253554,60,378.256486
39.130998,60,378.323964
57.577968,60,378.40253
56.817163,60,379.282121
57.000044,60,379.359583
57.403963,60,379.433058
45.08156,60,379.505467
57.059108,60,379.581408
28.196248,60,379.655294
58.757485,60,379.731843
56.823087,60,379.810457
55.403987,60,379.884433
57.950409,60,379.965017
58.193317,60,380.042459
57.295151,60,380.124
57.905384,60,380.198417
49.548419,60,380.268364
57.26446,60,380.345961
55.556037,60,380.420856
57.27522,60,380.500182
31.199993,60,381.353754
52.184111,60,381.429545
55.394008,60,381.501357
52.93828,60,381.580728
52.004992,60,381.664038
57.729601,60,381.734964
56.708574,60,381.806805
57.432318,60,381.884879
58.351072,60,381.963431
58.390455,60,382.041819
50.286678,60,382.127903
57.849571,60,382.199311
51.798554,60,382.280219
56.882357,60,382.362609
55.549359,60,382.43591
57.1,60,382.514398
44.766238,60,382.597468
58.278829,60,383.492414
56.913207,60,383.568917
51.45096,60,383.655032
56.326427,60,383.732469
56.863722,60,383.800184
51.183567,60,383.871092
56.889617,60,383.946067
49.53023,60,384.026991
54.434322,60,384.096776
57.991281,60,384.177938
58.073422,60,384.251797
39.256495,60,384.322115
57.586679,60,384.400882
52.014226,60,384.47071
57.65349,60,384.540067
57.588964,60,384.61233
55.734312,60,384.687258
58.056854,60,385.518758
58.02345,60,385.587187
34.469965,60,385.650543
57.418038,60,385.711914
56.890925,60,385.775753
57.726759,60,385.838465
57.381302,60,385.911866
44.930061,60,385.988029
57.78078,60,386.068036
34.862453,60,386.142015
56.862261,60,386.214028
57.007311,60,386.282447
57.376425,60,386.351476
50.859001,60,386.418881
57.721648,60,386.490312
56.745594,60,386.573463
56.842006,60,386.65702
58.758771,60,387.539092
58.741418,60,387.617059
43.174801,60,387.687483
48.356577,60,387.756901
57.203722,60,387.831882
57.63242,60,387.902308
57.570819,60,387.975253
27.34759,60,388.05311
57.200497,60,388.1209
57.84002,60,388.186347
57.507939,60,388.253095
57.880281,60,388.329141
56.861449,60,388.413477
58.118666,60,388.484915
57.181713,60,388.563798
57.68031,60,388.64071
56.419318,60,388.717223
57.28957,60,389.609748
29.351029,60,389.680562
56.874979,60,389.766838
56.274232,60,389.841804
58.204621,60,389.921185
58.209677,60,390.012069
57.739651,60,390.084475
58.307602,60,390.159839
57.734857,60,390.230726
57.338211,60,390.321307
56.555072,60,390.399315
46.896831,60,390.478859
57.775451,60,390.559866
57.703039,60,390.632225
57.429557,60,390.703023
56.776091,60,390.775981
57.522521,60,390.858072
57.81706,60,391.794191
48.759162,60,391.874716
32.873065,54,391.941
54.989265,60,392.009397
58.539048,60,392.092947
49.801725,60,392.164888
55.325388,60,392.239859
57.308255,60,392.323413
56.700622,60,392.405349
57.810982,60,392.478882
34.423702,60,392.559719
19.547094,60,392.646156
56.88478,60,392.741539
57.35618,60,392.821283
58.083307,60,392.926479
26.80023,60,393.01795
56.308505,60,393.097425
57.376897,60,394.169907
50.137947,60,394.25044
57.243548,60,394.334496
57.719128,60,394.413399
57.505838,60,394.504541
55.036921,60,394.574624
58.09636,60,394.648399
57.546297,60,394.726314
55.881414,60,394.819259
56.916482,60,394.904668
58.235684,60,394.986787
51.516149,60,395.085118
56.032023,60,395.164436
49.246371,60,395.243853
57.877799,60,395.330745
58.21234,60,395.416193
56.94696,60,395.510682
58.46534,60,396.712718
51.220466,60,396.786193
57.843422,60,396.863106
56.642847,60,396.938511
57.604617,60,397.019937
47.801991,60,397.098399
55.002448,60,397.181497
46.784647,60,397.262945
52.455725,60,397.351333
56.689109,60,397.451997
57.635625,60,397.540514
55.813332,60,397.630673
57.929411,60,397.719307
44.052592,60,397.787676
56.111728,60,397.864311
56.793482,60,397.93528
57.634173,60,398.023787
57.643797,60,398.992208
54.266918,60,399.074583
44.428607,60,399.153419
55.281309,60,399.230272
56.582017,60,399.329283
57.232612,60,399.418171
57.637544,60,399.489613
57.749134,60,399.574696
53.138365,60,399.6714
57.717734,60,399.772171
58.225874,60,399.867887
56.586461,60,399.940862
38.184157,60,400.016269
57.64304,60,400.093229
57.610467,60,400.174677
58.475728,60,400.250453
56.493293,60,400.327847
48.162802,60,401.240413
56.24055,60,401.321379
56.946469,60,401.40498
28.988406,60,401.494585
51.262136,60,401.580184
57.413936,60,401.650041
34.983573,60,401.721519
37.520306,60,401.795434
49.596325,60,401.869995
58.304301,60,401.941837
57.580941,60,402.015285
58.175437,60,402.094275
57.032082,60,402.181813
56.783701,60,402.270821
57.763854,60,402.366894
57.966942,60,402.451913
56.961651,60,402.52896
57.398174,60,403.476651
31.466284,60,403.551124
57.589091,60,403.623836
56.075063,60,403.70576
58.415216,60,403.770644
55.706239,60,403.837006
57.712042,60,403.910424
57.137066,60,403.981449
41.775282,60,404.060406
52.326154,60,404.158569
58.06729,60,404.237808
58.114735,60,404.307317
56.925024,60,404.388841
57.450191,60,404.471016
57.060034,60,404.549539
57.526466,60,404.633579
57.92782,60,404.703599
58.1765,60,404.78762
42.138294,60,405.675496
53.775032,60,405.756491
56.662809,60,405.83354
56.532611,60,405.906515
54.524121,60,405.993985
54.167654,60,406.088306
57.90014,60,406.172047
57.40576,60,406.261409
55.390615,60,406.346793
57.223519,60,406.431973
57.128728,60,406.51598
56.406968,60,406.59003
57.295455,60,406.667524
57.168853,60,406.733644
57.528762,60,406.803029
55.885348,60,406.876054
55.89255,60,406.950524
57.800222,60,407.881595
53.707858,60,407.964858
57.058116,60,408.054431
56.806706,60,408.146924
57.704605,60,408.215325
56.429227,60,408.288147
56.540627,60,408.360006
53.104812,60,408.44301
57.459732,60,408.515001
57.41678,60,408.587872
57.936704,60,408.661986
44.914126,60,408.733813
55.934153,60,408.801843
56.226955,60,408.879818
57.960239,60,408.950131
57.9517,60,409.027439
58.546144,60,409.105761
57.408521,60,410.01934
57.786447,60,410.099202
56.660816,60,410.168534
57.100729,60,410.247024
57.039291,60,410.324786
53.879596,60,410.401031
44.748906,60,410.476169
57.556335,60,410.547111
49.432977,60,410.628103
48.880841,60,410.724653
53.748534,60,410.806045
54.088861,60,410.87998
56.52017,60,410.950884
53.492832,60,411.025907
53.28925,60,411.098346
57.065198,60,411.179842
57.802677,60,411.363913
57.966551,60,412.266798
56.135026,60,412.355287
57.209526,60,412.428775
56.286302,60,412.508175
58.342864,60,412.587065
58.249255,60,412.668422
56.603282,60,412.740934
58.68121,60,412.820932
45.75382,60,412.907519
20.789005,49,412.994635
58.423336,60,413.079177
58.11697,60,413.160079
57.798864,60,413.246366
58.166995,60,413.327984
57.999604,60,413.403907
57.938758,60,413.470624
57.243719,60,413.546385
58.361486,60,414.529899
53.629587,60,414.635153
57.850537,60,414.713093
56.246731,60,414.782454
57.706331,60,414.856536
56.230309,60,414.93712
45.396098,60,415.012132
57.188823,60,415.087309
56.768707,60,415.171232
7.116489,34,415.215423
57.386641,60,415.288172
57.219349,60,415.368482
57.08491,60,415.446618
56.382774,60,415.52703
57.546503,60,415.616091
57.988622,60,415.694989
57.977087,60,415.77715
55.300679,60,415.855644
56.94126,60,416.774331
57.217586,60,416.849658
56.683911,60,416.92099
57.918771,60,416.992911
57.173624,60,417.06494
50.246437,60,417.145984
57.302128,60,417.228105
57.422652,60,417.314698
57.872679,60,417.391138
57.385476,60,417.469622
56.864524,60,417.559041
58.09138,60,417.638307
58.247831,60,417.719544
56.898286,60,417.805943
57.421614,60,417.883853
55.276154,60,417.960864
49.963933,60,418.031744
53.209733,60,418.943233
57.706465,60,419.014562
56.94176,60,419.100533
57.214464,60,419.181776
56.847126,60,419.258177
51.859218,60,419.328518
57.042771,60,419.419969
56.805778,60,419.499932
57.572781,60,419.607636
24.549808,60,419.690624
56.343811,60,419.766266
56.732291,60,419.841595
43.144379,60,419.918616
57.758704,60,420.004718
58.21505,60,420.079696
56.848445,60,420.16068
56.622359,60,420.244576
57.729121,60,421.232408
45.695879,60,421.308723
58.245286,60,421.386864
58.301746,60,421.47119
57.108498,60,421.544744
56.277212,60,421.612671
57.66455,60,421.688709
56.414617,60,421.764753
58.596187,60,421.836694
56.943724,60,421.916235
57.75822,60,421.994304
55.327282,60,422.085456
56.903124,60,422.192499
57.551921,60,422.274537
54.948338,60,422.356843
47.609699,60,422.458962
52.192739,60,422.553341
56.780898,60,423.604995
57.900382,60,423.715156
55.582764,60,423.81033
54.563902,60,423.891218
57.330925,60,423.976665
19.072706,60,424.079318
10.761999,60,424.158694
56.76176,60,424.240435
57.578294,60,424.324908
56.222526,60,424.398409
58.145896,60,424.492606
53.171675,60,424.58516
58.049703,60,424.669315
58.42079,60,424.764775
56.897644,60,424.841284
56.948394,60,424.919244
57.269086,60,424.998887
56.270471,60,425.916927
56.685025,60,425.987804
57.025985,60,426.073279
57.248692,60,426.150704
53.194927,60,426.233458
46.044922,60,426.312973
56.617498,60,426.392327
57.55643,60,426.466274
45.879111,60,426.551334
55.683035,60,426.625006
56.788095,60,426.69893
56.335927,60,426.77903
56.164468,60,426.85239
55.96688,60,426.93301
58.001506,60,427.018279
55.909191,60,427.090338
58.005036,60,427.167722
55.610418,60,428.096368
51.738125,60,428.173244
57.927991,60,428.245508
57.877581,60,428.329851
47.747087,60,428.403799
57.138054,60,428.482742
56.700639,60,428.567677
57.244007,60,428.637106
53.887145,60,428.709999
58.277045,60,428.784418
57.470391,60,428.861415
54.669038,60,428.935935
57.244565,60,429.012245
58.146169,60,429.09431
56.865558,60,429.171242
55.035013,60,429.246667
57.12438,60,429.331565
22.144693,44,430.22721
56.212833,60,430.300082
53.67722,60,430.368526
56.644357,60,430.437977
57.927322,60,430.505002
58.582942,60,430.570435
57.466497,60,430.632171
56.771971,60,430.703571
57.336836,60,430.764021
58.330681,60,430.831401
57.421072,60,430.898876
57.029674,60,430.966159
55.163643,60,431.047218
46.080017,60,431.119094
57.584133,60,431.187497
57.687475,60,431.253897
57.267224,60,431.328853
56.631054,60,432.122632
57.765168,60,432.189534
42.290553,60,432.257512
28.453566,60,432.335989
57.641845,60,432.411449
57.24802,60,432.487907
56.366036,60,432.56793
57.55038,60,432.645322
58.511748,60,432.72608
57.022195,60,432.806528
58.25826,60,432.879833
57.624129,60,432.954064
56.547024,60,433.023796
58.637344,60,433.090986
15.379848,60,433.153235
58.1,60,433.221473
56.984007,60,433.294976
57.322681,60,434.179353
42.568333,60,434.244076
57.669259,60,434.313812
56.059291,60,434.384572
56.844063,60,434.460851
56.334948,60,434.537216
57.18069,60,434.617208
57.572161,60,434.68779
56.472099,60,434.755668
57.217564,60,434.829226
55.459391,60,434.901139
57.121403,60,434.985955
58.219029,60,435.054486
51.292639,60,435.121322
58.455516,60,435.201765
57.014421,60,435.27932
57.785968,60,435.3558
57.072819,60,436.240563
57.707219,60,436.322655
58.199103,60,436.401174
58.155347,60,436.485751
58.026009,60,436.57453
55.841373,60,436.653997
56.784665,60,436.739409
57.941835,60,436.821796
57.635078,60,436.888675
57.042729,60,436.956078
56.545789,60,437.020003
57.413908,60,437.082391
57.364676,60,437.152265
56.447442,60,437.235363
45.999955,60,437.312903
57.965727,60,437.397844
56.943895,60,437.475462
56.879171,60,438.401274
57.828733,60,438.482886
39.327955,60,438.561397
51.176686,60,438.634955
54.699641,60,438.71424
57.504489,60,438.781162
56.296094,60,438.862668
57.063041,60,438.933446
55.744031,60,439.003906
57.095495,60,439.090014
56.162064,60,439.165413
56.866495,60,439.248174
58.139749,60,439.33669
58.126845,60,439.413639
29.358362,60,439.489998
57.19882,60,439.567258
56.532907,60,439.643624
56.539664,60,439.743773
53.828084,60,440.711366
58.283194,60,440.776283
45.21392,60,440.846062
58.031517,60,440.917412
57.416705,60,440.994443
57.404221,60,441.075983
57.933853,60,441.148031
54.33272,60,441.224955
57.908828,60,441.300316
56.673921,60,441.372071
44.882784,60,441.441211
57.037271,60,441.512964
40.321662,60,441.592024
56.690815,60,441.668147
57.619017,60,441.736544
58.084588,60,441.81098
54.564871,60,441.885446
50.619759,60,442.770115
57.942636,60,442.857697
57.155982,60,442.940303
55.268512,60,443.025312
57.196388,60,443.108256
57.330292,60,443.182137
51.006061,60,443.25666
58.112846,60,443.337703
30.400132,60,443.419174
56.027891,60,443.491137
56.405193,60,443.583265
42.333113,60,443.670164
56.432587,60,443.747533
58.110296,60,443.819896
58.032002,60,443.89585
56.376797,60,443.972675
55.728864,60,444.05212
57.341586,60,444.985644
57.47889,60,445.058029
40.716384,60,445.133985
57.29044,60,445.195807
33.425674,60,445.253154
57.699492,60,445.305957
56.799678,60,445.358311
57.705851,60,445.422148
57.426505,60,445.477465
54.440693,60,445.537845
57.596866,60,445.597172
48.633617,60,445.654563
51.839812,60,445.711852
57.540407,60,445.770194
43.821413,60,445.834143
57.418444,60,445.902604
49.249137,60,445.967914
39.538945,60,446.854659
57.855583,60,446.928552
53.442176,60,447.00088
50.763887,60,447.077825
57.240958,60,447.148182
43.222737,60,447.21908
57.550697,60,447.297986
57.964336,60,447.378079
58.105361,60,447.453449
57.768257,60,447.531007
57.58138,60,447.611891
54.85696,60,447.690615
56.186926,60,447.760049
54.722732,60,447.837021
58.436498,60,447.923546
57.708115,60,447.998931
47.971673,60,448.073799
56.636709,60,448.921419
56.869849,60,448.988289
57.866289,60,449.059896
56.823994,60,449.131926
57.451883,60,449.200818
56.854964,60,449.272726
56.981434,60,449.350791
56.54762,60,449.435766
54.017682,60,449.515292
46.377542,60,449.60096
57.57872,60,449.680823
58.193429,60,449.762285
56.886654,60,449.850346
57.740786,60,449.931895
57.792041,60,450.015361
57.393515,60,450.089784
56.689382,60,450.168354
54.775959,60,451.047406
57.321081,60,451.123867
44.327492,60,451.194693
57.68112,60,451.266954
57.646841,60,451.343932
57.261004,60,451.426487
41.53213,60,451.502981
57.512534,60,451.587973
58.060703,60,451.672493
58.241998,60,451.750031
54.773402,60,451.825052
57.230748,60,451.899513
56.701274,60,451.958291
57.571891,60,452.018533
58.213738,60,452.075886
57.130386,60,452.138234
58.049148,60,452.197153
56.929231,60,453.077242
56.89484,60,453.145115
57.419235,60,453.208853
31.386274,60,453.275216
55.764793,60,453.346004
57.758524,60,453.414506
57.301857,60,453.488052
56.382858,60,453.564579
56.864035,60,453.639658
57.107432,60,453.709541
57.139766,60,453.773968
57.178237,60,453.852548
57.077138,60,453.926171
55.641291,60,453.995475
56.738346,60,454.070996
41.243692,60,454.142557
57.263218,60,454.213523
57.452931,60,455.087677
56.702529,60,455.155545
57.15,60,455.23753
51.27952,60,455.318002
47.705947,60,455.389918
56.368224,60,455.463948
58.242354,60,455.534369
57.332294,60,455.60177
56.642032,60,455.677259
58.538761,60,455.745927
57.03668,60,455.815311
57.185354,60,455.890086
53.720644,60,455.967974
55.631623,60,456.046976
57.911935,60,456.116815
57.472542,60,456.192677
56.47318,60,456.263142
56.740233,60,457.129156
55.333407,60,457.199671
54.992233,60,457.266548
55.65734,60,457.330935
57.040115,60,457.402749
57.353352,60,457.479117
57.262327,60,457.54897
57.519851,60,457.615387
50.005497,60,457.69034
57.181669,60,457.7654
57.546239,60,457.838347
40.29596,60,457.911817
56.44351,60,457.980177
58.093292,60,458.047595
57.242299,60,458.123538
49.833525,60,458.19299
56.339965,60,458.272745
56.688342,60,459.143135
58.087877,60,459.2207
57.589983,60,459.298711
57.638394,60,459.381713
58.214611,60,459.471553
57.909798,60,459.558024
57.106471,60,459.630276
57.597765,60,459.716757
36.488721,60,459.793328
57.659467,60,459.867835
57.414423,60,459.952412
53.112607,60,460.033342
57.711428,60,460.110322
57.9939,60,460.183101
56.679067,60,460.267296
57.730608,60,460.348006
56.411177,60,460.420829
57.394061,60,461.330653
41.139954,60,461.404179
56.825823,60,461.475944
57.577211,60,461.557007
57.150001,60,461.633506
56.111127,60,461.714536
56.240484,60,461.798013
56.7,60,461.869458
57.008109,60,461.94385
57.272866,60,462.025393
57.020467,60,462.102907
53.031914,60,462.18842
54.230761,60,462.269894
57.231406,60,462.347709
57.92059,60,462.423673
57.097372,60,462.506222
52.279994,60,462.58976
55.155706,60,463.519409
57.403886,60,463.59636
57.165842,60,463.669198
58.304439,60,463.752685
57.925529,60,463.833183
56.401536,60,463.915569
57.477799,60,463.995106
57.846029,60,464.084175
41.170959,60,464.163281
56.704462,60,464.234671
41.34349,60,464.323702
55.817413,60,464.429371
54.612124,60,464.582126
9.984711,46,464.656459
56.791679,60,464.73751
57.311841,60,464.815008
44.271095,60,464.901529
57.828878,60,464.980689
57.646195,60,465.891454
57.100382,60,465.960803
57.035789,60,466.027088
57.892399,60,466.090787
56.866376,60,466.159881
57.555019,60,466.228332
57.689582,60,466.30304
48.431284,60,466.373981
57.557636,60,466.44994
57.101209,60,466.52634
57.167157,60,466.598703
57.049644,60,466.681636
47.006744,60,466.756118
57.993106,60,466.837755
39.166496,60,466.90918
58.282236,60,466.990792
57.61166,60,467.079833
45.354217,60,468.133579
57.456497,60,468.218451
55.49675,60,468.298455
34.942873,60,468.381402
56.92239,60,468.470414
46.585442,60,468.547315
56.98103,60,468.622569
34.515376,60,468.695558
57.177179,60,468.770453
27.876929,54,468.845002
53.912427,60,468.920389
57.592125,60,468.999872
57.7902,60,469.091528
57.493222,60,469.169914
51.211347,60,469.244361
57.147594,60,469.3204
57.275271,60,469.390039
57.352316,60,470.571419
57.452828,60,470.668583
57.814782,60,470.760155
56.852571,60,470.848196
56.655074,60,470.930705
56.713759,60,471.027769
58.465103,60,471.123827
56.276107,60,471.208188
57.640823,60,471.287533
56.904648,60,471.365533
36.135204,60,471.441684
56.884861,60,471.518686
49.633959,60,471.595635
56.622869,60,471.667467
53.061091,60,471.73697
53.660811,60,471.822025
35.489175,60,471.898885
56.662167,60,472.722487
58.357903,60,472.796448
31.102122,60,472.86473
57.778657,60,472.940285
57.880956,60,473.014822
55.438594,60,473.087746
56.663017,60,473.163168
46.469612,60,473.236702
56.96714,60,473.299212
57.056514,60,473.367609
55.33899,60,473.43748
57.184529,60,473.511478
57.959485,60,473.584567
56.362263,60,473.653945
56.579018,60,473.730899
56.289759,60,473.794878
57.750827,60,473.867827
30.108331,60,474.642773
57.708685,60,474.706504
56.90974,60,474.777776
56.804296,60,474.85123
58.358531,60,474.916224
57.610935,60,474.992187
58.344327,60,475.059496
56.213388,60,475.129276
51.294636,60,475.198115
47.305534,60,475.261253
56.25439,60,475.332727
57.512454,60,475.402568
56.3715,60,475.464821
57.10476,60,475.54019
56.82512,60,475.614688
56.983886,60,475.677111
57.849998,60,475.752639
57.365552,60,476.49123
56.651478,60,476.558694
54.922039,60,476.625636
40.246034,60,476.696016
51.895452,60,476.764971
57.204472,60,476.837929
51.875052,60,476.918077
49.57471,60,476.987908
56.151282,60,477.059689
56.914784,60,477.126446
55.433823,60,477.2029
57.176,60,477.267711
57.766415,60,477.338652
55.967793,60,477.410127
56.657227,60,477.480271
52.928135,60,477.550209
49.945405,60,477.62964
57.785609,60,478.464183
57.312453,60,478.546793
57.128083,60,478.640384
57.787044,60,478.720315
55.296249,60,478.79512
58.2,60,478.864244
57.410024,60,478.938725
57.272615,60,479.004113
56.281285,60,479.072277
43.563108,60,479.152187
57.110199,60,479.226171
57.632043,60,479.300687
56.73599,60,479.377286
56.864699,60,479.452755
57.513654,60,479.529482
54.099872,60,479.609501
42.496444,60,479.691294
56.571708,60,480.583466
54.075073,60,480.654906
57.241019,60,480.730816
57.418153,60,480.80264
47.491319,60,480.880551
44.765245,60,480.956051
55.380225,60,481.02764
58.174476,60,481.114625
57.578981,60,481.182949
57.329803,60,481.250714
57.565501,60,481.319449
57.948505,60,481.38576
57.722172,60,481.452674
42.718352,60,481.51663
57.611613,60,481.587924
57.096477,60,481.65974
57.51848,60,481.729669
55.116629,60,482.579641
56.869093,60,482.646482
47.849472,60,482.718391
56.190479,60,482.793962
56.773957,60,482.86188
56.973471,60,482.934679
56.802503,60,482.99748
57.556323,60,483.055793
23.521026,60,483.114786
57.38301,60,483.176159
57.555504,60,483.234463
57.548471,60,483.303858
58.64168,60,483.373428
57.736825,60,483.446736
55.682081,60,483.521681
51.081709,60,483.599113
57.293223,60,483.670091
57.461032,60,484.516964
58.267071,60,484.59343
44.442629,60,484.667331
56.650403,60,484.748204
57.348959,60,484.824121
52.83831,60,484.900085
56.887563,60,484.99279
49.358092,60,485.071188
57.664578,60,485.157398
56.970121,60,485.23974
57.651007,60,485.311639
57.520054,60,485.393621
55.556082,60,485.471985
57.515276,60,485.549859
57.049887,60,485.630081
57.524223,60,485.699436
57.513641,60,485.773388
56.941071,60,486.647913
54.521879,60,486.731785
57.992282,60,486.805925
47.942593,60,486.894438
56.745375,60,486.973006
57.461911,60,487.057588
56.770944,60,487.133102
57.420601,60,487.208086
57.298955,60,487.288541
58.321004,60,487.35949
5.69015,32,487.400177
57.788677,60,487.481657
57.326004,60,487.557415
56.349618,60,487.631903
57.382427,60,487.716038
28.905243,51,487.776906
56.444629,60,487.849836
57.431244,60,487.932848
57.729061,60,488.741614
56.974811,60,488.803705
57.648233,60,488.863973
56.148689,60,488.925876
55.75757,60,488.987249
56.816884,60,489.055159
56.85607,60,489.121005
56.383279,60,489.191099
41.301654,60,489.257095
57.429839,60,489.319973
57.302052,60,489.385939
47.1245,60,489.446749
56.018027,60,489.510111
58.618619,60,489.574032
57.755275,60,489.643193
57.573257,60,489.716006
57.148463,60,489.78728
56.329935,60,490.565668
40.509885,60,490.634294
47.297613,60,490.698174
57.7429,60,490.768547
57.443723,60,490.834919
55.981226,60,490.894822
57.379181,60,490.959115
56.362681,60,491.019984
57.252595,60,491.07986
57.164415,60,491.138662
57.419947,60,491.201893
57.287171,60,491.26523
57.012311,60,491.327686
55.865219,60,491.392081
56.60873,60,491.456433
57.003474,60,491.524524
58.126347,60,491.591459
56.813339,60,492.341823
58.414833,60,492.404722
56.292297,60,492.473273
57.533286,60,492.534734
55.575898,60,492.60022
40.412427,60,492.669679
55.290604,60,492.732056
58.081169,60,492.796353
45.838515,60,492.863761
56.164966,60,492.933766
49.293298,60,492.995178
55.620892,60,493.059549
58.001041,60,493.129947
57.481596,60,493.194834
56.642046,60,493.258684
58.051694,60,493.324229
56.987123,60,493.386508
57.973506,60,494.116726
56.063295,60,494.179506
56.707634,60,494.244312
24.146889,55,494.300074
57.804765,60,494.366876
58.132443,60,494.432253
42.59671,60,494.494165
35.685886,60,494.559063
53.044993,60,494.624555
57.280041,60,494.688856
57.389499,60,494.755128
57.910139,60,494.818618
57.183755,60,494.882535
57.340192,60,494.94681
56.496272,60,495.015711
56.761592,60,495.078164
57.905586,60,495.14388
58.057792,60,495.838179
58.660962,60,495.895654
53.60137,60,495.950041
52.241516,60,496.009866
58.097108,60,496.069649
57.618515,60,496.127541
57.007989,60,496.188831
55.832864,60,496.256954
50.997769,60,496.322419
55.566888,60,496.384793
55.402307,60,496.444703
57.753735,60,496.504184
56.789546,60,496.563596
58.007246,60,496.620909
42.562141,60,496.681672
57.235246,60,496.743071
57.50429,60,496.801389
37.630954,60,497.507165
57.651086,60,497.568512
57.248687,60,497.630831
57.123206,60,497.703711
57.593614,60,497.762065
57.99893,60,497.817268
56.753304,60,497.874574
5.346261,60,497.926898
58.488745,60,497.984262
56.685419,60,498.038184
45.162989,60,498.089548
57.840955,60,498.146858
57.148968,60,498.202613
58.442855,60,498.258005
57.445248,60,498.319329
57.885549,60,498.379788
57.723666,60,498.43661
55.962963,60,499.110807
58.4,60,499.172111
56.655689,60,499.229064
57.560877,60,499.287894
56.749821,60,499.346297
57.461908,60,499.402858
49.544038,60,499.46321
55.695345,60,499.524514
58.037039,60,499.57978
49.332725,60,499.638185
28.83444,60,499.697078
57.100166,60,499.757314
56.616039,60,499.818149
58.372544,60,499.877385
57.307244,60,499.935609
57.303816,60,499.993023
57.776656,60,500.046727
57.525551,60,500.10401
56.351685,60,500.78066
56.968305,60,500.840046
48.792978,60,500.899599
56.451569,60,500.957638
55.816432,60,501.021544
57.431232,60,501.082305
57.541589,60,501.144689
46.179849,60,501.21108
57.499956,60,501.27096
57.247274,60,501.329717
57.918539,60,501.393751
57.535682,60,501.454698
56.514157,60,501.520105
40.412613,60,501.588547
57.895804,60,501.65149
57.031295,60,501.716019
49.30968,60,501.78071
57.560671,60,502.476955
48.635374,60,502.531973
55.982848,60,502.587684
47.724206,60,502.639527
8.996928,54,502.689267
42.279924,60,502.745128
57.410866,60,502.797446
57.583556,60,502.851219
57.181236,60,502.908524
56.546717,60,502.963344
58.043486,60,503.02481
57.221043,60,503.082195
58.699066,60,503.135622
57.732112,60,503.192402
58.041626,60,503.248684
57.343039,60,503.307508
57.357115,60,503.360244
57.276969,60,504.03754
18.43282,40,504.076245
57.779376,60,504.136024
55.453057,60,504.193478
56.675456,60,504.255835
56.985227,60,504.31421
56.67722,60,504.367999
57.959946,60,504.426872
56.783685,60,504.48265
57.942256,60,504.53648
55.075814,60,504.586298
57.370974,60,504.639167
38.148806,60,504.692424
57.993763,60,504.748642
57.081205,60,504.804869
43.848798,60,504.865751
27.189218,55,504.918392
57.851138,60,505.589487
56.317227,60,505.63985
44.786799,60,505.695137
57.103036,60,505.752521
57.289091,60,505.806747
56.683482,60,505.861489
48.64439,60,505.917448
24.422417,60,505.974377
56.365481,60,506.026573
57.592786,60,506.08298
57.579314,60,506.154398
57.038695,60,506.209156
56.877086,60,506.266554
54.650405,60,506.319826
56.533923,60,506.378715
58.01924,60,506.436564
57.26935,60,506.491312
57.293202,60,507.113487
57.496725,60,507.166195
55.843743,60,507.222521
57.665207,60,507.276904
56.913125,60,507.335706
57.665849,60,507.388984
57.844729,60,507.446439
56.390842,60,507.50484
56.574943,60,507.559596
57.779723,60,507.615941
57.60328,60,507.669645
53.847046,60,507.729934
58.150201,60,507.790763
57.670461,60,507.844045
57.650525,60,507.901488
43.574171,60,507.959269
57.825615,60,508.01663
57.464643,60,508.654295
53.89861,60,508.709706
57.321394,60,508.760495
40.429674,60,508.817873
57.571966,60,508.869691
57.166344,60,508.924515
56.477121,60,508.979847
57.552299,60,509.038908
57.761006,60,509.091598
57.746531,60,509.141204
57.206792,60,509.190847
57.662276,60,509.245666
57.204168,60,509.301919
57.742732,60,509.36386
38.91598,60,509.42227
28.608197,60,509.478596
57.757761,60,509.537952
56.394438,60,510.19649
57.122668,60,510.253788
57.771014,60,510.30809
51.23133,60,510.364807
57.603284,60,510.42105
58.17778,60,510.47733
57.432808,60,510.533161
58.217026,60,510.590575
57.343879,60,510.646373
57.721802,60,510.705643
56.500002,60,510.758312
57.642457,60,510.812697
52.403027,60,510.864514
58.226934,60,510.91731
56.960631,60,510.966999
57.493724,60,511.022572
57.603614,60,511.077375
57.169382,60,511.129686
57.079257,60,511.752605
57.586572,60,511.807467
55.624539,60,511.861951
57.261985,60,511.917217
40.444837,60,511.973487
47.57252,60,512.028315
48.538606,60,512.079098
50.332371,60,512.134537
57.227099,60,512.19083
57.07348,60,512.247804
57.605229,60,512.298511
54.1317,60,512.356898
55.453968,60,512.411725
57.758872,60,512.462406
57.539123,60,512.517334
35.211665,56,512.571238
43.321134,60,512.631083
58.557544,60,513.273246
49.541227,60,513.327854
32.365086,60,513.382812
57.182791,60,513.435102
57.443641,60,513.487882
57.571861,60,513.545273
58.752204,60,513.598515
57.646328,60,513.652334
52.331141,60,513.708209
57.30218,60,513.765051
56.206599,60,513.819385
57.222267,60,513.876248
57.935286,60,513.932471
58.653502,60,513.985793
58.109344,60,514.04362
57.610597,60,514.100923
57.171027,60,514.157736
57.11877,60,514.789464
53.478752,60,514.84174
56.425177,60,514.89361
57.476445,60,514.951639
54.262846,60,515.009453
57.784053,60,515.062942
51.318624,60,515.12438
57.26415,60,515.180773
57.816554,60,515.237658
57.491729,60,515.297448
56.890789,60,515.349423
57.100227,60,515.408111
56.839917,60,515.465295
56.695268,60,515.527244
26.922611,60,515.60922
51.291588,60,515.678544
57.25362,60,515.739435
56.183539,60,516.443359
55.919621,60,516.499194
54.55067,60,516.560995
33.083237,60,516.616729
56.309121,60,516.677024
57.810067,60,516.742313
55.081681,60,516.799192
57.25587,60,516.856941
57.430121,60,516.920356
57.710516,60,516.98121
56.902585,60,517.043017
43.809119,60,517.0973
57.200023,60,517.151654
58.223706,60,517.213432
56.631102,60,517.270693
57.637955,60,517.329322
55.960087,60,517.386772
56.412837,60,518.046484
57.366253,60,518.106636
56.232449,60,518.164469
57.184227,60,518.222361
57.182035,60,518.278135
56.457509,60,518.337952
40.061871,60,518.394297
57.42464,60,518.451704
54.5733,60,518.510564
58.15794,60,518.5713
57.226253,60,518.634097
58.556938,60,518.689301
57.107556,60,518.752728
57.487519,60,518.814962
56.602751,60,518.874376
56.664723,60,518.93905
58.367997,60,518.997456
57.756857,60,519.737006
53.022341,60,519.801831
38.455,60,519.863816
34.320658,60,519.922828
57.277977,60,519.98625
56.781263,60,520.049681
58.414074,60,520.11528
56.736158,60,520.184875
57.082482,60,520.244343
57.479207,60,520.306761
51.939964,60,520.368092
56.236046,60,520.43444
48.662722,60,520.495255
58.056188,60,520.555147
57.33545,60,520.615019
57.094111,60,520.674342
52.437995,60,520.736267
58.135028,60,521.432492
36.85878,60,521.49679
57.336365,60,521.56731
56.670074,60,521.628726
56.119121,60,521.688025
48.880834,60,521.745903
57.078788,60,521.802831
57.387473,60,521.864231
56.961842,60,521.926156
56.777544,60,522.001594
57.607755,60,522.064127
57.566876,60,522.125449
56.944669,60,522.243668
52.598331,60,522.327641
19.033447,60,522.393147
57.208306,60,522.469698
56.798003,60,522.582462
57.274913,60,523.365231
58.058891,60,523.419183
57.670345,60,523.473071
57.772689,60,523.525871
57.767435,60,523.586316
57.804778,60,523.64622
57.943517,60,523.702058
56.827697,60,523.757451
58.105406,60,523.811455
57.628172,60,523.866748
57.100187,60,523.926424
57.008555,60,523.983775
21.028473,60,524.033658
49.071875,60,524.089582
57.109867,60,524.148525
57.988421,60,524.197898
44.26387,60,524.251735
54.834246,60,524.906528
57.51465,60,524.967893
56.844753,60,525.02117
32.910929,60,525.072993
38.981235,60,525.128946
58.087417,60,525.181262
57.319207,60,525.229531
57.083849,60,525.281381
56.405076,60,525.333716
57.480719,60,525.385069
58.283451,60,525.438937
57.672793,60,525.490219
49.18398,60,525.540131
57.077151,60,525.58888
57.367785,60,525.638253
58.045927,60,525.695046
54.535998,60,525.752273
52.494991,60,526.401718
55.804141,60,526.452943
57.50923,60,526.512009
57.441129,60,526.56725
43.131272,60,526.621624
57.159584,60,526.678565
41.424033,60,526.735408
33.334025,60,526.790741
45.584413,60,526.849592
55.150602,60,526.908007
57.063958,60,526.968314
57.851955,60,527.027095
58.109714,60,527.082431
57.487484,60,527.139215
56.938252,60,527.195106
56.293377,60,527.252062
57.662292,60,527.307425
57.213672,60,527.902397
52.515424,60,527.958184
56.4938,60,528.01114
57.928928,60,528.060907
58.074215,60,528.120307
53.478447,60,528.172295
57.160118,60,528.22414
49.197497,60,528.277937
57.984677,60,528.330244
57.75,60,528.388156
56.831607,60,528.443106
56.979292,60,528.504532
56.915947,60,528.564441
56.548104,60,528.617725
55.955399,60,528.669538
57.623692,60,528.729377
57.153039,60,528.783215
55.036905,60,529.461544
56.988966,60,529.529227
35.598765,60,529.597172
55.050586,60,529.655487
57.258237,60,529.71797
57.293506,60,529.77909
47.637098,60,529.833022
57.677859,60,529.894939
57.275808,60,529.951278
57.252615,60,530.005082
41.75233,60,530.061911
58.218534,60,530.117299
57.645265,60,530.180723
57.440773,60,530.24561
57.636632,60,530.305435
57.713608,60,530.364791
57.002909,60,530.425337
57.675194,60,531.148776
55.972153,60,531.209206
58.2833,60,531.267981
57.673822,60,531.32634
56.530176,60,531.387152
58.579796,60,531.445602
46.980346,60,531.497967
56.856173,60,531.561901
56.629152,60,531.623658
56.979981,60,531.682589
11.158724,34,531.714711
57.233397,60,531.769055
14.983201,39,531.809192
57.100686,60,531.862558
57.043894,60,531.918764
57.090694,60,531.971567
50.059262,60,532.028964
52.593896,60,532.08738
52.910709,60,532.862567
56.409075,60,532.938081
56.273878,60,533.001307
57.481595,60,533.063234
58.186915,60,533.173949
56.841054,60,533.254954
56.979815,60,533.307723
57.212623,60,533.365575
56.990324,60,533.427058
39.325542,60,533.482465
57.743493,60,533.542278
56.22192,60,533.600037
57.486928,60,533.656478
57.839368,60,533.714569
56.551617,60,533.774987
47.91478,60,533.82939
57.725078,60,533.887316
52.839811,60,534.543276
56.922352,60,534.597548
57.286616,60,534.654173
43.313694,60,534.722679
57.798118,60,534.807805
44.176419,60,534.871649
57.409552,60,534.932453
56.565803,60,535.002761
57.846526,60,535.06919
56.708755,60,535.130591
58.148622,60,535.18843
57.170505,60,535.245213
56.577005,60,535.305416
57.045959,60,535.3621
57.0944,60,535.420932
58.610908,60,535.482363
55.068598,60,535.536203
57.439754,60,536.15638
56.492891,60,536.212203
55.74887,60,536.260525
58.523922,60,536.304868
58.091216,60,536.355732
56.772361,60,536.407063
51.388277,60,536.455282
57.140776,60,536.509085
57.715807,60,536.5669
58.07318,60,536.619013
57.403732,60,536.672362
57.771457,60,536.722366
57.945569,60,536.777137
57.372872,60,536.830939
57.449956,60,536.878225
57.407895,60,536.932628
57.048144,60,536.980402
56.931936,60,537.585502
57.609731,60,537.635339
57.419078,60,537.684276
58.234797,60,537.734062
56.987909,60,537.790453
48.065198,60,537.846426
57.850265,60,537.901305
57.249393,60,537.961773
57.947204,60,538.020255
57.558981,60,538.091707
57.334969,60,538.164113
49.122337,60,538.23242
53.01091,60,538.295652
57.708561,60,538.351345
57.2,60,538.409121
56.931825,60,538.468517
16.861333,60,538.52392
55.232673,60,538.577847
57.126581,60,539.252725
57.881134,60,539.312679
55.86283,60,539.370108
42.714718,60,539.431944
58.458788,60,539.491188
57.482724,60,539.550907
57.109274,60,539.608845
52.099087,60,539.670825
45.899497,60,539.732016
57.287726,60,539.790942
57.001688,60,539.850898
55.048252,60,539.90887
56.8,60,539.970621
51.359113,60,540.034219
56.443281,60,540.092216
57.817675,60,540.151549
57.655804,60,540.214069
56.583379,60,540.9049
58.264855,60,540.965285
57.568126,60,541.02476
57.249082,60,541.083128
31.093987,60,541.140436
55.934684,60,541.195292
56.625089,60,541.252172
57.338171,60,541.317527
57.402411,60,541.381918
56.940862,60,541.475571
57.134619,60,541.532515
58.204039,60,541.588756
57.129432,60,541.649169
56.82884,60,541.709034
58.029852,60,541.768807
56.676652,60,541.829692
57.301385,60,541.890785
56.114839,60,542.611001
57.443201,60,542.671767
58.338284,60,542.733705
55.903662,60,542.795556
56.926056,60,542.860961
13.95973,36,542.89266
49.307601,60,542.951065
56.932107,60,543.005372
48.838986,60,543.063717
39.943817,60,543.121204
56.618753,60,543.176849
46.987669,60,543.231968
57.717461,60,543.286283
57.363267,60,543.341611
57.100753,60,543.393315
56.669655,60,543.448642
52.581124,60,543.503318
57.743099,60,544.169018
56.339561,60,544.225574
57.698132,60,544.279803
57.488545,60,544.336093
56.49989,60,544.390556
57.828523,60,544.448904
55.400914,60,544.508359
57.384436,60,544.565253
46.20099,60,544.625759
57.24955,60,544.683645
57.247742,60,544.740124
56.799637,60,544.798021
57.278984,60,544.852905
46.972809,60,544.911798
58.528016,60,544.968292
57.436981,60,545.029226
56.399569,60,545.087159
57.752799,60,545.740748
57.29115,60,545.797637
57.329347,60,545.853549
57.749489,60,545.91095
57.15498,60,545.969161
55.671534,60,546.029083
57.991212,60,546.084442
56.624406,60,546.141127
57.38532,60,546.198875
57.65,60,546.254253
58.045839,60,546.317191
57.059736,60,546.374994
32.79237,60,546.43283
56.113328,60,546.489124
34.675915,60,546.547491
57.090903,60,546.604049
44.33666,60,546.663944
28.290699,60,547.337672
58.198891,60,547.392963
56.774483,60,547.447797
56.93506,60,547.502736
57.398694,60,547.555596
57.055322,60,547.609932
57.819378,60,547.665243
57.532125,60,547.722591
57.123228,60,547.778221
58.08391,60,547.831098
29.870203,60,547.886481
56.988015,60,547.942903
58.620643,60,547.998737
56.931042,60,548.057692
57.979965,60,548.112988
57.879504,60,548.171724
44.126877,60,548.22699
56.502425,60,548.904093
57.602042,60,548.960922
57.554576,60,549.019806
55.80162,60,549.078043
54.320269,60,549.134966
56.784757,60,549.190729
55.489386,60,549.248666
56.504155,60,549.310071
56.95973,60,549.367852
57.814411,60,549.424647
57.242878,60,549.478433
57.035269,60,549.534216
44.262661,60,549.590193
57.144415,60,549.646575
58.188178,60,549.701465
56.390126,60,549.758857
56.499795,60,549.812764
57.755563,60,550.464626
58.253416,60,550.525137
57.034976,60,550.578402
56.978498,60,550.634257
57.068771,60,550.691092
56.222418,60,550.750059
54.790755,60,550.807919
56.432887,60,550.864749
55.962957,60,550.92219
57.097573,60,550.977674
57.30026,60,551.035532
56.50718,60,551.090744
38.374584,60,551.147178
52.129069,60,551.20423
57.34464,60,551.261178
57.8,60,551.316074
57.919172,60,551.372505
57.284573,60,552.021449
57.789254,60,552.075679
57.136933,60,552.128952
57.231529,60,552.18592
51.090887,60,552.238275
58.113207,60,552.298593
57.772268,60,552.355809
56.644489,60,552.411553
51.735097,60,552.470848
57.599358,60,552.525704
56.54612,60,552.579637
53.558981,60,552.635489
56.638349,60,552.692407
52.006249,60,552.748737
57.025437,60,552.807141
49.409827,60,552.863977
57.633356,60,552.921213
57.970525,60,552.975492
57.7,60,553.63207
57.001312,60,553.690455
57.295179,60,553.746278
57.683872,60,553.802704
57.191,60,553.858648
57.312866,60,553.913058
56.30048,60,553.969029
49.446748,60,554.025503
58.134666,60,554.07787
57.467965,60,554.131488
57.877983,60,554.184374
57.442093,60,554.23781
56.472409,60,554.292182
57.376522,60,554.344597
55.911263,60,554.402026
32.552446,60,554.457827
57.342834,60,554.512303
57.648061,60,555.162618
57.907059,60,555.218475
57.357009,60,555.277393
57.59901,60,555.331733
55.422772,60,555.391036
57.797627,60,555.446452
57.946482,60,555.501333
56.977932,60,555.55664
57.116515,60,555.616223
53.851242,60,555.671621
54.466159,60,555.731536
56.496682,60,555.785854
56.302825,60,555.845266
57.499719,60,555.900606
57.656525,60,555.959462
57.729864,60,556.01986
58.119681,60,556.076191
57.638478,60,556.732488
52.55836,60,556.788908
58.049733,60,556.84632
56.740856,60,556.900055
57.444686,60,556.956159
57.592537,60,557.013558
55.498228,60,557.067825
52.793617,60,557.126767
16.158315,47,557.172036
41.611538,60,557.230929
56.887758,60,557.288784
56.462188,60,557.344698
55.61408,60,557.403564
54.085143,60,557.462955
56.426081,60,557.515693
27.883258,60,557.574341
54.474287,60,557.635047
54.71187,60,558.296473
57.1488,60,558.34831
31.425531,60,558.40267
56.94613,60,558.455002
51.284345,60,558.510357
56.877425,60,558.566236
56.361511,60,558.621093
56.927197,60,558.675927
57.148606,60,558.731303
57.51762,60,558.78651
57.332467,60,558.844948
57.518673,60,558.902395
57.479682,60,558.957724
57.36848,60,559.017172
57.658527,60,559.07504
56.732888,60,559.130945
56.643473,60,559.185861
39.209394,60,559.833204
57.522724,60,559.888747
57.253429,60,559.94809
58.058717,60,560.008856
57.649901,60,560.065053
57.123722,60,560.126018
57.992812,60,560.187956
57.371023,60,560.26294
57.036176,60,560.320287
35.428033,60,560.376297
39.831298,60,560.432627
57.480562,60,560.48652
57.525755,60,560.544404
58.171976,60,560.599693
56.987159,60,560.654243
57.573222,60,560.707426
56.051013,60,560.764688
57.723696,60,561.480563
58.162122,60,561.566634
57.420369,60,561.62747
57.286755,60,561.689983
56.272628,60,561.749237
55.409412,60,561.805982
57.080316,60,561.881495
40.720297,60,561.951936
57.734969,60,562.008843
57.309986,60,562.066665
57.0494,60,562.124498
57.456393,60,562.180494
55.187085,60,562.236391
58.337289,60,562.298481
57.612905,60,562.354873
47.205109,60,562.415372
51.63414,60,562.470161
56.656786,60,563.14176
57.131048,60,563.196973
58.285976,60,563.252884
56.90774,60,563.307786
57.897113,60,563.364741
56.363427,60,563.421992
53.842541,60,563.476901
52.269071,60,563.528576
57.264756,60,563.584388
56.737939,60,563.639291
57.75,60,563.695193
58.327776,60,563.744973
56.88102,60,563.795372
54.894311,60,563.851238
58.281034,60,563.908682
48.908469,60,563.965537
49.205722,60,564.023461
56.973898,60,564.672517
56.035041,60,564.726334
44.55553,60,564.786623
57.227719,60,564.846474
57.70881,60,564.90083
53.174548,60,564.958737
56.618847,60,565.014575
57.230708,60,565.0709
57.05,60,565.128305
55.909865,60,565.186222
54.715805,60,565.243704
53.130375,60,565.301555
57.4963,60,565.358418
56.71957,60,565.41457
57.662498,60,565.466907
44.655925,60,565.518182
57.457717,60,565.572938
57.465477,60,566.234448
57.324288,60,566.290781
50.679881,60,566.349581
57.304933,60,566.40844
57.110353,60,566.463706
57.461385,60,566.521101
56.840063,60,566.58052
57.990446,60,566.636894
57.102301,60,566.694771
57.700885,60,566.751165
57.088636,60,566.808011
58.10576,60,566.864855
57.849302,60,566.92066
57.121407,60,566.976986
57.243639,60,567.032849
56.582344,60,567.084744
57.3,60,567.138595
55.868748,60,567.784164
57.792813,60,567.83986
46.567883,60,567.894073
56.992794,60,567.944728
57.952936,60,567.997018
58.125807,60,568.050401
57.262815,60,568.10069
57.479915,60,568.152919
57.360341,60,568.206222
54.105896,60,568.2611
57.808276,60,568.315388
57.298523,60,568.374185
56.760936,60,568.43091
57.486579,60,568.486058
57.210558,60,568.539879
56.64592,60,568.594164
57.437438,60,568.645424
57.003335,60,569.306628
16.32884,60,569.361527
57.208992,60,569.417884
56.538376,60,569.472865
57.135062,60,569.532212
56.59188,60,569.589589
57.302833,60,569.645893
57.919876,60,569.698237
58.826176,60,569.757263
48.681595,60,569.810652
57.508347,60,569.861454
57.788853,60,569.912812
56.475732,60,569.968197
33.244524,60,570.023608
42.681767,60,570.08792
57.278909,60,570.14502
57.805762,60,570.198668
56.239501,60,570.802721
57.243815,60,570.856183
55.823304,60,570.915545
54.281205,60,570.972304
36.000797,60,571.026727
56.957375,60,571.101322
57.42874,60,571.174753
31.419108,60,571.228155
56.329353,60,571.278042
57.596067,60,571.334738
57.328444,60,571.385663
56.467729,60,571.438237
54.881228,60,571.493088
58.038211,60,571.547592
57.390536,60,571.610382
56.616026,60,571.66611
36.202592,60,571.723546
39.541621,60,571.780997
56.999804,60,572.393687
57.708888,60,572.447341
57.552682,60,572.502729
56.824693,60,572.558119
46.368672,60,572.610935
58.35156,60,572.663293
53.540996,60,572.716119
56.88937,60,572.768004
56.934033,60,572.818006
56.72157,60,572.866794
57.745171,60,572.914031
56.24722,60,572.964712
56.693795,60,573.016023
57.591085,60,573.06722
58.229929,60,573.116115
56.772513,60,573.165921
58.066995,60,573.216298
58.305732,60,573.821531
56.627233,60,573.869781
57.531753,60,573.921186
57.9,60,573.976155
57.791389,60,574.031558
57.44021,60,574.088371
57.15151,60,574.146112
57.166604,60,574.194996
57.608414,60,574.245787
55.753802,60,574.303236
57.256446,60,574.355548
55.529549,60,574.40779
41.388918,60,574.462076
55.748549,60,574.517452
56.267862,60,574.570782
57.463795,60,574.625633
56.723414,60,574.676995
57.928494,60,575.25524
57.516105,60,575.302525
55.819937,60,575.350236
55.754426,60,575.402572
57.916385,60,575.454945
27.024388,60,575.502684
57.210001,60,575.556082
52.185063,60,575.605815
55.283583,60,575.659116
57.957675,60,575.715466
42.427168,60,575.769723
57.504716,60,575.82386
56.243228,60,575.874469
55.500671,60,575.922757
39.911548,60,575.978124
58.062562,60,576.03253
49.599612,60,576.083324
57.384994,60,576.707512
57.786029,60,576.761854
50.833097,60,576.815348
57.738742,60,576.868309
58.505459,60,576.922101
54.131349,60,576.975909
57.154031,60,577.026827
57.542865,60,577.078149
56.608423,60,577.127902
57.259048,60,577.175134
56.901182,60,577.225062
57.75,60,577.276481
50.525765,60,577.328155
56.886928,60,577.38207
57.329184,60,577.432781
58.34897,60,577.482567
56.91035,60,577.528285
57.8,60,578.129522
56.945597,60,578.182715
58.066333,60,578.23402
54.955247,60,578.286849
56.690993,60,578.34165
58.309199,60,578.393517
57.422856,60,578.447865
57.10897,60,578.504164
57.186988,60,578.554566
57.56695,60,578.608404
56.890443,60,578.664263
57.206092,60,578.718072
58.395085,60,578.774522
57.054781,60,578.833379
24.80226,60,578.885653
58.22893,60,578.93796
56.819626,60,578.992273
56.401032,60,579.58843
56.389798,60,579.642268
46.26187,60,579.691598
56.62857,60,579.745008
42.406182,60,579.797925
57.128315,60,579.854425
54.62868,60,579.90665
58.032441,60,579.95835
58.116439,60,580.013036
50.70498,60,580.069236
57.875966,60,580.118873
57.043757,60,580.170715
41.720543,60,580.224083
52.49768,60,580.277432
58.541771,60,580.326735
57.536248,60,580.3781
56.293769,60,580.433946
57.774263,60,581.084601
57.764642,60,581.14143
40.347176,60,581.199266
56.598245,60,581.260621
57.396985,60,581.316555
23.499145,54,581.364433
56.96987,60,581.422807
48.622568,60,581.479178
57.503129,60,581.532038
58.451276,60,581.585192
57.113554,60,581.636849
58.228427,60,581.68715
57.251672,60,581.740016
56.937209,60,581.794411
57.873988,60,581.845204
56.814562,60,581.901022
58.450837,60,581.955246
57.510315,60,582.600117
57.546556,60,582.661463
57.499611,60,582.723962
57.666884,60,582.781801
55.345321,60,582.837254
41.635503,60,582.891087
51.9468,60,582.945372
57.680664,60,583.003231
57.548324,60,583.057639
57.02002,60,583.113637
55.42264,60,583.170441
56.942129,60,583.224303
56.170129,60,583.282111
56.985621,60,583.339011
56.936049,60,583.39687
20.31402,43,583.441171
53.764904,60,583.500465
57.8,60,584.208354
57.606479,60,584.259137
58.160831,60,584.311503
57.431199,60,584.362799
56.535054,60,584.41655
57.606493,60,584.465888
57.903485,60,584.518245
56.845629,60,584.574084
57.932947,60,584.627968
56.945122,60,584.676749
57.664494,60,584.730487
57.405838,60,584.78741
50.672561,60,584.841387
58.492463,60,584.8992
39.486383,60,584.958054
58.600164,60,585.012359
58.282705,60,585.066784
56.16791,60,585.115488
57.027179,60,585.752444
57.560707,60,585.814691
56.832976,60,585.873109
57.130765,60,585.937022
57.082153,60,585.99738
58.18242,60,586.061746
57.02143,60,586.126303
49.566257,60,586.186704
57.637548,60,586.24358
57.628097,60,586.296378
57.778417,60,586.351699
53.194707,60,586.40354
57.31429,60,586.457918
57.280746,60,586.508399
49.426525,60,586.567275
56.550765,60,586.626254
57.710832,60,586.68007
57.840192,60,587.340452
58.699604,60,587.396294
58.482308,60,587.451133
57.84875,60,587.506442
27.788646,60,587.565464
53.696466,60,587.619795
57.213066,60,587.675102
58.030912,60,587.732443
57.770134,60,587.792865
56.613619,60,587.849198
57.707402,60,587.904598
56.74141,60,587.966532
57.402536,60,588.024439
57.644379,60,588.08279
56.583133,60,588.141312
57.236314,60,588.197149
54.964191,60,588.254957
57.527596,60,588.900048
52.549983,60,588.955899
57.53123,60,589.007694
58.421947,60,589.062072
57.628945,60,589.11792
56.683348,60,589.174351
57.564882,60,589.230148
55.518881,60,589.285883
56.767939,60,589.344236
57.443599,60,589.397564
57.419043,60,589.450531
24.365657,60,589.506348
58.118669,60,589.564692
57.215753,60,589.625728
57.146067,60,589.678057
57.535415,60,589.735914
56.859226,60,589.793261
55.910736,60,590.452051
28.616326,60,590.507385
57.502869,60,590.567307
57.893748,60,590.623074
56.748682,60,590.679937
57.705685,60,590.735798
57.681294,60,590.789134
57.591595,60,590.844025
57.604963,60,590.900446
56.744313,60,590.954137
41.583058,60,591.007336
57.292674,60,591.063674
57.181165,60,591.118828
57.109054,60,591.170052
57.559617,60,591.225081
57.377547,60,591.282346
56.947879,60,591.337095
56.662878,60,591.982607
53.651659,60,592.039417
57.081592,60,592.092242
57.927495,60,592.150643
57.625044,60,592.210526
56.216893,60,592.267328
56.894502,60,592.327684
56.904763,60,592.381964
57.448797,60,592.437787
57.603813,60,592.498141
57.425913,60,592.555055
57.154814,60,592.612816
58.078598,60,592.672077
57.011671,60,592.726018
56.270779,60,592.783302
56.87487,60,592.841747
56.91249,60,592.898136
57.090374,60,593.591739
54.23852,60,593.650168
57.62082,60,593.709097
55.499958,60,593.767961
57.718713,60,593.829349
58.184148,60,593.885246
58.41811,60,593.944713
57.971002,60,594.000928
57.55253,60,594.058223
57.514642,60,594.113387
57.084051,60,594.167433
57.619315,60,594.226442
58.785871,60,594.281315
57.680525,60,594.338167
57.838122,60,594.401607
57.275283,60,594.463532
57.717609,60,594.525936
57.237271,60,595.210206
51.942731,60,595.265657
28.067278,60,595.322996
56.528289,60,595.377842
57.703499,60,595.432154
57.287047,60,595.485334
58.006108,60,595.545647
57.830355,60,595.600538
57.532129,60,595.656808
57.024469,60,595.717172
57.106456,60,595.771138
55.972087,60,595.827857
51.811713,60,595.884762
46.364992,60,595.937596
58.257505,60,595.9941
36.684668,60,596.051907
57.487146,60,596.107728
25.022419,60,596.779801
47.279883,60,596.838282
47.379932,60,596.896689
56.647657,60,596.952987
53.718505,60,597.012458
57.211863,60,597.071849
57.323164,60,597.130252
56.334121,60,597.188143
48.840195,60,597.243479
51.682099,60,597.29989
55.379766,60,597.358693
57.440073,60,597.417039
57.685746,60,597.4734
57.414816,60,597.532275
57.077391,60,597.588175
58.354118,60,597.647068
58.7,60,597.705536
57.697736,60,598.369088
56.992246,60,598.428929
58.092214,60,598.487282
44.583671,60,598.541167
57.235673,60,598.598086
57.741223,60,598.658888
56.269675,60,598.711729
57.576385,60,598.768017
57.530187,60,598.82697
56.852571,60,598.882855
57.521514,60,598.94122
54.785773,60,599.001739
58.072991,60,599.056586
57.753979,60,599.11236
57.097988,60,599.170484
54.665412,60,599.227773
56.611899,60,599.30488
47.866541,60,599.986711
56.793403,60,600.044648
56.478038,60,600.100521
57.984537,60,600.157873
57.302021,60,600.21463
56.859618,60,600.272728
53.661345,60,600.327539
54.088165,60,600.381984
53.69065,60,600.437932
57.301362,60,600.495778
58.117278,60,600.552136
57.819631,60,600.605987
57.45265,60,600.666398
57.089868,60,600.722766
52.921629,60,600.780628
57.010791,60,600.8355
53.262731,60,600.897407
53.595464,60,601.607099
57.722387,60,601.666394
57.843585,60,601.722154
57.356413,60,601.777748
57.012668,60,601.833163
57.65747,60,601.885492
54.893433,60,601.941956
56.158805,60,602.000887
56.688126,60,602.056148
57.136639,60,602.115437
56.371244,60,602.174213
54.290969,60,602.229716
56.882595,60,602.291573
57.872398,60,602.352046
56.872907,60,602.410385
57.974205,60,602.463223
35.695068,60,602.514079
57.631716,60,603.172118
57.094419,60,603.226575
57.775687,60,603.283344
18.675168,45,603.32861
57.489124,60,603.385539
56.086105,60,603.444463
58.228431,60,603.498834
57.137669,60,603.554016
56.948319,60,603.612799
23.49917,60,603.668059
41.126208,60,603.723301
57.528189,60,603.780572
36.705356,60,603.836865
54.33486,60,603.897695
57.382967,60,603.95256
58.246524,60,604.004902
57.22833,60,604.06379
57.142679,60,604.117014
