#{"t_start": 1790475124.7720933, "env_id": "None"}
r,l,t
17.253611,60,0.093017
7.993767,36,0.143771
20.053776,60,0.220272
24.563498,60,0.291732
11.728609,60,0.365386
14.093722,58,0.441538
5.675997,39,0.492318
12.490129,60,0.566646
7.431192,37,0.616838
15.117767,60,0.687627
13.19429,60,0.753992
9.201573,49,0.813655
21.942315,60,0.90028
6.817877,54,0.975832
16.790323,60,1.080436
21.913793,60,1.178079
10.315169,49,1.241165
3.648827,33,1.281847
10.240685,39,1.33568
22.116003,60,2.354015
4.431966,30,2.402377
10.962618,44,2.47486
23.186229,60,2.548934
6.326108,34,2.610314
8.636007,49,2.693841
15.997889,60,2.772918
10.716704,53,2.83487
35.430139,60,2.916853
6.405909,36,2.977777
13.786734,60,3.062188
15.8221,50,3.122077
17.166022,60,3.196087
6.391853,36,3.239886
9.350385,43,3.30427
21.798701,60,3.406951
21.890924,60,3.485421
-0.645502,23,3.517125
11.581337,60,3.59108
8.829281,39,3.652017
26.079353,60,3.734974
10.735061,57,4.766969
3.595171,30,4.814713
35.031609,60,4.910137
8.296194,42,4.974602
34.993114,60,5.084187
20.074318,60,5.17016
12.869028,60,5.249163
6.740301,34,5.293421
20.786317,60,5.374989
20.583112,60,5.4696
23.492748,60,5.547567
18.297801,60,5.627649
17.725512,60,5.706006
8.908626,60,5.779888
9.803454,52,5.854917
3.700145,34,5.905368
22.407222,60,5.989383
25.750417,60,6.06235
16.543996,60,6.145902
12.418032,54,7.098155
11.545522,45,7.16255
4.992389,38,7.210394
17.228854,60,7.283237
10.551532,48,7.341562
11.471195,60,7.419042
14.665435,56,7.490044
15.206358,43,7.545939
25.817416,60,7.62788
21.709018,60,7.716876
28.467605,60,7.79388
8.616255,58,7.869334
14.635439,48,7.943701
13.995219,60,8.022648
25.756946,60,8.093468
8.206594,46,8.162272
20.894513,60,8.254587
18.276169,60,8.331086
20.964159,54,8.403669
7.391014,36,9.290339
18.548294,60,9.367213
26.395567,60,9.449262
9.657571,43,9.513041
17.01692,60,9.595981
23.528757,60,9.668365
12.287689,60,9.736887
14.771229,52,9.801081
13.790423,50,9.866153
35.330767,60,9.947154
6.305752,41,9.994028
23.533429,60,10.068452
12.888422,60,10.136948
28.439049,60,10.204409
5.007836,42,10.257221
27.949141,60,10.327318
5.551295,31,10.362498
3.132653,24,10.388102
18.160411,60,10.460981
10.944556,42,10.511217
23.071828,60,11.373243
7.021673,47,11.427545
12.096343,53,11.495952
13.154423,51,11.553326
2.648959,28,11.587116
24.21078,60,11.658393
20.737909,60,11.729972
15.606986,60,11.80951
19.656403,58,11.874928
24.366536,60,11.942297
21.418724,60,12.011187
6.915652,33,12.048428
9.105631,41,12.097222
12.081853,50,12.155758
37.780521,60,12.228519
32.785476,60,12.29673
25.275386,60,12.366471
2.729786,40,12.414597
18.522662,54,12.477749
19.405725,57,13.355263
17.962783,60,13.431228
18.478906,46,13.508746
19.27901,52,13.619079
15.117574,60,13.698048
13.729394,45,13.749907
13.830211,60,13.823402
23.26103,60,13.892224
18.319295,60,13.959096
3.187662,30,13.995823
35.05121,60,14.069196
12.133796,55,14.130924
15.744723,47,14.187619
19.507647,60,14.258916
14.932588,52,14.314038
31.660778,60,14.375837
39.513209,60,14.439723
12.122825,60,14.506198
24.792389,60,14.578107
28.349965,60,15.439767
24.632922,60,15.519258
13.061666,53,15.580103
20.899957,60,15.656578
19.005048,60,15.728925
22.138072,60,15.797822
35.662131,60,15.876719
14.788226,50,15.947788
3.102728,34,15.992132
22.639669,59,16.061092
39.656881,60,16.140032
28.430664,60,16.215997
14.988658,46,16.274866
19.661807,55,16.339763
14.741303,60,16.409632
3.933172,36,16.455413
15.660435,60,16.530873
31.987881,60,16.599287
23.521511,60,17.417749
29.077149,60,17.495218
19.133178,60,17.571212
28.939378,60,17.640183
19.930387,60,17.717622
22.934235,60,17.794933
36.904619,60,17.866836
27.14837,60,17.940896
11.578452,60,18.015869
26.16856,60,18.08732
31.797375,60,18.163834
33.858519,60,18.235843
35.700983,60,18.30974
24.594258,60,18.38334
21.263347,60,18.485853
17.719926,60,18.564797
24.309085,60,18.639168
11.818388,60,19.526032
20.326619,60,19.610996
5.641153,32,19.648769
31.587146,60,19.722663
28.078309,60,19.801714
15.291709,60,19.877238
23.751256,60,19.950158
27.740191,60,20.018641
23.447158,60,20.088089
44.624317,60,20.159458
18.082409,60,20.232399
16.518922,60,20.311786
13.040613,60,20.380089
22.269386,60,20.455839
24.588065,60,20.543612
29.011123,60,20.614529
20.724665,60,20.689924
19.255951,60,20.7699
43.018239,60,21.717637
15.262352,60,21.795249
9.539707,53,21.900954
32.378328,60,22.000137
24.473585,58,22.086164
28.567266,60,22.188792
18.174402,60,22.26772
24.267088,60,22.35569
23.033531,60,22.442575
26.018447,60,22.536397
33.680188,60,22.622611
21.259664,60,22.701512
26.331237,60,22.779994
29.273781,60,22.857545
12.221493,35,22.902844
21.319057,60,22.992362
21.097935,60,23.074909
9.289507,49,23.141252
7.803641,32,24.039927
8.358506,32,24.082671
31.651334,60,24.156639
30.836098,60,24.23904
34.669672,60,24.316366
25.029605,60,24.39127
31.091179,60,24.471591
35.073718,60,24.540972
16.263064,60,24.605825
14.338443,60,24.678358
22.608429,60,24.746337
8.113879,48,24.800118
11.323527,39,24.852893
38.999081,60,24.938008
29.369858,60,25.028466
26.521048,60,25.123561
13.02899,51,25.196917
33.109178,60,25.277319
26.590292,60,26.325312
22.488985,60,26.413102
27.153087,60,26.502735
9.751629,60,26.606097
11.452,39,26.667013
13.922782,51,26.738893
23.769312,60,26.829618
13.39568,60,26.927537
44.512784,60,27.01689
33.213112,60,27.112992
35.335552,60,27.194304
23.330561,60,27.276062
31.670385,60,27.364165
31.430388,60,27.455266
19.404092,60,27.546979
18.253924,60,27.62534
20.172224,60,27.70721
28.636403,60,27.809283
37.498083,60,28.825514
28.720139,60,28.916017
18.106878,60,28.99249
32.505855,60,29.070885
28.394487,60,29.161862
45.86499,60,29.241685
33.782001,60,29.317694
31.744087,60,29.409199
11.07282,60,29.496725
38.166588,60,29.574635
36.145458,60,29.659613
10.582126,58,29.744014
36.394589,60,29.820023
29.034646,60,29.902813
11.265522,54,29.971691
36.099308,60,30.046089
26.019621,60,30.130602
25.191291,60,31.255994
22.589699,59,31.346384
27.901142,60,31.428152
23.378071,60,31.50964
17.149082,59,31.606691
23.091212,60,31.712213
28.552633,60,31.795609
30.459203,60,31.875375
8.77212,60,31.958742
19.116967,52,32.02913
25.601331,60,32.115538
22.95019,60,32.192109
41.954572,60,32.277558
39.681147,60,32.37373
29.533993,60,32.452276
25.949927,60,32.531277
30.524268,60,32.618917
44.507569,60,33.636169
16.319704,60,33.721406
10.04622,60,33.79527
26.697622,60,33.885172
20.161221,60,33.970666
26.864703,60,34.055254
23.631592,60,34.135753
10.853103,60,34.21214
30.243757,60,34.283056
16.241887,57,34.34705
15.510079,60,34.42401
12.916378,48,34.482807
14.180521,60,34.559643
15.891123,60,34.632581
17.817894,55,34.710883
25.32613,60,34.789869
40.607706,60,34.864203
21.354282,60,34.936976
23.553915,60,35.884902
10.68629,39,35.932838
17.323392,60,36.013873
20.514001,60,36.093863
16.847897,60,36.189413
11.902058,40,36.244269
22.759731,58,36.327812
17.818965,60,36.414999
36.443867,60,36.502934
19.455192,60,36.579748
14.363824,43,36.639514
14.38382,60,36.719029
29.728457,60,36.797763
27.148811,60,36.879413
38.032904,60,36.957719
8.088619,33,37.002014
15.804656,60,37.07888
29.338236,60,37.148655
22.464401,60,38.076233
35.644828,60,38.154608
26.062838,60,38.241598
25.559972,60,38.319536
20.749573,60,38.400417
19.787194,60,38.472339
16.400039,60,38.549126
16.542258,43,38.608861
37.455992,60,38.685167
13.504648,41,38.737314
27.752562,60,38.828124
37.7264,60,38.903434
27.285341,60,38.980725
19.945496,60,39.058782
28.604874,60,39.149362
15.692413,57,39.229375
36.578568,60,39.333603
28.810678,60,39.426593
13.384711,54,40.355745
19.706026,60,40.436793
42.573744,60,40.519205
42.210491,60,40.601739
33.221636,60,40.674718
14.206082,60,40.749244
22.19198,60,40.832803
17.724459,55,40.903217
11.120492,60,40.982218
27.861201,60,41.058156
17.86681,60,41.13329
21.505477,59,41.209277
27.946624,60,41.282113
11.506569,38,41.331366
25.344474,60,41.403809
11.183158,49,41.464215
14.123859,60,41.540784
29.86447,60,41.619447
39.521395,60,42.531956
30.854835,60,42.613741
19.230451,60,42.691767
16.19442,60,42.768153
21.742231,60,42.849677
49.850312,60,42.933217
30.245852,60,43.016723
52.494288,60,43.09157
52.12079,60,43.17464
27.999153,60,43.251683
44.037715,60,43.331649
20.877451,60,43.406094
27.970672,60,43.484654
35.25167,60,43.560767
13.525175,60,43.631687
29.925797,60,43.696567
27.591043,60,43.76644
27.07096,60,44.654953
31.473746,60,44.73379
45.158036,60,44.809245
41.884973,60,44.892856
12.261508,60,44.965487
40.316142,60,45.038844
19.95604,60,45.118985
17.626758,47,45.17893
39.34556,60,45.255385
29.002075,60,45.334821
32.304821,60,45.409423
36.040449,60,45.486306
24.211712,60,45.56302
31.69404,60,45.644017
14.049912,60,45.723042
15.497541,57,45.79241
8.7857,60,45.867449
28.292119,60,46.708875
20.819227,60,46.782969
40.532543,60,46.850224
35.525769,60,46.930653
37.072029,60,47.005607
27.798167,60,47.078498
29.866763,60,47.157869
28.145289,57,47.226716
36.238513,60,47.297116
26.462892,60,47.381078
27.504307,60,47.452124
43.4136,60,47.522004
7.068873,48,47.586829
18.49207,47,47.642258
26.508957,60,47.712007
26.648181,60,47.792441
47.287618,60,47.863894
33.66022,60,47.940284
43.136935,60,48.797599
25.129993,60,48.875752
13.809339,50,48.939154
13.603424,42,48.98648
32.931138,60,49.058322
35.598009,60,49.129755
39.446657,60,49.194185
24.419181,53,49.250551
37.144912,60,49.318985
28.922793,60,49.386937
34.966143,60,49.454851
36.316334,60,49.522411
27.613484,60,49.595833
29.590999,60,49.668764
40.312895,60,49.740209
26.245647,60,49.814156
17.870437,60,49.88708
28.440993,60,50.761187
20.395634,60,50.845281
22.994974,60,50.927977
22.655658,60,51.002561
19.208856,60,51.075516
32.179709,60,51.142101
20.058802,60,51.209038
34.137038,60,51.276043
26.129781,60,51.338423
26.00272,60,51.411452
37.999012,60,51.485435
28.880806,60,51.553303
25.726371,55,51.620226
26.929703,60,51.689202
30.550531,60,51.759093
34.621272,60,51.834943
30.004826,60,51.924374
27.280224,60,52.006743
32.705359,60,52.884928
38.019997,60,52.956858
27.942656,60,53.033984
21.619507,60,53.104238
28.367928,60,53.1805
20.130803,60,53.253489
33.424192,60,53.327566
40.296064,60,53.40813
30.846953,60,53.484077
38.507602,60,53.555047
29.385942,60,53.629484
23.814014,60,53.698479
27.023427,60,53.764391
24.124055,60,53.833429
42.407908,60,53.901237
32.337565,60,53.978732
14.425668,60,54.047177
28.189371,60,54.909827
26.43763,60,54.988754
27.570949,60,55.060231
32.692406,60,55.139205
25.552947,60,55.211294
42.040079,60,55.288694
21.084437,60,55.365125
10.786131,44,55.415503
33.890789,60,55.482409
29.637369,60,55.558264
42.666728,60,55.631612
14.812752,60,55.711516
22.491402,59,55.781847
14.861642,60,55.854183
46.855383,60,55.935
15.324945,40,55.986286
28.64162,60,56.058118
32.217124,60,56.897519
17.090284,60,56.973132
25.090302,60,57.043958
12.175574,41,57.089238
16.333905,60,57.166785
13.512118,55,57.232774
44.186273,60,57.304129
35.634937,60,57.379437
38.862601,60,57.452079
40.514099,60,57.524382
36.052456,60,57.597875
19.273416,60,57.669358
22.144063,60,57.747097
40.372414,60,57.827095
30.745544,60,57.905196
21.428049,56,57.976697
14.193395,49,58.038008
18.937047,60,58.11148
25.616479,60,58.994677
17.528813,60,59.06011
17.800457,50,59.120963
36.038978,60,59.205959
22.841456,60,59.276367
27.562283,60,59.34879
38.059325,60,59.419096
33.191408,60,59.490493
41.319432,60,59.562557
20.090702,60,59.635886
18.073933,60,59.711903
20.940623,60,59.79394
27.705887,60,59.869962
35.998209,60,59.953964
35.165113,60,60.04163
31.524659,60,60.123689
31.000767,60,60.200104
36.793159,60,61.140473
41.298036,60,61.218973
51.206572,60,61.298915
34.145891,60,61.367313
20.283168,60,61.437717
42.390231,60,61.502664
28.172079,60,61.577689
22.162555,60,61.6543
26.992408,60,61.726999
15.258438,46,61.789248
29.943825,57,61.864984
33.877175,60,61.95571
24.493798,60,62.032005
37.157426,60,62.101446
13.127768,54,62.175793
7.918649,40,62.223632
40.723151,60,62.299004
37.268235,60,62.396743
38.125681,60,63.395181
24.330819,60,63.475354
51.751283,60,63.551728
30.907499,60,63.639328
28.386501,60,63.72027
18.497296,60,63.800293
30.348485,60,63.88075
13.717829,43,63.944001
37.252022,60,64.016307
43.083541,60,64.093635
29.004995,60,64.176072
20.939558,60,64.254574
33.774166,60,64.330693
29.846071,60,64.418773
18.847367,60,64.498285
29.65987,60,64.574256
28.189994,60,64.658045
19.646573,60,65.715808
33.013231,60,65.799896
31.29808,60,65.877932
44.282197,60,65.96549
21.460042,45,66.028517
42.25118,60,66.107033
49.667489,60,66.189802
33.046485,60,66.269553
27.708345,60,66.353315
34.639929,60,66.433104
38.606413,60,66.504463
28.97044,60,66.58405
31.738599,60,66.661069
22.898685,56,66.728933
32.36504,60,66.804923
48.626756,60,66.882367
33.351785,60,66.958701
27.938842,60,67.037081
34.362158,60,68.001258
28.331492,60,68.074064
44.601072,60,68.156621
39.361908,60,68.230609
41.943443,60,68.316624
51.407274,60,68.405248
18.736096,50,68.471682
28.195432,60,68.550124
31.052247,60,68.624659
12.130507,44,68.68541
32.771867,60,68.766322
23.556454,60,68.849083
31.30614,60,68.927929
31.102199,60,69.017672
33.519244,60,69.097583
51.678731,60,69.180217
50.872535,60,69.258277
43.788427,60,70.162642
9.821349,60,70.233687
43.067339,60,70.309086
28.122373,60,70.382773
46.088711,60,70.462851
36.092484,60,70.548753
32.056435,60,70.62316
18.20027,60,70.698111
24.309105,60,70.77558
21.179173,60,70.84699
46.819775,60,70.934058
36.581735,60,71.021519
29.530449,60,71.095008
32.827091,60,71.173415
34.326931,60,71.25241
28.184113,60,71.332428
15.54077,57,71.408684
32.142297,60,72.313294
38.690764,60,72.388126
44.64876,60,72.461005
36.723877,60,72.541684
39.483967,60,72.615559
49.53261,60,72.691865
29.894384,60,72.763761
31.43467,60,72.837057
32.921976,60,72.913911
25.69001,60,72.982759
11.604,60,73.060719
7.482631,39,73.113357
46.96709,60,73.182237
27.483214,60,73.254242
37.300733,60,73.333211
26.537064,60,73.407725
41.960864,60,73.485735
25.649571,60,73.561694
24.059304,60,74.450506
49.761384,60,74.51751
31.387784,60,74.588956
47.115761,60,74.659677
42.973011,60,74.73259
55.097088,60,74.806007
21.961824,57,74.883528
38.400838,60,74.966477
48.318497,60,75.053348
21.937206,60,75.124094
14.868116,53,75.190918
40.990642,60,75.262733
43.89466,60,75.332567
45.261378,60,75.409208
21.001989,60,75.485827
24.298455,60,75.565194
38.624772,60,75.643734
42.490759,60,76.550245
51.784617,60,76.602596
46.204837,60,76.659978
28.065785,60,76.708721
16.289386,60,76.763091
39.85301,60,76.818952
15.917534,58,76.87893
43.379205,60,76.93883
38.340794,60,76.995162
28.122674,60,77.053488
43.28181,60,77.109755
39.966573,60,77.161898
20.268829,60,77.227723
50.327558,60,77.302669
28.422477,59,77.378635
10.621113,37,77.422485
35.22351,60,77.502986
38.563317,60,77.577448
41.211624,60,78.413198
49.580081,60,78.488698
39.884503,60,78.565252
36.83782,60,78.662838
22.96066,60,78.743881
40.63287,60,78.822817
29.887071,60,78.913363
18.999978,60,78.998395
48.252814,60,79.073447
44.349278,60,79.157498
26.852888,60,79.238105
33.262988,60,79.313162
12.876119,42,79.361965
40.705485,60,79.44314
25.339073,60,79.516578
24.053284,60,79.586992
40.586528,60,79.662015
44.946425,60,80.513851
35.067633,60,80.585258
52.833898,60,80.660638
38.990199,60,80.734123
21.632609,60,80.809504
30.683544,60,80.888472
28.767702,60,80.967411
46.639086,60,81.035137
39.392088,60,81.108959
42.806746,60,81.185013
46.154917,60,81.255961
46.027694,60,81.325397
35.277499,60,81.400835
40.958933,60,81.473837
40.065444,60,81.54876
21.537169,60,81.619955
40.734159,60,81.695302
54.556716,60,82.498673
43.876292,60,82.565894
29.804279,60,82.64182
45.175014,60,82.712883
40.170731,60,82.779257
46.36435,60,82.851645
26.256223,60,82.928594
44.311481,60,82.998685
31.769436,60,83.067503
30.710408,60,83.142926
34.723143,60,83.215272
28.093809,60,83.283583
32.844728,60,83.355657
32.309916,60,83.427069
30.228316,60,83.49396
30.970203,60,83.565507
53.128293,60,83.628862
43.96241,60,84.388254
24.252756,51,84.440574
26.217489,60,84.498367
37.283598,60,84.557184
47.322298,60,84.614414
51.004198,60,84.673736
39.221371,60,84.730283
38.960299,60,84.788965
40.245276,60,84.856835
52.217573,60,84.921809
24.536396,60,84.985636
26.66629,60,85.04842
33.170669,60,85.106316
47.635901,60,85.166126
45.538261,60,85.225486
32.626331,60,85.287404
31.107949,60,85.350793
39.450887,60,86.079846
53.738803,60,86.142657
25.202945,60,86.204387
33.808784,60,86.26563
24.849043,60,86.327217
20.859121,60,86.393221
43.288521,60,86.454559
36.521673,60,86.515463
42.973725,60,86.581793
22.350926,60,86.646617
27.9325,60,86.706986
39.588944,60,86.765431
50.990982,60,86.824798
34.722787,60,86.884125
34.888589,60,86.946429
26.535454,60,87.003763
48.094034,60,87.061462
51.87876,60,87.760304
30.893589,60,87.823239
17.339881,60,87.885607
36.721221,60,87.948924
46.970841,60,88.013901
33.360881,60,88.07376
40.6754,60,88.134567
42.731056,60,88.199609
37.130167,60,88.260875
35.893229,60,88.319554
47.038123,60,88.383887
51.304024,60,88.442799
52.271533,60,88.504696
40.702217,60,88.572715
34.876054,60,88.636027
35.208661,60,88.693889
47.717087,60,88.754742
50.396909,60,89.457265
42.665234,60,89.517649
37.661955,60,89.575003
41.320486,60,89.638318
30.12457,60,89.701217
31.751225,60,89.759908
43.727205,60,89.82014
38.006789,60,89.881497
47.129992,60,89.947895
31.87385,60,90.006714
46.412195,60,90.072479
33.107635,60,90.134758
31.507924,60,90.18958
48.644994,60,90.24835
43.448104,60,90.312609
49.42205,60,90.372909
54.105057,60,90.434742
38.383715,60,90.498646
44.958735,60,91.222648
42.733497,60,91.284044
52.470755,60,91.343843
32.045541,60,91.404277
53.523618,60,91.461987
30.774693,60,91.518347
10.501189,34,91.550527
52.189347,60,91.606794
43.855148,60,91.664169
36.950418,60,91.72559
43.856769,60,91.787396
34.11694,60,91.844744
54.135,60,91.908221
41.73588,60,91.978713
55.753133,60,92.036017
53.397706,60,92.094822
47.968497,60,92.154618
45.73057,60,92.952783
33.11433,60,93.01754
40.061617,60,93.072829
37.09504,60,93.136599
49.72095,60,93.197431
25.075611,60,93.259776
43.643764,60,93.320644
55.589365,60,93.379516
36.935056,60,93.444376
40.40058,60,93.501233
43.578162,60,93.559655
43.446932,60,93.624977
35.539578,60,93.684783
41.364699,60,93.744728
41.466698,60,93.80464
38.085912,60,93.864478
45.485936,60,93.924266
51.390136,60,94.62061
50.623054,60,94.682375
36.42831,60,94.743788
43.464017,60,94.802633
44.916398,60,94.86744
55.990671,60,94.935359
39.28063,60,94.998183
44.765609,60,95.060459
51.588347,60,95.123247
45.602499,60,95.181051
45.153202,60,95.244992
34.717938,60,95.308922
48.380702,60,95.36517
44.766288,60,95.428602
41.808872,60,95.484638
56.201703,60,95.53641
48.891846,60,95.588349
36.505689,60,96.322096
53.349485,60,96.382403
51.481417,60,96.445833
54.482362,60,96.516784
49.310298,60,96.592251
47.92846,60,96.659583
51.958635,60,96.731626
48.340204,60,96.804309
38.529109,60,96.87345
48.464153,60,96.944782
51.708423,60,97.012753
50.667656,60,97.083753
55.323377,60,97.153661
22.741032,60,97.226435
35.824843,60,97.301245
27.279934,60,97.371829
47.277934,60,97.451189
38.882914,60,98.310562
44.031069,60,98.383477
52.038708,60,98.463014
35.176418,60,98.539999
30.271389,60,98.616084
55.128931,60,98.682548
32.774518,60,98.749279
40.163954,60,98.816116
49.726837,60,98.882538
41.165714,60,98.958143
39.174325,60,99.029317
50.071848,60,99.098253
53.794058,60,99.168217
56.175772,60,99.238205
54.257391,60,99.305079
53.246949,60,99.372488
55.690422,60,99.441401
42.445323,60,100.321013
43.419588,60,100.387473
53.293777,60,100.461882
26.196572,60,100.534698
51.154384,60,100.610587
51.897577,60,100.682547
16.713002,60,100.75251
55.605048,60,100.828426
47.529363,60,100.899828
54.709901,60,100.970765
54.650042,60,101.038116
54.323137,60,101.104579
36.377871,60,101.169475
37.573582,60,101.233936
41.927026,60,101.300853
46.3783,60,101.368433
43.247378,60,101.440825
44.999122,60,102.253816
45.186249,60,102.382093
49.59378,60,102.452629
4.020773,26,102.482935
46.733849,60,102.555338
34.408383,60,102.629203
24.309101,60,102.698126
43.33797,60,102.774185
48.135968,60,102.849758
54.039075,60,102.921148
50.545841,60,103.002179
54.809848,60,103.078427
47.151767,60,103.151469
51.825399,60,103.223036
16.710288,60,103.294042
33.989803,60,103.36805
34.492242,60,103.43468
53.982394,60,103.505534
48.710583,60,104.364246
41.076572,60,104.441147
55.054088,60,104.513076
44.803388,60,104.599669
49.855269,60,104.692313
54.879367,60,104.773495
48.040425,60,104.87289
48.843701,60,104.95593
19.721744,60,105.035564
52.925903,60,105.116482
36.888545,60,105.190462
20.889258,60,105.27105
51.05392,60,105.348458
39.458348,60,105.422963
52.703556,60,105.492867
43.231001,60,105.576346
51.278884,60,105.651293
55.278963,60,106.523646
49.819638,60,106.609798
54.871694,60,106.686678
55.421287,60,106.763365
51.64395,60,106.839778
34.926767,60,106.914144
51.750055,60,106.993735
52.532986,60,107.070036
56.278629,60,107.145578
42.205707,60,107.225748
54.81022,60,107.299179
54.954915,60,107.37728
47.464265,60,107.45635
52.912795,60,107.532191
25.086453,59,107.61256
54.451878,60,107.693423
39.759453,60,107.763308
40.587149,60,108.69271
51.583467,60,108.762155
56.081616,60,108.828191
49.61248,60,108.897584
53.255818,60,108.970882
54.498381,60,109.042406
41.816222,60,109.108308
47.67568,60,109.184199
50.706496,60,109.262806
52.303964,60,109.340855
47.983263,60,109.412359
56.674925,60,109.486887
46.715964,60,109.561752
49.962275,60,109.636335
52.505318,60,109.706905
53.496446,60,109.786489
51.85925,60,109.855737
51.225368,60,110.720736
56.920935,60,110.783663
54.512594,60,110.861096
54.88886,60,110.928971
47.382272,60,110.996352
40.933948,60,111.068288
54.626093,60,111.135345
51.482461,60,111.203601
53.181865,60,111.268768
57.258473,60,111.334629
56.961806,60,111.398147
53.844405,60,111.461113
47.322994,60,111.526487
53.11701,60,111.592814
54.837145,60,111.665339
51.541987,60,111.73474
55.414007,60,111.803981
56.093111,60,112.65197
54.390245,60,112.728089
35.553497,60,112.808178
54.202996,60,112.884792
44.359834,60,112.964835
47.54605,60,113.043565
52.639965,60,113.116776
54.831867,60,113.193802
55.277462,60,113.259194
43.894441,60,113.338241
45.238238,60,113.408102
51.025359,60,113.477421
57.172213,60,113.548664
53.306215,60,113.613116
53.903826,60,113.677986
55.308769,60,113.742195
55.365503,60,113.806221
54.839041,60,114.582703
49.344199,60,114.65672
54.796062,60,114.732136
54.610652,60,114.804871
40.227719,60,114.889246
33.620269,60,114.967047
53.561275,60,115.046532
50.958663,60,115.129101
56.52541,60,115.204115
53.459211,60,115.283993
34.413683,60,115.365393
53.31151,60,115.44085
44.966946,60,115.5224
50.684327,60,115.606598
52.829797,60,115.682142
52.66481,60,115.765274
56.483321,60,115.837124
52.611548,60,116.724584
53.279859,60,116.798097
55.688154,60,116.878101
54.451095,60,116.960134
53.033638,60,117.038195
52.150426,60,117.113169
57.600431,60,117.19204
54.197392,60,117.268821
55.518505,60,117.339719
54.724611,60,117.422963
40.998892,60,117.496557
57.109496,60,117.571983
53.475201,60,117.654023
49.010914,60,117.728934
53.430468,60,117.803832
56.231272,60,117.883486
53.923364,60,117.960855
56.729036,60,118.827773
56.17681,60,118.896209
54.770492,60,118.964507
56.07562,60,119.031547
54.417436,60,119.10081
24.019231,49,119.158966
53.565271,60,119.225351
42.539477,60,119.291707
36.382739,60,119.363509
52.243636,60,119.433902
56.454995,60,119.500347
51.890062,60,119.566239
48.091377,60,119.632698
52.205582,60,119.703742
54.610486,60,119.769296
35.881249,60,119.843739
12.342364,54,119.907645
56.091927,60,119.976512
56.326211,60,120.816307
48.342366,60,120.880667
56.67755,60,120.951659
40.671521,60,121.02508
56.682807,60,121.094648
56.307289,60,121.163715
51.118559,60,121.230655
55.560304,60,121.298086
56.700151,60,121.362062
54.558399,60,121.425039
56.450087,60,121.489037
32.441153,60,121.558873
55.931157,60,121.624682
57.113759,60,121.688154
56.607631,60,121.756642
57.495565,60,121.825625
50.658613,60,121.897968
55.738533,60,122.757443
54.356094,60,122.827318
54.677913,60,122.906642
54.556386,60,122.982005
53.3842,60,123.063714
56.203795,60,123.126647
51.801339,60,123.20562
51.488498,60,123.285721
57.376719,60,123.36011
48.732456,60,123.438051
54.298587,60,123.513529
56.551491,60,123.584054
54.18866,60,123.657547
56.548081,60,123.727031
42.572249,60,123.795886
48.914232,60,123.865308
55.136951,60,123.931701
33.668615,60,124.837894
56.713858,60,124.917826
52.858276,60,125.000301
49.054829,60,125.074327
55.270096,60,125.158799
55.470734,60,125.23765
49.371488,60,125.313664
56.881346,60,125.400401
47.859664,60,125.464394
47.90607,60,125.524194
34.916103,60,125.592826
54.510639,60,125.671589
56.99022,60,125.770856
53.095425,60,125.873549
46.885931,60,125.996286
56.624501,60,126.198133
51.861835,60,126.31544
56.61937,60,127.527045
48.8325,60,127.607358
56.233664,60,127.682889
54.697298,60,127.763962
55.336733,60,127.841409
55.94843,60,127.913052
53.933065,60,127.997642
57.033228,60,128.083216
35.287335,60,128.166236
44.526292,60,128.24406
47.309495,60,128.321888
49.102815,60,128.395122
34.6657,60,128.476639
56.40939,60,128.548581
56.072183,60,128.627591
56.387897,60,128.697569
51.7411,60,128.775099
50.277156,60,129.606967
51.552074,60,129.677955
54.421577,60,129.748821
48.70955,60,129.823291
54.240478,60,129.898714
55.057723,60,129.967818
52.533901,60,130.041084
56.669493,60,130.120719
57.94988,60,130.19213
55.361648,60,130.263186
53.415487,60,130.333094
43.424949,60,130.403625
37.558843,60,130.472905
56.699281,60,130.545257
45.735845,60,130.613108
55.602734,60,130.684746
40.260317,60,130.757743
44.495161,60,131.581587
57.258713,60,131.651009
57.818489,60,131.71587
53.276689,60,131.785571
49.090559,60,131.860632
27.672611,60,131.937516
52.361178,60,132.020504
50.39103,60,132.096568
56.815142,60,132.182369
54.22385,60,132.268445
42.652408,60,132.338988
20.347468,60,132.41001
47.450515,60,132.487542
56.752395,60,132.56365
10.559578,60,132.634173
33.293384,60,132.70285
56.501885,60,132.772752
55.224531,60,133.616174
55.959118,60,133.69366
42.401672,60,133.767617
56.944126,60,133.846521
56.765168,60,133.915831
55.086044,60,133.98465
56.504458,60,134.050111
56.599725,60,134.116088
56.692937,60,134.179032
56.832879,60,134.239398
48.07818,60,134.306979
56.257195,60,134.374845
54.651683,60,134.439369
53.487996,60,134.508429
55.268281,60,134.577731
53.514731,60,134.643171
53.345925,60,134.708625
54.025465,60,135.523477
55.605924,60,135.586315
57.219242,60,135.668736
51.698245,60,135.736342
55.046141,60,135.806285
29.847077,60,135.883283
39.34808,60,135.959509
50.586209,60,136.026263
54.926484,60,136.096967
56.254837,60,136.172826
41.056581,60,136.243426
56.229857,60,136.31596
55.156396,60,136.38744
52.982559,60,136.453463
53.336488,60,136.514893
40.361906,60,136.579317
56.431905,60,136.643936
55.108676,60,137.455853
56.36946,60,137.524352
56.214278,60,137.589955
54.473864,60,137.661284
50.00805,60,137.727007
13.993362,46,137.776127
56.259267,60,137.854957
56.778092,60,137.92092
51.009352,60,137.985984
47.61182,60,138.053936
49.680172,60,138.122441
56.806585,60,138.19089
56.11605,60,138.262738
56.540772,60,138.331127
53.03744,60,138.401354
56.144002,60,138.467372
41.774553,60,138.537685
56.493815,60,138.611775
40.792365,60,139.372982
45.049829,60,139.436429
55.395251,60,139.499388
51.227761,60,139.565868
54.174395,60,139.630222
41.996086,60,139.700222
56.902616,60,139.763503
54.458781,60,139.829915
56.661928,60,139.895021
57.231399,60,139.959769
46.238747,60,140.027601
23.99149,44,140.081928
48.743267,60,140.146606
47.093341,60,140.212394
53.231333,60,140.28348
28.159851,52,140.337748
57.017204,60,140.405698
51.397241,60,141.177619
23.180046,60,141.239387
35.316046,60,141.296926
54.372057,60,141.356849
54.910279,60,141.415704
54.257238,60,141.473985
10.700238,41,141.519518
56.799422,60,141.582824
45.353203,60,141.648735
50.135132,60,141.715762
56.537296,60,141.778714
56.82704,60,141.858723
57.285055,60,141.928668
56.450025,60,142.001272
55.410395,60,142.06981
39.735317,60,142.145747
57.059664,60,142.24195
53.595218,60,142.332422
36.270194,60,143.137571
55.959573,60,143.206911
57.115672,60,143.273746
41.569706,60,143.343303
40.697713,60,143.405642
55.830418,60,143.472563
51.789812,60,143.542405
34.700592,60,143.604355
55.933368,60,143.668631
33.752931,57,143.726986
53.547338,60,143.783387
56.46691,60,143.840208
27.255051,60,143.901425
51.533487,60,143.962659
53.833782,60,144.026513
56.429309,60,144.09338
56.324691,60,144.157315
57.85601,60,144.890194
57.19798,60,144.956663
56.695207,60,145.016996
44.104466,60,145.082378
55.971049,60,145.152336
56.725643,60,145.215634
55.914262,60,145.28257
55.966636,60,145.351522
52.637611,60,145.420507
55.464745,60,145.490911
17.42112,60,145.563402
56.214183,60,145.631893
57.715751,60,145.700563
52.152566,60,145.768909
56.738177,60,145.842965
55.989111,60,145.924548
55.867887,60,145.994483
12.443612,35,146.759698
55.663143,60,146.829703
55.981587,60,146.897114
54.76466,60,146.968046
57.437257,60,147.035892
22.854914,60,147.112347
56.130994,60,147.185269
34.056767,60,147.260723
57.498782,60,147.337181
56.613488,60,147.40904
56.57477,60,147.486475
57.597353,60,147.558372
56.017397,60,147.634727
56.913573,60,147.71576
36.621745,60,147.789572
55.821228,60,147.865383
55.545658,60,147.943215
56.140024,60,148.815032
51.274669,60,148.88074
57.406285,60,148.953815
57.565431,60,149.031239
56.251373,60,149.101083
55.501352,60,149.175659
58.042231,60,149.248681
55.129132,60,149.318492
56.90828,60,149.389422
36.277131,60,149.456279
52.88009,60,149.527117
55.658134,60,149.596019
55.291041,60,149.66398
56.554122,60,149.740623
57.139031,60,149.813104
55.429035,60,149.894672
56.679898,60,149.985869
56.107897,60,150.915517
56.390924,60,151.002995
57.429589,60,151.078321
52.877371,60,151.156255
45.196714,60,151.227374
19.794617,43,151.276627
55.564649,60,151.342894
57.245378,60,151.407091
28.70264,60,151.475895
56.344441,60,151.546873
56.682925,60,151.622323
56.145539,60,151.693212
57.512411,60,151.763613
47.460034,60,151.836526
55.292396,60,151.908075
54.907371,60,151.982665
55.365905,60,152.066736
55.71072,60,152.180086
56.232961,60,153.094808
56.434788,60,153.168166
54.103001,60,153.250133
51.171126,60,153.322836
53.166494,60,153.399888
56.388644,60,153.472824
57.223002,60,153.548294
56.749277,60,153.624776
31.431026,60,153.70179
55.530516,60,153.778904
55.438869,60,153.854774
53.011556,60,153.922078
56.925778,60,153.992535
55.983863,60,154.057818
56.986634,60,154.134236
56.739714,60,154.21226
56.59054,60,154.287178
53.666571,60,155.16725
54.958017,60,155.234224
42.852419,60,155.306797
56.025574,60,155.376764
56.458801,60,155.443688
56.817073,60,155.518458
55.210395,60,155.592513
51.624523,60,155.662246
57.612346,60,155.742162
58.030513,60,155.823141
57.742194,60,155.911301
56.903778,60,155.999849
56.201771,60,156.071222
55.889983,60,156.147415
41.597077,60,156.215892
57.256904,60,156.289982
45.492934,60,156.362994
55.681906,60,157.172703
56.164,60,157.241692
56.887678,60,157.308995
57.28625,60,157.383899
57.663854,60,157.456943
58.462699,60,157.527012
48.148526,60,157.594352
44.246538,60,157.664822
56.866213,60,157.742831
56.526954,60,157.826274
55.817489,60,157.919828
54.890675,60,158.036147
56.837253,60,158.115665
24.808288,60,158.195535
55.181913,60,158.263053
56.856044,60,158.333417
32.228067,60,158.404802
56.400272,60,159.223661
57.114563,60,159.307021
50.324178,60,159.385578
57.53819,60,159.480651
56.555669,60,159.557172
56.507862,60,159.665364
53.792299,60,159.747009
55.416911,60,159.814314
56.508418,60,159.890617
57.623524,60,159.964863
55.792967,60,160.040294
55.897976,60,160.117888
58.295425,60,160.186827
57.024349,60,160.256172
42.320865,60,160.332189
56.942528,60,160.396999
35.576112,60,160.462561
56.095117,60,161.296413
53.843856,60,161.362299
57.126214,60,161.427065
51.48308,60,161.491422
56.775556,60,161.552454
53.565907,60,161.61601
57.481256,60,161.678346
57.337271,60,161.741173
56.630887,60,161.807017
33.202664,60,161.878094
56.958294,60,161.941921
56.869419,60,162.012331
58.531323,60,162.076741
56.129679,60,162.144376
57.178427,60,162.208365
56.069744,60,162.272222
27.114284,60,162.337581
57.565248,60,163.161333
57.85607,60,163.225254
53.021018,60,163.29233
56.452338,60,163.363177
56.178605,60,163.432348
56.208292,60,163.501336
53.317574,60,163.562028
57.337159,60,163.636303
55.891881,60,163.705641
56.203721,60,163.76808
56.281157,60,163.831938
45.044496,60,163.891809
55.679818,60,163.955942
55.648422,60,164.018853
56.412421,60,164.076729
57.56822,60,164.137001
55.718683,60,164.204422
48.465687,60,164.973017
50.630355,60,165.035735
57.664086,60,165.103645
55.738132,60,165.172991
57.01317,60,165.236792
57.696484,60,165.303735
56.333688,60,165.374906
49.481181,60,165.44136
34.871846,60,165.507213
55.638205,60,165.577825
56.348,60,165.645176
55.798546,60,165.714528
56.093122,60,165.781823
55.830493,60,165.856604
55.711692,60,165.923854
56.633861,60,165.991088
56.314052,60,166.055761
56.358507,60,166.846224
54.632294,60,166.909515
55.868815,60,166.973743
27.297694,60,167.034442
58.058294,60,167.096453
56.285731,60,167.180767
56.572353,60,167.244069
56.920277,60,167.307957
57.49933,60,167.375813
57.178455,60,167.43875
56.637185,60,167.501608
57.137544,60,167.568399
15.484214,44,167.615295
53.16286,60,167.678171
57.260967,60,167.74259
55.818749,60,167.8049
56.618564,60,167.865183
56.526163,60,168.640683
31.202169,60,168.708458
55.871028,60,168.769761
58.802769,60,168.832084
56.208602,60,168.892015
33.917701,60,168.953785
53.343488,60,169.018764
56.959937,60,169.084226
56.421777,60,169.150845
56.778486,60,169.219147
50.060232,60,169.282804
56.030626,60,169.347946
57.273932,60,169.410089
55.935199,60,169.474787
57.543659,60,169.543682
56.452468,60,169.605673
57.107612,60,169.667936
57.392874,60,170.453362
51.153258,60,170.523858
57.524501,60,170.586721
46.02861,60,170.659934
54.957923,60,170.72236
53.525885,60,170.784234
56.294382,60,170.861182
57.464494,60,170.926516
48.590798,60,170.989317
57.554838,60,171.055199
57.986179,60,171.117065
56.342259,60,171.180413
55.404782,60,171.245239
56.935027,60,171.308144
42.112242,60,171.370137
56.164796,60,171.442094
56.582113,60,171.510497
57.431123,60,171.573886
56.839897,60,172.382665
56.879478,60,172.451802
49.061559,60,172.516742
57.385229,60,172.585749
41.636476,60,172.650018
56.112592,60,172.716369
56.054536,60,172.787955
56.304949,60,172.854747
56.27348,60,172.922133
56.029789,60,172.990983
56.523599,60,173.067901
53.431311,60,173.132656
56.481598,60,173.198889
56.678419,60,173.268737
57.433354,60,173.336894
56.829452,60,173.40331
39.963494,60,173.477727
56.18799,60,174.335286
14.079034,43,174.383127
57.198835,60,174.456617
57.23804,60,174.526621
54.254374,60,174.597954
56.856871,60,174.673651
57.367168,60,174.747494
56.639989,60,174.820001
56.448466,60,174.904225
57.311779,60,174.978419
56.806363,60,175.054311
51.654269,60,175.135664
56.243834,60,175.216683
42.248245,60,175.289871
54.427831,60,175.370379
54.197074,60,175.445816
57.005014,60,175.51777
53.53734,60,176.468735
56.079166,60,176.551449
58.52135,60,176.625237
56.470797,60,176.708601
56.783815,60,176.782051
57.578378,60,176.856522
57.033619,60,176.93498
46.077932,60,177.015503
56.278525,60,177.101037
56.886309,60,177.177764
56.567472,60,177.258709
55.823183,60,177.333038
57.162452,60,177.40313
57.080914,60,177.488904
57.439089,60,177.562367
57.772475,60,177.636764
56.109207,60,177.720332
47.612364,60,178.624623
54.974196,60,178.696141
50.624616,60,178.763014
54.458252,60,178.827949
56.431894,60,178.900919
57.410209,60,178.980505
55.905851,60,179.067538
31.4382,60,179.146558
56.740045,60,179.225077
49.720904,60,179.303478
49.714314,60,179.379532
56.080037,60,179.451918
57.395029,60,179.52026
45.007248,60,179.594846
57.14252,60,179.666623
56.806425,60,179.741698
55.335239,60,179.881091
55.998568,60,180.833701
56.059201,60,180.913972
56.756537,60,180.999459
57.045178,60,181.075172
55.855745,60,181.164097
56.299763,60,181.250283
58.043304,60,181.332325
57.168085,60,181.417503
57.665107,60,181.494628
57.743375,60,181.566557
56.32106,60,181.646676
54.486944,60,181.724106
55.876968,60,181.804524
56.719309,60,181.886525
57.076652,60,181.97349
58.152157,60,182.051316
35.428502,60,182.129928
56.657404,60,183.097911
56.942728,60,183.174729
56.657775,60,183.264281
47.439563,60,183.341542
57.973732,60,183.423503
55.292099,60,183.506649
56.534622,60,183.591947
57.585255,60,183.676495
58.381733,60,183.750512
56.836072,60,183.832377
57.279862,60,183.90952
57.017337,60,183.991957
57.718053,60,184.072448
49.18978,60,184.142431
54.758008,60,184.211914
56.214626,60,184.284196
56.284803,60,184.361527
57.985923,60,185.260049
55.609314,60,185.336495
54.068544,60,185.410488
57.525326,60,185.485949
57.035989,60,185.563452
54.444365,60,185.642555
55.087288,60,185.727614
56.254124,60,185.804652
56.063185,60,185.889194
57.596954,60,185.970935
56.309429,60,186.054881
55.983746,60,186.133928
20.212152,60,186.207455
25.495226,51,186.277418
20.003323,46,186.339373
25.792229,60,186.420624
57.55766,60,186.496043
57.415302,60,186.572718
54.736629,60,187.499977
57.146575,60,187.580002
57.202349,60,187.665542
57.729677,60,187.742408
57.910411,60,187.822441
57.708887,60,187.902197
56.364862,60,187.978327
57.7683,60,188.057828
56.801026,60,188.131269
21.17473,47,188.188688
56.905418,60,188.26162
56.730128,60,188.344914
55.389725,60,188.421923
40.692239,60,188.498505
56.632249,60,188.577167
57.785906,60,188.666316
57.02413,60,188.740303
57.804392,60,189.665159
55.029658,60,189.740593
50.836368,60,189.815457
57.685844,60,189.898407
58.269632,60,189.986023
48.856802,60,190.057497
57.401927,60,190.139614
57.459377,60,190.22215
57.505023,60,190.299232
48.184982,60,190.387869
40.178207,60,190.477685
57.499302,60,190.551896
57.106896,60,190.641271
57.071152,60,190.730718
57.953042,60,190.824747
56.622381,60,190.927356
56.126691,60,191.021923
37.273388,60,191.93879
56.438954,60,192.013795
57.517413,60,192.080381
58.169919,60,192.151369
55.310241,60,192.227376
56.060722,60,192.297797
56.671201,60,192.376257
57.979223,60,192.464253
56.753341,60,192.556232
57.639916,60,192.633713
55.383626,60,192.702188
57.239977,60,192.782024
42.945424,60,192.859387
57.065971,60,192.930739
57.124568,60,193.015636
49.671974,60,193.090883
52.221365,60,193.168269
57.294285,60,194.130592
50.582275,60,194.208387
57.78134,60,194.285275
57.480567,60,194.357753
57.284691,60,194.429775
56.169365,60,194.500738
55.323863,60,194.589744
57.300548,60,194.672957
55.78736,60,194.757331
29.488885,59,194.833424
52.57398,60,194.913372
55.874265,60,194.993028
57.552579,60,195.065056
44.047156,60,195.141107
26.542508,48,195.198487
50.992618,60,195.282246
57.726135,60,195.361045
56.534196,60,196.316362
55.40377,60,196.408258
56.911423,60,196.492059
57.919291,60,196.567573
53.733807,60,196.651086
56.827734,60,196.735088
56.066046,60,196.811529
56.308196,60,196.894349
54.029779,60,196.968887
56.549205,60,197.03776
57.735097,60,197.108616
56.579439,60,197.1972
35.908141,60,197.277203
56.953398,60,197.365734
58.091751,60,197.455861
25.002781,60,197.534728
58.27774,60,197.61167
56.760777,60,198.644936
41.97916,60,198.736059
57.191847,60,198.8235
56.888792,60,198.908029
56.742768,60,198.996572
56.985154,60,199.078995
34.222645,60,199.167691
56.689881,60,199.244119
38.759595,60,199.323659
57.024009,60,199.402074
57.749184,60,199.481029
56.973919,60,199.554993
58.241375,60,199.633043
57.447643,60,199.704464
57.752454,60,199.77903
50.728524,60,199.858061
58.085913,60,199.937659
55.036577,60,200.873665
50.217358,60,200.965811
43.806692,60,201.047275
44.234775,60,201.131438
56.161389,60,201.212919
56.64047,60,201.29497
57.671388,60,201.387159
54.692877,60,201.484646
55.158106,60,201.56762
55.581096,60,201.656471
57.620603,60,201.745053
57.305975,60,201.828358
47.726765,60,201.916423
56.964965,60,202.002347
57.853449,60,202.087506
56.588049,60,202.167209
57.230588,60,202.246469
29.390005,60,202.327964
49.443828,60,203.244678
48.990129,60,203.324125
57.772764,60,203.406406
53.847557,60,203.492503
57.816731,60,203.572994
57.966458,60,203.668524
51.974676,60,203.746559
56.552133,60,203.82199
58.091036,60,203.907227
57.094364,60,203.991318
57.93116,60,204.067824
57.368937,60,204.149793
57.177203,60,204.228656
56.20098,60,204.311953
56.271154,60,204.39738
50.99161,60,204.476748
56.483258,60,204.575912
57.622118,60,205.567827
6.21258,38,205.619075
56.53869,60,205.700347
55.97566,60,205.781314
56.898592,60,205.871311
55.324174,60,205.946054
56.65349,60,206.039673
56.798783,60,206.12217
57.756162,60,206.207176
56.055946,60,206.301045
58.235623,60,206.386298
56.431983,60,206.469904
57.591735,60,206.565062
57.481449,60,206.649606
57.517094,60,206.742281
42.936488,60,206.840525
56.842077,60,206.925746
57.469213,60,207.959622
57.164378,60,208.037538
56.603863,60,208.125677
56.480274,60,208.207951
57.007581,60,208.295426
55.942182,60,208.395008
55.548019,60,208.479037
57.429961,60,208.558898
57.337085,60,208.64491
57.163947,60,208.731889
56.730738,60,208.817375
57.564562,60,208.905523
42.602473,60,208.995602
43.84004,60,209.082362
56.98774,60,209.160736
57.568093,60,209.255883
57.038104,60,209.335719
56.09101,60,210.356344
42.528528,60,210.438446
54.681736,60,210.510402
56.333976,60,210.588902
57.185213,60,210.663887
46.47981,60,210.741892
55.404608,60,210.829436
56.594655,60,210.923018
51.185471,60,211.005887
57.043016,60,211.100413
57.900195,60,211.189404
56.091169,60,211.282406
58.134183,60,211.359907
19.231775,60,211.450769
48.519888,60,211.535468
58.549174,60,211.629893
57.452306,60,211.717294
56.47115,60,212.97226
57.43703,60,213.062309
58.33364,60,213.168324
56.683122,60,213.255805
57.720471,60,213.349365
57.120669,60,213.432268
57.814895,60,213.527717
57.244656,60,213.607106
55.621319,60,213.689444
57.192431,60,213.766986
51.091496,60,213.864402
57.725376,60,213.943875
57.515052,60,214.03287
55.727052,60,214.115958
57.54509,60,214.210515
58.097546,60,214.29099
45.783566,60,214.368437
56.371258,60,215.31222
54.954361,60,215.382562
57.113247,60,215.468902
57.364809,60,215.544425
58.018429,60,215.622858
56.983704,60,215.702855
56.484809,60,215.78675
57.034105,60,215.879709
56.021745,60,215.961199
56.868491,60,216.052293
57.375617,60,216.133878
57.159171,60,216.203339
58.082065,60,216.283365
56.745547,60,216.36439
57.26419,60,216.442843
55.296449,60,216.525947
57.97487,60,216.607845
57.058469,60,217.600045
57.510806,60,217.689211
56.855105,60,217.763147
56.640551,60,217.851329
41.74805,60,217.927441
57.4138,60,218.002318
58.160853,60,218.077973
57.603216,60,218.156985
56.89508,60,218.236943
56.984482,60,218.314786
57.780494,60,218.395159
56.942495,60,218.47117
56.825714,60,218.553708
57.156549,60,218.633828
57.757157,60,218.701807
58.327177,60,218.772823
56.401328,60,218.843557
57.538528,60,219.855538
57.82063,60,219.948242
57.388478,60,220.039353
58.00123,60,220.121293
51.068932,60,220.206803
47.376167,60,220.287917
23.922189,60,220.370383
32.786966,60,220.455896
57.701073,60,220.533756
52.052352,60,220.62133
42.863493,60,220.703964
57.199444,60,220.781624
57.825892,60,220.867164
57.087705,60,220.949681
55.371638,60,221.030353
49.211707,60,221.11738
48.604703,60,221.195531
57.125233,60,222.077182
56.607563,60,222.154421
55.318947,60,222.236875
56.840642,60,222.309875
56.456388,60,222.388279
56.417846,60,222.46134
55.125186,60,222.542341
57.305918,60,222.613228
57.034815,60,222.685616
47.129055,60,222.7677
57.628187,60,222.838967
50.861617,60,222.908397
57.900707,60,222.988409
56.866019,60,223.065459
52.741129,60,223.145836
56.223103,60,223.222317
56.486533,60,223.295182
52.862653,60,223.372652
56.593709,60,224.24928
57.768331,60,224.317668
56.800762,60,224.386999
53.33224,60,224.457888
57.392015,60,224.540304
57.914172,60,224.608104
55.22616,60,224.681604
23.836818,60,224.75962
56.953836,60,224.835095
56.227584,60,224.905559
57.103569,60,224.975984
57.235603,60,225.055583
57.808992,60,225.135916
57.520567,60,225.221971
57.297656,60,225.300498
57.103598,60,225.371941
57.841676,60,225.446037
57.845962,60,226.382208
58.224333,60,226.461401
58.043516,60,226.536819
57.921294,60,226.615711
57.259382,60,226.697724
57.446797,60,226.766584
53.172061,60,226.834962
56.258493,60,226.907367
56.774097,60,226.980873
57.376527,60,227.06656
57.72902,60,227.144571
57.130831,60,227.21597
51.20313,60,227.295401
57.40852,60,227.373453
57.209087,60,227.44533
57.132335,60,227.512881
57.85232,60,227.584885
54.567189,60,228.570375
56.894256,60,228.646647
56.736216,60,228.73248
57.432656,60,228.809034
57.644925,60,228.895608
55.376156,60,228.979774
57.472946,60,229.064261
57.522962,60,229.147818
52.614322,60,229.226824
57.115431,60,229.30528
56.974969,60,229.381234
57.0467,60,229.454753
56.696143,60,229.530332
56.320268,60,229.608647
44.38476,60,229.697578
54.957085,60,229.7779
57.2,60,229.859024
57.403739,60,230.765863
36.80069,60,230.844448
58.091374,60,230.922548
57.459235,60,230.996542
57.377142,60,231.076617
56.532312,60,231.152816
57.694385,60,231.221739
56.868658,60,231.300931
47.146269,60,231.38096
57.158934,60,231.457925
36.487572,60,231.529911
56.119223,60,231.605414
51.114405,60,231.689866
57.052338,60,231.764886
21.29633,60,231.837693
57.330977,60,231.907189
57.843449,60,231.981985
57.549655,60,232.862101
56.356958,60,232.943326
54.841878,60,233.015312
57.795457,60,233.091315
56.352379,60,233.168009
48.410261,60,233.242383
57.95235,60,233.322161
58.170813,60,233.399614
57.840882,60,233.476541
56.920109,60,233.554066
56.227685,60,233.635055
57.02352,60,233.718022
58.07204,60,233.796485
54.665236,60,233.880036
55.087885,60,233.969529
53.684302,60,234.048353
44.104001,60,234.132653
56.764203,60,235.103315
57.59098,60,235.17893
55.194088,60,235.260758
49.39921,60,235.339096
55.45538,60,235.418442
36.243434,60,235.503449
55.044194,60,235.577882
56.29525,60,235.657313
57.101035,60,235.745426
55.556962,60,235.825449
57.384572,60,235.907328
30.466836,57,235.982106
58.162202,60,236.064278
56.690149,60,236.143734
58.187661,60,236.224866
57.349135,60,236.295117
57.447778,60,236.363399
58.271661,60,237.237885
56.67195,60,237.321439
56.90271,60,237.398134
56.967212,60,237.478683
58.367631,60,237.557685
57.454552,60,237.630558
56.7669,60,237.714658
57.180607,60,237.79573
53.576328,60,237.874262
57.020203,60,237.953249
52.980106,60,238.039804
57.961265,60,238.141006
47.868812,60,238.291503
57.240382,60,238.379269
57.846328,60,238.463851
57.158413,60,238.534935
52.882488,60,238.62271
55.800635,60,239.57866
57.965074,60,239.66515
57.426126,60,239.736631
56.86701,60,239.806922
55.635298,60,239.874277
57.180864,60,239.944625
56.467374,60,240.017271
58.243,60,240.088233
57.154895,60,240.162288
54.111438,60,240.23473
55.265215,60,240.308656
25.708553,52,240.379274
57.427035,60,240.45244
56.705022,60,240.527449
56.803761,60,240.582296
37.539696,60,240.634675
57.014569,60,240.693154
57.269945,60,241.463382
57.660796,60,241.540029
56.680156,60,241.609982
58.465108,60,241.682302
57.203287,60,241.757138
57.651759,60,241.831009
57.774369,60,241.900721
58.052817,60,241.971037
55.89626,60,242.050504
57.165735,60,242.125398
45.98062,60,242.195338
42.865302,60,242.270783
57.738233,60,242.339283
55.408413,60,242.408634
57.514916,60,242.478472
57.456516,60,242.545365
16.432051,60,242.620062
57.160818,60,243.40947
57.398997,60,243.494423
54.536913,60,243.568261
57.52562,60,243.640507
58.445271,60,243.718913
57.938914,60,243.79982
56.05561,60,243.881951
57.310603,60,243.965014
57.377169,60,244.049138
43.719165,60,244.141783
35.611019,60,244.221777
57.128925,60,244.315613
56.638973,60,244.395795
57.82739,60,244.478395
11.903707,39,244.532698
56.531779,60,244.614114
51.055704,60,244.72759
57.450618,60,244.811481
57.137086,60,245.781857
57.422538,60,245.853775
56.795061,60,245.928754
57.116089,60,246.00621
52.858241,60,246.073107
57.27252,60,246.148675
55.521238,60,246.219648
58.004442,60,246.288543
56.979009,60,246.354243
57.288641,60,246.422095
57.122313,60,246.486798
55.838564,60,246.567473
57.347367,60,246.650109
58.352042,60,246.72456
42.509895,60,246.803567
58.203103,60,246.880542
57.607056,60,246.968612
57.734164,60,247.863976
54.067114,60,247.940868
54.333262,60,248.012214
56.779555,60,248.08524
56.698273,60,248.154764
54.735881,60,248.227154
56.927601,60,248.297593
56.025768,60,248.367131
57.226362,60,248.444138
56.403711,60,248.519562
58.177925,60,248.586447
56.172546,60,248.668459
55.933129,60,248.756314
57.615724,60,248.847159
58.032533,60,248.907543
58.053671,60,248.975548
56.670837,60,249.046863
56.928259,60,249.950911
54.266608,60,250.01888
56.835136,60,250.086848
57.225506,60,250.154754
56.802067,60,250.226192
57.934739,60,250.297659
57.64035,60,250.374739
57.437506,60,250.443587
47.770411,60,250.51501
57.176477,60,250.586432
55.736079,60,250.655154
56.564332,60,250.723688
57.220615,60,250.793082
57.89226,60,250.869579
57.770906,60,250.936274
56.257079,60,251.002471
57.964619,60,251.083693
44.551847,60,251.957055
57.847282,60,252.037169
36.465133,60,252.114142
56.799117,60,252.183828
57.911516,60,252.259854
56.17867,60,252.327864
35.44934,60,252.393857
58.135869,60,252.463438
57.334288,60,252.530828
43.410165,60,252.604459
49.66488,60,252.677444
54.198502,60,252.752921
57.696402,60,252.829903
54.141301,60,252.899797
57.308534,60,252.97162
56.210847,60,253.039182
48.557142,60,253.112192
57.914022,60,253.994975
55.977321,60,254.066087
54.834666,60,254.149619
31.431214,60,254.213079
56.530283,60,254.283649
57.740149,60,254.355137
49.628539,60,254.427562
55.457492,60,254.502596
51.959714,60,254.572558
57.771137,60,254.629437
56.997558,60,254.698946
54.60286,60,254.778537
57.92256,60,254.87427
58.108196,60,254.938668
57.493513,60,255.014974
44.229087,60,255.099672
57.072916,60,255.178722
42.922598,60,256.15347
56.465132,60,256.230421
57.172095,60,256.319973
56.920403,60,256.397531
57.51322,60,256.478495
57.360249,60,256.560823
57.314222,60,256.642602
55.818251,60,256.732082
56.724124,60,256.816869
58.131148,60,256.907898
56.835002,60,256.984928
57.538501,60,257.069962
52.293082,60,257.162941
56.743208,60,257.244406
43.868158,60,257.324328
51.778754,60,257.409359
56.789624,60,257.491861
37.658171,60,258.457761
56.67128,60,258.534573
57.465955,60,258.60995
57.072166,60,258.701355
56.35723,60,258.779237
56.383235,60,258.860575
57.783654,60,258.944967
58.84835,60,259.025345
52.934691,60,259.123796
56.625684,60,259.207305
57.212281,60,259.289307
25.718756,60,259.371253
53.226187,60,259.45282
57.519108,60,259.540895
30.462108,60,259.616812
57.529947,60,259.7022
56.703548,60,259.787876
57.069836,60,260.780618
56.68581,60,260.859602
57.495945,60,260.94061
57.476157,60,261.034617
57.21838,60,261.116633
57.152501,60,261.202609
56.809778,60,261.299781
56.941788,60,261.389786
56.939656,60,261.47495
56.023205,60,261.563462
55.012845,60,261.651497
56.370087,60,261.745021
57.104894,60,261.832571
57.901087,60,261.921249
57.522911,60,262.00688
57.047442,60,262.097142
57.164297,60,262.18609
56.568212,60,263.1579
50.827773,60,263.237958
57.404448,60,263.322491
49.360399,60,263.404036
20.920609,60,263.484376
12.191421,32,263.528005
56.746601,60,263.615376
57.375972,60,263.701786
58.027086,60,263.783336
58.205635,60,263.875061
57.255101,60,263.957127
57.763436,60,264.036041
56.932904,60,264.12064
55.389311,60,264.198112
9.247548,55,264.272141
54.438517,60,264.357091
57.975827,60,264.431935
47.805273,60,264.514878
57.140857,60,265.483991
56.68551,60,265.56188
52.747473,60,265.645013
57.345711,60,265.733577
57.438443,60,265.80795
57.029489,60,265.881024
57.201403,60,265.960565
56.995968,60,266.043593
54.056947,60,266.120504
58.233327,60,266.200541
56.886397,60,266.28145
58.051713,60,266.362875
57.278893,60,266.448007
57.672628,60,266.528925
32.438038,60,266.603214
58.465769,60,266.6952
51.707441,60,266.769589
58.070019,60,267.719404
57.898399,60,267.791247
57.142015,60,267.860018
57.375541,60,267.932876
54.517657,60,268.018387
56.984671,60,268.101418
56.6984,60,268.186043
41.068672,60,268.269581
57.572687,60,268.347084
58.15971,60,268.426544
58.249095,60,268.49648
46.370643,60,268.586969
56.651806,60,268.672489
57.332091,60,268.763047
58.60754,60,268.84503
57.490007,60,268.928421
57.85,60,269.019387
56.276188,60,269.992985
57.563098,60,270.082888
56.880186,60,270.161928
58.588885,60,270.235784
56.829723,60,270.314816
57.359418,60,270.391342
56.319385,60,270.467891
25.636046,60,270.541872
44.965007,60,270.622296
57.862959,60,270.700693
58.470017,60,270.777571
25.880007,60,270.865943
54.274775,60,270.944823
38.989978,60,271.028387
56.568691,60,271.105836
57.525735,60,271.188332
57.960298,60,271.268208
58.421258,60,272.334636
56.930821,60,272.414161
57.353313,60,272.494616
56.631026,60,272.570082
57.220618,60,272.652993
35.356401,60,272.73837
57.874185,60,272.82093
54.848138,60,272.892323
57.274836,60,272.979398
57.178946,60,273.055893
58.304993,60,273.134512
57.958755,60,273.207439
57.88942,60,273.281259
55.623837,60,273.351209
57.758652,60,273.42621
57.046041,60,273.498184
56.359051,60,273.576066
59.078386,60,274.593612
57.631607,60,274.682134
58.967737,60,274.764763
47.071175,60,274.848759
56.277213,60,274.923104
58.02201,60,275.000002
57.647394,60,275.081439
50.592132,60,275.154285
57.794528,60,275.23278
56.715427,60,275.306607
56.520085,60,275.384665
25.984608,60,275.459637
57.192228,60,275.536674
57.002053,60,275.619177
57.882072,60,275.691443
57.326077,60,275.769291
56.646569,60,275.841094
56.603893,60,276.819479
57.207684,60,276.905885
52.563216,60,276.982271
41.622077,60,277.075904
56.460189,60,277.153232
55.348146,60,277.234137
44.458834,60,277.311547
58.815653,60,277.389572
57.477341,60,277.468415
22.992829,60,277.547293
57.466616,60,277.62782
57.028305,60,277.71236
50.719987,60,277.785883
53.618982,60,277.864891
57.133425,60,277.949996
57.060366,60,278.037959
57.107839,60,278.111209
57.198315,60,279.114928
52.726121,60,279.191348
57.554933,60,279.270213
57.687767,60,279.347865
37.600552,60,279.424287
56.978733,60,279.500782
57.980067,60,279.587826
57.900331,60,279.660218
37.731323,60,279.737752
55.784646,60,279.822848
57.607483,60,279.897754
56.289841,60,279.988267
57.783454,60,280.077847
57.819093,60,280.164345
57.229448,60,280.248731
57.219654,60,280.324019
57.511793,60,280.40036
57.238051,60,281.377376
56.920889,60,281.461272
58.469898,60,281.547129
58.037698,60,281.631009
57.566792,60,281.710976
58.08593,60,281.787507
57.727272,60,281.863334
57.358936,60,281.945714
56.521707,60,282.033162
58.385686,60,282.11364
57.336211,60,282.187025
56.306201,60,282.265924
57.048093,60,282.345351
56.994873,60,282.421808
57.2,60,282.498801
56.354157,60,282.584331
57.512806,60,282.662298
57.913264,60,283.63857
57.573451,60,283.714099
57.714233,60,283.794138
56.444718,60,283.873693
56.687581,60,283.950177
57.4,60,284.030548
55.189942,60,284.117208
57.846558,60,284.189171
57.730553,60,284.264054
57.15,60,284.33448
56.819437,60,284.421557
57.066898,60,284.497924
55.842578,60,284.579466
56.878124,60,284.662805
56.382805,60,284.744789
34.618209,60,284.828404
54.468671,60,284.914769
24.105682,60,285.984455
25.275594,60,286.129862
56.937708,60,286.237085
56.808273,60,286.319202
51.347049,60,286.407685
57.376997,60,286.495726
58.469931,60,286.57965
46.650131,60,286.667745
57.905732,60,286.755774
57.359521,60,286.841583
53.719999,60,286.928484
57.312506,60,287.023538
57.214346,60,287.110521
53.793425,60,287.196505
57.591996,60,287.291507
56.933795,60,287.380001
51.635059,60,287.471194
56.570859,60,287.560346
55.901061,60,288.666585
56.952305,60,288.751009
52.911075,60,288.829074
57.27371,60,288.901031
57.483162,60,288.973456
14.78198,38,289.017192
55.62281,60,289.091534
56.156141,60,289.170964
55.76002,60,289.24957
57.760988,60,289.328027
57.305287,60,289.403527
28.395226,60,289.477897
57.185926,60,289.556428
57.756285,60,289.633279
56.542292,60,289.716271
51.547793,60,289.786114
57.014099,60,289.873439
34.883018,60,290.865402
57.966678,60,290.952152
57.77445,60,291.038707
58.22443,60,291.122674
53.239878,60,291.208327
57.768812,60,291.298771
57.372081,60,291.385664
57.504487,60,291.475583
56.820733,60,291.554482
57.658348,60,291.637102
57.553495,60,291.735616
56.872154,60,291.81627
50.175322,60,291.911906
55.684983,60,292.002812
50.112823,60,292.08981
57.975648,60,292.185438
57.882107,60,292.269895
57.703693,60,293.319206
58.143741,60,293.406408
58.153816,60,293.497988
56.660848,60,293.600777
33.054182,53,293.69538
54.459038,60,293.784454
57.512379,60,293.870965
56.395533,60,293.963092
57.058959,60,294.052683
57.008593,60,294.133205
39.580748,60,294.205698
57.625657,60,294.273536
57.359273,60,294.343377
55.174645,60,294.426819
56.982248,60,294.509391
55.57963,60,294.583438
57.666467,60,294.660996
57.508078,60,295.609934
54.962297,60,295.699453
57.213085,60,295.780324
57.528584,60,295.863757
34.065827,60,295.958403
7.397041,31,296.000268
57.747861,60,296.076095
56.801853,60,296.159023
57.167337,60,296.234571
58.221183,60,296.318133
32.703544,60,296.394169
57.236583,60,296.476185
57.250953,60,296.56682
25.374422,60,296.650839
47.321074,60,296.729854
56.633876,60,296.804065
57.350816,60,296.876984
56.959353,60,296.95698
57.294505,60,297.929598
57.711225,60,298.011054
56.974013,60,298.093646
57.210515,60,298.168485
57.148155,60,298.240869
57.245553,60,298.320776
52.60185,60,298.393569
57.136433,60,298.470497
53.405161,60,298.551668
56.817689,60,298.628659
57.298538,60,298.711135
57.293279,60,298.791645
56.730534,60,298.880014
57.346851,60,298.96207
56.702706,60,299.059412
58.318896,60,299.150944
29.292069,60,299.225342
56.250102,60,300.103425
57.053473,60,300.180954
26.904338,60,300.250834
57.4,60,300.326085
56.838653,60,300.403017
56.279382,60,300.48045
56.410397,60,300.569427
55.783112,60,300.663336
57.433163,60,300.737634
56.670234,60,300.818444
56.549395,60,300.889894
47.081742,60,300.95764
56.683643,60,301.035639
57.657796,60,301.116988
57.906875,60,301.194398
57.286079,60,301.275178
57.587777,60,301.35412
57.002289,60,302.211211
57.826973,60,302.276591
54.932104,60,302.347113
47.584436,60,302.412731
56.250044,60,302.475884
57.047281,60,302.537472
23.671527,60,302.605092
56.79371,60,302.678179
51.023391,60,302.748113
57.943104,60,302.830154
57.566056,60,302.900812
57.935995,60,302.971758
49.331792,60,303.045182
55.035037,60,303.126144
55.115541,60,303.197025
18.824987,60,303.275951
57.174668,60,303.349941
57.916337,60,304.260243
56.729227,60,304.337144
58.085854,60,304.409905
38.4721,60,304.479228
56.086697,60,304.552696
56.772224,60,304.62736
56.608783,60,304.700857
45.840643,60,304.774329
56.246321,60,304.847839
55.188998,60,304.924701
56.680734,60,305.001623
52.480602,60,305.07652
56.983411,60,305.164163
55.297059,60,305.243727
56.674326,60,305.331147
54.345982,60,305.418085
56.781008,60,305.494033
36.138712,60,306.452012
57.76246,60,306.521466
57.338198,60,306.60549
52.726768,60,306.680399
57.835909,60,306.752784
56.969907,60,306.829882
49.563052,60,306.899487
54.768344,60,306.963286
57.851154,60,307.030781
57.834484,60,307.109837
53.891861,60,307.177741
56.062886,60,307.242124
55.181764,60,307.315056
18.545017,39,307.363933
49.852877,60,307.433944
50.010923,60,307.503289
57.472718,60,307.570626
32.598377,60,308.479718
56.700087,60,308.565207
57.69868,60,308.642707
57.294352,60,308.722075
57.153626,60,308.797133
57.611178,60,308.873655
56.958217,60,308.955024
57.452079,60,309.035809
57.831537,60,309.128116
57.454225,60,309.211462
56.280292,60,309.292471
57.312794,60,309.370984
56.85,60,309.444986
58.038893,60,309.52208
55.417583,60,309.601881
54.939896,60,309.690824
57.156986,60,309.770741
24.440803,60,309.865241
57.679183,60,311.053267
56.960546,60,311.139707
57.29883,60,311.227099
54.960378,60,311.321227
57.442725,60,311.4007
57.654342,60,311.48629
57.401883,60,311.566971
54.258934,60,311.649058
57.793874,60,311.734132
57.273582,60,311.818983
58.334334,60,311.915029
57.252568,60,312.003188
57.134137,60,312.092167
57.71655,60,312.170826
57.936256,60,312.24996
55.800665,60,312.323987
57.233389,60,312.394355
57.903057,60,313.377989
57.681192,60,313.459863
56.46883,60,313.542227
36.123129,60,313.631386
31.00087,60,313.717889
54.544885,60,313.798813
57.231821,60,313.881757
11.697187,60,313.960661
36.568713,60,314.042105
57.228598,60,314.134236
57.001042,60,314.216764
56.926491,60,314.296905
47.420069,60,314.378419
53.869315,60,314.468426
56.247965,60,314.548932
57.043817,60,314.621837
57.734323,60,314.706231
50.602756,60,315.602474
57.256523,60,315.673858
36.568263,60,315.746293
44.124696,60,315.814762
57.629936,60,315.881202
56.622446,60,315.956218
57.423472,60,316.025627
57.196757,60,316.093742
31.937636,60,316.174148
56.2665,60,316.248338
57.945837,60,316.319596
54.637228,60,316.389967
57.327898,60,316.458505
57.443608,60,316.524953
56.792555,60,316.600569
55.792855,60,316.670604
57.418068,60,316.74512
58.744946,60,317.583999
55.468739,60,317.649288
57.715369,60,317.71524
56.129484,60,317.776039
58.279239,60,317.840861
57.36058,60,317.901678
57.59751,60,317.959023
38.291739,60,318.020904
49.681087,60,318.089335
56.92169,60,318.165264
55.648119,60,318.237733
57.241177,60,318.31067
57.598797,60,318.379157
57.05301,60,318.450507
57.127817,60,318.524046
55.668935,60,318.600107
57.077576,60,318.667507
54.001063,60,319.524799
56.986049,60,319.596233
51.239761,60,319.665193
57.502307,60,319.736672
56.979005,60,319.802642
56.892097,60,319.864666
57.519901,60,319.929102
53.245292,60,319.994858
58.207012,60,320.067224
57.073049,60,320.141212
51.827519,60,320.207738
56.971376,60,320.287887
56.632708,60,320.356889
57.243197,60,320.423755
55.992818,60,320.490581
54.748571,60,320.561845
56.904629,60,320.633685
58.292615,60,321.473622
17.551963,60,321.541991
56.49061,60,321.620988
55.47824,60,321.692461
58.844396,60,321.762364
56.724815,60,321.830789
58.281726,60,321.903751
49.775134,60,321.978027
58.49156,60,322.048468
57.01613,60,322.12703
56.025103,60,322.195405
56.558593,60,322.258761
56.800728,60,322.32308
17.943326,60,322.386236
57.744384,60,322.456626
56.986954,60,322.529437
58.83525,60,322.593903
57.108488,60,323.469924
58.049736,60,323.540687
57.362414,60,323.620476
56.849882,60,323.704017
58.1994,60,323.777046
56.647192,60,323.863631
57.22028,60,323.942647
57.72567,60,324.018611
54.960705,60,324.098257
56.398241,60,324.182574
53.139494,60,324.257578
57.768839,60,324.330535
56.388102,60,324.412984
57.52136,60,324.489609
42.023,60,324.561562
40.126719,60,324.637587
56.104822,60,324.709071
56.85576,60,325.58361
54.671081,60,325.658072
56.713616,60,325.740087
28.422822,60,325.817302
33.003881,60,325.890265
55.196632,60,325.972122
55.922029,60,326.046424
57.895497,60,326.13125
56.413654,60,326.20921
57.361192,60,326.27849
58.232544,60,326.354795
57.077498,60,326.436592
57.6,60,326.52441
39.099077,60,326.611866
58.31438,60,326.700912
46.89233,60,326.798982
54.624917,60,326.885952
57.807064,60,327.839434
57.031576,60,327.92192
56.641331,60,327.994919
57.066434,60,328.070357
57.074104,60,328.143452
54.746407,60,328.222924
56.899256,60,328.30742
56.279225,60,328.379285
39.883564,60,328.457231
57.27394,60,328.534651
57.090522,60,328.607056
57.267045,60,328.681834
57.438772,60,328.762704
56.177544,60,328.837317
37.210077,60,328.912285
56.259355,60,328.996382
57.475602,60,329.075396
36.775922,60,330.039387
56.781259,60,330.126443
24.085094,60,330.201978
57.830574,60,330.292439
51.460129,60,330.373688
56.664688,60,330.448021
56.838114,60,330.526043
57.139561,60,330.608129
57.85374,60,330.688686
34.025079,60,330.761993
57.611561,60,330.851107
52.953674,60,330.925448
27.842493,60,331.002415
49.870527,60,331.097944
53.733496,60,331.180322
54.760976,60,331.271662
56.549394,60,331.355658
51.43791,60,332.390716
45.225142,60,332.468717
56.978771,60,332.537553
54.971987,60,332.60641
49.938083,60,332.693018
57.069043,60,332.770501
57.413827,60,332.852507
55.452605,60,332.933441
56.408002,60,333.009173
57.017115,60,333.087603
56.705658,60,333.1618
57.367996,60,333.253285
56.050054,60,333.336303
55.992033,60,333.446394
28.04297,60,333.531971
57.2884,60,333.616619
54.395815,60,333.703371
57.727288,60,334.914942
56.172616,60,335.010878
46.157286,60,335.10083
57.421115,60,335.197288
57.250346,60,335.284674
54.27447,60,335.362886
57.711886,60,335.442754
57.187743,60,335.520084
58.55923,60,335.6061
57.053253,60,335.697206
56.496284,60,335.788301
58.622282,60,335.868783
57.385205,60,335.965936
53.671353,60,336.045424
57.816707,60,336.128063
57.362224,60,336.21786
57.976178,60,336.291913
57.812994,60,337.323228
57.645032,60,337.410213
56.878541,60,337.488258
55.774457,60,337.583288
56.329632,60,337.667867
56.288076,60,337.750398
48.852174,60,337.838965
47.311375,60,337.936574
57.32481,60,338.032969
57.101929,60,338.126988
56.724077,60,338.216333
58.299521,60,338.301689
58.331087,60,338.385693
57.834958,60,338.469652
57.338191,60,338.556686
26.849126,60,338.647737
51.01326,60,338.724705
56.88616,60,339.796064
37.340107,60,339.873971
49.447049,60,339.95758
57.891484,60,340.048248
57.51345,60,340.126704
49.300832,60,340.214514
55.91962,60,340.309207
37.856281,60,340.387935
56.51077,60,340.465856
57.069066,60,340.549912
37.38896,60,340.627448
57.018035,60,340.710621
56.20383,60,340.789178
56.776338,60,340.866614
56.424968,60,340.953536
53.683185,60,341.037655
58.065276,60,341.128657
50.500458,60,342.235524
57.233806,60,342.313389
58.210487,60,342.386868
40.905819,60,342.461308
56.707152,60,342.538233
57.790149,60,342.620415
56.502007,60,342.715625
53.590448,60,342.80217
57.517392,60,342.878184
27.55583,60,342.972481
55.867523,60,343.050838
57.028872,60,343.131198
56.837089,60,343.212106
51.059367,60,343.28839
56.176087,60,343.370283
56.91948,60,343.460782
57.475985,60,343.536365
57.368716,60,343.613309
53.842509,60,344.597674
54.89796,60,344.670623
58.131125,60,344.756148
58.525924,60,344.83969
58.681444,60,344.921234
57.542531,60,345.00818
56.878823,60,345.092037
52.256605,60,345.169
57.547372,60,345.241978
21.601822,60,345.334117
52.86793,60,345.415143
57.676949,60,345.495207
56.157378,60,345.581225
44.095834,60,345.6607
57.03957,60,345.740558
56.314247,60,345.838967
57.681623,60,345.919933
48.685257,60,346.893391
46.344359,60,346.96287
56.557644,60,347.03589
57.669227,60,347.111786
57.691329,60,347.189805
56.486476,60,347.268718
57.281746,60,347.353445
54.10921,60,347.434975
56.479154,60,347.510422
56.826478,60,347.586444
56.384299,60,347.663342
58.251744,60,347.74747
56.533224,60,347.834364
57.530094,60,347.918912
57.900155,60,348.007942
58.321231,60,348.088897
56.962062,60,348.170763
56.481242,60,349.131374
53.69212,60,349.210833
23.469182,60,349.297931
58.017071,60,349.377445
57.447271,60,349.459768
57.268069,60,349.525493
57.624651,60,349.592077
57.292452,60,349.660382
57.459976,60,349.73786
57.186093,60,349.825442
58.057867,60,349.919629
42.53113,60,350.00159
58.386937,60,350.084037
58.521588,60,350.160563
57.623186,60,350.238076
56.884818,60,350.320525
57.334195,60,350.402505
57.493644,60,351.38416
43.98614,60,351.473064
56.268848,60,351.558185
56.605736,60,351.647271
57.37678,60,351.749186
18.045865,60,351.823055
57.620329,60,351.897162
56.42663,60,351.969654
58.182223,60,352.042095
58.369188,60,352.118671
57.573378,60,352.187565
48.797294,60,352.252491
31.243926,60,352.32942
54.674766,60,352.41271
56.477931,60,352.492868
55.437734,60,352.57968
57.337451,60,352.655429
24.053531,47,353.630079
58.369742,60,353.702523
57.853913,60,353.790698
50.222983,60,353.870499
37.587246,60,353.962701
52.634167,60,354.052809
58.471634,60,354.142335
56.463375,60,354.225849
53.146066,60,354.310389
58.194559,60,354.403405
19.137058,60,354.490993
57.241946,60,354.568949
49.912289,60,354.647959
55.569267,60,354.716429
56.675754,60,354.785764
56.043695,60,354.863988
55.000589,60,354.951142
57.797618,60,355.911975
52.875686,60,356.000583
57.062645,60,356.081444
53.260975,60,356.174498
57.626089,60,356.256007
57.14353,60,356.338887
45.782219,60,356.430994
57.274465,60,356.511148
44.904807,60,356.597743
20.023788,49,356.662533
58.019779,60,356.75056
55.231868,60,356.833197
27.997819,60,356.909639
53.99625,60,356.994378
58.316518,60,357.076734
56.790835,60,357.162067
57.875088,60,357.24239
58.148897,60,358.178019
57.212639,60,358.29004
57.318038,60,358.379361
56.224663,60,358.455718
57.699617,60,358.541272
56.535268,60,358.620612
56.772539,60,358.698212
57.840402,60,358.782825
57.682052,60,358.858341
56.36571,60,358.939784
57.609287,60,359.036732
56.993176,60,359.115647
56.617552,60,359.201102
45.296612,60,359.284079
57.736721,60,359.377501
57.704223,60,359.459579
57.79875,60,359.54302
22.208981,60,360.53509
56.467807,60,360.610133
56.884531,60,360.690413
17.611746,40,360.739102
56.959254,60,360.81547
52.44902,60,360.89247
57.008728,60,360.970422
31.262613,60,361.045362
57.834722,60,361.126462
56.640099,60,361.19814
57.767724,60,361.289575
58.103893,60,361.376849
54.690079,60,361.459893
58.168297,60,361.549521
57.038811,60,361.637993
53.796209,60,361.720015
56.973021,60,361.796417
57.056451,60,361.864965
54.927586,60,362.744241
50.657568,60,362.820202
53.334049,60,362.903183
56.58054,60,362.978473
57.442755,60,363.067539
51.468852,60,363.148657
57.758918,60,363.227546
58.019178,60,363.306532
56.503909,60,363.39865
55.456221,60,363.477722
54.487202,60,363.55018
57.745901,60,363.622092
56.411081,60,363.672447
56.026867,60,363.728793
57.183673,60,363.802789
56.273214,60,363.866357
57.247578,60,363.919661
57.085388,60,364.644644
57.472837,60,364.71211
58.105605,60,364.778759
56.897386,60,364.839705
54.99027,60,364.901113
57.097144,60,364.964659
57.94563,60,365.029573
56.640376,60,365.101031
52.721244,60,365.164917
15.391471,60,365.232384
49.998327,60,365.302783
55.130214,60,365.367339
56.75291,60,365.432241
57.952475,60,365.494686
51.227365,60,365.565972
57.583724,60,365.629798
57.830979,60,365.701955
56.521902,60,366.527904
53.729991,60,366.599949
44.07867,60,366.677835
57.611191,60,366.747646
48.918468,60,366.820029
56.862776,60,366.901479
56.693914,60,366.974915
58.070629,60,367.04271
57.58263,60,367.113446
56.33155,60,367.179174
56.449422,60,367.246897
40.678634,60,367.294144
56.212913,60,367.356074
57.56402,60,367.444284
48.671878,60,367.532385
57.399616,60,367.610777
57.025088,60,367.699662
37.586354,60,368.492631
56.794423,60,368.565601
54.166024,60,368.637543
55.437112,60,368.700869
56.503985,60,368.77586
57.033453,60,368.856576
57.319226,60,368.931037
56.913691,60,369.004532
52.560281,60,369.080171
57.398874,60,369.161557
48.682327,60,369.233875
17.118684,60,369.304926
57.476843,60,369.387425
57.481593,60,369.460409
56.45286,60,369.537879
58.186265,60,369.609244
57.800584,60,369.673772
56.44747,60,370.500645
57.067603,60,370.576578
39.014088,60,370.647882
56.845178,60,370.720391
51.709656,60,370.793018
53.472656,60,370.872042
57.04974,60,370.947524
57.183558,60,371.028526
51.623865,60,371.102726
57.467688,60,371.180011
57.284555,60,371.262072
56.628577,60,371.339159
55.728463,60,371.412595
57.648695,60,371.491678
46.001755,60,371.564707
56.68509,60,371.6415
56.088669,60,371.717925
53.710851,60,372.477661
53.789229,60,372.567993
56.675934,60,372.646428
55.318663,60,372.7148
56.530687,60,372.785684
57.37069,60,372.857653
49.850401,60,372.929703
57.125642,60,373.007584
45.769978,60,373.087923
56.684681,60,373.166125
57.087737,60,373.240458
36.184546,60,373.332637
57.346074,60,373.412671
57.578099,60,373.487623
56.858466,60,373.563619
49.746072,60,373.637958
57.47,60,373.711439
56.636718,60,374.604503
57.166731,60,374.674914
48.973296,60,374.751968
55.728621,60,374.828405
56.737384,60,374.905627
54.750108,60,374.980066
57.398845,60,375.060716
56.708391,60,375.136421
56.930449,60,375.211166
57.650001,60,375.288496
58.032906,60,375.366221
29.84233,60,375.440851
56.012952,60,375.509575
57.29315,60,375.588333
12.904572,54,375.655073
57.947002,60,375.727431
56.600219,60,375.805526
53.988683,60,376.677761
56.728491,60,376.759616
53.032021,60,376.832916
57.130341,60,376.900402
57.108724,60,376.970892
56.692735,60,377.03834
45.191678,60,377.106704
57.147792,60,377.173699
57.016027,60,377.242624
57.000239,60,377.316175
56.531128,60,377.392508
57.680374,60,377.463446
51.423573,60,377.543836
19.266042,60,377.618567
56.58726,60,377.685025
54.639316,60,377.751962
57.053721,60,377.824358
56.061435,60,378.70765
56.181433,60,378.782655
57.289512,60,378.858682
57.272152,60,378.932581
46.971986,60,379.011011
54.684272,60,379.085277
35.852385,60,379.153683
57.409503,60,379.22567
57.238512,60,379.300064
56.047219,60,379.377664
58.025862,60,379.450132
57.053718,60,379.513581
56.590307,60,379.583608
56.508238,60,379.652094
55.91938,60,379.715504
9.480489,29,379.750738
57.030943,60,379.82731
56.878981,60,379.897726
56.691015,60,380.788423
57.27939,60,380.859357
56.765664,60,380.930741
39.291713,60,381.006197
57.21252,60,381.079053
29.864647,60,381.155145
57.602642,60,381.232218
55.554338,60,381.303661
57.206151,60,381.379247
58.198323,60,381.453157
57.303359,60,381.530672
12.435542,48,381.589471
56.266507,60,381.659956
57.389747,60,381.733847
55.103435,60,381.811462
46.104985,60,381.88785
57.453694,60,381.962669
57.473344,60,382.84171
44.137222,60,382.915102
52.748111,60,382.989956
57.061433,60,383.078259
38.664043,60,383.149691
55.428692,60,383.221015
56.83466,60,383.299577
57.32622,60,383.379184
47.623199,60,383.455061
57.181535,60,383.538611
51.695481,60,383.615558
56.815969,60,383.694457
56.498552,60,383.781862
57.495501,60,383.861684
16.320977,58,383.937172
57.207297,60,384.013678
57.517043,60,384.102725
57.942476,60,384.987163
58.112531,60,385.064239
57.844232,60,385.14217
56.471574,60,385.214931
57.217167,60,385.285811
55.386996,60,385.361806
57.632356,60,385.443724
57.528368,60,385.510013
56.914359,60,385.591841
57.153881,60,385.662009
57.144113,60,385.734855
56.786372,60,385.812099
56.245059,60,385.879405
56.94854,60,385.946787
52.38139,60,386.02106
50.154472,60,386.090944
21.947216,44,386.140743
57.261542,60,386.212102
51.235194,60,387.034621
55.675575,60,387.098998
55.906433,60,387.162311
57.578889,60,387.229108
53.854972,60,387.299992
56.708573,60,387.379077
57.791948,60,387.451139
57.048168,60,387.531623
56.959087,60,387.59852
44.747647,60,387.665966
55.126011,60,387.734425
57.5,60,387.802397
51.595537,60,387.871293
57.172396,60,387.943337
57.302552,60,388.027061
48.54304,60,388.105954
58.2,60,388.173803
56.755103,60,389.068048
49.666578,60,389.134357
56.210995,60,389.213426
56.806033,60,389.289808
57.675104,60,389.362278
56.840638,60,389.438708
57.567901,60,389.510535
58.177782,60,389.576925
57.866617,60,389.642124
57.540582,60,389.710643
56.204595,60,389.792541
57.839975,60,389.867019
30.092043,55,389.934801
51.92895,60,390.018175
57.028424,60,390.090663
57.736014,60,390.168682
58.187267,60,390.238626
56.507976,60,391.140151
56.436247,60,391.22331
52.584374,60,391.297206
54.742004,60,391.37918
58.017895,60,391.458029
57.538899,60,391.53488
25.635561,47,391.587151
57.345777,60,391.657515
53.674559,60,391.749118
57.718047,60,391.822582
57.186012,60,391.897605
57.880536,60,391.978625
57.244864,60,392.047971
57.102215,60,392.117274
56.841952,60,392.186189
56.086501,60,392.265264
57.854662,60,392.352252
57.20298,60,393.298487
55.97898,60,393.368793
55.754177,60,393.436697
37.207008,60,393.521268
56.427647,60,393.589177
56.990952,60,393.670692
57.55912,60,393.754232
57.934185,60,393.841706
56.829381,60,393.919724
57.320499,60,394.001058
34.913877,60,394.098525
55.710063,60,394.179861
57.257445,60,394.26164
57.395873,60,394.364819
56.486055,60,394.452253
46.249532,60,394.532259
58.024728,60,394.623857
54.552179,60,395.673219
57.171938,60,395.75627
52.420727,60,395.839194
53.162188,60,395.921782
57.377268,60,395.994883
57.087922,60,396.068658
56.562356,60,396.146573
57.676084,60,396.245036
57.578818,60,396.331448
56.855579,60,396.416103
56.807935,60,396.503339
57.41265,60,396.584694
56.651541,60,396.667124
54.409359,60,396.75301
58.219841,60,396.842472
57.474623,60,396.945535
57.289588,60,397.046016
53.345473,60,398.233597
31.72091,60,398.308521
56.795191,60,398.390413
57.959263,60,398.469937
57.43312,60,398.556886
57.421388,60,398.636469
58.526573,60,398.726404
56.208817,60,398.820883
58.478422,60,398.917007
57.093208,60,399.005574
57.185484,60,399.104339
58.126128,60,399.17979
26.434585,60,399.252319
53.370995,60,399.332415
57.294873,60,399.409364
57.801355,60,399.498931
49.103889,60,399.583461
52.102725,60,400.540016
52.304561,60,400.609282
51.688919,60,400.697767
56.285345,60,400.792173
53.775452,60,400.869633
56.552058,60,400.948686
57.264544,60,401.044316
54.339577,60,401.143075
57.157021,60,401.244353
55.479377,60,401.321972
56.788891,60,401.393291
56.585457,60,401.468693
56.955879,60,401.54158
56.860629,60,401.624564
57.846019,60,401.701854
57.466259,60,401.775505
56.448184,60,401.85087
57.567429,60,402.770864
57.081401,60,402.853432
57.772671,60,402.952105
26.135302,60,403.029578
55.463096,60,403.098002
57.431365,60,403.170418
57.7744,60,403.245385
55.274556,60,403.321394
56.263403,60,403.392386
57.46463,60,403.465786
57.736257,60,403.549763
56.688189,60,403.635788
57.773928,60,403.729268
5.199347,30,403.77611
57.909824,60,403.856597
56.851632,60,403.93056
57.511569,60,404.005558
55.645867,60,404.104714
57.679552,60,405.033027
57.876087,60,405.111451
57.373177,60,405.179359
56.309525,60,405.246729
5.719234,27,405.277356
56.834897,60,405.349788
57.797349,60,405.429814
50.790705,60,405.522927
56.713093,60,405.611345
51.93789,60,405.68476
57.241824,60,405.757321
56.890158,60,405.838365
56.910528,60,405.911874
45.877809,60,405.985911
57.157748,60,406.073461
56.777273,60,406.14996
57.400258,60,406.234055
48.255576,60,406.31924
33.561876,60,407.187314
43.322321,60,407.264379
58.2,60,407.337834
56.484504,60,407.428832
56.219372,60,407.524663
57.388307,60,407.610412
57.110195,60,407.699747
56.751561,60,407.78215
57.277253,60,407.869824
7.397545,30,407.909027
57.394257,60,407.988667
57.790126,60,408.065166
56.644119,60,408.139833
57.4,60,408.207694
36.226561,60,408.278158
37.182148,60,408.353189
58.804898,60,408.42696
56.888517,60,409.366485
57.393662,60,409.454473
57.063772,60,409.554611
56.371528,60,409.626533
56.539146,60,409.693399
56.26389,60,409.769221
57.114389,60,409.847127
57.166424,60,409.925689
58.098928,60,409.995073
58.366966,60,410.070696
56.253553,60,410.141981
53.451897,60,410.211035
53.032933,60,410.287012
57.51493,60,410.361801
55.670083,60,410.436151
57.269408,60,410.511358
38.747277,60,410.583368
57.677177,60,411.495833
57.88096,60,411.568239
56.921654,60,411.638675
54.874773,60,411.716418
56.200916,60,411.789686
56.030997,60,411.864683
56.843244,60,411.938165
57.758705,60,412.012185
58.042569,60,412.093661
57.126811,60,412.197165
57.792478,60,412.265077
56.381153,60,412.340942
57.081305,60,412.407431
57.682821,60,412.480849
57.139038,60,412.550794
57.543819,60,412.690603
30.919859,60,412.816356
56.911309,60,413.690569
57.619719,60,413.781559
56.209929,60,413.859087
57.326777,60,413.943057
57.129653,60,414.018177
57.71053,60,414.098228
57.747838,60,414.168217
56.953969,60,414.250751
34.328903,60,414.336318
54.57879,60,414.441039
54.610016,60,414.517554
11.569894,60,414.598037
58.172706,60,414.677704
56.411535,60,414.760785
56.58352,60,414.834718
58.553902,60,414.906978
56.834652,60,414.979677
57.676163,60,415.944145
57.169764,60,416.04884
54.958742,60,416.125323
57.4035,60,416.19566
42.641373,60,416.267718
57.60815,60,416.344769
51.622152,60,416.415792
57.654713,60,416.490219
56.475935,60,416.573941
48.925055,60,416.646209
57.371721,60,416.717968
19.703893,60,416.794272
52.804713,60,416.873414
57.005506,60,416.953841
33.815931,60,417.034837
56.505453,60,417.111226
57.258309,60,417.190799
56.882183,60,418.110609
42.247624,60,418.182904
45.886551,60,418.25755
56.315698,60,418.325191
57.879227,60,418.395583
55.356974,60,418.471036
57.167577,60,418.553176
56.474967,60,418.63471
57.929034,60,418.721355
58.699865,60,418.798336
56.355135,60,418.875844
31.391602,60,418.964752
57.603479,60,419.039521
45.16979,60,419.118747
57.400304,60,419.206643
56.990875,60,419.289516
52.603769,60,419.369573
57.615441,60,419.441976
46.237684,60,420.368505
44.921253,60,420.444888
57.020658,60,420.531844
57.251675,60,420.617598
57.693916,60,420.688475
58.516901,60,420.767886
55.629798,60,420.862351
46.738426,60,420.949424
58.193199,60,421.044018
56.96828,60,421.122978
51.28446,60,421.203106
51.070443,60,421.277481
56.764456,60,421.3565
56.540679,60,421.448125
57.322171,60,421.517098
57.253827,60,421.596037
57.990611,60,421.682911
56.949144,60,422.668795
57.557861,60,422.750036
50.83903,60,422.825686
57.793657,60,422.907039
56.37665,60,422.980129
47.484492,60,423.055543
56.983967,60,423.13864
19.140953,51,423.200073
57.452232,60,423.267001
56.218678,60,423.34657
46.503194,60,423.421568
57.434384,60,423.514236
57.367271,60,423.615827
56.178738,60,423.699304
21.593355,60,423.779135
57.769548,60,423.886778
57.460159,60,423.977113
50.545708,60,425.03477
57.903847,60,425.138929
57.431736,60,425.234617
56.256738,60,425.315532
57.505272,60,425.397923
56.552261,60,425.497576
56.929583,60,425.577945
56.574105,60,425.655694
57.417904,60,425.735573
57.530774,60,425.812619
57.535347,60,425.906846
55.842698,60,425.995358
45.096529,60,426.077003
56.900746,60,426.170945
58.489058,60,426.254
56.038825,60,426.327938
57.085534,60,426.406491
54.152177,60,427.317567
57.477951,60,427.390488
56.518985,60,427.466838
47.276528,60,427.546349
57.501458,60,427.628063
42.595667,60,427.714124
50.790608,60,427.792495
57.51069,60,427.865909
52.479078,60,427.951425
56.801677,60,428.023612
56.913607,60,428.097527
58.298844,60,428.177644
57.64368,60,428.24855
57.937794,60,428.326589
56.788475,60,428.416472
57.080377,60,428.489051
57.119476,60,428.568901
57.140139,60,429.506103
57.614514,60,429.580928
57.666966,60,429.655739
10.205829,60,429.739565
57.14822,60,429.812468
56.89837,60,429.883925
57.254057,60,429.968343
57.333809,60,430.041163
55.372311,60,430.11257
51.884689,60,430.188059
57.15,60,430.266039
58.154083,60,430.337983
57.470982,60,430.411386
49.638295,60,430.499968
38.563163,60,430.576951
57.326426,60,430.650355
41.994582,60,430.737699
57.291547,60,431.644953
57.108869,60,431.711303
56.368385,60,431.780711
33.846019,60,431.846657
57.907776,60,431.91667
56.350449,60,431.979558
57.013009,60,432.046909
57.545435,60,432.114304
49.644251,60,432.17575
57.974034,60,432.241112
56.795382,60,432.310595
57.423013,60,432.379381
54.004635,60,432.449854
57.019382,60,432.516754
58.01693,60,432.584675
58.552924,60,432.653011
57.594535,60,432.720956
57.007674,60,433.514398
57.104579,60,433.581666
56.099155,60,433.650563
51.805128,60,433.720501
44.580399,60,433.80153
57.349398,60,433.878476
56.575793,60,433.95548
49.704374,60,434.032978
54.860169,60,434.113712
55.820963,60,434.193646
56.77085,60,434.271467
37.500519,60,434.341716
57.126001,60,434.416452
58.30611,60,434.482157
49.966905,60,434.54836
58.814498,60,434.615551
57.379961,60,434.690104
56.832162,60,435.598611
57.908654,60,435.667833
56.625403,60,435.741621
56.498242,60,435.809832
57.3864,60,435.887136
37.222139,60,435.964009
56.990621,60,436.045002
56.448299,60,436.116133
56.303833,60,436.184964
57.599567,60,436.255056
56.355485,60,436.325452
58.060598,60,436.407221
57.589157,60,436.476745
57.948267,60,436.542585
25.116008,60,436.623575
58.348274,60,436.697579
57.417753,60,436.774054
57.163669,60,437.64325
56.851348,60,437.721291
53.609167,60,437.800821
52.381559,60,437.878773
28.06291,48,437.951427
57.353219,60,438.036063
57.01323,60,438.119021
57.315422,60,438.20841
57.259222,60,438.276727
58.233724,60,438.338604
58.137933,60,438.408069
57.110356,60,438.469446
56.103073,60,438.531762
48.890522,60,438.608288
57.651515,60,438.687412
57.059292,60,438.768296
57.505722,60,438.851469
55.870125,60,438.92937
57.146453,60,439.840664
57.95,60,439.92124
55.382536,60,439.996755
41.945767,60,440.074316
57.169584,60,440.148587
56.535799,60,440.218503
56.355606,60,440.298501
56.59419,60,440.368762
54.915703,60,440.444292
57.439871,60,440.521302
56.968756,60,440.601224
56.858566,60,440.684037
52.214978,60,440.776072
54.926699,60,440.851502
44.048274,60,440.923803
57.607035,60,441.003608
25.10666,60,441.082525
57.648025,60,442.077317
58.418779,60,442.144735
54.345904,60,442.208577
55.831458,60,442.280395
56.943923,60,442.352748
48.518599,60,442.431312
48.778437,60,442.514374
57.317442,60,442.585412
57.176102,60,442.661243
56.919488,60,442.735612
58.054387,60,442.804367
57.29966,60,442.871496
56.503466,60,442.940229
48.685374,60,443.012282
58.435404,60,443.088405
57.256454,60,443.158303
49.969767,60,443.239817
55.367042,60,444.114954
56.388554,60,444.184326
37.558102,60,444.274955
57.222226,60,444.35355
57.238609,60,444.437037
58.316281,60,444.524502
57.280848,60,444.596866
55.41167,60,444.6714
56.90262,60,444.758461
57.688254,60,444.839433
56.661269,60,444.914424
57.678483,60,445.006067
57.552677,60,445.087915
24.982713,60,445.16579
50.01236,60,445.237654
57.312067,60,445.312069
56.637322,60,445.392433
56.717203,60,446.318176
57.103865,60,446.393307
57.427529,60,446.467702
56.723776,60,446.539636
56.428757,60,446.60503
50.224083,60,446.66638
55.395923,60,446.716142
56.492786,60,446.767998
57.327771,60,446.826832
57.491914,60,446.886691
57.459537,60,446.93946
57.544313,60,447.003369
56.413107,60,447.063221
56.390486,60,447.119536
57.553723,60,447.179387
41.865072,60,447.245839
57.696752,60,447.314812
58.225766,60,448.182663
57.617739,60,448.262283
50.235443,60,448.340774
57.180227,60,448.411108
57.542941,60,448.486532
56.376219,60,448.558391
57.381685,60,448.627754
57.208107,60,448.701133
39.983728,60,448.784283
57.798765,60,448.858097
30.063435,58,448.930597
50.919179,60,449.006509
55.727,60,449.087124
53.88804,60,449.1637
57.177652,60,449.238121
57.295272,60,449.321133
57.861973,60,449.400093
58.025133,60,450.242399
53.595155,60,450.316091
57.760525,60,450.383953
57.087245,60,450.45145
43.571046,60,450.525482
53.730759,60,450.601462
56.771887,60,450.670401
50.449995,60,450.743279
56.9267,60,450.82939
56.475885,60,450.907349
41.476502,60,450.990951
57.239634,60,451.074453
32.399215,60,451.152394
56.327752,60,451.239939
57.397625,60,451.326516
57.85,60,451.40245
53.920888,60,451.478863
56.871685,60,452.379829
57.174302,60,452.455615
57.511637,60,452.53507
27.643913,53,452.600385
44.342726,60,452.673677
57.366454,60,452.744542
57.034797,60,452.823044
58.1,60,452.897546
57.130796,60,452.972966
56.971583,60,453.056491
57.522851,60,453.138517
57.769466,60,453.212032
57.404995,60,453.295102
56.73686,60,453.357456
57.757684,60,453.420174
58.113632,60,453.47702
57.91696,60,453.53988
55.874488,60,454.437726
58.381052,60,454.497001
48.018126,60,454.563874
56.141972,60,454.626113
57.384781,60,454.690419
48.65553,60,454.760234
57.361844,60,454.827692
58.139554,60,454.895726
57.361924,60,454.970228
57.054796,60,455.04688
57.184249,60,455.114228
57.063066,60,455.180097
57.339443,60,455.249645
55.203793,60,455.325833
8.085473,30,455.357967
56.80683,60,455.42928
52.925252,60,455.507857
56.734407,60,455.577891
57.519785,60,456.461216
57.810998,60,456.532546
57.058706,60,456.602449
57.95075,60,456.679896
56.282645,60,456.760859
57.560443,60,456.829837
53.431013,60,456.904811
50.513498,60,456.973732
57.663415,60,457.0401
56.99104,60,457.114366
38.335674,60,457.185856
57.252315,60,457.257182
57.002338,60,457.329416
56.557892,60,457.40638
55.45753,60,457.481296
57.772954,60,457.550609
57.820387,60,457.625515
56.996733,60,458.487028
57.270192,60,458.555976
57.121168,60,458.630505
56.802969,60,458.695867
57.773676,60,458.762256
56.891975,60,458.831046
56.181462,60,458.909918
56.459781,60,458.977298
42.280202,60,459.042169
49.777228,60,459.115265
57.728911,60,459.189175
56.467327,60,459.260621
56.95,60,459.334133
52.949971,60,459.404487
58.260989,60,459.474898
55.781781,60,459.54781
42.265677,60,459.618264
57.530594,60,460.509176
56.908326,60,460.579973
57.221841,60,460.659597
57.056018,60,460.740651
56.229285,60,460.823101
57.766671,60,460.918973
57.797684,60,461.000852
56.369865,60,461.077139
56.294191,60,461.157643
57.260395,60,461.233217
57.358882,60,461.307719
57.521883,60,461.388246
56.364421,60,461.4732
56.780694,60,461.548162
57.726843,60,461.623569
53.705458,60,461.708752
56.835497,60,461.796896
58.595668,60,462.672831
56.660411,60,462.750912
57.884368,60,462.827439
57.82996,60,462.900729
57.881147,60,462.982293
57.671602,60,463.056792
57.113183,60,463.135801
54.928899,60,463.220289
49.194014,60,463.294262
57.999754,60,463.371639
36.961198,60,463.451168
58.069136,60,463.531711
55.228279,60,463.616223
58.062445,60,463.698186
40.592654,60,463.773005
51.935105,60,463.852999
57.347067,60,463.931513
56.245635,60,464.865741
57.929689,60,464.945242
50.511846,60,465.028653
57.724682,60,465.102033
57.415552,60,465.179975
52.045272,60,465.264503
57.430919,60,465.34836
57.030224,60,465.424914
56.939966,60,465.514552
57.78512,60,465.590575
57.894973,60,465.660944
57.540002,60,465.753527
57.365405,60,465.857671
56.880867,60,465.979263
56.553292,60,466.090271
57.6181,60,466.170364
57.30214,60,466.246384
56.806373,60,467.158052
49.076657,60,467.230654
56.970106,60,467.295611
56.861188,60,467.36552
57.188709,60,467.430233
40.420798,60,467.496986
55.488572,60,467.561798
57.591372,60,467.627928
54.554641,60,467.705192
48.516967,60,467.774657
56.888839,60,467.845033
47.05796,60,467.919472
57.620167,60,467.992837
56.453073,60,468.069242
57.802685,60,468.149243
29.144381,60,468.231808
57.39332,60,468.306221
57.69469,60,469.355596
57.423118,60,469.445234
57.095812,60,469.528663
52.317933,60,469.619152
44.049303,60,469.695089
57.260516,60,469.770501
54.659268,60,469.862033
56.3868,60,469.942948
55.781318,60,470.014267
55.18257,60,470.089102
56.69936,60,470.159631
57.857992,60,470.239612
58.706207,60,470.318545
56.201429,60,470.39297
57.024182,60,470.484096
57.309852,60,470.567607
57.7987,60,470.646052
56.638847,60,471.743967
47.492682,60,471.843569
54.221689,60,471.945961
57.180334,60,472.04054
43.452781,60,472.142713
58.17438,60,472.231632
57.014393,60,472.314722
56.338049,60,472.410781
58.047107,60,472.505893
55.793197,60,472.594285
54.473175,60,472.672111
56.995045,60,472.750114
57.553488,60,472.829544
57.854221,60,472.903709
57.034385,60,472.979115
58.420851,60,473.05053
57.381553,60,473.123926
56.974225,60,473.97794
57.252985,60,474.051202
53.994863,60,474.120576
57.180955,60,474.195048
56.395774,60,474.264385
57.340582,60,474.334383
57.540238,60,474.412974
56.539819,60,474.48437
57.357908,60,474.55534
57.648537,60,474.626159
57.85137,60,474.695081
58.451786,60,474.762261
56.824101,60,474.837051
57.454685,60,474.908057
56.776075,60,474.983143
57.492776,60,475.04955
53.536164,60,475.121495
57.417658,60,475.877968
57.310998,60,475.943416
56.388474,60,476.017838
54.593135,60,476.084112
58.159686,60,476.150335
58.638329,60,476.226713
57.987485,60,476.295189
57.144727,60,476.366215
57.125769,60,476.437087
57.030113,60,476.50339
56.693883,60,476.569624
56.379202,60,476.635494
57.876118,60,476.700607
50.261378,60,476.768549
57.008776,60,476.839372
56.922292,60,476.903692
57.899922,60,476.979069
57.044333,60,477.722027
56.604131,60,477.790127
29.765478,56,477.860143
57.017236,60,477.925085
57.67074,60,477.993051
45.184258,60,478.059443
55.839833,60,478.133366
56.751161,60,478.200803
57.821877,60,478.278811
55.239345,60,478.352465
56.667127,60,478.425274
56.405615,60,478.496549
57.622025,60,478.561257
57.31,60,478.636214
56.510509,60,478.706067
56.986042,60,478.780595
56.305082,60,478.857541
58.275926,60,479.685316
57.869789,60,479.756809
15.468377,39,479.801556
58.051705,60,479.863844
56.891388,60,479.940612
58.777514,60,480.036029
57.204219,60,480.114442
57.384456,60,480.186776
57.111093,60,480.262835
57.410537,60,480.332862
57.482001,60,480.395679
57.890739,60,480.465908
57.021928,60,480.539271
56.994401,60,480.611746
57.717572,60,480.680703
49.471525,60,480.76432
58.328902,60,480.839322
56.499537,60,480.914508
40.70892,60,481.798388
58.079795,60,481.868782
57.107307,60,481.950286
31.007175,60,482.03291
31.388193,60,482.100787
57.042997,60,482.178152
57.908173,60,482.256027
57.804515,60,482.339595
57.225297,60,482.411537
57.177528,60,482.481595
57.262931,60,482.563013
56.249726,60,482.636323
48.799992,60,482.707542
54.597964,60,482.77186
57.121857,60,482.840719
49.395052,60,482.9067
57.601428,60,482.977415
56.6869,60,483.807129
56.942389,60,483.87854
57.462162,60,483.951549
48.064072,60,484.024545
51.759226,60,484.085314
44.287884,60,484.16031
21.614847,47,484.217721
54.46686,60,484.283645
57.597586,60,484.357451
56.936676,60,484.417739
57.056321,60,484.466019
57.230095,60,484.525473
56.61209,60,484.587867
57.452823,60,484.643671
53.265606,60,484.710454
38.058751,60,484.78158
44.401895,60,484.855872
41.380335,60,485.710746
58.261748,60,485.780709
58.117255,60,485.85061
55.819641,60,485.917937
57.649614,60,485.993553
57.64406,60,486.064459
57.384534,60,486.148372
54.626666,60,486.221268
56.954948,60,486.299241
56.993082,60,486.388335
56.905601,60,486.463832
57.422749,60,486.547903
57.643158,60,486.634384
44.351225,60,486.708746
54.526892,60,486.783195
56.379866,60,486.864639
43.339532,60,486.936512
57.960341,60,487.818667
41.224807,60,487.891627
58.070688,60,487.969602
43.973143,60,488.049071
57.113239,60,488.129454
57.706824,60,488.203131
57.031099,60,488.28455
57.814241,60,488.367613
54.210319,60,488.443144
46.756036,60,488.526747
57.049743,60,488.598097
57.229651,60,488.67163
47.700336,60,488.748062
56.957007,60,488.823488
52.603833,60,488.899397
33.751086,60,488.972644
56.9,60,489.04711
57.2,60,489.890141
57.192938,60,489.957099
57.451811,60,490.021305
34.184076,60,490.089833
54.532448,60,490.154858
55.825181,60,490.21387
57.758068,60,490.2757
28.801334,60,490.339059
56.842185,60,490.405507
56.986164,60,490.470361
54.513663,60,490.539259
25.786766,60,490.609853
58.037353,60,490.677856
57.369803,60,490.740231
57.937316,60,490.802683
57.61415,60,490.867508
56.346011,60,490.928357
25.979733,60,491.716629
57.15,60,491.782334
56.65,60,491.847608
56.886042,60,491.91487
53.674818,60,491.983426
43.079794,60,492.052045
57.443023,60,492.116418
57.308269,60,492.184799
42.997066,60,492.252166
57.385054,60,492.313581
57.337958,60,492.377875
57.431594,60,492.438243
58.04327,60,492.494621
45.692734,60,492.552915
55.319078,60,492.613085
57.143327,60,492.673444
57.19902,60,492.734824
56.951219,60,492.802771
53.597563,60,493.563396
57.316368,60,493.62447
57.059243,60,493.690203
57.398327,60,493.755028
57.180693,60,493.816437
57.724722,60,493.886477
56.585789,60,493.947959
57.826002,60,494.008393
58.123734,60,494.07834
55.318961,60,494.144788
57.542116,60,494.20757
57.628447,60,494.270783
57.822409,60,494.334893
39.118481,60,494.399816
57.542211,60,494.46018
42.648982,60,494.529594
57.631287,60,494.592999
56.711737,60,495.331269
56.672215,60,495.393579
57.978746,60,495.457047
56.625007,60,495.517409
58.479471,60,495.575659
45.880945,60,495.641447
56.488805,60,495.705739
56.708347,60,495.768062
57.916587,60,495.833416
57.806366,60,495.894323
33.604494,60,495.958157
40.390866,60,496.026674
57.279411,60,496.089036
57.271832,60,496.154789
56.848448,60,496.223763
58.113264,60,496.286152
58.320359,60,496.350489
57.203353,60,497.058784
56.524472,60,497.115136
56.952258,60,497.169982
47.219063,60,497.228742
57.55,60,497.284672
51.906578,60,497.345092
50.403676,60,497.397449
56.499991,60,497.454246
35.838592,60,497.510475
57.116981,60,497.572901
57.283866,60,497.647995
41.180092,60,497.708406
42.269683,60,497.770348
58.12749,60,497.835296
57.0863,60,497.894723
57.582138,60,497.951174
52.743751,60,498.010497
57.835719,60,498.711096
58.740925,60,498.767952
57.793136,60,498.826248
57.05,60,498.882473
57.184152,60,498.94449
57.805081,60,499.004862
57.063123,60,499.059647
39.750999,60,499.132018
56.525147,60,499.190225
57.072893,60,499.245571
56.716809,60,499.300354
57.44956,60,499.353242
57.143608,60,499.404521
56.357157,60,499.463012
56.955994,60,499.516369
55.688082,60,499.575165
27.069715,60,499.631413
55.266065,60,500.318261
57.418157,60,500.380088
50.611559,60,500.438902
57.75,60,500.496313
57.099068,60,500.554727
57.153447,60,500.613035
56.701236,60,500.668409
58.459161,60,500.719225
51.634257,60,500.777645
57.139621,60,500.835677
40.046231,60,500.896523
45.171593,60,500.957855
56.452727,60,501.011152
56.820902,60,501.073535
53.020109,60,501.130383
57.653347,60,501.193157
57.074349,60,501.251486
57.493506,60,501.910995
58.021602,60,501.96954
46.761827,60,502.030955
57.287282,60,502.091737
58.585037,60,502.155085
20.320493,48,502.198914
55.933013,60,502.257296
48.926178,60,502.313826
57.146953,60,502.373363
55.909685,60,502.435288
13.324636,60,502.497051
55.354197,60,502.558834
58.305629,60,502.624319
55.713548,60,502.682186
57.317567,60,502.742964
51.382334,60,502.8068
48.519524,60,502.867914
51.362748,60,503.588506
57.451974,60,503.646421
56.956986,60,503.702334
57.630261,60,503.759228
57.300899,60,503.813607
27.62252,60,503.869983
57.580297,60,503.921418
33.53477,60,503.97283
56.996549,60,504.024625
57.748896,60,504.078885
56.931212,60,504.131711
57.25,60,504.181982
56.839643,60,504.233287
36.200428,60,504.289066
57.213426,60,504.348367
56.72192,60,504.406251
46.069659,60,504.466225
55.337968,60,505.122808
56.406473,60,505.178616
56.022156,60,505.236516
53.628812,60,505.29634
54.393746,60,505.352767
57.430847,60,505.409511
50.375068,60,505.466323
58.283375,60,505.52466
57.860654,60,505.583518
58.004839,60,505.640856
57.225366,60,505.700293
58.45,60,505.756079
58.806816,60,505.813385
57.79362,60,505.866761
18.933776,40,505.902408
54.005777,60,505.956238
57.666025,60,506.010072
46.73522,60,506.063995
57.893076,60,506.739718
58.252684,60,506.794497
58.248029,60,506.846771
57.573757,60,506.897124
57.910118,60,506.949893
57.981166,60,507.001709
56.643674,60,507.056096
58.063204,60,507.109821
58.25747,60,507.160206
52.216396,60,507.21545
52.541804,60,507.269706
26.658543,60,507.323121
57.390139,60,507.381006
57.54631,60,507.434783
56.479568,60,507.488109
56.183506,60,507.546508
58.12032,60,507.6078
56.170071,60,508.232839
57.810956,60,508.283612
56.868115,60,508.335407
56.459676,60,508.390791
57.418064,60,508.443626
57.713271,60,508.493905
57.845606,60,508.546764
58.475128,60,508.603068
57.391757,60,508.656379
53.989527,60,508.711754
56.307497,60,508.766012
57.546937,60,508.817798
56.97262,60,508.875237
57.575316,60,508.931614
57.95,60,508.983409
56.86872,60,509.035702
45.688505,60,509.090911
57.33486,60,509.739889
58.990823,60,509.79284
51.876711,60,509.848119
18.871769,60,509.905978
52.418147,60,509.963244
56.528728,60,510.017034
57.40627,60,510.073054
23.020074,60,510.127458
58.236559,60,510.179747
56.410813,60,510.228577
33.876628,58,510.278374
56.818556,60,510.331194
57.377137,60,510.382528
57.980457,60,510.437409
42.419562,60,510.490809
57.194782,60,510.545429
56.614877,60,510.601051
57.842534,60,511.227861
56.386392,60,511.281662
57.580789,60,511.335559
53.751255,60,511.390853
57.424088,60,511.446308
57.183387,60,511.50215
56.817611,60,511.558874
56.856651,60,511.614735
57.41352,60,511.673045
57.581515,60,511.728349
51.106769,60,511.779536
56.95,60,511.835296
57.523316,60,511.889566
36.091191,60,511.945809
40.690888,60,512.003793
57.136656,60,512.061618
51.546641,60,512.118374
57.566404,60,512.738268
57.15101,60,512.789618
55.339662,60,512.843467
56.588079,60,512.896758
57.916362,60,512.941373
57.653718,60,512.996987
56.987933,60,513.052209
33.7447,60,513.106873
57.985499,60,513.156757
57.490629,60,513.206552
56.528234,60,513.255419
57.87223,60,513.31282
54.915311,60,513.366117
54.739259,60,513.413369
56.731374,60,513.467177
53.088156,60,513.522124
38.82531,60,513.5744
53.274887,60,514.22823
57.684169,60,514.284064
56.419373,60,514.341746
57.402103,60,514.401521
57.778061,60,514.455781
58.269673,60,514.51008
56.77382,60,514.561991
57.520822,60,514.615237
56.24987,60,514.671438
57.437297,60,514.720588
57.0158,60,514.77066
30.83365,60,514.822642
57.806003,60,514.876446
57.267246,60,514.930815
56.978177,60,514.983108
40.448439,60,515.037405
54.710078,60,515.090664
16.536504,60,515.719361
57.687394,60,515.773576
57.0,60,515.831675
57.624992,60,515.890023
57.021941,60,515.947244
57.550063,60,516.00012
54.975095,60,516.05345
56.893684,60,516.109733
53.373982,60,516.162495
58.324186,60,516.216271
56.357565,60,516.266514
57.006802,60,516.320096
56.305282,60,516.377439
58.275908,60,516.427711
58.028077,60,516.483701
57.316562,60,516.551695
57.523171,60,516.600024
56.486085,60,517.313699
58.159469,60,517.373206
57.639974,60,517.43302
57.579892,60,517.494848
55.840936,60,517.555162
56.85827,60,517.618613
53.491525,60,517.675962
56.727801,60,517.742924
57.003577,60,517.803783
55.612782,60,517.862111
50.057961,60,517.921502
34.384047,59,517.984251
57.960513,60,518.044023
57.611298,60,518.106847
57.236236,60,518.167087
52.546886,60,518.222982
33.850428,60,518.281792
57.564704,60,518.940642
58.833211,60,518.994009
49.776578,60,519.046886
57.094604,60,519.106108
57.22471,60,519.165424
57.647504,60,519.22269
49.216325,60,519.280057
56.860912,60,519.338237
56.719119,60,519.397524
56.905258,60,519.457201
56.264903,60,519.513364
56.711194,60,519.573626
53.006393,60,519.631071
57.927949,60,519.688842
57.835138,60,519.746149
50.725384,60,519.800009
57.765037,60,519.859916
57.608447,60,520.544581
56.159813,60,520.612456
22.915236,60,520.67886
57.402803,60,520.745229
53.680852,60,520.814111
57.657473,60,520.883079
56.949823,60,520.944437
57.977624,60,521.011225
56.988087,60,521.075678
45.561446,60,521.138593
57.347338,60,521.198968
57.985309,60,521.259428
56.371575,60,521.319344
57.25,60,521.378761
58.340561,60,521.442201
57.854095,60,521.504692
57.179465,60,521.574938
57.702906,60,522.294921
58.029323,60,522.351829
56.829064,60,522.409558
57.281364,60,522.468749
55.803264,60,522.527349
56.074294,60,522.587584
57.145224,60,522.647987
57.875812,60,522.706282
56.947199,60,522.764073
57.15,60,522.827059
56.701976,60,522.887423
57.728265,60,522.95987
50.385005,60,523.020827
57.347191,60,523.07959
54.183632,60,523.140973
50.523681,60,523.202983
14.939273,37,523.241215
43.518441,60,523.301612
58.04631,60,524.2027
57.168666,60,524.290741
58.637812,60,524.387461
55.899015,60,524.450891
47.312901,60,524.507256
56.968963,60,524.565692
49.830891,60,524.619556
25.611739,60,524.679937
27.333661,60,524.742771
35.195438,60,524.798539
57.586929,60,524.853534
57.777319,60,524.906873
57.099704,60,524.957741
54.729752,60,525.015165
58.943244,60,525.069479
57.708127,60,525.123825
57.702775,60,525.179707
57.020884,60,525.824386
56.238148,60,525.88151
57.270669,60,525.9349
57.225883,60,525.983239
57.977435,60,526.039537
57.094824,60,526.099475
57.829714,60,526.152794
58.275108,60,526.205542
50.521042,60,526.264987
57.499942,60,526.319146
18.913031,60,526.379091
57.533253,60,526.438916
58.244795,60,526.497764
57.831121,60,526.553726
57.474634,60,526.605538
57.923173,60,526.65631
58.289176,60,526.705167
56.758412,60,527.309414
52.900983,60,527.366366
52.911752,60,527.422276
56.383205,60,527.477607
54.912375,60,527.5264
55.530159,60,527.583276
57.611,60,527.638663
57.335379,60,527.690929
56.7854,60,527.747763
58.278195,60,527.804596
57.728632,60,527.856594
58.022553,60,527.909635
56.258453,60,527.967432
7.468323,44,528.006653
58.070069,60,528.059465
57.057409,60,528.118916
57.452796,60,528.173763
35.80645,60,528.804212
54.905495,60,528.853471
29.147295,60,528.905875
58.153086,60,528.955096
55.852868,60,529.005839
55.578715,60,529.056766
57.519387,60,529.109606
38.422948,60,529.16595
57.675488,60,529.215789
57.783583,60,529.269157
58.483593,60,529.320648
27.753375,60,529.375928
57.215537,60,529.426861
44.834674,60,529.482679
56.622983,60,529.545146
57.34634,60,529.598587
31.350737,60,529.650937
56.387281,60,530.291999
57.973324,60,530.347371
57.533725,60,530.398776
57.63623,60,530.449621
57.758171,60,530.509532
57.233302,60,530.566105
58.04233,60,530.618894
56.247836,60,530.674825
58.238219,60,530.727299
57.578406,60,530.796356
56.792648,60,530.858163
57.750085,60,530.925816
57.72917,60,530.993763
57.222277,60,531.058652
57.238627,60,531.118947
57.926473,60,531.186234
54.519203,60,531.2387
47.861646,60,531.899421
49.869028,60,531.958018
57.120906,60,532.016444
58.110501,60,532.071836
43.836771,60,532.127686
53.097434,60,532.193631
42.574953,60,532.266118
54.078978,60,532.330599
33.38792,60,532.389415
58.140496,60,532.460411
52.804008,60,532.522251
57.914402,60,532.589696
56.649729,60,532.649593
28.256619,46,532.692264
57.544233,60,532.752651
56.341568,60,532.81147
57.898081,60,532.872428
55.861739,60,532.927271
57.399245,60,533.624246
57.831882,60,533.686774
58.570754,60,533.746692
38.983912,60,533.808885
57.392715,60,533.883306
58.025691,60,533.94793
57.887882,60,534.01697
58.121187,60,534.089495
41.226688,60,534.154402
54.50389,60,534.218773
58.260137,60,534.279803
55.438358,60,534.354828
58.465952,60,534.412541
57.619153,60,534.47295
58.44272,60,534.572078
57.936749,60,534.658069
57.524282,60,534.708903
56.722726,60,535.364457
56.938592,60,535.423442
57.935469,60,535.477332
57.244957,60,535.53227
57.502348,60,535.599219
57.566659,60,535.658191
54.321421,60,535.71409
52.595608,60,535.770417
57.640978,60,535.821531
58.30094,60,535.872843
56.907972,60,535.925775
52.106244,60,535.977601
57.327317,60,536.03264
56.883297,60,536.088034
57.21903,60,536.156054
56.770124,60,536.236625
57.091896,60,536.297439
58.074212,60,536.990646
57.721823,60,537.038999
57.390082,60,537.088922
57.607798,60,537.137289
57.248031,60,537.186262
55.879335,60,537.243599
56.973315,60,537.302378
44.418688,60,537.358056
57.597406,60,537.410243
57.564022,60,537.459216
54.848307,60,537.512616
54.998051,60,537.564067
54.815703,60,537.61491
57.940524,60,537.666129
57.484353,60,537.718585
58.025761,60,537.770402
57.653741,60,537.825821
51.018061,60,538.44749
56.514659,60,538.495715
57.160833,60,538.544552
56.036106,60,538.593942
53.77786,60,538.640756
55.047069,60,538.694574
56.761218,60,538.746536
54.418801,60,538.798914
56.815993,60,538.854242
57.971021,60,538.909584
56.860562,60,538.956921
35.691112,60,539.001226
57.081612,60,539.052586
57.721551,60,539.107036
58.325845,60,539.151305
56.438718,60,539.201145
58.0077,60,539.256629
57.566001,60,539.965351
56.944561,60,540.016707
58.05,60,540.073123
57.165751,60,540.129609
57.147684,60,540.185101
57.08882,60,540.237397
53.993776,60,540.291255
55.380791,60,540.346034
54.974355,60,540.399413
54.139028,60,540.460397
56.515152,60,540.518448
57.592484,60,540.574215
58.592544,60,540.641681
56.968937,60,540.696621
32.225718,53,540.748027
56.434702,60,540.808472
57.785578,60,540.865236
57.11488,60,541.551667
57.782517,60,541.612655
30.073322,60,541.669083
57.134859,60,541.724474
54.135883,60,541.783812
56.981922,60,541.843747
56.986685,60,541.90469
57.02139,60,541.963036
56.936755,60,542.02477
57.89606,60,542.083518
56.792106,60,542.140231
57.432864,60,542.198148
58.102317,60,542.256626
57.044438,60,542.307993
57.478478,60,542.361893
57.532411,60,542.41727
56.361111,60,542.472704
56.998945,60,543.199109
57.728717,60,543.256258
56.294431,60,543.317077
57.735584,60,543.374986
58.994113,60,543.433467
57.259412,60,543.498236
55.400801,60,543.57419
57.492329,60,543.644174
32.909958,60,543.701056
57.624515,60,543.756975
58.162999,60,543.812805
56.395122,60,543.866611
58.099206,60,543.92049
12.700766,34,543.95412
17.885978,39,543.992252
57.679905,60,544.053356
55.557697,60,544.110107
57.829153,60,544.171057
57.385063,60,544.817082
55.612777,60,544.870912
56.811213,60,544.926592
42.436696,60,544.982234
49.707643,60,545.037555
58.05,60,545.092493
58.222134,60,545.149455
57.34143,60,545.207838
53.698388,60,545.260161
55.943311,60,545.315099
41.877233,60,545.370973
57.809816,60,545.426402
58.528524,60,545.479199
57.752922,60,545.535882
57.58064,60,545.594845
57.327252,60,545.648839
57.646991,60,545.705085
57.8,60,546.355174
55.342973,60,546.41122
55.533872,60,546.470107
57.277393,60,546.52804
58.258509,60,546.582992
58.108302,60,546.639287
37.1582,60,546.691656
57.984329,60,546.74364
57.448743,60,546.797555
57.462941,60,546.84991
49.706044,60,546.904225
57.520168,60,546.960175
57.68022,60,547.013525
54.998418,60,547.067865
57.615193,60,547.126306
55.888511,60,547.185143
56.819299,60,547.24412
56.310372,60,547.904366
57.559771,60,547.963752
56.950504,60,548.015229
57.39893,60,548.073107
32.817861,54,548.12394
56.755499,60,548.178832
56.874654,60,548.236708
57.003865,60,548.293981
58.02844,60,548.351784
58.772923,60,548.409143
58.2,60,548.465528
57.973669,60,548.521771
16.685075,60,548.57887
57.777647,60,548.634206
56.121695,60,548.687512
57.696667,60,548.744392
58.365009,60,548.799086
56.85875,60,549.441697
58.244143,60,549.502639
56.036364,60,549.558345
35.072396,60,549.615102
57.251328,60,549.673357
50.482529,60,549.728071
55.494544,60,549.78291
28.988017,52,549.831758
57.524729,60,549.887557
57.771002,60,549.947893
57.102106,60,550.003178
58.084955,60,550.062008
54.618608,60,550.120836
50.040101,60,550.176784
57.377324,60,550.234123
21.823508,44,550.278006
56.75,60,550.33341
57.560551,60,550.39077
56.043415,60,551.045166
56.990325,60,551.10405
58.217793,60,551.15999
57.473743,60,551.2134
57.383616,60,551.266867
54.413089,60,551.325195
57.965423,60,551.382009
56.196585,60,551.440867
58.222464,60,551.49773
56.961177,60,551.555044
55.717664,60,551.608113
57.491206,60,551.66346
57.378473,60,551.719374
54.597757,60,551.774152
29.987696,60,551.823983
55.43529,60,551.877291
55.488172,60,551.929326
57.138842,60,552.572675
58.15,60,552.630032
55.11076,60,552.685952
57.691511,60,552.738844
58.153135,60,552.793772
57.071181,60,552.847513
31.883707,60,552.905372
57.057385,60,552.962165
57.02472,60,553.019077
57.51962,60,553.074518
55.557284,60,553.12931
56.619448,60,553.18459
57.342534,60,553.235335
57.352318,60,553.289192
57.67271,60,553.343047
57.25,60,553.398926
57.292321,60,553.455782
56.636769,60,554.095035
49.839151,60,554.153409
56.841743,60,554.207295
57.581095,60,554.262152
56.64808,60,554.32238
57.858819,60,554.376666
56.430568,60,554.43347
57.655706,60,554.490966
58.229813,60,554.545389
56.704844,60,554.601162
57.1238,60,554.655657
57.859194,60,554.713444
58.333213,60,554.76531
55.789612,60,554.824386
39.094663,60,554.879188
56.016922,60,554.934611
49.253747,60,554.991436
56.916703,60,555.630945
58.607915,60,555.68528
54.431587,60,555.741222
56.911198,60,555.794139
58.027304,60,555.846939
57.422933,60,555.903997
57.351129,60,555.962094
57.650534,60,556.017894
58.319281,60,556.073777
57.6675,60,556.130735
56.21096,60,556.188066
54.705448,60,556.241427
57.989487,60,556.297253
56.788595,60,556.353215
57.606934,60,556.407503
56.383096,60,556.461966
57.883472,60,556.518924
15.213106,60,557.170384
57.882811,60,557.225713
57.570226,60,557.283641
57.156115,60,557.338958
57.061448,60,557.399344
57.17496,60,557.46024
42.616748,60,557.519103
57.222333,60,557.572944
48.104324,60,557.631234
49.78773,60,557.687491
57.236948,60,557.743847
57.4,60,557.794644
57.673549,60,557.844417
57.287685,60,557.897214
54.227848,60,557.952696
57.998973,60,558.005558
57.040317,60,558.067992
56.576177,60,558.726166
57.093265,60,558.779055
56.633742,60,558.836925
57.865674,60,558.892261
56.630932,60,558.94761
57.688641,60,559.004658
56.584535,60,559.061831
56.761985,60,559.116036
56.186207,60,559.174387
56.912262,60,559.235352
46.964946,60,559.292284
57.579302,60,559.345629
55.778974,60,559.398325
57.072885,60,559.453669
58.292707,60,559.511536
46.822029,60,559.56527
48.189728,60,559.621655
20.718556,60,560.249124
58.9,60,560.305522
56.492953,60,560.36193
42.920899,60,560.421294
57.743442,60,560.480227
58.297546,60,560.534596
50.372689,60,560.589012
55.184125,60,560.643366
57.552177,60,560.695674
57.3,60,560.751701
58.494065,60,560.806198
57.495327,60,560.86421
57.231009,60,560.920079
56.423488,60,560.976353
57.744569,60,561.035705
57.957183,60,561.092573
42.723866,60,561.14785
41.598689,60,561.829762
56.632823,60,561.88562
57.546601,60,561.938024
56.920067,60,561.99331
54.855297,60,562.046164
57.738446,60,562.099607
57.296707,60,562.153812
56.118144,60,562.212175
57.272849,60,562.271578
31.424004,60,562.328982
57.985302,60,562.38329
50.266354,60,562.437184
57.627618,60,562.495665
57.869767,60,562.575335
57.520556,60,562.642825
56.829005,60,562.702675
57.580413,60,562.757062
57.700115,60,563.497973
58.453437,60,563.555392
50.553018,60,563.609804
21.607001,41,563.648093
12.216307,60,563.707688
56.618755,60,563.764573
57.014955,60,563.819011
56.804493,60,563.878346
57.678543,60,563.938628
57.45743,60,563.999098
59.11904,60,564.059897
58.572679,60,564.11519
28.0221,60,564.173024
54.917867,60,564.228219
56.879529,60,564.28865
57.056951,60,564.343459
54.300589,60,564.398309
57.258588,60,564.458203
51.355231,60,565.090727
57.118562,60,565.143138
56.853254,60,565.195996
56.65831,60,565.253422
57.37008,60,565.308804
56.113789,60,565.366104
56.629382,60,565.420594
56.311387,60,565.476433
56.055248,60,565.53275
58.152822,60,565.591012
56.891568,60,565.642311
57.561678,60,565.698598
56.51534,60,565.757503
57.815369,60,565.812206
53.196359,60,565.869035
49.595968,60,565.927372
56.519587,60,565.983169
57.419804,60,566.640708
52.977832,60,566.698192
56.547635,60,566.753047
56.78583,60,566.808601
57.338661,60,566.864505
57.415296,60,566.920884
57.049732,60,566.975143
57.429889,60,567.032944
58.198867,60,567.085832
57.685265,60,567.141087
56.76747,60,567.19691
56.956369,60,567.254823
57.985277,60,567.313631
53.604428,60,567.367893
50.877474,60,567.421737
58.329684,60,567.479051
28.347398,50,567.526418
57.89613,60,568.171424
41.18254,60,568.22577
53.505583,60,568.282101
58.272715,60,568.333389
57.460444,60,568.388688
54.139877,60,568.445577
58.072529,60,568.503004
43.870811,60,568.556853
27.790235,60,568.613151
56.676901,60,568.66897
56.806003,60,568.725441
57.829271,60,568.780872
57.102121,60,568.835777
56.281172,60,568.890117
57.10622,60,568.941953
57.731224,60,568.998858
57.983395,60,569.056684
57.590915,60,569.692433
57.645417,60,569.747229
31.928969,60,569.80096
57.427367,60,569.8572
39.361824,60,569.910331
58.172231,60,569.962645
57.340833,60,570.018951
55.212331,60,570.073736
58.026933,60,570.132653
55.733377,60,570.186977
52.768183,60,570.247384
57.900657,60,570.305808
57.705418,60,570.363198
57.575145,60,570.427547
55.640242,60,570.49239
57.36921,60,570.547722
58.641096,60,570.602513
57.019805,60,571.238942
48.996345,60,571.28977
58.304203,60,571.345128
57.980577,60,571.396557
58.494086,60,571.451902
57.312787,60,571.511704
57.056944,60,571.568777
54.033867,60,571.62394
57.471048,60,571.678099
57.408842,60,571.732169
58.064242,60,571.786512
58.195372,60,571.83636
56.706238,60,571.889783
57.947249,60,571.943086
58.41376,60,571.992889
40.541926,60,572.042774
57.98428,60,572.091581
57.668132,60,572.731728
57.335678,60,572.786247
57.540516,60,572.83988
58.84193,60,572.890699
56.244338,60,572.946259
57.73558,60,573.004533
54.727447,60,573.066273
50.269097,60,573.120671
58.111967,60,573.178056
57.829874,60,573.226939
43.66303,60,573.282241
56.735317,60,573.335569
57.585224,60,573.387609
55.859466,60,573.438009
57.032149,60,573.491051
53.680776,60,573.54836
58.215082,60,573.59978
43.231634,60,574.20686
49.498279,60,574.255388
56.413128,60,574.308658
57.774438,60,574.362934
56.727907,60,574.413238
57.838598,60,574.461802
54.72368,60,574.511206
57.791241,60,574.557967
57.539389,60,574.608842
57.747089,60,574.657198
57.32124,60,574.707123
57.962797,60,574.760949
57.316701,60,574.81987
57.742585,60,574.869822
58.0063,60,574.924117
57.184768,60,574.975953
58.162044,60,575.027834
37.275031,60,575.6253
58.105699,60,575.677668
54.666993,60,575.734061
52.18199,60,575.784834
55.818845,60,575.838111
39.82469,60,575.8944
58.222068,60,575.951339
16.181751,60,576.001599
58.242396,60,576.055436
56.405672,60,576.107845
29.734279,60,576.163275
31.541945,60,576.216582
57.166237,60,576.267405
57.182386,60,576.31878
57.317837,60,576.372149
56.406736,60,576.420547
57.869375,60,576.47232
57.678872,60,577.048735
26.956749,60,577.102
57.904165,60,577.15535
55.009953,60,577.206041
57.299119,60,577.256695
57.105962,60,577.306843
57.560034,60,577.357584
47.786406,60,577.410458
57.155765,60,577.461333
58.307083,60,577.516665
57.621873,60,577.568853
51.575008,60,577.618636
57.736268,60,577.667922
59.231255,60,577.734268
57.043596,60,577.785994
57.480344,60,577.838765
56.714912,60,577.895036
58.000906,60,578.505442
57.446714,60,578.560709
50.495242,60,578.608508
57.307903,60,578.660434
57.152358,60,578.710782
57.917937,60,578.759457
42.161268,60,578.812851
55.900902,60,578.866091
58.688428,60,578.919414
56.845716,60,578.967614
53.177963,60,579.015472
57.089034,60,579.06227
56.866015,60,579.113049
57.168842,60,579.168303
58.108352,60,579.221143
57.391246,60,579.270949
56.601996,60,579.326245
57.378086,60,579.380519
58.2,60,579.978331
57.982517,60,580.032691
57.338054,60,580.088534
58.418805,60,580.137322
57.162196,60,580.191779
57.57582,60,580.247575
57.358501,60,580.299841
58.234466,60,580.350204
56.214867,60,580.403961
56.876386,60,580.457777
53.545334,60,580.512174
57.107995,60,580.563467
40.966319,60,580.617276
55.734617,60,580.668602
56.753575,60,580.720433
58.022914,60,580.771681
55.215252,60,580.826451
57.379827,60,581.395157
57.576406,60,581.447825
56.185265,60,581.502352
38.122232,60,581.551667
56.957743,60,581.60359
56.910716,60,581.654889
57.556525,60,581.708249
56.668238,60,581.761625
57.425929,60,581.818462
56.335563,60,581.877403
55.67593,60,581.934291
53.678972,60,581.987219
57.650545,60,582.045951
42.161733,60,582.101708
58.170128,60,582.158582
52.217243,60,582.214353
57.440796,60,582.272812
57.444714,60,582.911518
57.254128,60,582.966824
57.088477,60,583.019483
57.033082,60,583.072743
58.778706,60,583.127027
47.302971,60,583.180894
57.266531,60,583.236801
55.486642,60,583.285626
57.898229,60,583.340372
56.976373,60,583.394651
57.897828,60,583.445996
57.456248,60,583.505935
45.892783,60,583.561264
53.695153,60,583.613484
56.009438,60,583.677082
57.196871,60,583.733839
42.02345,60,583.787822
52.723096,60,584.433121
57.84155,60,584.487966
57.056835,60,584.54243
56.80911,60,584.602251
57.483432,60,584.659613
58.168405,60,584.713426
58.053153,60,584.770886
56.898978,60,584.825661
57.128958,60,584.878542
56.699936,60,584.937306
57.455217,60,584.995288
18.47738,40,585.033158
57.194237,60,585.094143
57.635449,60,585.165787
56.275862,60,585.240855
53.944513,60,585.297408
58.332017,60,585.352739
57.6,60,585.963178
58.535535,60,586.014517
57.483071,60,586.066849
57.806955,60,586.120111
51.715541,60,586.174515
56.954094,60,586.228418
31.243342,60,586.281231
55.820919,60,586.338123
52.922517,60,586.393924
57.855295,60,586.448194
57.65,60,586.498606
57.125701,60,586.552438
56.672192,60,586.606282
57.435867,60,586.658544
57.504075,60,586.713825
48.735272,60,586.765639
55.301475,60,586.817833
11.146814,35,586.851115
56.524943,60,587.536009
57.005017,60,587.598319
56.554,60,587.654269
55.332436,60,587.712638
57.642373,60,587.766392
57.555718,60,587.814727
56.294831,60,587.862618
40.368318,60,587.913926
58.355405,60,587.972978
57.84631,60,588.026803
57.744347,60,588.082688
57.359489,60,588.135046
56.1662,60,588.191885
57.67259,60,588.250247
57.395409,60,588.306115
57.474631,60,588.362978
57.089915,60,588.421525
8.415961,30,589.05916
56.74373,60,589.11652
57.057448,60,589.175892
54.180338,60,589.23224
57.068826,60,589.287082
56.732682,60,589.351075
57.65,60,589.411503
56.401199,60,589.468488
57.281141,60,589.529807
57.757128,60,589.589229
57.880181,60,589.644596
56.604924,60,589.701971
56.40193,60,589.760306
56.904353,60,589.818332
57.214468,60,589.874741
57.597511,60,589.929152
36.085513,60,589.989615
57.068298,60,590.627264
54.023627,60,590.681563
57.987685,60,590.737758
57.468494,60,590.792193
44.302818,60,590.846065
58.239075,60,590.899479
26.881592,60,590.957798
57.450435,60,591.016376
53.67068,60,591.071617
57.508972,60,591.124985
54.195694,60,591.187894
57.02207,60,591.241129
58.136417,60,591.294466
54.385659,60,591.348418
46.593778,60,591.405667
58.164272,60,591.461915
57.006248,60,591.519449
56.234025,60,592.175639
55.54859,60,592.228521
58.392629,60,592.279413
34.395397,60,592.332761
52.757381,60,592.386938
31.492863,60,592.440159
57.194039,60,592.495469
57.482681,60,592.546606
57.519742,60,592.60138
56.920345,60,592.65489
57.4113,60,592.708121
46.916906,60,592.76539
57.9,60,592.819162
57.727261,60,592.873474
56.633931,60,592.929906
57.178434,60,592.987227
49.583458,60,593.044197
58.507838,60,593.686588
57.256476,60,593.744412
27.43392,50,593.79062
36.610643,57,593.844977
56.905755,60,593.906352
57.485394,60,593.961265
58.764794,60,594.015462
57.559097,60,594.076241
56.886709,60,594.133191
55.299097,60,594.188008
57.724611,60,594.244437
45.240921,60,594.298303
56.782804,60,594.351583
28.080192,52,594.398516
56.190665,60,594.456453
57.878938,60,594.512229
57.715071,60,594.57111
57.832505,60,594.632474
55.925307,60,595.32818
57.920022,60,595.384988
57.395073,60,595.440282
58.083048,60,595.495034
56.896738,60,595.551758
54.034673,60,595.608332
46.206753,60,595.666377
57.819695,60,595.721174
57.001202,60,595.783618
24.599937,60,595.847537
58.329966,60,595.907425
56.963248,60,595.969851
58.016704,60,596.032174
57.569214,60,596.099569
55.309424,60,596.15608
56.682611,60,596.21612
57.131091,60,596.270353
58.423892,60,596.920697
56.595759,60,596.977998
57.464419,60,597.030833
58.528325,60,597.08711
56.424532,60,597.144515
56.658619,60,597.198429
57.047202,60,597.25669
57.478522,60,597.313085
56.161976,60,597.367913
22.346898,60,597.422395
57.835276,60,597.481756
57.264726,60,597.538028
55.344396,60,597.598415
56.359021,60,597.6573
57.751158,60,597.711737
57.055005,60,597.766031
56.85035,60,597.82493
57.677038,60,598.501682
57.216259,60,598.557549
57.106111,60,598.616948
58.029177,60,598.67231
57.650384,60,598.730697
56.843618,60,598.793519
56.20428,60,598.847345
57.277786,60,598.902706
57.965757,60,598.962615
56.961557,60,599.01649
57.541819,60,599.070444
56.538783,60,599.128293
29.881355,60,599.183037
56.974443,60,599.238419
57.396636,60,599.295163
53.967685,60,599.353681
57.634965,60,599.41151
57.414436,60,600.067557
55.023957,60,600.12091
57.030413,60,600.177717
57.874307,60,600.236661
57.386243,60,600.29304
55.700091,60,600.347882
43.518133,60,600.407886
56.048559,60,600.4668
48.277575,60,600.52255
57.381556,60,600.580396
53.624453,60,600.636481
46.123051,60,600.702004
57.713545,60,600.784358
23.58862,60,600.844053
57.622438,60,600.902495
55.162466,60,600.960911
55.891933,60,601.017327
