#{"t_start": 1790474652.5433118, "env_id": "None"}
r,l,t
10.135724,50,3.604827
17.850897,60,3.711252
20.958296,60,3.831059
29.837162,60,3.930541
15.076015,60,4.037308
23.764659,60,4.125326
17.903224,53,4.21738
9.854741,60,4.306487
3.597293,31,4.353611
10.330969,43,4.423665
1.290853,26,4.463901
19.574493,60,4.561894
6.716847,46,4.638818
23.06382,60,4.736463
4.877555,36,4.798463
22.728096,60,4.89299
7.513715,60,4.986187
14.075106,54,5.069173
9.293651,44,5.141618
19.488732,60,5.239483
21.069043,60,5.371982
35.361068,60,5.473878
49.040772,60,5.569525
16.595441,60,5.684345
7.695152,46,5.767892
22.436844,60,5.875954
9.38902,36,5.947574
15.696511,59,6.06354
5.366359,46,6.139465
18.167478,60,6.241586
5.214452,39,6.295414
7.222276,51,6.383977
19.633884,60,6.495299
12.299201,60,6.591027
18.173636,55,6.672323
11.504138,60,6.770179
8.849746,50,6.850584
14.310122,58,6.936598
16.195546,60,7.026235
6.024575,32,7.07152
15.896797,60,7.153656
4.620805,55,7.233112
19.851602,53,7.311511
19.640985,60,7.396405
12.683123,48,7.460843
17.920844,60,7.555048
8.22601,40,7.618873
19.300722,60,7.721219
14.722616,60,7.825826
18.70328,60,7.918493
4.966033,37,7.971329
18.459857,53,8.048766
4.358709,44,8.114616
9.146322,56,8.204063
13.24531,60,8.298639
1.768585,21,8.327842
6.696493,60,8.42155
9.272535,45,8.499496
14.307374,60,8.636461
22.666942,60,8.757944
13.522905,49,8.840955
28.114711,60,8.950464
24.373911,60,9.04403
14.323529,60,9.142516
12.367986,60,9.236031
11.389123,42,9.329121
10.071013,46,9.411436
14.013267,48,9.493937
5.636801,33,9.545335
9.099828,31,9.587664
11.129852,59,9.678763
16.059186,60,9.771449
13.11812,60,9.876248
5.279016,33,9.934021
38.786831,60,10.025022
6.028439,59,10.107448
14.698611,60,10.190466
21.012295,60,10.272434
11.435171,42,10.325758
9.111519,57,10.402734
26.952057,60,10.48116
12.620761,60,10.573852
10.643876,57,10.632576
29.31147,60,10.733644
13.666266,60,10.828413
20.892076,60,10.92116
14.108906,48,10.993636
11.19859,42,11.055029
12.591506,36,11.114968
21.550786,60,11.2097
22.615973,60,11.299762
7.239104,52,11.378312
21.806211,60,11.464907
22.980678,60,11.5596
24.863171,60,11.651793
20.564815,60,11.742902
25.189482,60,11.849564
13.425017,60,11.941623
22.025878,60,12.03351
4.024628,30,12.078774
10.881637,56,12.173483
23.248963,60,12.257015
10.091477,44,12.331547
6.943522,49,12.418687
9.302496,40,12.482649
24.851194,60,12.566591
33.380785,60,12.650203
4.677032,38,12.698959
19.649808,52,12.75636
12.688434,60,12.829391
28.065976,60,12.898433
13.941954,57,12.964905
4.618473,30,12.998697
17.870796,60,13.069623
19.293575,60,13.130386
21.692033,60,13.216587
4.854881,31,13.266353
10.651334,58,13.362442
17.985236,60,13.464452
27.235057,60,13.546735
12.683747,53,13.628115
6.717924,31,13.677362
28.649683,60,13.777511
17.259252,60,13.87274
19.394685,60,13.968384
10.167335,60,14.061595
26.411146,60,14.145699
18.664798,60,14.236386
27.738255,60,14.322827
28.389211,60,14.414813
3.087716,31,14.465595
10.454606,50,14.55
23.596565,60,14.633806
21.044328,60,14.743262
19.96178,60,14.830803
15.437533,50,14.884691
24.666311,60,14.954466
8.443524,60,15.029266
23.606728,60,15.092705
4.671416,34,15.151271
18.705156,50,15.229819
10.639786,43,15.298248
24.159095,60,15.389816
19.610083,60,15.483335
14.080215,60,15.581574
16.228228,60,15.749534
22.345924,60,15.8471
21.415412,60,15.937143
18.797461,60,16.023095
22.613536,60,16.11353
23.276897,60,16.200319
20.759444,60,16.290723
5.189134,36,16.337916
11.581375,59,16.427533
30.913219,60,16.514147
21.426028,60,16.606783
12.690536,37,16.663224
9.406167,46,16.728593
18.472312,60,16.822772
4.819208,31,16.871551
30.916817,60,16.960688
14.856316,60,17.050289
21.857268,60,17.135314
10.406411,60,17.230792
14.371863,51,17.30721
35.942106,60,17.414401
17.922084,50,17.496003
12.043674,37,17.561949
16.803016,60,17.654055
16.642572,60,17.764687
22.229733,60,17.852518
4.976133,28,17.892742
14.086991,60,17.99379
26.257734,60,18.083946
23.30286,60,18.169001
11.340932,50,18.241084
2.95711,29,18.278307
25.365447,60,18.357381
16.489921,52,18.435625
1.008238,24,18.47586
20.070737,52,18.545718
7.519991,46,18.62056
13.648783,60,18.721401
28.628949,60,18.818313
14.501418,60,18.908186
13.675796,60,19.001951
13.431051,60,19.098526
10.960016,45,19.172941
6.977146,46,19.253346
28.103849,60,19.346428
20.449445,52,19.42838
29.180028,60,19.524366
10.616558,60,19.613384
23.071649,60,19.702606
30.988614,60,19.779982
16.855109,60,19.86631
24.857623,60,19.961845
8.89152,43,20.017163
8.40141,43,20.078055
7.258153,55,20.15354
40.263583,60,20.242708
24.084205,60,20.326697
27.512095,60,20.414094
33.342572,60,20.509178
19.660769,60,20.596473
14.699439,60,20.691376
13.874424,60,20.777505
16.275679,57,20.869136
30.780931,60,20.956075
12.298695,46,21.025443
27.54518,60,21.118484
16.23728,60,21.213377
7.327029,40,21.27674
18.065202,60,21.3671
8.722887,52,21.442039
27.903492,60,21.52491
34.982957,60,21.626089
19.005166,60,21.720808
12.559439,60,21.805242
33.424419,60,21.904799
32.141306,60,22.000922
17.2946,60,22.094974
46.866226,60,22.176957
15.546469,60,22.262985
33.683952,60,22.354623
31.679119,60,22.438143
31.181603,60,22.520132
36.892656,60,22.607656
27.808805,60,22.694334
20.474777,60,22.78788
14.291619,46,22.862233
10.766338,60,22.962698
20.17824,60,23.055177
17.365115,60,23.149255
37.1714,60,23.235799
30.583853,60,23.315742
27.280437,60,23.404258
11.643214,58,23.479531
20.185001,60,23.558481
5.510737,44,23.625412
12.449083,44,23.692829
12.563748,51,23.767704
35.174603,60,23.867169
31.124513,60,23.965494
19.196304,60,24.052176
34.224942,60,24.139004
14.708962,47,24.212827
10.272284,34,24.265647
19.780247,60,24.358359
28.231235,60,24.442851
23.910149,60,24.504107
30.072257,60,24.574018
16.626305,60,24.664518
29.545731,60,24.741482
32.89749,60,24.82116
29.451501,60,24.905284
14.426387,60,24.988235
22.685054,60,25.075679
31.37871,60,25.152378
24.974281,60,25.230529
9.156411,50,25.300025
26.557805,60,25.381522
15.493662,39,25.430822
43.095126,60,25.508471
10.733167,47,25.577515
20.228378,60,25.672037
10.474248,48,25.747857
26.982758,60,25.836444
20.952308,60,25.914996
25.382383,60,25.992453
35.558044,60,26.072946
36.047009,60,26.164294
30.002587,60,26.255284
8.982366,60,26.342142
45.823779,60,26.434614
29.596641,60,26.522218
24.665977,49,26.587116
24.061173,60,26.668165
34.682752,60,26.758365
27.875992,60,26.843431
12.396843,56,26.922366
17.04201,60,27.009377
11.56776,57,27.092316
10.776819,44,27.166306
20.438697,58,27.257492
35.255086,60,27.338016
12.261261,39,27.400382
19.024432,56,27.499138
19.856581,60,27.590659
36.015815,60,27.707754
13.093899,60,27.794013
5.587383,31,27.830372
22.983771,60,27.912234
33.155045,60,28.001794
13.915854,60,28.0742
36.215717,60,28.146118
46.85009,60,28.241381
31.248691,60,28.344058
26.970418,60,28.456156
20.147818,57,28.551052
17.819238,60,28.642114
8.420078,50,28.723597
3.476468,38,28.783941
19.666092,60,28.881016
32.675708,60,28.983466
40.537372,60,29.081579
18.785816,60,29.171495
4.581602,50,29.243845
20.638097,60,29.340755
31.572982,60,29.441938
24.296396,60,29.537995
31.715063,60,29.640239
10.879843,60,29.746442
24.087626,52,29.837002
28.020317,60,29.945303
27.475536,60,30.051743
20.01923,60,30.158425
38.749041,60,30.256419
19.746899,60,30.362727
24.66323,60,30.460203
12.061415,34,30.513486
22.283781,60,30.628942
27.808343,60,30.732183
28.573009,60,30.842942
20.836136,60,30.957952
10.118409,59,31.062426
30.155324,60,31.161744
5.308903,26,31.207469
18.495099,41,31.26779
17.67178,60,31.359257
25.073999,60,31.448593
24.807961,60,31.532113
14.226544,60,31.613158
17.568585,60,31.715882
19.149732,60,31.806371
16.646739,44,31.879251
24.934435,60,31.969383
33.379038,60,32.060993
18.711826,60,32.154751
23.113978,58,32.249049
21.78566,57,32.342432
15.459401,60,32.434187
15.470444,44,32.506533
9.015188,55,32.59699
17.93115,60,32.685017
28.988482,60,32.783423
4.984698,60,32.857984
21.145772,60,32.955195
21.792771,60,33.055723
42.266775,60,33.148175
20.42673,60,33.242111
20.360474,60,33.330628
11.242941,60,33.411548
12.943289,50,33.488024
14.725736,41,33.55201
27.795056,60,33.63892
42.036634,60,33.732867
23.246035,60,33.832048
14.714419,60,33.920619
17.278159,58,34.009181
21.65045,60,34.097179
28.137995,60,34.178156
36.128006,60,34.255984
27.253451,60,34.346618
17.122669,60,34.430632
25.216691,60,34.514601
31.973917,60,34.605566
12.65358,51,34.687175
26.219326,60,34.770133
47.083509,60,34.855684
13.744366,48,34.936623
24.178369,60,35.023942
26.970862,60,35.117207
24.354395,60,35.212016
12.618328,60,35.31166
44.35745,60,35.405563
20.462155,60,35.492194
25.224335,60,35.59442
27.793651,60,35.683085
25.582232,60,35.779619
34.624873,60,35.884352
18.095879,56,35.96727
11.322271,32,36.019951
30.87667,60,36.11732
37.444463,60,36.221012
12.375006,33,36.272744
27.499296,60,36.359769
10.318356,42,36.428199
14.432517,46,36.503222
19.228554,60,36.59284
15.056166,60,36.678277
26.72227,58,36.76438
31.748679,60,36.849011
19.002837,60,36.938046
7.907284,51,37.02252
32.169862,60,37.107243
34.057872,60,37.204293
12.219435,60,37.295161
32.44214,60,37.37797
34.073826,60,37.470573
45.597135,60,37.564757
10.925846,38,37.626614
22.056469,58,37.726748
26.235532,60,37.817309
15.133105,60,37.927649
26.139233,60,38.025214
11.446274,42,38.089813
16.334292,47,38.154561
15.769613,51,38.243604
23.713447,56,38.334677
15.297563,60,38.423272
20.970134,60,38.539741
41.525357,60,38.63791
9.798329,38,38.721557
21.630853,60,38.820812
35.124301,60,38.921341
42.887501,60,39.018223
19.812937,60,39.122432
16.135397,60,39.223592
9.39893,39,39.281871
37.018293,60,39.373438
27.23188,60,39.465741
6.703467,25,39.504028
16.737983,60,39.592194
22.957153,54,39.676199
22.596029,60,39.764637
26.026641,60,39.870739
13.861984,60,39.96745
28.927526,60,40.053296
32.994104,60,40.141646
14.957123,50,40.218993
24.232587,60,40.307333
25.458145,60,40.401493
26.683293,60,40.499153
33.415577,60,40.589595
15.291214,60,40.677641
46.335007,60,40.764309
38.82831,60,40.852488
10.530136,60,40.950558
20.495597,60,41.03623
27.915707,60,41.133305
24.662676,60,41.223774
27.617385,60,41.316646
41.4176,60,41.402091
17.819083,60,41.502634
20.006122,60,41.592589
15.028824,60,41.683755
28.869687,60,41.788476
20.3522,60,41.871036
38.829827,60,41.961648
16.734553,60,42.046652
42.28951,60,42.124163
19.033721,60,42.211844
21.732044,60,42.303982
28.025971,60,42.39238
14.983153,60,42.502299
40.626902,60,42.604626
11.884516,46,42.671568
41.251958,60,42.764084
28.772763,60,42.854204
41.571582,60,42.952402
34.797615,60,43.0504
16.390215,60,43.142456
21.612201,60,43.220247
8.233497,57,43.312793
27.454594,60,43.402215
25.074007,60,43.506675
20.697487,60,43.612703
37.201251,60,43.715684
26.625722,60,43.813664
17.955418,60,43.913207
12.4605,60,43.997869
20.294695,60,44.092472
15.985236,60,44.198508
30.969999,60,44.28691
31.140389,60,44.376651
16.282922,58,44.466238
31.924949,60,44.561009
6.840474,42,44.627258
24.703797,60,44.718862
23.409095,60,44.806011
22.471228,60,44.896044
41.300887,60,44.979015
17.24205,60,45.071115
16.183671,60,45.169965
27.464691,60,45.26345
31.476814,60,45.361609
29.944874,60,45.449633
27.286968,60,45.550368
12.432232,60,45.645494
16.229005,60,45.746098
8.473137,58,45.83769
27.716921,60,45.922739
21.490447,60,46.026505
3.485758,29,46.07549
31.630877,60,46.169703
24.044974,60,46.27027
27.304942,60,46.362732
43.844824,60,46.451588
35.877332,60,46.548132
38.286856,60,46.645303
13.480399,44,46.714273
35.214528,60,46.821763
17.036915,60,46.917108
13.1108,40,46.977307
21.050201,60,47.080332
30.708485,60,47.180907
27.161339,60,47.271111
43.417945,60,47.374347
33.903856,60,47.470411
36.946016,60,47.564852
24.534742,60,47.657814
25.871965,60,47.738841
48.87384,60,47.828602
27.408556,60,47.919097
19.096661,60,48.017066
23.503134,54,48.098347
32.976969,60,48.192357
23.961755,60,48.281948
24.112133,60,48.360932
30.592393,60,48.452039
16.47277,45,48.524468
32.179907,60,48.616008
12.357622,47,48.678023
19.827095,60,48.775133
19.614305,60,48.864178
11.782864,45,48.935584
40.488056,60,49.04456
32.68519,60,49.13704
25.513106,60,49.244222
18.883537,60,49.355058
37.708686,60,49.449625
16.172328,60,49.54701
29.186994,60,49.637542
40.426457,60,49.733694
18.43996,60,49.834281
20.89029,60,49.941348
14.236842,60,50.031991
23.416818,60,50.133038
45.975492,60,50.228027
32.223157,60,50.315732
26.187527,60,50.413381
37.583985,60,50.503013
13.431043,41,50.56494
29.134341,60,50.656976
24.848328,60,50.750268
15.424396,59,50.851191
13.636698,60,50.962244
20.439364,60,51.059674
17.177652,60,51.154119
33.372093,60,51.254687
23.431401,50,51.334682
38.581969,60,51.427962
23.307638,60,51.531744
21.385936,60,51.631948
19.74362,60,51.741599
26.285234,60,51.834678
25.689484,60,51.924986
13.204386,39,52.007878
23.586667,60,52.090846
22.566531,60,52.187655
23.900176,60,52.279843
9.484995,36,52.33734
21.134448,60,52.428889
24.293058,60,52.52293
21.697248,57,52.614444
43.20683,60,52.717092
26.424407,60,52.810585
23.933033,60,52.90211
26.134232,60,52.983955
30.28381,60,53.070608
12.822944,60,53.149977
40.667515,60,53.257603
25.610208,60,53.347355
18.292128,60,53.425321
33.456682,60,53.508322
22.227125,60,53.595395
28.866654,60,53.67112
21.734981,59,53.768743
33.235497,60,53.854161
18.228584,60,53.9729
28.279852,60,54.055903
31.223007,60,54.142382
14.866949,60,54.229441
29.959592,60,54.312049
29.427309,60,54.403494
18.016255,60,54.486058
17.339725,60,54.579019
37.158343,60,54.670208
15.560306,52,54.745561
36.326174,60,54.825077
15.82712,60,54.910604
20.839386,46,54.979588
17.046764,60,55.077127
27.851162,60,55.16926
36.073724,60,55.262948
27.461378,60,55.357325
25.503971,60,55.458965
27.575704,60,55.553454
33.039914,60,55.646913
8.334518,39,55.710359
26.352823,60,55.81283
10.525614,31,55.866991
23.861116,60,55.957068
34.620577,60,56.051077
16.368383,59,56.150214
24.400505,60,56.236397
39.603881,60,56.332545
15.622542,60,56.440099
12.518571,50,56.519727
36.699126,60,56.626469
22.013223,60,56.724159
45.804049,60,56.812839
22.157157,60,56.911039
10.850335,36,56.994931
36.906753,60,57.089494
31.936097,60,57.179858
24.289141,60,57.278537
13.557219,55,57.371304
23.419988,60,57.477648
28.647951,60,57.563685
18.757841,60,57.65839
26.555088,60,57.758005
24.587267,60,57.844465
45.155361,60,57.93857
21.172065,60,58.040673
36.479222,60,58.141275
17.082436,54,58.22128
50.104228,60,58.317739
31.139316,60,58.44038
16.461831,59,58.531816
22.528355,60,58.621087
29.172722,60,58.717579
27.19684,60,58.818707
38.476595,60,58.921528
12.278922,55,58.99852
14.979991,51,59.077552
31.538239,60,59.170337
19.077544,60,59.256484
14.78379,45,59.331435
22.35295,60,59.430593
35.257393,60,59.518463
27.220675,60,59.613947
24.805444,60,59.698876
42.781863,60,59.80094
22.751188,60,59.897595
10.864486,60,59.986175
32.769949,60,60.086775
22.86663,60,60.183169
42.896969,60,60.27458
21.448661,60,60.387597
31.904243,60,60.497194
19.670168,60,60.608347
19.670319,60,60.702414
49.703817,60,60.810144
25.637135,60,60.910685
20.48809,60,61.005081
28.975929,60,61.099174
26.411718,60,61.187169
5.240209,25,61.216289
25.136755,60,61.30708
17.984918,60,61.410426
14.759234,55,61.498303
40.016686,60,61.592472
37.444607,60,61.676159
20.200054,60,61.766721
20.871695,51,61.846166
8.212933,32,61.897491
8.066987,54,61.981589
26.485141,60,62.081816
24.647221,60,62.207709
14.814533,56,62.292536
24.155886,60,62.385128
24.679529,60,62.478626
9.959008,39,62.538332
19.319489,60,62.63536
11.477911,47,62.707737
17.126456,60,62.798425
7.462417,40,62.871957
26.713997,60,62.969058
17.9232,60,63.059291
30.40558,60,63.156468
5.205918,35,63.208403
43.222705,60,63.309989
40.989443,60,63.413626
21.295972,60,63.515967
33.903577,60,63.620128
16.518652,60,63.728303
31.568173,60,63.828254
27.32864,60,63.925009
25.008381,60,64.015746
28.873279,60,64.106162
29.644221,60,64.191615
34.22713,60,64.279569
31.160951,60,64.363617
5.04316,29,64.398287
6.462661,60,64.490976
40.043583,60,64.579361
32.139464,60,64.668705
38.880425,60,64.771484
48.929646,60,64.855364
27.430372,60,64.948346
25.003975,60,65.038419
9.841391,56,65.119829
10.041526,46,65.189518
13.327248,36,65.248639
31.168883,60,65.339209
39.819254,60,65.429865
25.836527,60,65.526524
26.279972,60,65.61562
16.929408,42,65.672035
32.366549,60,65.770675
17.143917,60,65.857673
20.109158,58,65.940702
18.669618,60,66.033996
17.798313,60,66.115887
30.958551,60,66.204386
28.446662,60,66.288306
18.934573,60,66.383373
18.877383,60,66.46739
29.006176,60,66.571027
11.057438,42,66.63486
19.226851,60,66.734035
24.38168,60,66.823697
6.997629,47,66.879488
34.146847,60,66.957092
21.855948,60,67.037169
33.030887,60,67.124721
37.866983,60,67.201679
38.917146,60,67.288346
12.737026,42,67.341634
22.619352,60,67.421119
35.230915,60,67.50247
35.136805,60,67.577969
33.168981,60,67.663035
25.513875,60,67.747076
27.925865,60,67.84364
44.585583,60,67.936599
18.101008,60,68.028744
14.389043,60,68.123918
30.701339,60,68.207889
19.188874,60,68.307538
35.274338,60,68.396654
19.50419,55,68.481143
21.480749,60,68.577414
32.795673,60,68.661755
43.696544,60,68.742191
23.102845,60,68.832468
41.372856,60,68.927607
38.732204,60,69.002456
23.424132,60,69.08477
22.042857,60,69.164007
35.863773,60,69.245086
28.140048,60,69.331246
44.289653,60,69.415806
26.421312,60,69.494323
24.569017,60,69.582132
32.985073,60,69.675074
8.031455,38,69.737521
27.403511,60,69.825569
38.38653,60,69.907581
38.551863,60,69.986309
14.407063,60,70.062754
22.776527,60,70.136148
22.345417,60,70.226327
17.36408,49,70.291204
29.18835,60,70.400007
38.35045,60,70.492013
24.044841,60,70.577533
26.853267,60,70.672447
25.739709,60,70.762282
18.421587,60,70.853681
24.283083,60,70.940622
33.234824,60,71.017131
30.19825,60,71.114774
21.750433,60,71.210876
19.348931,60,71.306685
22.692814,60,71.398394
41.063824,60,71.491033
27.034152,57,71.575523
28.750127,60,71.667159
18.723454,48,71.744724
47.414553,60,71.829688
40.095431,60,71.923538
8.257922,38,71.979465
21.486785,49,72.043054
11.271303,46,72.109524
49.654961,60,72.200601
26.208132,60,72.290032
18.825618,60,72.379573
41.015317,60,72.48261
26.312945,60,72.575793
24.244695,60,72.660178
39.92435,60,72.737197
48.148841,60,72.824923
48.698646,60,72.908497
24.097223,60,72.999947
49.048874,60,73.080227
50.358436,60,73.164754
9.765173,59,73.257918
42.249531,60,73.339942
24.685857,57,73.4235
38.074437,60,73.507085
36.317299,60,73.585599
40.794488,60,73.673653
40.62271,60,73.773371
30.264195,60,73.87244
35.762792,60,73.973505
11.713209,35,74.03486
27.930281,60,74.140491
22.767787,60,74.243116
36.372151,60,74.354382
18.910887,49,74.425215
30.16985,60,74.508232
37.204015,60,74.597261
13.663344,60,74.682267
35.626852,60,74.771865
37.148695,60,74.853407
47.096762,60,74.939394
36.20577,60,75.02822
14.287281,51,75.104633
24.728693,60,75.196733
20.63723,60,75.289345
18.48981,60,75.38857
55.246435,60,75.475635
37.985687,60,75.560575
29.817578,60,75.654015
16.53598,54,75.736385
32.698848,60,75.839633
20.076969,47,75.909585
24.357359,60,76.005872
15.40359,60,76.109967
21.146663,51,76.194034
27.332661,60,76.291047
40.969862,60,76.383617
42.907732,60,76.471784
21.202305,60,76.568151
32.476216,60,76.671345
53.31153,60,76.76787
27.522361,60,76.860905
42.900325,60,76.958518
16.747646,60,77.04253
6.73329,37,77.090354
11.827378,52,77.160753
45.390837,60,77.245444
35.611044,60,77.380305
16.804785,60,77.491428
45.801404,60,77.575872
23.794703,60,77.665503
34.809627,60,77.765082
21.286526,60,77.8471
29.730423,60,77.955226
38.548999,60,78.051272
41.171246,60,78.140457
7.031012,39,78.195357
35.924982,60,78.295022
17.956792,60,78.382989
33.119882,60,78.484685
20.023752,60,78.589958
10.318562,36,78.642337
32.77205,60,78.744417
32.872506,60,78.838851
34.926992,60,78.935282
24.786681,60,79.031401
24.974917,60,79.137098
34.114,60,79.237953
18.223103,51,79.326486
20.855336,60,79.412981
23.279044,60,79.507131
28.192625,60,79.592071
50.761546,60,79.690183
34.582572,60,79.779271
38.607289,60,79.868381
25.494057,60,79.953897
24.629712,60,80.036901
28.363194,60,80.120255
15.933752,60,80.20276
29.024274,60,80.279718
15.864478,60,80.369297
27.69047,60,80.462895
12.920342,39,80.519401
12.074488,48,80.600825
24.862418,60,80.69554
37.430083,60,80.780551
22.441198,60,80.87026
13.606079,60,80.956915
20.98535,60,81.051074
30.751678,60,81.13963
39.994405,60,81.242498
30.239889,60,81.336126
19.252641,60,81.434293
39.548348,60,81.522856
53.564531,60,81.615874
38.292403,60,81.704897
21.480751,60,81.796741
33.583082,60,81.88822
47.303311,60,81.993867
31.125052,60,82.090183
20.165733,60,82.192317
15.6499,57,82.299669
25.920117,60,82.388715
31.882292,60,82.488849
44.021231,60,82.566857
23.995754,54,82.626688
7.437502,36,82.664844
7.780207,40,82.725775
38.597561,60,82.808709
39.496118,60,82.893338
35.149509,60,82.985781
22.111206,59,83.071445
37.727252,60,83.155933
13.542494,45,83.225644
31.291781,60,83.313162
21.929818,60,83.395135
23.042139,60,83.479197
35.502472,60,83.55979
27.550097,60,83.645342
26.69429,60,83.724907
25.186724,60,83.793848
26.072467,60,83.863228
27.287911,60,83.931138
34.751189,60,84.002612
37.812235,60,84.072681
17.355298,60,84.132653
8.341668,36,84.173874
43.523991,60,84.248346
22.695927,60,84.338441
23.984763,60,84.43453
36.002909,60,84.534105
45.637881,60,84.64059
11.715822,43,84.700883
20.213571,60,84.794919
45.135961,60,84.882972
30.849823,60,84.980127
14.52762,60,85.077837
33.023379,60,85.169274
21.838602,60,85.262988
16.794684,45,85.327969
33.413842,60,85.416539
41.600004,60,85.512373
17.985144,54,85.592065
38.866764,60,85.695309
35.202199,60,85.801428
34.602804,60,85.897093
16.519668,60,86.000241
27.430123,60,86.09863
38.683721,60,86.194477
35.231265,60,86.290992
20.258157,60,86.386709
31.849408,60,86.467125
39.394126,60,86.539576
10.019709,40,86.58232
25.11637,60,86.690034
32.695027,60,86.791118
32.371573,60,86.879033
34.922435,60,86.973511
33.204545,60,87.068141
29.759384,60,87.156935
21.225292,60,87.24856
34.049876,60,87.335051
25.512739,60,87.426572
51.869016,60,87.516654
13.984701,60,87.613218
26.231128,60,87.712283
29.794241,60,87.800685
47.807474,60,87.889785
14.972058,58,87.972785
16.615401,60,88.065992
16.465081,40,88.134481
35.002498,60,88.228211
17.829608,60,88.332245
43.019177,60,88.428686
20.062623,60,88.518702
33.308149,60,88.610358
37.493167,60,88.702873
23.512441,60,88.775667
45.293241,60,88.846921
15.00151,60,88.90845
39.184383,60,88.978264
25.110182,60,89.065809
35.156471,60,89.143952
23.774346,60,89.234524
38.232038,60,89.325963
32.003476,60,89.409741
16.230069,60,89.517195
32.32284,60,89.60709
48.177215,60,89.701721
54.006481,60,89.79836
34.953014,60,89.893624
5.958883,26,89.939359
11.606855,44,90.003714
39.059373,60,90.092141
18.458862,60,90.182682
38.816386,60,90.270725
26.481603,60,90.363038
31.433787,60,90.446558
25.815828,60,90.534177
36.017662,60,90.618561
30.694862,60,90.705347
37.059431,60,90.789422
25.139391,60,90.881072
27.146748,60,90.970192
26.202628,60,91.057754
29.895569,60,91.137181
42.687035,60,91.232362
22.372881,60,91.312127
38.536482,60,91.39813
14.466507,60,91.486591
20.014182,60,91.569596
19.638123,57,91.658162
34.326769,60,91.741652
17.874699,56,91.809104
31.559309,60,91.903206
34.636208,60,91.990826
22.382308,60,92.081809
44.180278,60,92.171906
9.926437,46,92.233191
28.567431,60,92.320069
39.01755,60,92.402615
21.524242,60,92.492773
31.342785,60,92.572285
52.930367,60,92.663341
35.185221,60,92.749381
39.321931,60,92.831775
18.081367,60,92.912343
18.769738,43,92.974193
25.436432,60,93.04983
29.055127,57,93.116996
33.021426,60,93.200001
30.493242,60,93.281941
42.093805,60,93.36124
32.0382,60,93.454837
27.853543,60,93.536315
29.661747,60,93.621855
21.88155,48,93.685853
32.622203,60,93.782453
18.844667,60,93.869459
33.745243,60,93.961945
22.984819,60,94.052564
24.143353,60,94.131543
19.224209,60,94.214713
36.579093,60,94.301267
22.802118,60,94.392684
18.47261,60,94.485664
16.579697,60,94.566637
16.405206,54,94.651185
32.911651,60,94.743523
32.361837,60,94.830114
26.553343,60,94.917663
26.018954,60,95.014459
40.434705,60,95.106971
38.106404,60,95.194987
18.4701,60,95.292333
28.089595,60,95.383167
49.399688,60,95.46674
15.193164,60,95.544654
32.283256,60,95.621745
49.950809,60,95.70231
22.83691,60,95.79365
20.751157,60,95.881259
13.403854,45,95.95213
23.875753,60,96.044235
22.106554,60,96.129857
42.376913,60,96.211318
33.0099,60,96.301846
26.233837,60,96.393903
42.08205,60,96.470984
34.641153,60,96.569463
37.764065,60,96.661008
32.394099,60,96.74786
51.825368,60,96.839109
30.837845,60,96.925728
24.034234,60,97.022359
31.410832,51,97.093054
39.122829,60,97.178591
33.638832,60,97.277735
43.914415,60,97.3677
24.573808,60,97.457786
23.290137,60,97.553625
35.367219,60,97.650163
30.617083,60,97.74261
26.538919,60,97.860063
41.210203,60,97.974218
28.290931,60,98.066732
30.184197,60,98.160892
11.682417,45,98.218156
42.380196,60,98.297575
27.714229,60,98.387663
39.555846,60,98.473768
18.425015,60,98.572003
15.146694,43,98.634755
44.408065,60,98.727587
17.335607,60,98.813524
17.042503,60,98.904515
35.177124,60,99.00009
35.177569,60,99.086611
33.303169,60,99.174958
29.703355,60,99.257857
42.105922,60,99.343399
27.013521,60,99.446969
26.263615,60,99.53248
21.137566,60,99.624961
33.285016,60,99.712549
33.025165,60,99.796612
37.77158,60,99.890225
25.95015,60,99.98122
52.722956,60,100.067145
38.416346,60,100.146695
47.380432,60,100.24182
33.129005,60,100.324847
23.747935,60,100.40988
20.627369,60,100.505934
20.522936,60,100.585489
33.854784,60,100.674097
44.44569,60,100.758126
22.76008,60,100.839155
17.610413,60,100.925616
41.413262,60,101.013974
41.589893,60,101.101306
36.046988,60,101.193059
21.149325,60,101.275556
41.922616,60,101.366373
27.011895,60,101.450225
22.304119,60,101.543441
24.383017,60,101.626854
22.648436,60,101.738537
22.070673,60,101.899375
9.063919,28,101.953637
17.514696,46,102.025439
14.166149,59,102.114002
23.821123,60,102.203556
42.842251,60,102.306851
33.587489,60,102.3973
48.056398,60,102.485365
19.679811,59,102.585006
14.948489,60,102.67352
20.158607,60,102.766597
52.25064,60,102.860859
25.992627,60,102.950877
24.313016,60,103.049019
34.621146,60,103.146684
53.555033,60,103.239247
53.233162,60,103.327813
39.505462,60,103.415815
36.813228,60,103.501423
38.166429,60,103.584036
41.795987,60,103.66557
40.552689,60,103.748723
41.180563,60,103.831736
35.338251,60,103.922193
29.383301,60,104.01631
51.051504,60,104.119861
24.956432,60,104.215357
30.350413,60,104.303384
37.639453,60,104.392628
13.759626,50,104.466497
16.886048,53,104.553937
29.538795,60,104.656435
31.123122,60,104.75693
33.023633,60,104.844977
19.088797,60,104.936105
49.389683,60,105.025244
10.926402,35,105.080093
17.048847,46,105.163602
29.01754,60,105.261319
14.656584,41,105.331482
21.660142,60,105.435405
31.173761,60,105.532645
55.66031,60,105.628367
22.229416,60,105.720792
35.764441,60,105.819062
15.729613,60,105.901347
32.542073,60,106.000962
28.662838,60,106.100004
35.250954,60,106.192489
30.833529,60,106.279511
33.695604,60,106.363072
33.611299,60,106.449188
46.582175,60,106.545738
43.022719,60,106.639502
27.179123,60,106.743265
26.665714,60,106.831351
54.294403,60,106.921993
42.118729,60,107.021149
31.056239,60,107.118744
36.775439,60,107.205811
20.868773,60,107.296766
46.745409,60,107.387388
55.045505,60,107.47537
28.428111,60,107.57294
37.901286,60,107.665573
12.524495,60,107.758155
33.076887,60,107.851548
24.779967,60,107.936617
24.565446,60,108.036826
13.27837,54,108.123325
27.891906,60,108.213809
30.979527,60,108.305746
16.367616,60,108.402872
41.687752,60,108.495001
15.417739,53,108.567495
32.054286,60,108.664142
21.223418,60,108.756297
22.487208,60,108.846335
43.381168,60,108.925815
24.849147,60,109.004487
27.280065,60,109.083828
36.871237,60,109.177376
38.77896,60,109.26545
24.558242,60,109.360043
55.124928,60,109.447686
37.491096,60,109.537338
18.058935,60,109.631449
31.04868,60,109.72965
40.65123,60,109.813704
13.738506,52,109.899149
30.974749,60,109.998643
20.166401,56,110.078645
37.193819,60,110.183888
24.229735,60,110.27402
30.71458,60,110.371138
29.462835,60,110.480798
22.951081,60,110.57223
39.210809,60,110.671124
13.775252,47,110.759153
9.724705,60,110.854663
30.093077,60,110.960296
16.994401,58,111.054303
12.255188,50,111.140822
16.411628,60,111.222776
26.222684,60,111.330184
39.339574,60,111.425712
16.580739,60,111.51208
19.62926,60,111.606007
19.872708,45,111.665341
42.506561,60,111.752842
36.297625,60,111.848845
11.819831,37,111.905183
18.314397,60,112.003819
36.767537,60,112.1042
24.321354,60,112.19535
42.30846,60,112.287851
34.879238,60,112.387544
27.013344,60,112.476504
44.329068,60,112.562967
27.127398,60,112.664122
18.047402,60,112.751027
11.327512,60,112.849971
39.885317,60,112.949393
54.23491,60,113.039882
38.133087,60,113.154226
33.703794,60,113.267418
27.764592,60,113.390781
27.020026,60,113.506183
44.753808,60,113.612373
33.039384,60,113.7407
21.73265,60,113.840759
29.960195,60,113.944273
27.439984,60,114.045913
52.020243,60,114.142978
35.50778,60,114.244043
36.829813,60,114.342587
35.935509,60,114.426575
40.546479,60,114.504492
45.591864,60,114.594085
37.824568,60,114.682175
54.147152,60,114.774215
28.577858,60,114.861283
37.420565,60,114.967866
35.966202,60,115.072728
31.047855,60,115.160753
34.341181,60,115.255096
19.749259,60,115.347675
31.376893,60,115.441718
36.2745,60,115.535303
28.820733,57,115.633512
39.971642,60,115.7175
31.465079,60,115.807546
25.261906,60,115.901545
20.112102,60,115.987407
33.265003,60,116.078997
21.336614,60,116.165966
19.402376,60,116.250014
16.584814,49,116.320291
24.098601,60,116.403779
39.650604,60,116.49583
30.951551,60,116.588921
53.193318,60,116.683055
43.180235,60,116.764081
26.742246,60,116.851768
24.115875,60,116.945331
28.213929,60,117.04224
20.209486,60,117.141887
31.961281,60,117.228555
39.319411,60,117.320173
34.966721,60,117.415254
40.058223,60,117.500801
45.729903,60,117.587424
27.785209,60,117.693998
32.998496,60,117.787977
46.658397,60,117.871908
34.352251,60,117.966485
15.061158,60,118.069679
17.54869,55,118.154801
34.803581,60,118.263471
33.620305,60,118.368171
13.061606,36,118.425513
33.188418,60,118.533018
25.389339,60,118.622743
10.236475,60,118.702729
39.249959,60,118.770131
40.670914,60,118.837519
30.681956,60,118.906543
19.802278,55,118.959827
38.033408,60,119.028652
19.738066,60,119.098531
30.565506,60,119.174328
51.436227,60,119.2463
20.505181,60,119.332964
18.444281,60,119.424537
29.212674,60,119.508451
32.666668,60,119.594403
46.439791,60,119.675147
25.344566,60,119.752131
28.246025,60,119.831165
38.627308,60,119.916585
25.673489,60,120.016202
24.049136,60,120.109266
38.087303,60,120.199153
23.078675,60,120.290193
19.646312,60,120.380731
31.662604,60,120.475327
22.667983,60,120.566382
33.410591,60,120.654783
47.140188,60,120.741188
31.114602,60,120.835621
26.259494,60,120.922126
45.952943,60,121.023671
36.714369,60,121.111206
38.363593,60,121.199265
48.265101,60,121.293807
28.788628,60,121.392068
20.473602,59,121.480546
40.550158,60,121.570516
43.998781,60,121.66477
35.995042,60,121.774119
39.717814,60,121.874743
24.465194,60,121.971417
33.464515,60,122.05853
38.036222,60,122.154521
48.282674,60,122.239671
36.054052,60,122.322109
31.610389,60,122.417092
46.15326,60,122.501665
39.831972,60,122.586152
20.206344,60,122.677464
48.466262,60,122.775462
28.275234,60,122.88605
24.800314,60,122.983973
39.649817,60,123.068946
26.332312,60,123.155989
39.950829,60,123.253699
35.301693,60,123.351203
27.993277,60,123.450156
38.5123,60,123.537635
33.598747,60,123.631702
16.445347,60,123.72737
39.733088,60,123.81289
44.15425,60,123.911938
24.083627,60,124.004044
26.635494,60,124.097282
35.739785,60,124.195851
42.583507,60,124.277973
32.867471,60,124.369578
13.201229,51,124.439082
20.513512,60,124.531628
13.784818,44,124.600848
51.192893,60,124.688359
45.727739,60,124.779407
20.010366,60,124.867011
20.298557,60,124.964136
34.246419,60,125.048433
21.537687,60,125.135728
35.533586,60,125.224345
38.183387,60,125.312559
33.244051,60,125.3998
13.804368,60,125.506454
27.94056,60,125.600568
37.55173,60,125.692607
38.135755,60,125.788112
44.141969,60,125.890428
31.148236,60,125.985083
41.81591,60,126.07715
34.163747,60,126.145487
38.56427,60,126.216273
22.996115,60,126.28627
14.047302,60,126.354239
29.04774,60,126.418154
20.909913,43,126.471565
35.21986,60,126.557126
28.526988,60,126.657878
37.175183,60,126.745421
27.656147,60,126.856208
41.587069,60,126.960471
24.002024,60,127.061919
39.724899,60,127.149441
23.083426,60,127.242723
30.754087,60,127.335718
29.074249,60,127.42131
27.134566,60,127.510862
47.703112,60,127.589887
29.882089,60,127.673243
27.344053,60,127.765142
54.160287,60,127.858326
26.18143,60,127.955043
14.50475,41,128.036267
16.454457,60,128.13032
30.752362,60,128.233405
31.402474,60,128.323092
21.74341,60,128.424062
14.768975,38,128.484376
17.609575,60,128.587494
22.976006,60,128.691811
34.367129,60,128.788376
34.778826,60,128.896197
22.917551,58,128.993731
37.299491,60,129.088266
44.810852,60,129.219015
34.82327,60,129.445019
19.205599,60,129.579782
24.7351,60,129.672246
33.467887,60,129.77397
27.540535,60,129.896273
48.755902,60,130.017343
31.369763,60,130.162898
11.56596,50,130.254497
45.186953,60,130.406271
25.582127,60,130.522179
34.468103,60,130.623834
32.727608,60,130.72734
34.736447,60,130.832688
23.751914,60,130.959303
41.764355,60,131.080693
27.117535,60,131.205777
33.311391,60,131.322518
30.059763,60,131.424088
36.991991,60,131.516868
27.873841,60,131.616943
25.811408,60,131.716057
27.712765,60,131.818293
33.048121,60,131.908448
16.333009,60,132.004037
36.084646,60,132.105869
29.330875,60,132.203863
29.80524,60,132.304897
28.972993,60,132.385808
39.793942,60,132.467258
40.553028,60,132.562697
24.161801,60,132.651686
21.886132,60,132.757741
47.388115,60,132.855919
38.629488,60,132.95586
31.881051,60,133.047868
31.630859,60,133.145505
28.525858,60,133.244941
28.372662,60,133.329942
47.791751,60,133.416139
31.812848,60,133.498258
38.562376,60,133.585949
14.066718,60,133.679281
42.042633,60,133.761906
49.877287,60,133.851067
34.80752,60,133.94513
56.463125,60,134.03316
43.060501,60,134.118538
7.906898,38,134.173759
34.353659,60,134.265688
42.475128,60,134.351612
34.910482,60,134.444481
44.195054,60,134.525529
30.584715,60,134.612633
33.76112,60,134.706289
33.028603,60,134.784626
3.201621,23,134.820755
31.864954,60,134.91038
12.546531,39,134.965722
27.246063,60,135.059266
29.130719,60,135.150657
24.869815,60,135.236941
40.398603,60,135.330576
40.002546,60,135.424166
20.776123,60,135.520315
29.770865,60,135.611854
24.318229,60,135.70542
39.224388,60,135.797553
29.280938,60,135.881497
31.546556,60,135.970527
27.063877,60,136.050814
25.110138,60,136.131794
25.959759,60,136.220428
35.254045,60,136.310492
39.274963,60,136.395842
28.480513,60,136.498834
42.15537,60,136.592836
44.309232,60,136.689441
36.670779,60,136.777398
48.436944,60,136.861931
36.593716,60,136.948024
39.456529,60,137.043644
32.190373,60,137.13308
33.432804,60,137.228557
25.060317,60,137.322055
32.622498,60,137.412121
40.641308,60,137.513247
38.453274,60,137.606244
41.55212,60,137.697744
29.552219,60,137.785773
24.694789,60,137.872277
28.519655,60,137.966899
39.986298,60,138.0635
30.013876,60,138.161237
22.411157,60,138.246032
8.990217,40,138.310836
21.799967,60,138.407727
32.040293,60,138.500532
39.125112,60,138.595339
21.125094,60,138.678041
39.988995,60,138.759099
45.971629,60,138.850234
40.59036,60,138.951906
43.220896,60,139.056988
24.316649,60,139.143885
17.445219,60,139.232156
43.781866,60,139.322289
21.237069,60,139.413814
24.535801,60,139.508327
10.090251,60,139.605243
43.900174,60,139.697873
38.344183,60,139.788795
22.975567,60,139.885451
28.603725,60,139.979844
26.596424,60,140.08524
36.088991,60,140.179236
30.382741,60,140.269708
28.900587,60,140.375682
18.893625,60,140.468095
33.283984,60,140.56963
29.444966,60,140.673712
28.708147,60,140.77521
41.843105,60,140.865628
44.669329,60,140.956138
45.37206,60,141.065906
29.49701,60,141.1645
53.214376,60,141.249888
36.525352,60,141.337431
31.875533,60,141.427972
39.813157,60,141.521735
38.651244,60,141.617775
34.07798,60,141.719764
26.689218,60,141.814906
12.698744,60,141.900887
38.740524,60,142.002564
31.404056,60,142.097694
23.077922,60,142.19266
47.569412,60,142.289588
35.55916,60,142.382969
31.630429,60,142.472658
19.251062,60,142.571685
34.275072,60,142.672211
30.056547,60,142.767186
44.113567,60,142.863219
38.084168,60,142.958413
25.703204,60,143.065714
30.156257,60,143.152188
15.622857,60,143.246102
25.696872,60,143.340376
36.067527,60,143.43393
26.946524,55,143.512256
31.365347,60,143.614889
40.217438,60,143.701235
36.143611,60,143.792376
38.827161,60,143.887997
6.942394,29,143.930844
34.689282,60,144.015253
38.438611,60,144.117984
33.355682,60,144.219617
36.788279,60,144.304
35.611862,60,144.395999
34.143497,60,144.481844
50.395514,60,144.571475
37.503181,60,144.654365
26.683481,60,144.742483
32.155753,60,144.82555
24.454754,60,144.909211
39.466824,60,145.000143
36.524599,60,145.092664
44.904163,60,145.177682
32.413503,60,145.272291
27.831665,60,145.370924
32.418277,60,145.471105
25.422252,60,145.569156
44.781028,60,145.663176
40.956209,60,145.765253
31.473465,60,145.848573
47.527754,60,145.93491
21.443531,51,146.005942
29.776541,60,146.085479
19.211967,41,146.1499
49.86213,60,146.250538
26.03371,60,146.336019
22.177055,60,146.422781
36.771115,60,146.508309
24.287899,60,146.600426
38.744469,60,146.682521
31.166431,60,146.76308
32.055623,60,146.850038
38.524517,60,146.927779
34.516977,60,147.012286
46.010814,60,147.101507
47.935651,60,147.178567
39.660399,60,147.27074
16.239712,60,147.353354
47.620373,60,147.430819
39.534803,60,147.510793
41.753121,60,147.595024
19.777046,60,147.675733
27.193014,60,147.759519
22.811111,60,147.852814
46.033564,60,147.935952
26.278813,60,148.031013
33.854722,60,148.119128
46.245929,60,148.208079
31.971989,60,148.304509
32.5696,60,148.395675
43.250738,60,148.489742
51.801257,60,148.595054
33.358955,60,148.67804
27.348558,60,148.765481
42.058339,60,148.845868
36.898726,60,148.938816
39.503087,60,149.018673
51.984539,60,149.109228
18.096739,45,149.189955
35.562467,60,149.270625
19.918229,42,149.334348
27.04158,60,149.4271
37.266241,60,149.507142
32.854153,60,149.593587
33.571416,60,149.680532
45.592234,60,149.771496
38.159288,60,149.867809
52.380766,60,149.958364
38.464585,60,150.05812
37.582931,60,150.143741
41.577678,60,150.224082
48.935488,60,150.311036
41.30355,60,150.396571
48.107698,60,150.490046
38.013035,60,150.574503
36.213005,60,150.671745
15.09134,60,150.763298
46.814291,60,150.853873
30.836303,60,150.944912
33.824446,60,151.032749
12.522605,60,151.137004
23.580205,60,151.235631
39.044615,60,151.328638
31.938245,60,151.424218
23.66736,60,151.512909
39.287139,60,151.606488
32.217815,60,151.701075
52.173781,60,151.795676
35.195211,60,151.88873
33.791895,60,151.982696
21.704554,60,152.06818
37.129362,60,152.150611
39.399241,60,152.238081
37.353929,60,152.327999
48.246959,60,152.410661
44.577671,60,152.507716
50.277558,60,152.605137
43.267425,60,152.696569
46.606498,60,152.788499
36.243746,60,152.881203
29.111216,60,152.972283
48.03254,60,153.080448
27.611839,60,153.166873
30.634785,60,153.268465
30.985827,60,153.380777
56.854014,60,153.468951
16.544322,60,153.580047
24.615214,60,153.675574
32.114354,60,153.77209
15.843916,45,153.844006
41.980039,60,153.93908
41.10651,60,154.039798
36.819674,60,154.1357
35.898607,60,154.246899
42.290836,60,154.331848
38.722189,60,154.429568
40.788947,60,154.520569
30.740839,60,154.61418
43.941629,60,154.711211
38.178178,60,154.795137
29.229183,60,154.883773
23.897389,60,154.9826
42.085074,60,155.08581
47.185593,60,155.209043
36.906705,60,155.307945
29.118036,60,155.404111
29.912099,60,155.500619
18.433784,56,155.585081
41.336684,60,155.676803
38.779969,60,155.769412
19.06405,60,155.858633
44.675452,60,155.953854
26.074858,60,156.060573
30.072987,60,156.148201
37.731226,60,156.249871
40.677901,60,156.346007
24.696059,60,156.440563
40.068191,60,156.540218
17.379422,60,156.641205
33.590338,60,156.752156
31.808304,60,156.856559
47.95582,60,156.948128
41.328259,60,157.043226
36.912389,60,157.136169
30.124771,60,157.229904
22.492707,60,157.317419
31.274212,60,157.415346
12.354407,42,157.477742
32.142201,60,157.566687
33.98523,60,157.653682
42.320736,60,157.734081
41.160842,60,157.828494
39.798653,60,157.908422
17.727189,37,157.963527
31.039303,60,158.049943
26.037534,60,158.137692
38.935241,60,158.222625
28.52758,60,158.304947
43.996893,60,158.393714
21.953126,60,158.474675
37.875255,60,158.566749
36.529847,60,158.668507
42.401055,60,158.755501
23.642595,60,158.856046
29.120614,60,158.950676
19.641308,60,159.045336
44.52588,60,159.130704
34.117741,60,159.220794
42.313605,60,159.305422
44.412389,60,159.414075
34.566795,60,159.499903
38.464639,60,159.600589
40.076348,60,159.693243
23.843558,60,159.793611
44.927232,60,159.878056
50.225792,60,159.977182
44.405496,60,160.061211
30.528947,60,160.156773
23.662064,51,160.232042
18.873574,60,160.322055
37.13783,60,160.41876
40.472028,60,160.495751
34.46891,60,160.59078
24.796193,60,160.677975
35.785573,60,160.780692
31.133731,60,160.86567
24.953355,60,160.96512
45.576646,60,161.06535
45.293668,60,161.159545
31.506996,60,161.259084
41.493296,60,161.369129
33.556285,60,161.472981
25.900021,60,161.560533
33.901606,60,161.658514
34.204177,60,161.752608
41.494353,60,161.840192
31.472066,60,161.941109
38.552131,60,162.025605
39.759867,60,162.138441
24.799784,60,162.248102
31.152445,60,162.374751
27.563414,60,162.471826
45.39965,60,162.566454
44.876367,60,162.666541
44.102466,60,162.753234
36.661559,60,162.832779
42.353146,60,162.917995
38.500021,60,163.009806
46.472672,60,163.100251
46.066247,60,163.18954
37.607367,60,163.289663
29.194233,60,163.38168
28.06138,60,163.466888
34.494376,60,163.541397
31.793956,60,163.634944
32.430036,60,163.733056
26.866526,60,163.822833
55.093522,60,163.933305
28.505075,60,164.033467
30.872624,60,164.13511
35.677842,60,164.224278
27.038128,60,164.316201
36.297533,60,164.408904
44.827588,60,164.485298
43.841463,60,164.585372
52.075775,60,164.673207
24.705853,60,164.75094
49.932922,60,164.845566
44.197668,60,164.93347
54.069396,60,165.018476
32.680118,60,165.106335
33.118518,60,165.209329
51.565315,60,165.293781
46.342424,60,165.381165
40.459239,60,165.471178
31.248868,60,165.551739
48.241667,60,165.642831
33.470633,60,165.743439
52.786413,60,165.825443
37.385575,60,165.916457
32.553957,60,166.019299
47.075333,60,166.109058
13.065338,60,166.197911
37.824659,60,166.291566
49.841715,60,166.390673
52.405068,60,166.480206
43.089857,60,166.565584
43.890076,60,166.652606
49.727061,60,166.746639
46.541235,60,166.829157
30.824957,60,166.908229
53.040651,60,167.001386
45.755931,60,167.091921
24.027162,60,167.179486
22.411611,60,167.272566
37.586544,60,167.354546
42.553617,60,167.435955
45.981752,60,167.524969
34.023395,60,167.611114
50.387894,60,167.694489
28.404504,60,167.784682
10.86321,60,167.867725
36.568032,60,167.949684
20.2472,60,168.041749
28.47805,60,168.135282
31.218987,60,168.224349
37.450245,60,168.326298
23.870729,60,168.41638
32.439473,60,168.508314
22.387629,60,168.595272
30.4043,60,168.685959
47.001254,60,168.779076
15.054059,60,168.867723
19.498711,60,168.961753
44.574929,60,169.047726
38.925562,60,169.143329
33.733067,60,169.238875
41.721317,60,169.333406
41.154672,60,169.429116
34.598425,60,169.510166
39.490275,60,169.614386
33.887294,60,169.716495
45.802845,60,169.817006
37.777954,60,169.91811
41.842088,60,170.020127
43.132246,60,170.128737
43.211511,60,170.235257
27.564398,60,170.326886
40.591146,60,170.417775
21.780581,60,170.532573
42.201196,60,170.635504
41.271233,60,170.741191
35.640348,60,170.829744
40.693318,60,170.911858
41.679738,60,171.012501
44.374365,60,171.107758
39.1477,60,171.206318
37.891862,60,171.296804
38.422069,60,171.377311
30.310784,54,171.449269
29.401223,60,171.533822
41.886038,60,171.622917
23.300685,60,171.724051
32.203897,60,171.823154
38.105254,60,171.926594
36.702845,60,172.026099
42.30473,60,172.127558
42.988604,60,172.218648
49.286908,60,172.319875
47.672942,60,172.422516
35.484786,60,172.519696
44.900875,60,172.628979
49.89002,60,172.730022
23.028731,60,172.823606
25.313105,60,172.938886
40.632936,60,173.032869
37.978868,60,173.130412
45.948905,60,173.228909
41.664704,60,173.320685
43.424861,60,173.414725
45.615524,60,173.504325
19.521816,60,173.599434
20.389643,60,173.692991
38.961214,60,173.775061
47.583074,60,173.862752
46.678211,60,173.952643
38.229116,60,174.05646
30.052422,60,174.148399
43.470218,60,174.238849
37.72297,60,174.324395
28.976246,60,174.411453
25.432901,60,174.497097
37.731204,60,174.591783
37.348179,60,174.685411
22.122934,60,174.78644
30.599678,60,174.885027
36.26823,60,174.978508
14.152087,51,175.072968
49.348436,60,175.172155
42.066444,60,175.284921
25.19566,60,175.391479
52.61796,60,175.483559
21.125771,60,175.595191
38.601415,60,175.697875
29.607989,60,175.796878
49.432048,60,175.894322
25.778538,60,176.00196
33.959649,60,176.101277
43.006662,60,176.209586
50.691064,60,176.312688
24.938262,57,176.413207
15.032886,59,176.504619
54.079973,60,176.590249
19.194324,60,176.694764
21.291361,60,176.791119
40.906508,60,176.884577
44.201573,60,176.991136
42.058634,60,177.084613
39.017473,60,177.177629
23.957709,60,177.270796
42.289565,60,177.363431
41.180606,60,177.458352
20.384383,60,177.554953
47.642673,60,177.648031
40.095837,60,177.750029
35.528069,60,177.822409
45.492804,60,177.891965
36.353552,60,177.964955
39.681109,60,178.027348
33.508425,60,178.096779
30.325821,60,178.174898
20.185798,60,178.23881
50.363334,60,178.317097
9.805313,60,178.391569
35.38562,60,178.486072
31.724238,60,178.579832
27.851394,60,178.676029
25.686918,60,178.783676
37.941257,60,178.875394
36.497741,60,178.963407
39.216042,60,179.052202
24.256596,60,179.136024
48.742411,60,179.219068
44.111918,60,179.304511
47.253939,60,179.381273
50.844635,60,179.469623
7.200132,51,179.542058
35.143418,60,179.62666
48.656591,60,179.712085
47.226601,60,179.802462
33.153108,60,179.879771
11.389731,60,179.973032
53.654122,60,180.064418
42.35161,60,180.147466
39.962515,60,180.235133
48.50094,60,180.32277
40.806688,60,180.415197
55.907458,60,180.502753
26.581586,60,180.589245
37.846973,60,180.681708
35.090999,60,180.769787
30.785254,60,180.863601
30.581096,60,180.959327
39.815401,60,181.051466
35.590673,60,181.134467
43.322721,60,181.226485
34.874929,60,181.308958
25.353898,60,181.397972
48.793875,60,181.497114
40.590473,60,181.586136
44.826297,60,181.668636
30.960081,60,181.75375
20.113481,60,181.845316
40.841542,60,181.932003
40.485342,60,182.020896
52.92202,60,182.107757
31.261069,60,182.193702
49.09969,60,182.2748
39.745968,60,182.374347
33.156561,60,182.464623
35.040927,60,182.5663
36.425804,60,182.658412
28.900817,60,182.725817
48.579889,60,182.793223
18.950762,54,182.85431
36.664247,60,182.933724
31.131728,60,183.015127
17.788838,60,183.102766
26.182846,60,183.190877
29.183501,60,183.274898
45.089818,60,183.375026
47.981812,60,183.462026
37.734572,60,183.532799
47.467933,60,183.595194
46.671379,60,183.664075
49.906342,60,183.746057
40.131689,60,183.814966
46.924281,60,183.895136
49.176658,60,183.971199
46.585005,60,184.044641
24.23459,60,184.115526
29.470844,60,184.187965
43.510287,60,184.274161
28.333217,60,184.352792
52.511617,60,184.43147
53.380196,60,184.512995
33.148718,60,184.593513
48.099491,60,184.671791
20.705869,60,184.749754
21.940148,60,184.83128
48.277143,60,184.908738
43.179774,60,184.995855
33.605723,60,185.074649
32.436962,60,185.150902
44.767981,60,185.248106
52.555887,60,185.323112
49.621253,60,185.42258
43.144265,60,185.539866
39.274454,60,185.614284
38.822389,60,185.741203
42.459311,60,185.90255
36.310605,60,185.989597
41.452337,60,186.055965
43.632226,60,186.141816
44.599699,60,186.223276
34.357872,60,186.293218
49.238818,60,186.387851
48.860872,60,186.470808
38.345667,60,186.547129
40.727139,60,186.629513
49.834418,60,186.711398
40.234436,60,186.777441
55.223632,60,186.843337
50.911211,60,186.948167
30.164139,60,187.046315
51.113624,60,187.149043
49.94245,60,187.259561
41.287262,60,187.352204
16.477703,57,187.439782
32.22831,60,187.534455
39.107676,60,187.622038
38.884428,60,187.714577
54.510491,60,187.806804
44.937489,60,187.906419
34.840202,60,187.989314
36.210139,60,188.078707
48.452534,60,188.184802
41.506612,60,188.275713
37.783664,60,188.374593
51.214074,60,188.475185
35.803535,60,188.558616
46.113916,60,188.646673
31.939504,60,188.744295
22.944176,60,188.859132
51.745347,60,188.96173
44.420368,60,189.063918
41.79101,60,189.157011
42.628328,60,189.246818
36.853279,60,189.343328
32.030237,60,189.439407
27.405019,60,189.54417
40.978735,60,189.638193
47.790993,60,189.734798
43.463192,60,189.837368
25.807239,53,189.91596
29.424384,60,190.012239
49.193187,60,190.115844
47.827121,60,190.209334
41.839805,60,190.304493
36.876961,60,190.407081
17.938424,55,190.504698
50.152115,60,190.604813
41.200876,60,190.719605
51.251021,60,190.813096
52.756552,60,190.921806
24.941036,60,191.015968
40.687654,60,191.110999
41.688857,60,191.216689
36.913175,60,191.304687
35.942609,60,191.412474
48.145117,60,191.507701
53.510951,60,191.595121
41.534065,60,191.701741
41.745131,60,191.80441
40.106091,60,191.915556
51.349178,60,192.019544
51.06416,60,192.114813
56.418638,60,192.215956
54.487854,60,192.324048
31.170598,60,192.415885
44.579057,60,192.516971
42.660684,60,192.606064
33.652962,60,192.69202
48.158352,60,192.777084
43.893846,60,192.865684
55.149644,60,192.953662
21.654182,60,193.049834
39.92878,60,193.134145
53.527581,60,193.234111
39.766342,60,193.328021
17.984185,60,193.407916
27.551126,60,193.49987
34.896996,60,193.583769
37.88452,60,193.673322
38.580117,60,193.762985
55.011249,60,193.860039
29.41154,60,193.955647
40.703644,60,194.051264
54.54824,60,194.14177
14.149757,60,194.231373
51.123463,60,194.332513
50.356849,60,194.422032
26.890927,60,194.522504
17.873033,54,194.608066
51.860534,60,194.696538
31.183155,60,194.794683
54.749265,60,194.893274
36.110202,60,194.985729
41.877217,60,195.083893
35.351469,60,195.175001
52.322497,60,195.272664
37.083061,60,195.368586
9.223827,36,195.422367
44.070376,60,195.504187
44.068502,60,195.590557
49.355346,60,195.683039
28.108714,60,195.770567
54.04879,60,195.863644
48.100898,60,195.961407
31.015759,60,196.048146
19.557652,60,196.131592
49.445584,60,196.221654
33.274454,60,196.308279
27.751967,60,196.408836
40.598726,60,196.510529
41.907699,60,196.62007
48.765228,60,196.724659
48.050906,60,196.827297
50.145166,60,197.010831
26.202861,60,197.133702
53.762264,60,197.217585
47.758936,60,197.307778
38.423578,60,197.393213
41.339913,60,197.490831
33.396858,60,197.577981
15.701085,45,197.639261
17.87227,60,197.730762
34.876723,60,197.814322
30.301264,60,197.899927
35.276835,60,197.980322
47.702904,60,198.069209
20.643991,60,198.146119
40.738367,60,198.228015
25.302197,60,198.307872
24.410759,60,198.392363
44.34646,60,198.47434
51.674881,60,198.552352
44.886939,60,198.632828
52.24045,60,198.712839
44.516786,60,198.79619
28.694,60,198.877237
38.911317,60,198.96095
55.194204,60,199.047879
49.341931,60,199.134764
40.513846,60,199.213573
50.104022,60,199.291472
9.244637,30,199.33724
53.593563,60,199.42635
37.167959,60,199.519008
54.376149,60,199.625794
51.629764,60,199.710467
47.259305,60,199.798099
35.421012,60,199.888128
51.039628,60,199.973579
41.309991,60,200.054197
42.677168,60,200.140747
53.997628,60,200.225848
37.065915,60,200.30931
41.375863,60,200.405759
46.730293,60,200.488831
50.829432,60,200.578259
34.616244,60,200.684421
50.469405,60,200.773574
31.217187,60,200.879206
43.630073,60,200.964935
31.057438,60,201.054432
30.201102,60,201.144584
23.569283,60,201.238542
37.122114,60,201.336106
50.753962,60,201.440142
53.542736,60,201.534338
46.801313,60,201.629504
52.888554,60,201.727612
54.521462,60,201.818138
45.336195,60,201.907271
37.845239,60,202.002803
36.694281,60,202.085465
23.622173,54,202.171441
38.777477,60,202.263891
48.851892,60,202.353293
35.700219,60,202.453315
37.018632,60,202.543419
38.249774,60,202.635468
46.365377,60,202.723631
16.100271,46,202.78602
56.531099,60,202.880626
38.51368,60,202.979761
37.372359,60,203.069317
29.783738,60,203.149315
53.348588,60,203.236874
50.941593,60,203.324149
41.097203,60,203.412042
12.607222,49,203.483553
27.325234,60,203.560553
49.593023,60,203.635603
48.453517,60,203.721206
42.470971,60,203.814592
44.906132,60,203.900187
28.002336,60,203.988237
48.633746,60,204.081963
54.351342,60,204.170421
55.455993,60,204.252284
33.430049,60,204.350814
21.053009,60,204.440786
45.700927,60,204.522545
54.097826,60,204.623507
51.069173,60,204.709552
45.49783,60,204.802628
50.683932,60,204.887535
35.908268,60,204.991701
55.142813,60,205.09206
32.916303,60,205.18016
55.478934,60,205.277674
48.912187,60,205.376773
53.45586,60,205.478903
36.896539,60,205.572589
45.789148,60,205.680336
49.907389,60,205.780933
45.535006,60,205.878984
51.487575,60,205.981757
38.100845,60,206.06812
35.461765,60,206.164166
25.756644,60,206.248164
35.529471,60,206.336254
38.903025,60,206.42327
45.410255,60,206.508867
36.460971,60,206.594419
50.667112,60,206.674458
39.769416,60,206.753438
31.981905,60,206.831779
43.243469,60,206.914824
56.257358,60,206.996603
21.307977,60,207.081954
41.183631,60,207.172488
48.114294,60,207.24747
40.621824,60,207.334041
49.380649,60,207.427648
36.410449,60,207.510596
34.431638,60,207.59877
41.891316,60,207.685309
55.916232,60,207.778508
27.963005,60,207.868797
10.479831,60,207.944118
57.55402,60,208.035787
49.914339,60,208.129282
42.463059,60,208.226222
55.983527,60,208.317277
41.986557,60,208.410722
44.068977,60,208.497045
44.501426,60,208.580122
39.832775,60,208.662218
18.60691,60,208.742687
53.357306,60,208.829787
14.71977,47,208.95572
49.603238,60,209.076752
46.267287,60,209.158679
56.834443,60,209.258183
45.62122,60,209.344109
51.552159,60,209.43608
47.596623,60,209.52772
48.354611,60,209.621336
39.88542,60,209.706289
57.024097,60,209.797394
38.844402,60,209.884019
40.403004,60,209.972327
36.858518,60,210.060314
37.532442,60,210.146892
43.057635,60,210.2426
52.703272,60,210.333164
44.982003,60,210.422106
28.599511,60,210.519669
51.59061,60,210.598697
38.469345,60,210.687864
41.619778,60,210.782296
45.213971,60,210.874326
56.618069,60,210.957604
38.375677,60,211.044345
9.562302,31,211.090214
47.849181,60,211.181043
50.426609,60,211.264527
43.049499,60,211.346582
45.971369,60,211.423437
42.187234,60,211.501354
43.680426,60,211.59323
56.111928,60,211.674673
32.338884,60,211.772086
43.262367,60,211.854921
41.164377,60,211.942997
44.750199,60,212.024574
54.786873,60,212.105554
17.967039,51,212.180488
40.363978,60,212.269539
44.48356,60,212.367617
44.007653,60,212.452133
50.070863,60,212.535752
56.292783,60,212.630796
35.732569,60,212.714398
43.202957,60,212.805519
42.193052,60,212.891983
49.198151,60,212.972553
51.468673,60,213.067696
26.615361,60,213.163766
45.349701,60,213.250737
37.56689,60,213.34419
45.01959,60,213.441771
21.143185,48,213.514277
49.136065,60,213.597318
44.815972,60,213.68724
19.772506,60,213.776739
50.183209,60,213.863497
24.009732,60,213.948005
46.837401,60,214.028381
32.562131,60,214.110881
43.559994,60,214.196956
32.073005,60,214.275907
40.618751,60,214.368969
44.079589,60,214.467487
47.046162,60,214.554455
51.438831,60,214.637449
36.279984,60,214.730573
35.844864,60,214.819659
49.952801,60,214.904166
51.411915,60,214.985473
23.229255,60,215.067563
36.392718,60,215.15009
43.445436,60,215.244566
15.34596,60,215.325391
54.113085,60,215.413536
43.465965,60,215.502972
51.301883,60,215.581066
53.270235,60,215.659137
25.903643,60,215.748313
38.576632,60,215.834849
45.738417,60,215.925327
52.089134,60,216.014456
51.405766,60,216.103512
57.173567,60,216.191877
41.576466,60,216.292496
54.384435,60,216.368441
36.059514,60,216.451348
49.609623,60,216.532413
51.983405,60,216.616853
47.291028,60,216.702442
46.161593,60,216.786976
51.532868,60,216.872119
39.862066,60,216.968074
29.429145,60,217.059575
26.386812,60,217.14591
54.607,60,217.241728
55.661855,60,217.329332
50.597535,60,217.423046
34.680662,60,217.511513
48.318033,60,217.605608
54.396544,60,217.695205
33.068342,60,217.783314
36.978211,60,217.871719
50.8687,60,217.963594
31.401041,60,218.048741
33.816131,60,218.129927
31.146364,60,218.223329
52.03667,60,218.311203
36.398625,60,218.391668
42.078821,60,218.478103
53.042593,60,218.561177
55.148501,60,218.640109
57.098479,60,218.719106
47.183875,60,218.809734
41.789602,60,218.892308
33.956226,60,218.9823
40.167869,60,219.068753
56.17913,60,219.142806
36.345498,60,219.223416
34.955105,60,219.311459
55.632512,60,219.402547
19.064601,47,219.477002
50.09963,60,219.567619
48.020101,60,219.659701
35.957969,60,219.751412
28.098626,60,219.860533
52.846571,60,219.961679
50.29352,60,220.049253
46.830718,60,220.148791
27.579176,58,220.252912
36.79115,60,220.335974
42.777168,60,220.438066
43.932191,60,220.531047
14.412349,60,220.620662
45.34109,60,220.70679
34.043074,60,220.790246
30.390911,60,220.89394
37.472517,60,220.983037
41.221402,60,221.062011
55.90027,60,221.144521
51.219032,60,221.236116
32.918614,60,221.31905
44.051586,60,221.400434
26.346214,60,221.493452
54.214473,60,221.56881
35.522096,60,221.648136
40.05011,60,221.718017
58.487098,60,221.797005
56.833658,60,221.869511
50.00982,60,221.956063
49.555646,60,222.042393
51.294769,60,222.121959
48.364036,60,222.208689
46.369641,60,222.286415
49.592874,60,222.36536
55.953541,60,222.448066
46.951921,60,222.536618
55.272605,60,222.620405
39.281012,60,222.705934
39.082749,60,222.792489
37.941621,60,222.869472
54.995642,60,222.959854
50.193558,60,223.038323
44.817009,60,223.120327
55.229567,60,223.210501
54.20829,60,223.290643
51.518524,60,223.378759
49.835711,60,223.466197
54.987143,60,223.550486
48.867175,60,223.633995
38.891853,60,223.712978
47.524262,60,223.794326
49.375496,60,223.890802
36.90602,60,223.981339
32.160723,60,224.081559
26.140026,60,224.160479
47.932821,60,224.225953
50.838428,60,224.289333
41.329615,60,224.357362
30.117197,60,224.433083
42.857122,60,224.505574
29.788413,60,224.578519
20.300425,60,224.655913
46.201786,60,224.730902
49.631894,60,224.804409
48.741548,60,224.881393
49.993342,60,224.952387
50.844827,60,225.025436
55.295704,60,225.103439
39.839798,60,225.175928
27.965603,60,225.259465
43.691668,60,225.358247
51.480004,60,225.432821
20.637671,60,225.509247
53.901641,60,225.592806
54.643927,60,225.677317
33.814968,60,225.778895
53.44226,60,225.869978
28.014701,60,225.964079
37.317668,60,226.045599
35.047736,60,226.13496
54.731861,60,226.227117
45.61818,60,226.307885
57.681917,60,226.385352
47.518814,60,226.468934
45.273842,60,226.548951
37.693708,60,226.629433
46.980891,60,226.705377
55.307956,60,226.783395
34.325111,60,226.863947
37.405635,60,226.93196
54.307109,60,227.021501
41.203807,60,227.098142
57.066747,60,227.184126
51.453735,60,227.264319
44.245886,60,227.343615
41.254901,60,227.42154
53.478814,60,227.513885
52.445686,60,227.582815
39.640183,60,227.685459
56.363674,60,227.759917
38.422833,60,227.837885
47.780081,60,227.921293
53.125985,60,228.013028
42.310859,60,228.100261
48.331132,60,228.190386
48.164498,60,228.26384
50.891253,60,228.346858
48.649403,60,228.433779
49.794828,60,228.507641
44.913474,60,228.586592
43.94873,60,228.666545
57.822522,60,228.743536
43.310262,60,228.823987
57.034817,60,228.896967
43.014532,60,228.977471
55.126482,60,229.044309
38.706501,60,229.13641
55.347525,60,229.228574
55.876638,60,229.311609
49.236458,60,229.409755
42.307282,60,229.507414
47.088165,60,229.596873
53.160405,60,229.687558
39.165807,60,229.78669
53.510171,60,229.873617
44.267458,60,229.966239
26.485332,60,230.058831
31.391187,60,230.150385
54.046353,60,230.243023
47.530561,60,230.340677
28.898371,60,230.436223
55.007834,60,230.539243
41.265697,60,230.641316
24.873983,60,230.733606
53.756345,60,230.836971
46.503707,60,230.928352
53.373727,60,231.022302
50.512823,60,231.117357
39.564759,60,231.212854
41.835284,60,231.30853
42.036198,60,231.405184
55.221076,60,231.499459
51.065818,60,231.591976
48.539738,60,231.693536
56.555971,60,231.784132
47.354615,60,231.865811
42.806947,60,231.955737
53.463867,60,232.043593
16.965749,60,232.131678
48.806522,60,232.221121
34.703039,60,232.304157
55.266307,60,232.405327
55.594792,60,232.498406
54.650003,60,232.577422
46.804357,60,232.669931
51.871891,60,232.773539
32.159918,60,232.862097
50.659253,60,232.964216
50.878863,60,233.057086
51.328429,60,233.150466
56.025569,60,233.263293
25.542512,60,233.349803
57.438697,60,233.453092
57.113458,60,233.545593
41.333769,60,233.632635
54.801121,60,233.730625
43.273148,60,233.816976
48.098431,60,233.909626
51.257508,60,234.004869
38.9641,60,234.0992
50.77873,60,234.18528
54.179297,60,234.288528
39.157168,60,234.381222
25.94603,60,234.473771
49.316755,60,234.553891
54.745159,60,234.636751
50.297722,60,234.718271
49.12956,60,234.803982
47.374132,60,234.891459
43.153855,60,234.983902
46.000307,60,235.074905
40.959186,60,235.160342
35.936798,60,235.245364
50.51339,60,235.32834
50.264807,60,235.413879
50.320199,60,235.498507
52.852706,60,235.593707
51.206007,60,235.680251
26.664099,60,235.772367
56.483814,60,235.87122
14.814848,39,235.929131
50.920856,60,236.033822
26.2366,60,236.128028
45.648182,60,236.216491
50.09704,60,236.313906
46.420784,60,236.395405
47.345081,60,236.486485
38.699663,60,236.572434
37.556358,60,236.675004
39.044534,60,236.758347
55.67143,60,236.846765
43.563539,60,236.939268
28.772216,60,237.031167
41.800009,60,237.116305
50.498129,60,237.203869
41.480913,60,237.288484
56.572151,60,237.386383
24.73379,60,237.477492
51.261697,60,237.568972
55.030428,60,237.666061
49.588075,60,237.757158
28.857431,60,237.836309
36.097114,60,237.9269
53.164019,60,238.020027
53.563188,60,238.113768
28.158584,60,238.207768
53.244532,60,238.300314
48.78054,60,238.398193
42.245984,60,238.488147
49.121864,60,238.572627
52.287239,60,238.670325
35.37738,60,238.754873
49.785935,60,238.85252
44.811059,60,238.939041
53.662223,60,239.028672
55.276367,60,239.119325
48.912129,60,239.2204
54.822856,60,239.306092
54.330116,60,239.399658
42.224412,60,239.501217
55.396046,60,239.593276
47.247638,60,239.692291
39.667129,60,239.779993
45.250794,60,239.868092
41.985309,60,239.969599
56.939164,60,240.062073
51.87437,60,240.158347
56.419581,60,240.258503
48.019279,60,240.355137
31.060319,60,240.443777
58.351217,60,240.542903
48.605122,60,240.630442
47.676072,60,240.723547
43.190573,60,240.812228
30.7402,60,240.89935
39.759726,60,240.990835
54.885412,60,241.085195
38.549821,60,241.177303
49.062454,60,241.27483
53.145968,60,241.368415
43.373815,60,241.483638
50.01579,60,241.578248
56.96351,60,241.680823
48.389829,60,241.778542
50.189004,60,241.87712
37.392225,60,241.972905
48.221046,60,242.079397
42.832816,60,242.182594
37.440492,60,242.274636
50.841376,60,242.361614
48.716202,60,242.451248
40.559734,60,242.544821
43.183152,60,242.637605
21.800122,42,242.699862
26.124426,60,242.800314
49.032787,60,242.900266
53.317182,60,242.997833
55.807824,60,243.096846
51.489864,60,243.193341
45.405878,60,243.283948
55.236048,60,243.390123
29.582265,60,243.473056
34.598821,60,243.57361
38.698582,60,243.668275
39.569097,60,243.761919
54.735757,60,243.861887
50.438218,60,243.954307
41.170608,60,244.050291
49.026218,60,244.151298
50.098765,60,244.238883
44.029956,60,244.338933
42.834747,60,244.437501
52.301389,60,244.529115
54.5851,60,244.622906
42.8435,60,244.710325
45.113271,60,244.799313
38.216664,60,244.893811
54.548598,60,244.974971
56.032834,60,245.063704
50.021089,60,245.15723
43.350691,60,245.256054
56.44359,60,245.349828
47.371192,60,245.449615
53.937569,60,245.544721
54.872282,60,245.630141
13.649975,44,245.691971
36.739415,60,245.781943
55.3301,60,245.870488
56.481853,60,245.960544
57.300223,60,246.049617
23.935552,51,246.12713
43.827317,60,246.222688
56.919615,60,246.31207
28.137997,60,246.401974
50.445172,60,246.504771
53.498489,60,246.593738
53.556629,60,246.683986
56.423605,60,246.787182
54.671232,60,246.873151
46.100394,60,246.963727
42.973589,60,247.057808
40.775207,60,247.158182
48.084512,60,247.252201
54.702723,60,247.346289
51.222197,60,247.447247
50.001931,60,247.530519
55.527395,60,247.61648
49.991425,60,247.70527
55.465827,60,247.79676
54.058205,60,247.898953
13.333524,35,247.953763
54.606646,60,248.058503
52.155813,60,248.142833
55.47962,60,248.233911
55.412077,60,248.329915
49.239051,60,248.431058
48.518039,60,248.52968
54.477459,60,248.628903
53.173699,60,248.727471
52.871306,60,248.815991
40.105671,60,248.913215
48.871159,60,249.013023
56.392766,60,249.107219
38.901625,60,249.196839
42.882525,60,249.283932
40.105325,60,249.371498
51.699704,60,249.459145
54.313264,60,249.536059
50.264853,60,249.611089
52.568321,60,249.707106
52.516156,60,249.810547
54.537674,60,249.897162
56.980079,60,249.993892
41.567803,60,250.08297
48.269167,60,250.18352
44.384731,60,250.270112
53.344779,60,250.345538
52.53377,60,250.433432
56.124726,60,250.528296
55.907569,60,250.614724
55.126392,60,250.711141
27.218634,60,250.793838
48.630243,60,250.881762
44.177135,60,250.974596
53.598655,60,251.069997
51.348362,60,251.152979
27.48696,60,251.242564
45.963614,60,251.329201
56.190296,60,251.407687
56.76896,60,251.491692
57.084672,60,251.581202
55.146391,60,251.693863
52.866693,60,251.785786
56.921921,60,251.879684
52.604488,60,251.98351
51.847134,60,252.066781
38.75926,60,252.208085
53.00019,60,252.318259
32.879531,60,252.413783
40.306029,60,252.503867
50.464558,60,252.592854
53.0188,60,252.686711
52.151995,60,252.777233
49.904616,60,252.874412
51.482544,60,252.956961
46.774074,60,253.044466
39.775029,60,253.1224
56.281663,60,253.204434
50.185041,60,253.287497
43.23016,60,253.380546
46.434689,60,253.480671
54.947227,60,253.578591
52.185569,60,253.677058
55.51311,60,253.772569
15.4821,56,253.858655
53.04562,60,253.946675
55.123174,60,254.042075
42.04365,60,254.14554
50.555018,60,254.24658
37.803942,60,254.356159
25.412195,60,254.469642
45.501574,60,254.571902
51.235105,60,254.671247
49.674095,60,254.759488
47.201598,60,254.870352
52.278044,60,254.978212
55.361274,60,255.07839
55.765761,60,255.184475
44.577005,60,255.297018
28.683508,60,255.389112
53.618885,60,255.483571
34.341809,60,255.564427
52.034202,60,255.649578
51.730488,60,255.74795
41.103952,60,255.837336
48.817293,60,255.91831
55.205465,60,255.983666
43.503289,60,256.062543
49.535011,60,256.125327
45.515988,60,256.189232
54.178534,60,256.261647
39.630345,60,256.32603
51.390495,60,256.426181
52.381428,60,256.526942
45.474353,60,256.626558
52.076025,60,256.734577
56.660763,60,256.834197
56.310793,60,256.913751
51.091802,60,257.015371
55.661637,60,257.101357
57.325941,60,257.197696
50.975776,60,257.292617
50.879212,60,257.376698
49.780924,60,257.470311
25.327218,53,257.553343
50.154826,60,257.649858
54.230622,60,257.71526
54.311795,60,257.783649
37.976782,60,257.858594
49.780479,60,257.935625
49.457639,60,258.010999
55.379032,60,258.086378
53.606707,60,258.159443
55.463003,60,258.236524
18.988588,60,258.315985
53.06978,60,258.390043
43.593148,60,258.468058
57.13727,60,258.544647
53.186518,60,258.620581
17.431622,60,258.694491
57.155203,60,258.765849
52.986177,60,258.843235
54.787375,60,258.922118
57.286747,60,259.007746
55.122493,60,259.087749
52.765478,60,259.1707
55.969672,60,259.253299
56.412081,60,259.332768
46.440383,60,259.40635
41.183663,60,259.48969
52.979961,60,259.569562
55.774974,60,259.658177
41.243618,60,259.737209
19.963296,60,259.814725
54.548992,60,259.90021
54.220058,60,259.981604
16.168117,60,260.051017
49.891538,60,260.131934
55.851886,60,260.226041
56.684984,60,260.310146
23.757065,60,260.388926
57.635302,60,260.456188
55.355438,60,260.535423
52.48646,60,260.619306
54.974498,60,260.694335
58.203231,60,260.782879
54.673779,60,260.860422
55.072958,60,260.93935
46.208202,60,261.026917
50.689345,60,261.107132
52.936985,60,261.180109
35.11949,60,261.246468
53.440801,60,261.308316
37.06871,60,261.37588
48.09491,60,261.451356
53.852459,60,261.531851
53.509966,60,261.633542
52.111417,60,261.733085
53.126911,60,261.81895
54.624217,60,261.911024
56.294795,60,261.982528
37.903778,60,262.081262
52.938149,60,262.186893
53.501622,60,262.286536
57.412135,60,262.385183
39.809512,60,262.489845
48.153808,60,262.593595
35.360494,60,262.692249
43.321555,60,262.784474
55.541505,60,262.879966
48.265042,60,262.96947
52.063773,60,263.060718
54.614456,60,263.142693
56.241821,60,263.232855
51.959452,60,263.323389
47.872201,60,263.408493
44.454067,60,263.500643
52.621278,60,263.588626
52.218488,60,263.677658
54.018404,60,263.764186
38.807268,60,263.852185
21.175314,60,263.936723
53.37485,60,264.033389
51.272418,60,264.131448
53.380088,60,264.225993
49.114857,60,264.328075
27.548855,60,264.424549
54.737464,60,264.51874
55.524088,60,264.618933
56.068017,60,264.709674
42.204297,60,264.812812
55.762687,60,264.90325
40.997252,60,264.986472
53.827556,60,265.070781
55.855278,60,265.168803
55.606012,60,265.261748
52.393632,60,265.368798
35.536954,60,265.457392
56.370187,60,265.550913
7.477495,53,265.627485
48.550817,60,265.709091
55.98074,60,265.795151
52.777575,60,265.887134
55.141164,60,265.975681
45.075159,60,266.073248
45.818339,60,266.172281
45.356985,60,266.25924
44.785654,60,266.352703
53.870228,60,266.447483
51.655417,60,266.544532
30.630215,60,266.644192
51.066428,60,266.74485
40.584038,60,266.839911
55.006559,60,266.944493
47.776487,60,267.033347
48.281253,60,267.125875
55.084165,60,267.218812
42.448393,60,267.303237
29.58383,60,267.40373
54.167649,60,267.495896
45.86079,60,267.579241
22.60878,55,267.657373
48.144297,60,267.749986
37.909167,60,267.833481
38.797783,60,267.916098
31.920725,60,268.012233
48.048057,60,268.104169
55.254641,60,268.190073
51.297791,60,268.269562
50.138593,60,268.344692
48.716698,60,268.425842
51.838974,60,268.512458
50.445135,60,268.594976
45.058798,60,268.687058
28.252937,60,268.779881
56.513293,60,268.866402
54.745867,60,268.950327
55.221195,60,269.028657
58.020452,60,269.124229
56.744061,60,269.212554
54.023358,60,269.303543
51.673068,60,269.388124
44.45195,60,269.485333
37.881377,60,269.591018
49.522027,60,269.680562
57.201014,60,269.770976
52.55264,60,269.869955
54.438694,60,269.958009
42.694121,60,270.052135
48.561527,60,270.142634
49.763302,60,270.243283
40.535576,60,270.346734
50.52486,60,270.468607
54.150631,60,270.565373
47.467623,60,270.675205
26.638368,60,270.769234
41.314612,60,270.872863
44.395819,60,270.95891
30.897428,60,271.062141
40.117675,60,271.182389
46.763759,60,271.294665
55.537323,60,271.417963
42.575357,60,271.518871
51.868104,60,271.621009
55.106148,60,271.718229
53.174837,60,271.824111
50.955509,60,271.931184
56.486971,60,272.045064
57.414172,60,272.154053
55.413316,60,272.2474
45.958215,60,272.360718
55.972922,60,272.469399
50.320434,60,272.580996
48.368932,60,272.694189
40.585725,60,272.808409
51.244928,60,272.927536
44.526364,60,273.033288
55.235008,60,273.141363
45.491122,60,273.240309
54.210878,60,273.344257
56.307025,60,273.447844
46.289654,60,273.552048
47.487034,60,273.660729
53.891185,60,273.757886
57.035245,60,273.858319
45.122669,60,273.943995
55.393891,60,274.036094
56.110027,60,274.132024
55.261657,60,274.230067
49.907215,60,274.334444
40.132024,60,274.436479
39.836915,60,274.549513
58.570001,60,274.655718
54.02591,60,274.741643
55.614044,60,274.83736
49.96775,60,274.941551
55.176215,60,275.047235
55.806205,60,275.1504
46.853911,60,275.241366
51.611965,60,275.347021
50.455886,60,275.441989
53.845739,60,275.521506
56.628573,60,275.620237
51.406478,60,275.705205
56.720156,60,275.810885
39.114705,60,275.912365
57.35765,60,276.00869
55.14799,60,276.104831
56.951658,60,276.207497
56.695072,60,276.293176
55.552631,60,276.385794
52.521317,60,276.493343
55.706037,60,276.582861
35.237988,60,276.671645
43.691535,60,276.762519
55.453653,60,276.838257
57.273381,60,276.924108
41.020411,60,277.009994
56.268241,60,277.109023
56.989037,60,277.217639
51.279005,60,277.313272
56.74713,60,277.411392
55.337958,60,277.501929
52.343936,60,277.586862
50.056273,60,277.682047
53.291672,60,277.765998
17.620596,60,277.865407
56.101092,60,277.967356
45.959983,60,278.085037
48.687392,60,278.185843
52.54939,60,278.278963
47.809254,60,278.374121
56.60783,60,278.482396
55.12704,60,278.568953
54.438294,60,278.662931
54.310402,60,278.76241
47.407172,60,278.849931
57.584125,60,278.95457
47.071327,60,279.053213
55.016552,60,279.138253
55.967338,60,279.222784
40.296958,60,279.297777
56.882505,60,279.380445
32.579601,60,279.464924
51.758291,60,279.554593
55.914155,60,279.639603
49.21768,60,279.715624
51.573536,60,279.798318
48.575326,60,279.883926
56.625157,60,279.973082
56.512041,60,280.079003
53.284626,60,280.179988
54.376289,60,280.276903
56.514523,60,280.378319
56.878814,60,280.484041
54.226096,60,280.627951
49.663413,60,280.720057
50.397285,60,280.801602
48.53494,60,280.939979
55.751591,60,281.025123
52.253159,60,281.136219
53.122302,60,281.251259
55.178035,60,281.350288
56.5719,60,281.462843
40.189053,60,281.55771
24.749685,60,281.671658
56.104342,60,281.76881
54.589088,60,281.874929
56.142486,60,281.980104
45.549451,60,282.084251
43.939618,60,282.170702
44.850027,60,282.261735
50.700764,60,282.363257
52.241714,60,282.444131
42.652744,60,282.529974
50.521258,60,282.616119
56.477509,60,282.701218
54.629864,60,282.784187
55.09278,60,282.869158
50.12962,60,282.956848
52.198073,60,283.047955
58.159185,60,283.126427
57.310292,60,283.216092
47.839571,60,283.306658
43.8905,60,283.394203
51.882271,60,283.479662
55.865571,60,283.572233
43.105388,60,283.658828
50.474839,60,283.752376
51.012829,60,283.830491
53.421387,60,283.913984
34.363278,60,283.999968
55.732708,60,284.078862
56.775956,60,284.161901
56.552052,60,284.246464
57.097493,60,284.326323
57.947841,60,284.41188
55.729233,60,284.492204
32.230423,60,284.57675
52.933108,60,284.65873
50.703514,60,284.749185
48.633682,60,284.829693
47.488525,60,284.906724
57.683914,60,284.988246
37.391713,60,285.063792
57.0546,60,285.134263
49.277647,60,285.209714
54.902051,60,285.292782
50.232826,60,285.372741
29.45106,60,285.454248
45.710348,60,285.540411
46.376898,60,285.614057
54.598618,60,285.696883
42.25455,60,285.769751
41.301986,60,285.851732
48.130226,60,285.932719
55.704236,60,286.017789
54.881404,60,286.101842
54.835328,60,286.179834
56.855062,60,286.275058
54.047861,60,286.361048
53.190727,60,286.445033
54.21334,60,286.52943
56.416857,60,286.610375
33.072725,60,286.706799
56.487556,60,286.801628
54.627457,60,286.881431
53.777611,60,286.970925
55.25372,60,287.072629
54.939382,60,287.147563
43.478253,60,287.20803
48.406388,60,287.279365
48.934678,60,287.35731
48.890459,60,287.437324
50.733704,60,287.514917
56.995255,60,287.591799
57.208482,60,287.668853
57.198617,60,287.743904
52.945369,60,287.821992
53.651637,60,287.899997
56.513785,60,287.983019
46.453762,60,288.063072
39.000784,60,288.136183
48.499613,60,288.212631
55.089456,60,288.290689
47.988836,60,288.365493
39.156963,60,288.438637
55.629846,60,288.516272
56.568549,60,288.587696
56.069186,60,288.664254
19.449441,51,288.726624
54.132031,60,288.806673
56.954801,60,288.893842
52.109053,60,288.976607
56.559569,60,289.058033
25.66498,60,289.135462
55.491408,60,289.199772
50.669935,60,289.280872
53.265588,60,289.35641
32.825648,60,289.438403
51.455248,60,289.519851
55.339836,60,289.614956
57.295255,60,289.711548
57.670068,60,289.806023
53.683869,60,289.897581
48.384935,60,289.980475
51.879299,60,290.0629
57.281433,60,290.150948
54.008686,60,290.249087
53.596781,60,290.336118
55.526929,60,290.441588
58.304615,60,290.533104
55.05342,60,290.617474
52.3439,60,290.710095
54.50106,60,290.803038
43.457349,60,290.892905
58.166018,60,290.994036
54.187083,60,291.087046
56.43491,60,291.174398
53.520933,60,291.279983
45.210798,60,291.378047
52.998724,60,291.482003
56.426723,60,291.567712
55.682005,60,291.674836
55.994933,60,291.785654
52.558836,60,291.892992
56.598559,60,292.003631
48.378353,60,292.122867
44.315742,60,292.234583
54.060618,60,292.337194
57.24343,60,292.438289
56.771105,60,292.541877
52.068941,60,292.646098
32.526554,60,292.751272
54.585515,60,292.85642
56.672082,60,292.979115
55.522856,60,293.08535
55.826228,60,293.189315
56.977604,60,293.290139
26.41217,60,293.386074
53.002449,60,293.499362
49.96758,60,293.606515
55.617295,60,293.704983
30.798331,60,293.818525
51.218069,60,293.929062
55.938597,60,294.029584
57.398698,60,294.129555
50.59287,60,294.264333
53.8659,60,294.381092
55.212005,60,294.476672
55.8078,60,294.56516
47.134247,60,294.661062
39.786117,60,294.76702
57.070958,60,294.860462
35.026634,60,294.949117
46.825396,60,295.04378
42.471002,60,295.137303
58.046286,60,295.242934
51.516974,60,295.332879
51.224699,60,295.429518
53.697554,60,295.531527
49.024503,60,295.619448
48.286214,60,295.705525
42.76719,60,295.796019
54.151277,60,295.888719
50.101792,60,295.977914
38.061132,60,296.074576
55.467861,60,296.167153
56.063176,60,296.259059
51.53285,60,296.341069
56.892742,60,296.419653
51.796572,60,296.50299
55.508818,60,296.59224
48.870112,60,296.680071
57.745199,60,296.770584
52.618491,60,296.857768
56.813816,60,296.94486
55.804592,60,297.032786
55.607086,60,297.115258
52.70693,60,297.208252
57.462195,60,297.302503
56.571059,60,297.403597
27.984525,60,297.507574
42.4735,60,297.623729
57.839475,60,297.721205
54.523473,60,297.818336
48.671699,60,297.91121
56.621466,60,298.006164
44.939868,60,298.106698
55.976977,60,298.199901
57.099098,60,298.336164
54.878857,60,298.488554
54.535185,60,298.580542
55.69154,60,298.665956
55.775858,60,298.755485
54.953849,60,298.844429
56.377326,60,298.932476
53.54833,60,299.031014
55.899784,60,299.116518
56.351122,60,299.219163
55.580466,60,299.311439
48.716772,60,299.402226
55.605882,60,299.489287
55.550246,60,299.579898
53.785748,60,299.672916
54.382644,60,299.764489
55.446806,60,299.862365
47.445824,60,299.950413
56.126636,60,300.050613
56.477127,60,300.137108
55.120692,60,300.234033
39.306611,60,300.314889
56.659302,60,300.403842
56.128937,60,300.498857
56.145202,60,300.593963
51.595076,60,300.693672
55.472005,60,300.795187
54.351552,60,300.878042
57.361661,60,300.975088
56.331183,60,301.068972
57.231898,60,301.162593
53.693311,60,301.252684
51.35342,60,301.352512
35.827943,60,301.445133
55.287926,60,301.535807
36.758351,60,301.622509
55.452885,60,301.706348
47.679565,60,301.808798
53.634354,60,301.909353
54.17091,60,302.009099
34.917474,60,302.107202
47.113069,60,302.191541
51.684372,60,302.281815
55.66143,60,302.371846
54.334255,60,302.462785
55.093023,60,302.557707
55.270629,60,302.658602
56.656769,60,302.750063
57.627071,60,302.846891
57.923573,60,302.941416
55.45754,60,303.034955
55.355174,60,303.127414
36.857645,60,303.211638
30.637438,60,303.309037
49.888863,60,303.408016
57.16361,60,303.493835
57.63222,60,303.588734
54.766987,60,303.68025
57.449684,60,303.769363
55.452099,60,303.852371
56.527297,60,303.945939
57.958605,60,304.034674
41.388885,60,304.127753
51.941237,60,304.219327
57.449777,60,304.310838
50.442236,60,304.400398
52.944727,60,304.495466
43.802747,60,304.577849
56.831291,60,304.676937
57.06102,60,304.770829
39.372847,60,304.864628
52.992426,60,304.960213
52.463511,60,305.055365
54.037104,60,305.146857
55.699206,60,305.25064
54.386739,60,305.342526
55.451071,60,305.431933
48.791978,60,305.533983
50.002722,60,305.619037
54.964651,60,305.722337
49.218392,60,305.814014
55.522311,60,305.907017
49.56027,60,306.012776
56.871291,60,306.097724
46.377124,60,306.183725
57.110433,60,306.275133
57.246878,60,306.368533
58.047966,60,306.461155
56.275308,60,306.559256
45.144102,60,306.648731
57.135702,60,306.736226
55.206171,60,306.835516
57.189086,60,306.914498
55.256587,60,306.998759
54.398799,60,307.08887
56.130254,60,307.171332
53.833102,60,307.260843
56.844681,60,307.353554
43.376114,60,307.432627
53.571761,60,307.512668
47.502724,60,307.585481
44.905805,60,307.667096
19.360291,52,307.7411
53.896434,60,307.840775
26.83153,55,307.923683
9.774917,51,307.990987
44.414768,60,308.080433
50.998685,60,308.163045
54.306003,60,308.239321
28.082656,60,308.321126
56.103666,60,308.399713
52.41334,60,308.488423
53.476795,60,308.572418
56.821285,60,308.654943
41.212241,60,308.742635
58.087403,60,308.83373
52.065035,60,308.923275
56.552826,60,309.015728
54.354005,60,309.106276
53.400183,60,309.179739
57.111171,60,309.266921
54.961214,60,309.410896
51.648861,60,309.503536
54.536966,60,309.582634
50.90444,60,309.667552
55.266661,60,309.760532
57.307349,60,309.850436
55.098211,60,309.939932
33.911319,60,310.029537
56.13859,60,310.118398
47.032581,60,310.212261
57.277146,60,310.299652
54.797338,60,310.369015
55.677809,60,310.437502
56.596374,60,310.502263
57.442537,60,310.562174
46.176524,60,310.632219
47.803689,60,310.70882
56.627434,60,310.799032
53.651189,60,310.880903
56.569018,60,310.971292
41.082827,60,311.059395
53.956896,60,311.144323
58.748172,60,311.222756
56.245828,60,311.316475
55.160913,60,311.398028
55.932483,60,311.483582
42.781898,60,311.579836
52.964031,60,311.659758
24.849533,56,311.739656
53.562023,60,311.794465
56.195543,60,311.856784
47.621871,60,311.927175
56.437464,60,311.998526
55.453093,60,312.070597
56.850359,60,312.141589
54.673688,60,312.216528
54.509051,60,312.290843
53.324636,60,312.358702
56.29344,60,312.430252
37.185696,60,312.499774
56.790719,60,312.56827
55.918833,60,312.637346
56.875243,60,312.710768
54.056321,60,312.782242
40.624356,60,312.853685
57.963008,60,312.93253
56.362903,60,313.00323
50.662485,60,313.077178
56.429615,60,313.159533
54.416318,60,313.23602
56.29508,60,313.309619
30.87121,58,313.381589
56.27381,60,313.44758
53.947446,60,313.52018
50.119448,60,313.595236
57.58637,60,313.670155
55.765911,60,313.738549
55.883694,60,313.815567
56.712697,60,313.885091
46.269405,60,313.957017
23.430701,60,314.025497
40.255228,60,314.095994
54.877773,60,314.166292
57.138237,60,314.237091
54.205601,60,314.304523
43.582617,60,314.375518
54.205958,60,314.44803
55.354545,60,314.519982
54.442992,60,314.592017
56.697902,60,314.66495
55.877521,60,314.736933
55.331352,60,314.81337
55.738603,60,314.891158
49.329721,60,314.96208
56.874497,60,315.039684
56.04112,60,315.122239
57.524986,60,315.190795
47.65776,60,315.275513
52.562374,60,315.361749
40.035939,60,315.435674
54.188398,60,315.515548
56.305135,60,315.588001
56.913931,60,315.669104
55.499325,60,315.74705
55.921517,60,315.817544
50.522761,60,315.894041
34.066087,56,315.96694
40.592475,60,316.043449
52.591938,60,316.118407
52.398785,60,316.204523
51.138619,60,316.288437
49.513428,60,316.361731
55.84279,60,316.436003
56.292351,60,316.50716
55.181597,60,316.588144
22.295214,47,316.667811
52.892636,60,316.760418
55.519649,60,316.861088
53.976582,60,316.954165
47.201074,60,317.053374
55.593526,60,317.153484
55.440264,60,317.243861
56.286297,60,317.333878
56.870262,60,317.424543
56.16969,60,317.509017
55.412015,60,317.591546
57.398865,60,317.694703
44.873597,60,317.776151
57.156628,60,317.867539
56.987259,60,317.958505
56.749828,60,318.051306
56.836691,60,318.140856
55.661421,60,318.217861
58.146402,60,318.29238
57.684083,60,318.377719
57.256227,60,318.445052
48.13258,60,318.510417
48.928399,60,318.576778
54.172356,60,318.654224
53.098319,60,318.738805
54.212778,60,318.81733
56.681161,60,318.963904
56.083857,60,319.046467
57.308885,60,319.125469
57.149873,60,319.201012
44.832976,60,319.280394
56.296826,60,319.354857
50.296823,60,319.436925
53.157013,60,319.518892
55.055837,60,319.600416
38.993579,60,319.681926
51.591425,60,319.764061
54.132412,60,319.839972
52.970522,60,319.921457
51.400276,60,320.005963
49.895307,60,320.093629
55.865105,60,320.17224
56.29022,60,320.244265
41.495687,60,320.325148
56.017399,60,320.409561
54.806749,60,320.484191
57.579395,60,320.557002
29.636255,60,320.648549
55.924684,60,320.734016
54.88498,60,320.808543
55.55223,60,320.883511
56.509476,60,320.967593
57.025234,60,321.044621
45.480758,60,321.122478
57.929042,60,321.202044
52.693585,60,321.276034
57.069437,60,321.361099
57.639897,60,321.435558
56.608704,60,321.517098
52.867131,60,321.60651
52.357146,60,321.702947
48.313755,60,321.794421
56.720386,60,321.874245
37.71825,60,321.964293
56.354838,60,322.044811
57.432806,60,322.127774
57.124508,60,322.203569
50.278343,60,322.28915
48.552552,60,322.392265
45.295568,60,322.47437
56.296183,60,322.552428
55.488635,60,322.638999
48.362443,60,322.714946
51.314544,60,322.791939
53.302862,60,322.874964
57.729699,60,322.962388
30.178926,60,323.037335
56.639581,60,323.122441
53.718513,60,323.202047
39.583496,60,323.295151
51.223738,60,323.384816
58.110296,60,323.460793
50.364044,60,323.543882
56.729708,60,323.626252
52.881642,60,323.708256
56.497796,60,323.797833
56.092412,60,323.889414
30.851355,60,323.95728
53.607669,60,324.023585
30.684928,57,324.104722
57.741076,60,324.18515
57.137631,60,324.291244
57.705452,60,324.391941
55.148114,60,324.471045
56.269777,60,324.566626
57.091198,60,324.658268
48.810781,60,324.75491
34.004118,60,324.852318
52.154947,60,324.952412
46.855624,60,325.04831
49.928356,60,325.139926
44.629006,60,325.231548
35.108043,60,325.325185
45.139702,60,325.427233
55.268355,60,325.513161
54.308521,60,325.624729
55.684613,60,325.720702
51.97604,60,325.811707
45.484582,60,325.900643
57.408117,60,326.005371
53.943512,60,326.099244
55.322617,60,326.190835
57.971166,60,326.276824
54.477269,60,326.361228
40.920445,60,326.46161
53.136992,60,326.56157
14.274028,60,326.659129
56.512182,60,326.75724
12.239268,60,326.861904
56.090987,60,326.956649
51.54486,60,327.038594
58.199149,60,327.142026
54.401112,60,327.25601
56.062704,60,327.373332
54.338846,60,327.472373
46.0139,60,327.561966
55.627119,60,327.649112
52.418295,60,327.749174
42.383869,60,327.830569
56.677031,60,327.924371
57.715142,60,328.032474
53.822634,60,328.132265
55.758859,60,328.237978
56.899386,60,328.336289
55.768035,60,328.433377
54.790737,60,328.596971
52.747499,60,328.716675
56.686722,60,328.804137
33.048405,60,328.929975
56.660119,60,329.035607
57.159888,60,329.151684
56.594295,60,329.246801
42.113648,60,329.333284
56.934619,60,329.417643
57.420305,60,329.506228
52.809567,60,329.593224
55.853275,60,329.687905
53.605729,60,329.779171
57.328968,60,329.86609
57.853783,60,329.95951
56.933701,60,330.072241
57.895858,60,330.179402
57.481784,60,330.278238
54.077189,60,330.381328
55.167407,60,330.467836
57.297825,60,330.56951
18.085646,44,330.634429
53.097495,60,330.751886
56.954602,60,330.864164
58.523674,60,330.978442
55.34909,60,331.075458
55.587202,60,331.181335
37.198558,60,331.269908
56.077875,60,331.374937
53.259172,60,331.471877
55.781745,60,331.567301
51.135245,60,331.671786
52.730198,60,331.775988
41.978393,60,331.888528
55.540824,60,331.990575
56.237331,60,332.099016
47.257743,60,332.190369
57.484476,60,332.28523
54.347668,60,332.388418
8.906741,27,332.444349
43.73139,60,332.56211
44.17153,60,332.65973
49.922649,60,332.753097
56.391728,60,332.842146
57.497437,60,332.936282
57.214644,60,333.021832
57.33088,60,333.126036
57.036164,60,333.220122
46.442024,60,333.309647
57.661577,60,333.416779
53.843589,60,333.511187
57.098893,60,333.598586
47.032412,60,333.70319
55.297532,60,333.782176
52.920589,60,333.868752
57.306423,60,333.957817
54.640781,60,334.050344
55.996194,60,334.132884
56.089257,60,334.226815
52.010866,60,334.311729
57.447928,60,334.391703
55.833827,60,334.483769
57.161797,60,334.568393
54.837502,60,334.65094
32.585005,60,334.732941
52.500877,60,334.818454
55.919846,60,334.901514
57.155655,60,334.996132
53.809868,60,335.085185
57.21665,60,335.175578
56.434505,60,335.259508
52.901418,60,335.366988
51.070635,60,335.452816
56.599693,60,335.54639
56.563205,60,335.635034
58.257419,60,335.723193
57.56281,60,335.814569
53.8746,60,335.892987
27.534792,60,335.989629
50.586013,60,336.081867
57.247346,60,336.172967
50.80188,60,336.268108
54.472151,60,336.351702
57.581869,60,336.449642
57.434743,60,336.543081
56.66971,60,336.630582
56.125901,60,336.719392
53.987541,60,336.816895
40.170748,60,336.914668
55.087897,60,337.006934
38.557642,60,337.090483
57.121221,60,337.172577
50.25302,60,337.253146
56.959584,60,337.3453
51.971409,60,337.438786
57.432245,60,337.532225
55.577905,60,337.620182
56.544746,60,337.708553
46.57244,60,337.791914
52.344588,60,337.882817
56.729232,60,337.97084
58.535887,60,338.054004
56.216499,60,338.153114
56.389677,60,338.245228
55.872336,60,338.345946
56.315119,60,338.436012
52.658076,60,338.538629
58.155488,60,338.62675
57.392962,60,338.71323
51.804086,60,338.812153
53.976672,60,338.905289
55.641646,60,339.003332
46.375832,60,339.091879
56.843577,60,339.190951
57.764584,60,339.280912
43.699948,60,339.375526
53.965038,60,339.465672
55.718204,60,339.542569
56.095657,60,339.63205
52.073599,60,339.709989
16.890217,60,339.789036
55.403855,60,339.875081
57.418908,60,339.962872
36.492564,60,340.050841
50.389984,60,340.144953
56.970859,60,340.226822
58.078661,60,340.310741
56.938298,60,340.396874
57.248928,60,340.490028
51.158375,60,340.570924
44.906283,60,340.657419
54.08681,60,340.750441
57.220003,60,340.845302
56.640352,60,340.933275
51.352489,60,341.020635
55.73113,60,341.110123
17.800201,60,341.189174
46.487132,60,341.273582
58.699358,60,341.365576
56.639763,60,341.450584
57.519719,60,341.531063
52.192379,60,341.611776
57.647796,60,341.701928
55.864443,60,341.781759
17.84862,43,341.841653
57.504322,60,341.921771
41.623511,60,342.003831
17.360662,40,342.061121
45.908096,60,342.145639
29.987245,60,342.226696
56.96772,60,342.30695
57.645141,60,342.385591
55.98711,60,342.467436
30.898077,60,342.547618
56.732115,60,342.635576
51.371172,60,342.726634
57.430658,60,342.800465
56.998808,60,342.884535
56.775633,60,342.968002
57.314925,60,343.053233
53.957071,60,343.137638
54.292157,60,343.227717
58.33737,60,343.309983
54.181558,60,343.396536
56.961865,60,343.479379
56.413082,60,343.561627
36.2481,60,343.652927
53.061703,60,343.738034
49.545448,60,343.825945
57.315855,60,343.914432
56.949239,60,343.99593
45.412971,60,344.079471
42.391486,60,344.154888
56.799447,60,344.244902
41.919837,60,344.327958
35.441878,60,344.428422
56.983361,60,344.512748
56.843498,60,344.59304
51.954997,60,344.682746
28.29685,60,344.757418
50.062981,60,344.834726
57.327834,60,344.916638
47.940847,60,345.006317
53.208281,60,345.088869
56.639476,60,345.181938
57.124161,60,345.269997
50.992995,60,345.355648
56.682762,60,345.442782
56.745316,60,345.52119
53.285867,60,345.607596
26.33985,60,345.695977
56.598984,60,345.77988
55.249972,60,345.861948
57.405816,60,345.959548
57.584863,60,346.049705
47.086589,60,346.137722
57.186397,60,346.219115
56.157704,60,346.297023
47.073503,60,346.391436
50.388134,60,346.472961
55.113825,60,346.558536
47.383924,60,346.65106
10.267437,36,346.706271
50.491937,60,346.793536
55.398343,60,346.878999
52.928852,60,346.966253
53.755039,60,347.049314
57.515569,60,347.138365
56.991105,60,347.217426
56.57868,60,347.297077
56.498808,60,347.379632
20.332707,60,347.470174
49.644226,60,347.561685
50.792642,60,347.648576
33.63005,60,347.735731
55.943221,60,347.82414
56.766492,60,347.907328
57.676985,60,347.988852
39.946524,60,348.074895
54.965207,60,348.161068
52.591991,60,348.254208
22.4186,46,348.31852
56.13999,60,348.411056
55.705293,60,348.505387
38.999759,60,348.585788
57.541359,60,348.669816
57.750217,60,348.751915
57.335735,60,348.837421
57.30162,60,348.926057
52.728929,60,349.021509
57.29177,60,349.109318
56.806785,60,349.201797
56.836288,60,349.296542
38.467003,60,349.387548
56.776745,60,349.478578
56.036117,60,349.570497
55.627527,60,349.651861
54.161362,60,349.742257
56.226156,60,349.82184
54.594092,60,349.904896
50.163159,60,349.986044
53.180598,60,350.081047
54.662955,60,350.170071
57.01588,60,350.266655
56.6754,60,350.360147
54.742843,60,350.451624
47.534157,60,350.542686
45.286353,60,350.635292
50.519623,60,350.717885
51.384914,60,350.819986
57.664923,60,350.918495
19.385602,45,350.988397
56.040309,60,351.091847
58.719025,60,351.181738
56.628769,60,351.274632
46.057221,60,351.37006
24.425184,60,351.465448
53.894101,60,351.566439
54.942902,60,351.663678
54.381668,60,351.754882
47.375581,60,351.846819
56.771129,60,351.940868
54.86266,60,352.031743
56.537891,60,352.139234
56.910467,60,352.231413
55.343659,60,352.338458
56.268307,60,352.456173
20.216661,60,352.539207
57.2887,60,352.654421
57.169601,60,352.749889
56.25904,60,352.85042
58.527177,60,352.942957
55.812923,60,353.027891
56.720532,60,353.119902
25.324025,60,353.212851
54.447185,60,353.305437
56.650096,60,353.394848
57.43346,60,353.488027
37.00742,60,353.570537
56.292372,60,353.653923
56.629057,60,353.745635
43.205207,60,353.825148
55.280426,60,353.915194
55.085038,60,353.999654
56.367925,60,354.087776
54.86153,60,354.179889
56.73115,60,354.268024
57.185697,60,354.358213
54.531725,60,354.447958
55.961773,60,354.537329
51.96095,60,354.62328
57.878053,60,354.710677
57.348586,60,354.799014
56.824105,60,354.882826
52.61583,60,354.963785
57.38528,60,355.040027
49.052543,60,355.119632
55.93449,60,355.204188
54.825113,60,355.287831
56.756594,60,355.366154
57.10389,60,355.456011
55.721925,60,355.537659
58.216748,60,355.615522
5.79015,32,355.654825
44.433089,60,355.726823
56.954971,60,355.801308
57.15305,60,355.885994
56.705878,60,355.978686
30.698983,60,356.064239
55.327698,60,356.16229
55.846319,60,356.244258
53.191176,60,356.324263
55.065208,60,356.415831
50.720376,60,356.494922
56.700023,60,356.574392
56.721207,60,356.663359
12.860864,37,356.713609
56.136299,60,356.796482
54.5037,60,356.8779
23.878207,60,356.967004
53.155396,60,357.049563
32.17942,60,357.140226
50.89243,60,357.223768
57.15578,60,357.306724
57.066017,60,357.387187
57.665425,60,357.464674
57.039799,60,357.541041
55.962913,60,357.619864
55.603682,60,357.70256
42.269001,60,357.782261
50.032576,60,357.859716
56.362322,60,357.946718
56.432546,60,358.028704
55.180773,60,358.110219
56.55614,60,358.193685
56.653913,60,358.284745
56.848655,60,358.370332
55.896659,60,358.457625
56.389094,60,358.536991
57.270204,60,358.621311
54.15747,60,358.713529
57.382828,60,358.798628
57.217324,60,358.886135
55.04461,60,358.979733
55.529343,60,359.062243
53.545412,60,359.151273
57.340247,60,359.231688
50.471951,60,359.318724
55.368664,60,359.411211
57.212248,60,359.500668
51.592139,60,359.590272
51.297958,60,359.671181
57.222846,60,359.766253
55.496088,60,359.854085
6.161904,36,359.906331
57.800815,60,359.997445
25.559425,60,360.079066
57.277057,60,360.160579
55.60446,60,360.253109
57.932757,60,360.344613
43.72551,60,360.439816
55.676234,60,360.540352
57.348609,60,360.622715
56.765476,60,360.707565
57.280722,60,360.78756
54.219283,60,360.876175
30.861973,60,360.966836
58.059194,60,361.065357
44.470363,60,361.158246
54.791031,60,361.249473
30.81732,54,361.325951
57.490359,60,361.42305
56.575619,60,361.511537
57.970741,60,361.611606
57.105856,60,361.707648
54.969997,60,361.804738
56.256787,60,361.906982
41.384644,60,361.991301
56.619481,60,362.085803
58.6934,60,362.179064
53.456528,60,362.273967
57.149151,60,362.366012
56.2584,60,362.47013
53.746806,60,362.565246
52.898621,60,362.661272
38.530233,60,362.751251
56.282883,60,362.833338
56.494469,60,362.940597
57.817906,60,363.031168
39.577424,60,363.140417
57.327683,60,363.237037
50.879891,60,363.325038
49.917319,60,363.423146
56.927112,60,363.515223
51.31271,60,363.5987
56.715481,60,363.689083
55.457295,60,363.791181
53.014345,60,363.892625
55.829821,60,364.006835
57.037534,60,364.101592
54.766631,60,364.198873
57.640261,60,364.30785
55.77286,60,364.399979
47.045826,60,364.508706
42.127223,60,364.607317
57.871369,60,364.699867
53.946312,60,364.811482
54.129643,60,364.90332
56.975552,60,365.011538
56.451015,60,365.114224
56.259349,60,365.23995
58.270807,60,365.378869
57.676028,60,365.484003
55.762953,60,365.580425
54.996379,60,365.673949
58.49538,60,365.766949
56.693139,60,365.850855
57.563877,60,365.945419
45.718271,60,366.032498
56.684427,60,366.137672
56.520681,60,366.231507
56.809085,60,366.326573
56.384313,60,366.416126
43.772996,60,366.507294
56.97291,60,366.596906
57.260805,60,366.692599
56.9666,60,366.778569
57.339578,60,366.86553
57.516687,60,366.961417
57.904677,60,367.05148
57.652163,60,367.148015
55.231686,60,367.252187
57.079769,60,367.342359
56.881576,60,367.444034
33.022572,60,367.531326
54.096268,60,367.625767
55.526856,60,367.732653
57.590301,60,367.830626
47.768638,60,367.93636
58.105543,60,368.040953
56.070407,60,368.142191
50.240162,60,368.2343
54.195392,60,368.325641
54.44165,60,368.426193
54.237,60,368.513101
56.741567,60,368.612419
20.781605,42,368.672881
41.136084,60,368.758935
41.71241,60,368.851108
54.025665,60,368.938531
33.516645,60,369.041217
25.590281,57,369.129575
44.90385,60,369.22261
44.116082,60,369.311606
39.142683,60,369.408114
54.375587,60,369.497521
55.857407,60,369.595233
56.678554,60,369.68827
56.467554,60,369.774336
57.53517,60,369.865512
55.931486,60,369.953091
55.238631,60,370.044221
57.415598,60,370.134513
56.975253,60,370.223433
57.148121,60,370.320168
56.978988,60,370.402072
55.301591,60,370.495106
12.687859,34,370.543846
49.169509,60,370.647549
56.610137,60,370.730505
56.306006,60,370.820023
56.082475,60,370.909552
56.216028,60,370.995807
57.611277,60,371.086001
56.650493,60,371.163969
56.629127,60,371.24562
52.110512,60,371.330996
57.084559,60,371.429197
55.918766,60,371.519785
57.683701,60,371.612469
56.180601,60,371.699988
47.366618,60,371.784497
25.0053,49,371.858437
56.882306,60,371.949414
51.035238,60,372.031321
55.664966,60,372.127558
55.421485,60,372.214164
57.542225,60,372.306162
32.757851,59,372.404306
48.288738,60,372.496427
35.820858,60,372.59096
55.815351,60,372.679314
57.224212,60,372.757095
57.521879,60,372.855517
56.916515,60,372.940406
57.305368,60,373.04004
56.943062,60,373.134513
56.460311,60,373.224006
51.128273,60,373.312039
56.655169,60,373.414742
57.066704,60,373.500664
54.514575,60,373.59325
58.48591,60,373.677772
56.279499,60,373.757887
56.538145,60,373.840619
57.037016,60,373.932248
56.917599,60,374.021691
54.220135,60,374.114798
57.225186,60,374.201264
58.032646,60,374.290345
55.43676,60,374.375875
54.147223,60,374.452257
57.693259,60,374.540082
54.038161,60,374.624001
57.631188,60,374.719069
43.182512,60,374.799067
50.806929,60,374.877983
57.15133,60,374.959896
50.15935,60,375.039726
57.769112,60,375.125242
33.948561,60,375.208177
56.120492,60,375.291128
55.033451,60,375.388824
55.919416,60,375.479347
57.35633,60,375.568822
55.783719,60,375.648842
57.203828,60,375.738778
56.490108,60,375.819337
57.451097,60,375.913434
55.491576,60,376.008464
57.339774,60,376.090509
41.578833,60,376.177598
52.454427,60,376.251317
56.867199,60,376.332556
55.836414,60,376.421014
56.425744,60,376.515064
57.576241,60,376.602035
55.472849,60,376.698112
57.811494,60,376.792136
58.012012,60,376.881157
56.807387,60,376.958233
57.776509,60,377.050807
55.949801,60,377.137384
57.990727,60,377.237111
56.850615,60,377.322059
57.373713,60,377.414362
53.291382,60,377.513481
55.695717,60,377.596223
55.416682,60,377.684083
54.396412,60,377.777653
56.859481,60,377.865187
57.326605,60,377.959286
55.46094,60,378.053444
56.896684,60,378.149475
56.987731,60,378.235111
57.149276,60,378.332378
22.360916,60,378.412824
58.090688,60,378.508179
54.578888,60,378.603493
39.863163,60,378.687817
57.20346,60,378.781021
56.848799,60,378.859058
58.35952,60,378.945239
53.229477,60,379.040328
54.844705,60,379.122407
57.128347,60,379.216461
57.384014,60,379.311448
55.528005,60,379.393428
51.60519,60,379.482294
56.926177,60,379.571046
37.315871,60,379.660992
37.646652,60,379.74952
56.488521,60,379.833007
55.542508,60,379.922054
55.690501,60,380.012007
53.20583,60,380.097366
27.194637,60,380.18728
42.912659,60,380.279943
57.370301,60,380.367802
56.991842,60,380.466581
56.827825,60,380.560159
56.308855,60,380.648105
57.018171,60,380.74677
53.355315,60,380.83731
57.094721,60,380.930868
56.251654,60,381.023961
55.280327,60,381.127182
46.731284,60,381.216435
53.247434,60,381.301776
56.323068,60,381.395316
55.388073,60,381.476264
57.600539,60,381.557454
55.950158,60,381.648451
56.148943,60,381.736678
55.981306,60,381.83076
57.159138,60,381.918341
56.954891,60,382.001992
56.201223,60,382.082982
56.598794,60,382.169387
56.615812,60,382.254974
33.298518,60,382.343422
49.466305,60,382.43011
55.92711,60,382.510151
55.094296,60,382.595122
49.903378,60,382.667639
46.711817,60,382.751094
32.568469,60,382.84358
56.503488,60,382.926159
57.128168,60,383.026766
50.62987,60,383.135991
54.362035,60,383.248096
57.407189,60,383.344496
57.589233,60,383.439893
55.803843,60,383.520222
36.777231,60,383.600754
56.175505,60,383.688631
56.143561,60,383.777999
57.071758,60,383.866761
55.908154,60,383.957496
55.821315,60,384.043632
57.13208,60,384.125985
57.124588,60,384.215813
54.636394,60,384.300341
55.686185,60,384.397571
56.65194,60,384.486623
56.523568,60,384.575134
41.195284,60,384.657719
57.752219,60,384.754807
49.954719,60,384.83334
55.904313,60,384.928897
57.128942,60,385.01381
56.402724,60,385.104729
56.241979,60,385.197181
56.223296,60,385.282761
54.925854,60,385.368989
53.438806,60,385.459064
55.93501,60,385.535001
56.543911,60,385.628124
48.888448,60,385.709177
45.383014,60,385.804327
16.440425,60,385.892264
56.773042,60,385.976213
56.480853,60,386.058867
57.320608,60,386.148782
56.627789,60,386.230761
57.257857,60,386.316878
58.401837,60,386.396547
51.748586,60,386.479443
55.060397,60,386.561162
50.143984,60,386.639667
55.61869,60,386.726616
56.969907,60,386.811924
56.862528,60,386.892889
53.961796,60,386.984263
56.808884,60,387.06577
41.500931,60,387.150774
55.317501,60,387.238211
56.462325,60,387.323229
54.620131,60,387.406206
36.201432,60,387.494337
56.513386,60,387.574262
56.851664,60,387.66096
55.045024,60,387.750478
55.654711,60,387.832388
56.400533,60,387.930623
54.898529,60,388.01714
56.381589,60,388.101684
49.832125,60,388.198208
20.175682,60,388.283177
56.976025,60,388.375681
56.245849,60,388.474329
56.924328,60,388.568949
54.7094,60,388.653408
57.023176,60,388.750908
56.33469,60,388.837832
51.060358,60,388.923156
53.205897,60,388.995074
42.466347,60,389.074191
55.760409,60,389.154677
58.118058,60,389.240705
56.920867,60,389.327874
55.414242,60,389.419726
55.514885,60,389.507637
21.571021,49,389.574607
53.082078,60,389.659163
57.306644,60,389.7453
55.649947,60,389.829345
55.788648,60,389.907809
56.927745,60,389.994324
43.968497,60,390.075173
57.200493,60,390.159646
51.56781,60,390.261944
47.668429,60,390.340366
40.853777,60,390.431792
57.520805,60,390.522475
57.295819,60,390.609508
56.33166,60,390.700429
55.451994,60,390.779676
52.676364,60,390.870042
56.595471,60,390.964245
55.849494,60,391.06197
55.519433,60,391.150072
56.485715,60,391.243938
55.844417,60,391.339037
53.672946,60,391.42415
31.701727,60,391.515551
56.631145,60,391.59316
56.737612,60,391.669442
58.204336,60,391.753552
53.749957,60,391.844157
56.45017,60,391.927276
54.556416,60,392.021828
45.152465,60,392.109643
49.317536,60,392.19162
55.685054,60,392.278617
44.901321,60,392.370758
53.171759,60,392.459139
57.297504,60,392.552461
56.754073,60,392.638716
49.261433,60,392.720751
56.520949,60,392.816335
57.630579,60,392.908306
54.560147,60,393.001796
48.142014,60,393.098378
56.502729,60,393.198924
56.904862,60,393.312652
40.973808,60,393.413384
56.490606,60,393.500964
57.238926,60,393.593073
50.135142,60,393.683101
54.833404,60,393.775138
56.316081,60,393.877958
57.777328,60,393.980429
56.851978,60,394.074479
54.275535,60,394.162536
55.33055,60,394.249641
55.934133,60,394.335133
42.125512,60,394.422607
56.599402,60,394.506041
56.361727,60,394.59399
52.190691,60,394.68954
45.274576,60,394.778689
49.269886,60,394.86666
56.396874,60,394.959924
54.839516,60,395.052426
52.852863,60,395.130925
56.556605,60,395.229901
56.764045,60,395.320464
56.989301,60,395.434236
39.511375,60,395.535898
57.182018,60,395.630551
55.992368,60,395.730587
57.070966,60,395.819007
50.841708,60,395.911411
56.005609,60,396.005246
56.814703,60,396.097215
57.214859,60,396.192796
56.618736,60,396.287387
48.114949,60,396.375995
56.671277,60,396.473096
56.672372,60,396.574315
44.115166,60,396.658352
51.037678,60,396.745926
55.601343,60,396.835132
56.235509,60,396.914056
57.205715,60,396.998932
27.148751,60,397.090013
57.075073,60,397.178538
22.900943,60,397.280804
6.814478,56,397.365332
53.387747,60,397.470957
55.387076,60,397.563032
57.635075,60,397.648059
57.150924,60,397.734394
57.177857,60,397.824731
55.616917,60,397.920279
44.743586,60,398.000289
38.466181,60,398.096385
52.906004,60,398.185971
56.818814,60,398.270906
56.672362,60,398.370586
56.726497,60,398.463431
50.380692,60,398.557887
56.5562,60,398.653415
56.64463,60,398.730247
58.180092,60,398.823616
57.363289,60,398.916327
45.443195,60,399.01145
52.7503,60,399.102521
56.218571,60,399.197202
57.568792,60,399.285253
55.10796,60,399.377826
57.387155,60,399.457457
55.365854,60,399.529742
53.85198,60,399.607121
53.095762,60,399.69271
52.426873,60,399.776682
55.63424,60,399.860256
56.886635,60,399.950822
56.81857,60,400.031959
57.451421,60,400.113385
57.578213,60,400.193888
57.762651,60,400.278729
57.686318,60,400.359653
56.320007,60,400.452717
56.960028,60,400.539201
41.283089,60,400.630237
51.435362,60,400.723303
56.982485,60,400.810199
58.346738,60,400.904234
54.669538,60,400.990445
57.045381,60,401.07837
51.12606,60,401.169708
54.741044,60,401.254153
54.713381,60,401.34578
56.626391,60,401.437886
57.457785,60,401.52496
58.370101,60,401.610047
57.329258,60,401.69473
56.308862,60,401.782227
52.480492,60,401.863662
57.620002,60,401.950067
57.737881,60,402.030721
58.099274,60,402.117804
57.132721,60,402.197834
56.956182,60,402.280358
55.936195,60,402.363877
56.924389,60,402.470405
58.335199,60,402.578117
55.826782,60,402.677144
38.627207,60,402.775642
55.683997,60,402.879115
56.67316,60,402.966637
57.657593,60,403.069841
57.846184,60,403.174609
57.195915,60,403.26821
46.435207,60,403.372781
56.363888,60,403.460814
57.906579,60,403.544876
56.780443,60,403.636747
48.183171,60,403.713789
57.034007,60,403.807408
57.219238,60,403.895957
56.696088,60,403.981479
58.157169,60,404.075727
48.438851,60,404.172419
56.578023,60,404.256375
57.512235,60,404.350731
57.676299,60,404.445296
56.331438,60,404.53132
29.781454,60,404.626896
54.890371,60,404.715483
57.008376,60,404.79297
53.40258,60,404.884142
56.269127,60,404.978219
21.321921,41,405.032547
45.597216,60,405.128552
57.371562,60,405.221898
57.754307,60,405.308923
55.020776,60,405.396892
57.202909,60,405.494051
57.532834,60,405.576069
57.351935,60,405.669072
56.449964,60,405.766654
55.812155,60,405.854664
56.580707,60,405.95348
56.111221,60,406.045549
56.9026,60,406.132601
56.300861,60,406.227671
56.522574,60,406.315491
57.116336,60,406.418801
56.073212,60,406.514102
56.484261,60,406.612164
56.253061,60,406.701724
54.960067,60,406.791785
54.346139,60,406.880369
53.795416,60,406.963876
56.140291,60,407.060502
56.146173,60,407.151824
55.226316,60,407.241799
56.308199,60,407.322818
56.738662,60,407.403701
47.315335,60,407.487721
19.753631,60,407.563204
55.27364,60,407.651708
56.847512,60,407.729115
50.570595,60,407.820153
43.624628,60,407.902609
56.676658,60,407.978637
57.481675,60,408.058663
57.872899,60,408.146386
54.460751,60,408.218712
55.849027,60,408.305752
57.435756,60,408.396405
56.4575,60,408.490388
56.442347,60,408.583018
55.949885,60,408.66237
40.625959,60,408.743346
57.350461,60,408.830554
57.160637,60,408.902368
56.91136,60,408.987406
47.776919,60,409.075725
55.858654,60,409.15183
56.847724,60,409.234721
56.214165,60,409.321448
57.211718,60,409.403394
55.97716,60,409.48755
56.147707,60,409.580648
48.486023,60,409.656194
54.928041,60,409.735188
58.047643,60,409.80805
57.196541,60,409.88052
56.857529,60,409.956861
57.561363,60,410.029315
58.454883,60,410.117804
57.458979,60,410.195366
57.850236,60,410.279843
47.554578,60,410.365269
53.089814,60,410.450264
57.909182,60,410.535231
57.255699,60,410.617629
58.127583,60,410.700144
52.835275,60,410.785722
57.219998,60,410.870606
48.001467,60,410.955414
56.236123,60,411.043508
56.298279,60,411.132065
54.097648,60,411.221646
57.03112,60,411.314665
57.05872,60,411.404294
50.357563,60,411.49633
55.874596,60,411.580154
55.750952,60,411.668337
53.833768,60,411.762272
56.247054,60,411.857382
57.435069,60,411.949937
56.343494,60,412.030331
52.587946,60,412.128272
46.047758,60,412.217219
57.697403,60,412.296205
57.103281,60,412.378183
43.410707,60,412.459718
57.35882,60,412.540266
51.054533,60,412.626287
57.333582,60,412.710227
57.596349,60,412.792813
56.076783,60,412.882773
33.790253,60,412.961701
56.296157,60,413.048202
56.253998,60,413.143012
54.380802,60,413.236171
55.662335,60,413.323245
57.070419,60,413.426938
57.264199,60,413.522553
57.255032,60,413.623677
29.389009,60,413.704763
56.527927,60,413.794079
43.900324,60,413.885924
56.956574,60,413.971138
57.000073,60,414.060135
54.287256,60,414.156652
57.475604,60,414.237518
57.413933,60,414.329559
56.532739,60,414.412979
56.392356,60,414.500555
57.941666,60,414.585032
54.584632,60,414.678615
55.171431,60,414.766645
56.200955,60,414.855243
57.19454,60,414.93941
54.741296,60,415.017434
54.064346,60,415.089462
51.936797,60,415.181545
56.842826,60,415.269652
56.136448,60,415.35256
50.135987,60,415.440494
57.489309,60,415.528155
57.680261,60,415.613121
57.678245,60,415.695274
57.608532,60,415.779327
54.88123,60,415.862336
55.431942,60,415.957888
55.376757,60,416.045434
56.596693,60,416.128463
57.174617,60,416.224052
56.849059,60,416.307027
56.942111,60,416.411121
56.441904,60,416.495588
57.299152,60,416.578522
56.502867,60,416.682659
56.712834,60,416.775025
58.027674,60,416.860486
36.772358,60,416.949411
48.966184,60,417.040287
57.685648,60,417.124922
56.318402,60,417.208455
57.982734,60,417.298136
57.042565,60,417.387475
57.865826,60,417.476278
55.611119,60,417.554729
55.779141,60,417.63694
57.893175,60,417.716977
55.688877,60,417.806011
50.573004,60,417.88696
49.07707,60,417.982554
51.986974,60,418.062119
56.161669,60,418.145608
56.343499,60,418.228474
56.818394,60,418.316878
57.004346,60,418.404449
56.393893,60,418.487968
45.999681,60,418.573037
57.832967,60,418.654906
56.565255,60,418.741972
57.064013,60,418.825925
52.751247,60,418.91491
58.292348,60,419.004415
54.462311,60,419.08744
57.148621,60,419.184041
57.720568,60,419.261485
53.683036,60,419.346483
52.54552,60,419.428018
55.065947,60,419.512121
57.400824,60,419.593627
57.353604,60,419.678987
48.198769,60,419.768203
57.469068,60,419.849056
55.242048,60,419.92538
57.934942,60,420.011419
58.5908,60,420.104102
57.478069,60,420.191165
57.319325,60,420.294654
57.511505,60,420.38764
57.766522,60,420.486734
54.760563,60,420.580374
56.726958,60,420.660452
56.659374,60,420.739049
57.396638,60,420.832469
54.862019,60,420.919786
57.338386,60,421.004779
56.830112,60,421.095894
57.007634,60,421.182414
55.407724,60,421.273517
55.710027,60,421.356744
57.719623,60,421.451662
27.640627,60,421.597529
57.378842,60,421.697608
57.543945,60,421.791127
57.399655,60,421.905025
41.019526,60,421.994931
56.804749,60,422.093579
56.898563,60,422.185871
57.314564,60,422.278894
58.4201,60,422.368914
56.986314,60,422.474242
55.156645,60,422.571999
56.700455,60,422.663837
57.143172,60,422.757925
57.460289,60,422.843958
57.027918,60,422.920391
57.282159,60,423.011482
57.055327,60,423.096198
53.950096,60,423.192441
56.334696,60,423.285372
43.158531,60,423.381751
57.631019,60,423.485262
56.638851,60,423.575937
57.263164,60,423.668028
56.685387,60,423.757412
57.917085,60,423.859019
56.075324,60,423.95419
57.084846,60,424.062411
55.717135,60,424.157807
38.993851,60,424.257912
55.610196,60,424.352931
58.002143,60,424.437447
56.334545,60,424.532592
57.688458,60,424.625055
56.892936,60,424.721549
55.547109,60,424.82049
50.366722,60,424.901453
52.816504,60,424.98187
54.217145,60,425.064419
57.224108,60,425.156059
56.941554,60,425.233505
46.648038,60,425.31411
57.319131,60,425.401824
57.210925,60,425.484305
51.41958,60,425.568817
57.62603,60,425.64994
51.896806,60,425.729648
56.742136,60,425.802125
57.01273,60,425.880022
56.024863,60,425.957446
57.632507,60,426.046942
53.80611,60,426.128364
52.510842,60,426.210483
23.904419,60,426.296614
54.588285,60,426.387742
58.038257,60,426.472276
57.307655,60,426.553717
58.014036,60,426.643212
58.167455,60,426.721632
53.4927,60,426.813479
56.524555,60,426.897464
54.661577,60,426.975493
51.294324,60,427.071094
57.513986,60,427.155101
57.875545,60,427.241569
58.43528,60,427.328237
53.805584,60,427.407176
45.968796,60,427.495322
54.84458,60,427.584445
50.655524,60,427.673113
55.803789,60,427.754126
56.977537,60,427.849579
57.036885,60,427.933564
53.80235,60,428.022571
57.127146,60,428.112678
54.283215,60,428.19577
57.654204,60,428.2752
56.927413,60,428.362712
56.908355,60,428.447077
56.529586,60,428.522885
56.789924,60,428.619371
4.433619,34,428.668045
51.234423,60,428.74888
43.376564,60,428.830855
45.957627,60,428.921914
56.972847,60,429.008475
54.708067,60,429.097031
54.448205,60,429.185775
57.266511,60,429.266265
55.864061,60,429.354377
57.394901,60,429.473944
39.231297,60,429.563262
56.755714,60,429.649554
49.209892,60,429.732824
57.747977,60,429.818286
19.659034,42,429.875241
57.320032,60,429.96184
57.091256,60,430.05692
57.381682,60,430.228557
57.283711,60,430.312495
57.546016,60,430.391369
57.762699,60,430.483817
56.724726,60,430.571729
56.901496,60,430.664194
56.127339,60,430.747721
56.512096,60,430.825716
52.413331,60,430.919219
57.046378,60,431.007179
37.692656,60,431.095283
56.227846,60,431.182302
56.687358,60,431.264812
58.282977,60,431.347302
57.745047,60,431.439378
56.920432,60,431.528841
57.144562,60,431.624447
54.93321,60,431.713855
54.05702,60,431.792918
57.532999,60,431.893102
58.257369,60,431.976152
57.784604,60,432.061689
56.937909,60,432.154801
55.596698,60,432.239915
57.156625,60,432.338343
56.839571,60,432.423652
56.192394,60,432.501298
56.749087,60,432.591812
35.632652,58,432.684367
57.402719,60,432.765293
57.173622,60,432.854408
54.065368,60,432.943131
55.919125,60,433.028619
58.093406,60,433.118158
57.680194,60,433.191152
55.853657,60,433.26854
56.719183,60,433.344403
34.449174,60,433.430872
46.62192,60,433.511874
50.836075,60,433.59885
56.616527,60,433.690187
57.249843,60,433.77924
55.857514,60,433.862244
57.166238,60,433.961249
57.043136,60,434.051539
56.473392,60,434.137976
36.134633,60,434.23484
54.89011,60,434.318606
46.623047,60,434.417138
38.149613,60,434.499651
56.399203,60,434.577711
56.397406,60,434.672858
56.679935,60,434.760822
56.634682,60,434.84679
57.575352,60,434.946853
58.059073,60,435.036886
57.622969,60,435.137071
56.949751,60,435.227569
37.319865,60,435.312699
42.258724,60,435.401221
55.39893,60,435.491232
57.478546,60,435.583394
57.076013,60,435.671096
57.638747,60,435.755511
50.7071,60,435.835368
55.02537,60,435.91178
51.227472,60,436.005675
55.349875,60,436.092441
56.733368,60,436.18841
56.219976,60,436.277472
57.410059,60,436.356925
57.612891,60,436.437934
56.433786,60,436.527058
57.46337,60,436.61813
54.371432,60,436.698052
57.123295,60,436.791491
58.026603,60,436.878952
57.209859,60,436.966323
55.926029,60,437.061435
56.472248,60,437.153085
57.543347,60,437.254659
56.856336,60,437.343273
57.564723,60,437.423853
55.847396,60,437.51662
57.391878,60,437.604225
56.578891,60,437.69722
53.249339,60,437.795249
51.451946,60,437.885162
56.666067,60,437.979632
29.052711,60,438.087029
56.23631,60,438.182106
50.365278,60,438.287258
56.574969,60,438.461447
55.236844,60,438.562488
57.399148,60,438.651027
57.367108,60,438.738492
57.436778,60,438.83565
54.556373,60,438.926739
57.340817,60,438.999188
26.575305,60,439.084647
56.302178,60,439.173677
47.552947,60,439.259164
56.47731,60,439.358264
57.084914,60,439.449628
55.635435,60,439.537144
53.301684,60,439.625389
56.967953,60,439.711481
56.069517,60,439.809566
47.013378,60,439.892964
57.214444,60,439.979046
41.830432,60,440.071852
55.378395,60,440.156289
57.254525,60,440.240649
49.385183,60,440.326061
57.207199,60,440.410795
58.351304,60,440.495366
57.591177,60,440.585454
57.469931,60,440.671424
57.542775,60,440.752481
57.442335,60,440.832586
57.437557,60,440.916583
57.444094,60,440.994033
56.728359,60,441.077577
42.980256,60,441.157069
56.372612,60,441.251128
56.545649,60,441.354218
58.158953,60,441.441102
54.558046,60,441.524602
57.61673,60,441.618184
56.224461,60,441.710801
56.264883,60,441.795336
57.390853,60,441.891922
49.86835,60,441.998337
58.545,60,442.080026
56.951508,60,442.17186
57.192031,60,442.25785
37.139068,60,442.345743
56.391233,60,442.431688
56.68522,60,442.513027
56.968548,60,442.605645
56.376606,60,442.69591
56.261477,60,442.788795
29.527583,60,442.888762
57.95,60,442.990662
56.19963,60,443.081691
54.674087,60,443.167814
52.685476,60,443.232692
44.937023,60,443.297316
57.020524,60,443.357143
38.910202,60,443.422044
56.993117,60,443.492512
56.749503,60,443.562422
58.021456,60,443.632942
56.582803,60,443.696954
48.673034,60,443.76584
57.185446,60,443.853873
53.21585,60,443.939363
45.287271,60,444.046867
48.058084,60,444.157494
56.109301,60,444.267074
57.578103,60,444.394833
56.824519,60,444.494347
57.593156,60,444.597024
57.421927,60,444.707149
41.309071,60,444.803665
56.300348,60,444.91349
57.154037,60,445.015212
38.318712,60,445.107742
56.254524,60,445.179573
56.890763,60,445.245389
47.516349,60,445.311077
58.276549,60,445.382406
53.746039,60,445.454382
57.048963,60,445.544997
57.259138,60,445.636081
56.727431,60,445.732711
57.827383,60,445.81219
57.21127,60,445.923532
53.974009,60,446.010861
57.061496,60,446.101697
57.069648,60,446.196178
57.608159,60,446.28229
57.810518,60,446.369732
55.235517,60,446.465343
54.083243,60,446.554937
41.800542,60,446.644438
58.380404,60,446.73499
57.241727,60,446.839114
53.001791,60,446.934151
56.012629,60,447.026085
56.461836,60,447.122439
56.368,60,447.215392
54.949,60,447.309828
56.051611,60,447.398149
22.202061,60,447.479359
47.515228,60,447.577264
56.763137,60,447.664286
57.259992,60,447.769056
49.756244,60,447.863755
53.987214,60,447.957629
54.558294,60,448.051574
48.296703,60,448.135164
57.197631,60,448.222111
53.183082,60,448.317045
53.272978,60,448.406965
55.886039,60,448.493085
57.868582,60,448.58766
25.053058,53,448.671736
40.098486,60,448.761241
48.438741,60,448.856391
54.517181,60,448.941594
57.970896,60,449.026175
57.91924,60,449.128829
56.992876,60,449.226691
57.2061,60,449.348947
57.734794,60,449.457886
54.950168,60,449.554869
54.44434,60,449.647508
56.707155,60,449.758306
55.549068,60,449.854433
56.763668,60,449.961404
56.474425,60,450.062606
57.152501,60,450.162316
57.692522,60,450.259837
56.854739,60,450.343622
32.331656,60,450.436043
56.825093,60,450.544531
56.947764,60,450.684174
52.962313,60,450.809822
57.083034,60,450.949803
56.11161,60,451.063518
56.971768,60,451.15706
58.398362,60,451.233552
56.590199,60,451.377615
57.059227,60,451.486241
15.707664,60,451.582878
39.275944,60,451.681419
56.619692,60,451.784207
46.500825,60,451.909128
55.999762,60,452.069684
56.530361,60,452.198371
56.601958,60,452.348197
55.62696,60,452.444899
56.680929,60,452.539432
57.05578,60,452.62432
58.888711,60,452.724045
56.52206,60,452.825205
46.060931,60,452.929683
56.384665,60,453.020828
34.581436,60,453.141607
57.541086,60,453.249759
50.824741,60,453.336437
57.579085,60,453.429429
55.639263,60,453.524131
57.171935,60,453.607972
56.737265,60,453.708997
56.561564,60,453.796517
57.394431,60,453.887095
57.455946,60,453.983129
58.105375,60,454.102492
55.038273,60,454.215303
52.722453,60,454.324686
57.532691,60,454.434734
55.644549,60,454.538132
55.651858,60,454.622182
56.12705,60,454.73441
54.724393,60,454.8507
31.047293,60,454.996391
57.177508,60,455.1167
46.577358,60,455.241607
55.658671,60,455.335277
57.211108,60,455.448866
55.969325,60,455.545028
57.61879,60,455.648695
55.787365,60,455.760461
13.238204,60,455.862488
56.351132,60,455.977252
54.30837,60,456.079312
56.331728,60,456.18405
56.743893,60,456.293216
55.853553,60,456.400895
57.528162,60,456.512266
53.827274,60,456.646753
52.211406,60,456.758836
57.27155,60,456.852023
50.848636,60,456.955706
55.349713,60,457.048749
56.035961,60,457.14407
56.538832,60,457.231531
56.531355,60,457.315632
57.407653,60,457.408226
57.292861,60,457.506375
57.188883,60,457.598907
55.275348,60,457.700841
50.664227,60,457.80809
57.014266,60,457.899459
56.662992,60,457.991614
55.769415,60,458.084544
56.280628,60,458.179241
47.075975,60,458.264805
56.178315,60,458.369071
57.373055,60,458.461907
57.913954,60,458.549204
56.775848,60,458.630767
56.927658,60,458.719576
44.969826,60,458.825215
57.297812,60,458.912689
56.939162,60,459.000327
56.615189,60,459.100304
57.08575,60,459.190901
58.005133,60,459.280823
55.264002,60,459.366685
57.240136,60,459.447175
56.987967,60,459.523642
55.204444,60,459.604618
56.82381,60,459.679643
56.375524,60,459.754702
50.349974,60,459.836165
57.712889,60,459.914964
31.338681,60,459.997803
58.042349,60,460.079311
55.489516,60,460.156908
54.732763,60,460.242246
57.304443,60,460.328085
57.303161,60,460.407001
42.340572,60,460.507733
56.884829,60,460.595253
50.148223,60,460.686822
29.544957,60,460.772865
30.711471,60,460.873497
58.59224,60,460.976666
30.971961,60,461.082262
55.753586,60,461.169003
53.713879,60,461.25537
31.296424,60,461.353085
57.101684,60,461.44383
55.859204,60,461.537284
54.593548,60,461.630701
57.296914,60,461.723
56.796346,60,461.819358
57.384619,60,461.904908
54.03865,60,462.005081
27.074138,60,462.109211
56.601723,60,462.223441
40.335348,60,462.308511
52.383361,60,462.397043
52.345805,60,462.514714
56.847861,60,462.636569
55.721375,60,462.740118
47.012905,60,462.828197
55.256272,60,462.917186
56.942597,60,463.011744
53.523769,60,463.094238
57.946599,60,463.188648
57.481685,60,463.287311
57.237925,60,463.377939
56.242353,60,463.480284
57.303879,60,463.584079
50.632761,60,463.679215
58.301049,60,463.776465
56.605856,60,463.861439
40.797204,60,463.936775
57.716531,60,464.003819
57.362357,60,464.071194
55.554104,60,464.140549
54.630402,60,464.210485
55.486353,60,464.286025
31.707688,60,464.364455
57.250018,60,464.449454
56.033539,60,464.53705
58.223942,60,464.633338
56.973075,60,464.729542
57.829487,60,464.821202
57.476604,60,464.912867
32.672989,60,465.002301
56.540263,60,465.087351
56.742512,60,465.177316
53.641872,60,465.25731
53.448326,60,465.345802
54.455929,60,465.425194
56.137465,60,465.494582
37.961659,60,465.561486
56.386825,60,465.626899
56.707998,60,465.696344
22.325792,54,465.759194
58.123723,60,465.857471
57.381187,60,465.94104
56.707238,60,466.027565
56.109051,60,466.12215
56.344009,60,466.210638
56.500983,60,466.290637
56.38224,60,466.3824
57.509368,60,466.465976
57.179065,60,466.536187
51.471871,60,466.601157
34.315554,60,466.672472
56.833823,60,466.743407
56.675565,60,466.818729
57.077366,60,466.889684
57.786965,60,466.963561
54.883679,60,467.038605
57.529981,60,467.116229
56.294266,60,467.196372
57.958328,60,467.274408
7.430547,31,467.313146
57.522319,60,467.385652
56.308198,60,467.463588
58.400747,60,467.529435
57.744574,60,467.604156
56.9899,60,467.681002
25.752633,60,467.753707
41.453868,60,467.832094
56.633347,60,467.908549
57.205986,60,467.98263
54.553439,60,468.071733
57.273928,60,468.151184
57.89342,60,468.235273
57.145691,60,468.311699
58.019701,60,468.406581
