#{"t_start": 1790475125.2201805, "env_id": "None"}
r,l,t
7.664708,58,0.082405
16.476345,57,0.159738
4.602096,60,0.229006
13.720691,60,0.294848
7.306278,60,0.369583
6.451435,60,0.455749
13.981755,60,0.535804
7.497212,40,0.600195
5.961971,60,0.710377
27.435844,60,0.78907
5.579663,50,0.851827
5.478513,56,0.928871
14.083352,58,1.002393
8.222766,37,1.051688
8.203616,38,1.100908
29.976284,60,1.197526
27.881195,60,1.283457
14.96727,60,1.382013
13.12577,50,2.399354
23.908193,60,2.481313
2.784967,37,2.541748
2.30518,32,2.586479
28.471629,60,2.666434
19.33545,60,2.739461
19.686594,60,2.822986
10.480399,52,2.912041
8.293424,43,2.982021
31.258325,60,3.056954
10.113014,44,3.110321
21.148007,60,3.189347
11.805968,43,3.252162
17.090321,60,3.324587
15.880667,52,3.388873
8.303526,34,3.435373
3.175562,27,3.473045
15.193033,60,3.549431
34.378507,60,3.627964
11.919947,60,3.719213
6.333613,40,3.771521
17.018492,60,4.85238
20.685596,60,4.934445
24.861817,60,5.024535
12.810323,60,5.099981
17.852147,60,5.181077
3.852452,52,5.248879
18.059913,60,5.320692
10.930655,60,5.403322
5.70146,55,5.487482
16.386509,60,5.565961
9.322795,56,5.634851
22.989685,60,5.719964
20.53888,60,5.819647
20.419993,60,5.89405
22.511629,60,5.96785
18.184746,60,6.047159
31.412623,60,6.123969
3.662595,32,7.032374
21.159227,60,7.108397
10.285168,48,7.177278
14.301365,49,7.245591
18.586579,60,7.32618
10.800081,51,7.397669
5.81145,36,7.449873
15.684571,56,7.525304
16.26652,60,7.601686
19.370113,60,7.677475
6.336859,35,7.730222
8.325582,56,7.811
16.076551,60,7.888543
19.105505,50,7.955081
18.801787,60,8.031699
26.415804,60,8.114297
10.936604,37,8.164098
4.757624,52,8.223955
16.872824,60,8.300323
14.369519,60,8.379123
21.832451,60,9.2878
23.310299,60,9.364588
22.689835,60,9.439169
22.331354,51,9.507166
24.824808,60,9.576125
22.419353,60,9.649562
11.267223,48,9.703967
17.174299,60,9.771926
6.537935,39,9.818688
29.051525,60,9.886244
14.933155,60,9.950087
14.355076,60,10.021919
11.092461,60,10.092166
15.522182,60,10.16345
14.414606,60,10.239478
16.469984,60,10.311404
20.576569,59,10.381884
19.735765,60,11.237697
7.838386,57,11.307584
12.388576,45,11.364981
26.385264,60,11.431343
17.693983,60,11.497224
17.770668,60,11.567633
14.456373,60,11.639561
24.068624,60,11.71217
22.493422,60,11.785963
16.238711,60,11.855687
11.625704,35,11.897828
30.757611,60,11.965011
18.395546,60,12.035684
17.537186,60,12.111883
13.032144,42,12.159524
29.707681,60,12.22869
11.944151,50,12.290859
18.272694,60,12.371267
12.468693,60,12.446778
27.935822,60,13.390359
17.794001,60,13.453172
27.59396,60,13.521074
20.260051,60,13.594007
16.402856,60,13.65976
17.930111,60,13.732011
6.545958,37,13.778185
23.68483,60,13.841735
17.673068,60,13.90715
17.530359,60,13.973047
25.464944,60,14.041918
36.317545,60,14.109903
21.685214,60,14.180362
29.726883,60,14.253201
22.930442,60,14.32562
17.266482,52,14.385798
21.177257,60,14.456682
14.702022,60,15.331145
22.423843,60,15.405524
20.525903,55,15.478873
21.832832,60,15.555624
34.872209,60,15.628074
21.794316,60,15.705042
9.30472,47,15.763381
29.260112,60,15.844393
28.33197,60,15.914733
34.259401,60,15.984217
30.41754,60,16.059188
18.005912,60,16.13164
25.954231,51,16.190933
30.235017,60,16.26019
28.236476,60,16.324513
18.004541,60,16.387482
18.681825,60,16.452864
15.909783,60,16.519758
18.88145,60,17.367476
15.750261,45,17.420262
20.118302,60,17.491803
8.22307,44,17.548675
33.229227,60,17.617611
12.015616,54,17.685027
26.595211,60,17.762749
24.680668,60,17.837074
12.692788,60,17.910621
41.523881,60,18.015143
25.315868,60,18.098101
35.460202,60,18.171454
23.22719,60,18.247442
11.7031,38,18.295739
49.618029,60,18.377048
25.237304,60,18.448754
8.307026,31,18.488939
29.230663,60,18.575057
32.022807,60,19.452759
32.654231,60,19.529736
8.778909,52,19.590639
16.256274,55,19.659593
20.962618,48,19.716931
13.073731,46,19.772226
29.131638,60,19.849627
46.584401,60,19.923988
34.491048,60,19.994726
12.759211,60,20.079947
14.916917,60,20.156376
40.992674,60,20.228291
12.366655,44,20.283104
9.628399,44,20.337933
22.983223,60,20.410345
32.336346,60,20.484889
32.580502,60,20.56787
22.0014,60,20.642696
23.117803,60,21.690924
18.039476,60,21.78199
31.531348,60,21.865347
14.282611,60,21.955283
28.092612,60,22.04419
27.489576,60,22.144341
24.980442,60,22.224264
15.752079,53,22.289117
21.577985,47,22.348549
30.672556,60,22.427055
26.631948,60,22.511066
20.722587,60,22.598131
12.90239,60,22.677605
21.833622,60,22.757466
32.133151,60,22.833112
28.239744,60,22.905378
14.788766,57,22.979925
14.195631,45,23.038857
29.206647,60,23.985337
12.915902,51,24.05265
40.094266,60,24.119546
29.756405,60,24.186967
35.3302,60,24.26194
21.835554,60,24.329413
19.288052,57,24.398787
20.609614,60,24.479858
31.87479,60,24.564272
13.473055,60,24.652824
13.745375,51,24.730723
17.662137,60,24.816154
21.301785,60,24.909831
35.906957,60,24.995116
6.942212,50,25.062899
44.214935,60,25.148433
18.848945,54,25.223444
17.364111,56,25.294437
14.693518,44,26.349599
27.457063,60,26.444803
15.471417,60,26.530117
26.540603,60,26.619614
19.316048,60,26.70951
13.118629,45,26.7708
20.450065,60,26.849566
31.421234,60,26.944808
20.594111,60,27.039918
17.825298,60,27.122535
47.793376,60,27.202887
30.153301,60,27.295375
30.459888,60,27.394529
21.203762,60,27.495097
23.393593,60,27.574211
13.397864,60,27.655138
27.965307,60,27.751003
18.360775,56,27.821493
35.367923,60,28.812221
26.381672,60,28.892725
39.188322,60,28.981228
31.522398,60,29.07432
30.401949,60,29.151614
32.969464,60,29.247138
22.212334,60,29.327542
39.532185,60,29.406072
42.741602,60,29.488372
38.047165,60,29.565327
27.739545,60,29.644304
16.909566,60,29.724813
13.487048,43,29.789682
24.943718,60,29.884796
36.797286,60,29.980355
24.766232,60,30.086979
24.366202,60,30.192646
21.23106,60,31.305904
20.518417,60,31.390204
16.727254,60,31.473991
32.257836,60,31.555917
28.326745,60,31.647817
26.396081,60,31.728406
19.370548,60,31.813901
24.353451,60,31.909986
25.167378,60,31.987072
52.33052,60,32.062545
30.091912,60,32.146683
25.407424,60,32.229579
15.264446,60,32.302418
37.775387,60,32.38291
33.74771,60,32.46642
19.20731,60,32.555274
18.572227,60,32.647281
28.007606,60,33.680107
34.95815,60,33.755485
31.977287,60,33.82592
16.038621,60,33.893933
23.492178,60,33.970344
25.985751,60,34.046279
24.60922,60,34.122611
11.575733,60,34.194009
47.712727,60,34.279955
21.929313,58,34.352852
32.869918,60,34.430656
12.474075,60,34.504961
38.203928,60,34.576286
37.65182,60,34.650858
26.254287,60,34.726095
21.453031,60,34.811446
25.131567,58,34.888319
27.573257,60,35.869137
33.098538,60,35.951169
27.717994,60,36.039778
25.964052,60,36.11561
34.41232,60,36.197984
32.765795,60,36.273464
34.833232,60,36.349676
20.172644,60,36.42981
22.45467,60,36.510132
37.637494,60,36.588634
17.465594,60,36.660927
34.383319,60,36.73216
36.950951,60,36.812873
36.638715,60,36.885081
24.458068,60,36.9704
26.934585,60,37.069116
42.450424,60,37.151665
20.006909,60,38.049344
36.994688,60,38.125624
27.840811,60,38.203448
31.005489,60,38.278705
21.046975,60,38.365493
29.784475,60,38.44617
26.37283,60,38.518582
20.123554,60,38.596614
28.820596,60,38.68168
20.561557,60,38.759668
18.252562,60,38.85833
29.76555,60,38.947349
34.58732,60,39.02878
21.827235,60,39.108122
26.7971,60,39.174923
38.233608,60,39.257695
36.83565,60,39.35947
28.510687,60,40.296643
24.640434,60,40.381192
21.077525,60,40.460187
32.425377,60,40.536652
18.114381,53,40.603539
15.483485,44,40.655448
34.871225,60,40.734035
32.805862,60,40.811932
27.385634,60,40.886795
30.461313,60,40.959734
33.996598,60,41.028203
40.542821,60,41.107807
38.642204,60,41.182467
31.879615,60,41.254035
32.063286,60,41.330969
17.255774,60,41.405344
23.851544,60,41.481282
53.155337,60,41.55871
30.727759,60,42.473517
17.070037,48,42.54094
34.934169,60,42.612318
27.708453,60,42.696301
47.9258,60,42.774869
34.061477,60,42.855889
42.287931,60,42.932768
38.207139,60,43.008774
28.183247,60,43.079902
19.072665,60,43.157477
15.212745,60,43.227826
30.137405,60,43.297764
28.332106,60,43.367556
28.360015,60,43.446494
36.377673,60,43.521871
25.589729,60,43.593694
15.586944,60,43.677744
35.242225,60,44.580696
26.184422,60,44.660275
43.718973,60,44.740411
20.598128,60,44.815349
41.903056,60,44.893758
41.440228,60,44.964409
33.025654,60,45.04331
30.544734,60,45.118454
25.764195,60,45.197943
37.302136,60,45.274955
45.545271,60,45.347336
32.44307,60,45.42842
31.912363,60,45.502371
25.085255,60,45.569579
27.254149,60,45.634805
42.95039,60,45.703722
24.800001,60,45.769595
43.7447,60,46.628912
37.560453,60,46.708781
33.428593,60,46.778629
37.368622,60,46.849029
13.95626,43,46.905865
25.421696,60,46.979908
50.980781,60,47.051268
43.446806,60,47.125672
38.810517,60,47.201191
22.716834,60,47.275989
47.194258,60,47.356426
34.272311,60,47.428367
8.921039,56,47.500705
29.036783,60,47.576577
20.650401,60,47.650834
47.448266,60,47.728547
45.497052,60,47.795698
39.406596,60,48.65101
38.135057,60,48.721432
33.865142,60,48.786901
39.191538,60,48.853765
35.611568,60,48.925298
48.627513,60,48.995225
31.682422,60,49.065245
52.056409,60,49.138686
30.956692,60,49.211107
40.919039,60,49.282584
32.253949,60,49.353999
37.439717,60,49.433979
48.46237,60,49.508019
44.66545,60,49.588582
40.629813,60,49.68022
36.689865,60,49.749705
37.044742,60,49.824048
23.20509,60,49.897331
17.108654,60,50.761959
35.60853,60,50.829458
36.753964,60,50.896854
29.231071,60,50.969404
38.341135,60,51.03785
47.24719,60,51.108723
23.889432,60,51.184237
11.884086,51,51.248157
31.432087,60,51.314034
34.032705,60,51.399409
26.489921,60,51.487821
35.395504,60,51.570707
43.559358,60,51.641062
39.210151,60,51.716004
29.833629,60,51.786802
41.62938,60,51.861114
28.388505,60,51.939595
31.27503,60,52.812546
27.761226,60,52.880988
31.525617,60,52.95904
49.943626,60,53.03047
35.298132,60,53.101415
47.53911,60,53.173368
9.642804,40,53.216571
35.900096,60,53.285055
21.919456,60,53.349597
18.298397,60,53.420494
14.901693,60,53.493907
22.377968,60,53.566886
45.509137,60,53.63134
16.747662,59,53.707313
10.41081,60,53.779586
39.979788,60,53.853558
31.694886,60,53.922558
37.412214,60,54.792411
16.512315,60,54.868754
19.715735,60,54.944243
37.520708,60,55.018234
45.765968,60,55.092614
42.706598,60,55.167918
41.637573,60,55.244335
33.659561,60,55.31817
35.130955,60,55.388017
30.919106,60,55.475842
18.546962,60,55.551258
27.201517,60,55.61957
9.716677,42,55.672746
34.371765,60,55.73999
43.27372,60,55.807929
36.732528,60,55.870854
25.359864,60,55.939827
35.985623,60,56.016347
52.919305,60,56.860545
31.209993,60,56.935873
53.189409,60,57.009987
21.116822,60,57.081307
42.27359,60,57.159808
29.700891,60,57.236336
39.588209,60,57.308055
29.600712,60,57.3922
40.127042,60,57.46669
49.674369,60,57.538175
38.18091,60,57.613653
34.813932,60,57.692101
25.150962,60,57.775701
45.670001,60,57.849577
27.774313,60,57.92202
50.124627,60,57.998459
44.384911,60,58.06985
39.927852,60,58.950442
18.074814,56,59.016797
39.859639,60,59.081213
48.441474,60,59.157157
33.854346,60,59.233161
42.191431,60,59.314201
14.637357,60,59.393236
30.137408,60,59.476719
56.437066,60,59.575421
31.377254,60,59.650883
41.57006,60,59.725404
45.188624,60,59.809317
44.757575,60,59.885401
20.936178,54,59.94818
35.080304,60,60.02676
50.19496,60,60.103682
42.249746,60,60.17803
12.12707,51,61.073696
43.751068,60,61.152758
19.523879,60,61.225798
16.201418,60,61.306539
39.433862,60,61.390819
18.576143,60,61.473535
49.562016,60,61.553286
40.212229,60,61.623682
43.362339,60,61.700966
33.410588,60,61.776544
33.051807,60,61.850917
43.301594,60,61.950656
40.129629,60,62.022099
39.469197,60,62.098867
44.419307,60,62.183364
48.757259,60,62.269492
50.701417,60,62.350775
45.63367,60,63.324075
51.162334,60,63.405021
41.384101,60,63.494908
38.800462,60,63.567218
30.655389,60,63.645548
46.864867,60,63.726985
43.690284,60,63.805986
44.998985,60,63.88059
52.130471,60,63.966676
36.504062,60,64.045669
35.135723,60,64.11762
41.323244,60,64.198886
42.476984,60,64.280789
37.66206,60,64.363344
54.651817,60,64.443753
48.378319,60,64.536667
44.173762,60,64.621097
40.661689,60,65.705105
22.673606,60,65.786331
41.93292,60,65.869573
54.468111,60,65.950411
28.686598,60,66.024693
47.835754,60,66.105201
36.539034,60,66.18022
49.327871,60,66.254717
52.039677,60,66.328142
54.046533,60,66.395622
39.454729,60,66.467372
43.881928,60,66.547263
46.175578,60,66.624723
55.685972,60,66.705252
33.156694,60,66.78478
51.516445,60,66.864881
6.987985,31,66.909701
42.286914,60,66.987705
33.710952,60,67.960667
35.923294,60,68.042679
42.557371,60,68.119616
44.561446,60,68.200658
40.304049,60,68.27557
36.839904,60,68.356846
34.583377,60,68.438619
48.297624,60,68.522999
48.025832,60,68.607274
5.677891,28,68.642981
25.315084,56,68.719517
45.641391,60,68.801142
23.69672,60,68.876665
25.721493,60,68.955657
55.155717,60,69.026515
48.426777,60,69.093898
52.887966,60,69.162716
32.945714,60,70.099657
21.419428,60,70.174072
52.898132,60,70.250523
30.159101,60,70.336539
44.883226,60,70.409986
34.698194,60,70.500055
22.351137,60,70.58449
53.702962,60,70.660467
43.038456,60,70.737368
17.209626,60,70.817928
45.178114,60,70.893896
41.736251,60,70.970635
38.315123,60,71.05159
52.167904,60,71.136234
54.79703,60,71.210238
30.845322,60,71.291784
52.353159,60,71.375253
17.159727,57,72.24928
45.349386,60,72.321678
49.947684,60,72.397016
12.806405,59,72.471839
44.935003,60,72.542685
50.744544,60,72.616653
11.885561,52,72.679887
48.644835,60,72.745218
48.7018,60,72.820716
51.50084,60,72.898677
43.960711,60,72.97171
50.379304,60,73.054308
47.031066,60,73.131695
49.794585,60,73.199628
34.251287,60,73.280969
37.064317,60,73.363044
51.72983,60,73.434541
50.407471,60,73.51403
20.513692,60,74.392599
32.392164,60,74.474609
40.548471,60,74.556591
43.421585,60,74.642357
44.847028,60,74.716193
49.391156,60,74.788012
44.333777,60,74.860882
30.909038,60,74.936185
43.771653,60,75.01157
30.325065,60,75.084267
56.049397,60,75.170412
37.032672,60,75.24495
44.711578,60,75.322195
27.556134,60,75.412211
30.891753,60,75.491975
29.003114,60,75.568733
47.090284,60,75.648661
26.620643,60,76.413201
53.078761,60,76.474632
52.280766,60,76.526981
38.120203,60,76.582773
41.188676,60,76.643607
54.733346,60,76.699615
49.407382,60,76.767068
55.698767,60,76.840506
45.610946,60,76.916475
44.04636,60,76.992481
36.692945,60,77.072502
51.102682,60,77.144938
29.346899,60,77.231491
33.103076,60,77.30996
46.209664,60,77.384809
46.602643,60,77.461597
43.629711,60,77.519934
37.704481,60,78.386344
48.036487,60,78.483389
47.72703,60,78.558847
50.697333,60,78.637918
51.261464,60,78.715463
36.757727,60,78.798594
53.18662,60,78.872632
51.159808,60,78.944824
39.692482,60,79.021714
52.060912,60,79.094139
40.983401,60,79.165099
49.185688,60,79.240045
52.89787,60,79.308954
36.59869,60,79.376833
45.558066,60,79.449244
37.738044,60,79.529446
38.512037,60,79.598897
56.036915,60,80.45899
37.412437,60,80.539403
45.700433,60,80.608652
54.087083,60,80.683563
54.611232,60,80.758071
42.188407,60,80.825472
49.967662,60,80.894409
36.192419,60,80.97287
42.218126,60,81.042831
38.135909,60,81.115753
52.888903,60,81.188919
43.444393,60,81.262822
52.802258,60,81.331674
51.858538,60,81.40369
35.387056,60,81.477745
51.720753,60,81.549639
43.57472,60,81.622966
54.869858,60,82.420632
32.008446,60,82.499156
50.044759,60,82.570713
48.801067,60,82.640536
43.727437,60,82.716018
53.779828,60,82.783774
30.237982,60,82.853076
49.24348,60,82.930758
54.367131,60,82.997134
51.393964,60,83.061447
33.779401,60,83.136579
53.877934,60,83.199841
42.004269,60,83.260375
11.410451,40,83.307604
53.321154,60,83.371562
49.999701,60,83.436401
46.514633,60,83.505281
40.036982,60,84.213572
51.217784,60,84.271731
54.947186,60,84.32984
53.562049,60,84.392712
38.703828,60,84.457025
50.4691,60,84.515904
40.805494,60,84.58023
56.472629,60,84.642136
50.714316,60,84.702475
42.507217,60,84.76077
49.920986,60,84.816652
51.766825,60,84.880032
43.675005,60,84.939344
24.800381,60,84.999604
54.186134,60,85.063463
55.667614,60,85.122352
44.928187,60,85.183186
49.058794,60,85.914963
53.432033,60,85.977267
43.125176,60,86.038698
37.500003,60,86.105594
48.686918,60,86.165878
49.71594,60,86.227201
52.977254,60,86.285626
48.535628,60,86.344511
50.564266,60,86.40439
51.393772,60,86.466712
51.2229,60,86.529551
40.259553,60,86.585273
46.645672,60,86.646022
30.539153,60,86.709764
50.762458,60,86.769944
54.782222,60,86.830634
49.862524,60,86.896359
46.921102,60,87.623168
51.953147,60,87.679928
54.963486,60,87.744009
42.134629,60,87.804233
29.92972,60,87.863935
54.53181,60,87.929773
52.820957,60,87.989661
55.644356,60,88.05461
56.671183,60,88.126628
54.406483,60,88.189439
54.759722,60,88.250314
50.866238,60,88.315185
44.311918,60,88.377115
54.521775,60,88.43843
53.814157,60,88.502795
53.583297,60,88.567132
54.141654,60,88.625926
39.972204,60,88.682416
52.654472,60,89.395192
54.5895,60,89.457054
51.248284,60,89.522405
54.579428,60,89.582695
52.267952,60,89.649977
49.1193,60,89.711796
55.757828,60,89.770655
51.822867,60,89.829388
55.248736,60,89.891145
42.603403,60,89.949994
51.314543,60,90.012317
55.442187,60,90.074736
54.434256,60,90.133595
48.063529,60,90.194326
38.962594,60,90.25819
53.985714,60,90.319005
51.779809,60,90.37909
54.311222,60,91.094913
44.996256,60,91.152693
53.690873,60,91.208531
56.66387,60,91.268475
53.891795,60,91.332291
55.453173,60,91.390628
51.201954,60,91.452094
51.672538,60,91.520575
46.091151,60,91.582422
48.937626,60,91.643233
55.934826,60,91.703015
52.513521,60,91.762235
52.888706,60,91.825987
54.783199,60,91.888163
46.689299,60,91.987103
51.030302,60,92.066159
42.553174,60,92.128167
54.358767,60,92.847915
53.552139,60,92.910226
55.641382,60,92.97569
47.136747,60,93.036077
53.742933,60,93.095486
40.443431,60,93.161305
47.142434,60,93.222646
57.119566,60,93.280566
54.701181,60,93.339924
52.661105,60,93.400256
54.334376,60,93.457096
39.532775,60,93.517994
42.03687,60,93.575389
52.464305,60,93.633084
55.932778,60,93.691967
55.967412,60,93.749707
29.795017,60,93.811044
55.046116,60,94.524534
50.196529,60,94.583705
49.983438,60,94.646532
55.686608,60,94.708352
50.748984,60,94.768167
54.895655,60,94.831135
55.012402,60,94.891445
47.561643,60,94.951309
54.346766,60,95.011323
49.752676,60,95.063652
48.964367,60,95.11404
43.061697,60,95.168421
56.002769,60,95.233309
52.915103,60,95.287589
55.549899,60,95.350554
56.456521,60,95.418496
55.55236,60,95.474897
54.853417,60,96.232134
54.495359,60,96.307249
56.221949,60,96.375935
46.096708,60,96.445487
56.408129,60,96.515856
51.165792,60,96.587326
56.581603,60,96.657766
55.833053,60,96.727166
50.815224,60,96.800523
57.052398,60,96.8713
56.818325,60,96.940324
55.803575,60,97.018183
51.491731,60,97.089797
49.477951,60,97.166279
45.691235,60,97.242231
55.553232,60,97.312124
57.241026,60,97.379694
44.89014,60,98.260025
53.702057,60,98.327887
49.271273,60,98.389621
49.815595,60,98.458644
54.08413,60,98.535276
57.22992,60,98.60134
55.197904,60,98.669265
51.739407,60,98.743298
54.347391,60,98.811253
55.197329,60,98.87859
27.745046,60,98.945549
34.634565,60,99.015423
49.332697,60,99.085403
41.279642,60,99.156366
55.646241,60,99.233928
55.707804,60,99.306012
50.386949,60,99.375787
42.117584,60,100.244039
55.234628,60,100.311428
54.018027,60,100.387365
53.822914,60,100.458755
40.669798,60,100.530717
44.636319,60,100.598062
53.125515,60,100.664047
53.4251,60,100.728934
51.631111,60,100.791883
34.282271,58,100.855804
55.984243,60,100.923873
56.724255,60,100.993744
55.943791,60,101.061062
39.483704,60,101.135089
52.032125,60,101.206012
55.477731,60,101.274467
54.10409,60,101.341416
49.475464,60,102.220396
34.999778,60,102.291307
56.37379,60,102.363466
31.234218,60,102.434845
56.523853,60,102.518863
56.128711,60,102.591931
55.280097,60,102.672162
55.194099,60,102.74112
46.807602,60,102.810154
54.309821,60,102.887802
54.195355,60,102.957205
57.146668,60,103.02528
55.746024,60,103.095689
41.427325,60,103.161042
55.766821,60,103.230045
46.629895,60,103.294986
56.408087,60,103.360105
38.095608,60,104.277607
55.417242,60,104.359163
54.904247,60,104.46157
49.443299,60,104.537466
50.784806,60,104.627707
56.042979,60,104.706621
56.064095,60,104.781191
11.886574,60,104.870214
43.106144,60,104.946528
56.571102,60,105.017589
30.324663,60,105.100111
56.696799,60,105.178982
43.53621,60,105.258
55.700464,60,105.332613
56.410801,60,105.40477
56.09879,60,105.474251
55.772166,60,105.544331
53.914863,60,106.435425
55.705344,60,106.511868
55.52501,60,106.588277
55.476832,60,106.667779
50.950686,60,106.745394
25.532256,60,106.818896
57.455018,60,106.893407
57.546014,60,106.97655
55.038709,60,107.054021
36.756535,60,107.133291
49.67554,60,107.219217
55.817914,60,107.296137
55.430627,60,107.367074
52.575212,60,107.460256
53.817106,60,107.545177
54.809107,60,107.622839
55.39242,60,107.708409
50.224163,60,108.562536
51.800789,60,108.629981
56.930804,60,108.699889
55.535587,60,108.778946
47.315097,60,108.854021
51.79762,60,108.926963
53.846796,60,108.99999
57.902923,60,109.073911
55.139177,60,109.151415
56.235427,60,109.224
57.4825,60,109.296653
55.165687,60,109.376069
56.134878,60,109.441258
55.163434,60,109.51806
54.848225,60,109.594048
37.811784,60,109.661249
54.401428,60,109.730138
54.610654,60,110.589023
56.401521,60,110.662593
41.027897,60,110.728448
54.800599,60,110.797086
55.444467,60,110.860917
53.208935,60,110.926769
56.376128,60,110.991842
56.105766,60,111.05526
51.386841,60,111.12059
55.74983,60,111.188095
56.161396,60,111.256999
55.540432,60,111.325224
55.192941,60,111.395141
43.122602,60,111.464516
55.517485,60,111.533983
53.089087,60,111.601608
53.985207,60,111.67613
54.74642,60,112.547454
56.363795,60,112.622754
56.204697,60,112.685849
56.422244,60,112.759784
52.963436,60,112.837299
51.710712,60,112.904761
56.508436,60,112.974152
56.674101,60,113.039394
53.272172,60,113.109217
56.088849,60,113.173063
57.082697,60,113.232445
51.53766,60,113.296129
56.29016,60,113.357134
56.644249,60,113.42101
55.250319,60,113.479465
56.155464,60,113.545582
40.154254,60,113.605667
56.293191,60,114.452226
57.135652,60,114.530043
44.972351,60,114.610554
57.278637,60,114.691134
56.731611,60,114.768585
55.431711,60,114.849466
56.527913,60,114.929848
50.788868,60,115.002849
48.437693,60,115.084447
55.088687,60,115.165538
57.315257,60,115.243667
53.994331,60,115.3222
55.894358,60,115.398121
54.559692,60,115.477436
54.756867,60,115.554161
56.790383,60,115.63467
44.457228,60,115.712792
47.702594,60,116.591114
52.225434,60,116.66304
54.996876,60,116.743953
56.878427,60,116.819729
57.354487,60,116.895139
49.445714,60,116.976876
55.960589,60,117.052508
51.636888,60,117.131932
47.935855,60,117.211451
57.17429,60,117.285874
37.052751,60,117.364783
57.337418,60,117.443953
56.027138,60,117.521332
56.018831,60,117.607907
55.302221,60,117.675339
54.502299,60,117.746252
54.897817,60,117.823694
55.129049,60,117.900041
55.760922,60,118.734068
55.366606,60,118.799862
34.066465,60,118.868195
51.628158,60,118.939025
53.884432,60,119.006499
53.551886,60,119.072917
57.121,60,119.13981
56.958734,60,119.207842
54.761167,60,119.27581
55.634548,60,119.344326
53.031982,60,119.419266
57.060207,60,119.488123
54.948327,60,119.557121
55.189482,60,119.632131
56.508179,60,119.702536
50.988394,60,119.774589
56.704512,60,119.84563
43.163474,60,120.674189
45.270736,60,120.743289
57.560334,60,120.809208
55.66898,60,120.876698
33.638206,60,120.940555
57.398005,60,120.99999
55.657346,60,121.066562
57.19718,60,121.140828
42.156662,60,121.206394
56.015559,60,121.269729
55.046546,60,121.340719
56.634529,60,121.41163
33.427795,60,121.481093
53.065573,60,121.5495
49.753422,60,121.625929
56.50022,60,121.696352
56.192736,60,121.775089
42.050705,60,122.638272
56.480993,60,122.708725
56.466603,60,122.786703
55.990887,60,122.867853
53.021259,60,122.944216
47.940704,60,123.019118
47.159839,60,123.090604
57.880645,60,123.162108
49.801784,60,123.234617
56.999219,60,123.301552
55.557695,60,123.368436
55.213706,60,123.435304
57.634732,60,123.505791
32.312658,60,123.583371
56.29287,60,123.655201
55.471605,60,123.733513
53.826075,60,123.808004
32.999592,60,124.734546
46.931996,60,124.812715
54.523709,60,124.888335
56.989032,60,124.97397
56.172365,60,125.034376
41.789569,60,125.094214
56.840381,60,125.165998
55.872418,60,125.254726
56.041165,60,125.356494
48.593656,60,125.462219
57.069703,60,125.585957
55.824128,60,125.715272
56.137948,60,125.842677
56.136789,60,125.946819
52.826877,60,126.048148
54.307741,60,126.153372
56.550527,60,126.237789
51.401585,60,127.323909
54.807589,60,127.399838
56.34081,60,127.47601
51.371954,60,127.557138
55.325898,60,127.644254
52.920978,60,127.721177
53.531586,60,127.802009
57.766045,60,127.877537
56.679367,60,127.9531
41.521401,60,128.033611
55.159803,60,128.108035
54.920721,60,128.181522
54.647036,60,128.253009
56.147422,60,128.330544
55.639097,60,128.403657
56.406889,60,128.478041
45.507104,60,128.549451
41.138046,60,129.3505
54.870816,60,129.424965
56.629926,60,129.49338
56.37548,60,129.565886
56.350251,60,129.643894
57.131334,60,129.715878
56.250276,60,129.785354
56.64399,60,129.858896
56.71099,60,129.929729
56.678283,60,129.997236
58.189049,60,130.069564
57.287945,60,130.137882
55.83657,60,130.206313
57.354997,60,130.280928
45.471517,60,130.350404
57.004409,60,130.421858
58.119152,60,130.492864
55.689191,60,131.302911
50.522329,60,131.376364
21.550387,49,131.439695
53.893144,60,131.517588
54.315205,60,131.603148
32.232242,60,131.687964
57.122054,60,131.772026
56.030105,60,131.847543
57.111086,60,131.922196
56.914693,60,131.993143
55.9883,60,132.064605
46.754486,60,132.141809
39.529387,60,132.206756
56.423352,60,132.270844
54.393046,60,132.343781
58.245093,60,132.419009
57.650474,60,132.483287
24.040603,60,133.339152
56.604017,60,133.418037
54.679889,60,133.486855
47.890552,60,133.557728
56.576047,60,133.622682
56.670233,60,133.688192
51.826241,60,133.751579
57.35963,60,133.816413
54.902414,60,133.884034
56.426038,60,133.949412
52.837764,60,134.01245
13.87894,43,134.064398
57.60739,60,134.132201
56.65902,60,134.200625
57.614588,60,134.264595
56.446016,60,134.326557
54.857159,60,134.397547
57.42608,60,134.467921
57.353941,60,135.283242
42.956767,60,135.352167
48.909153,60,135.420559
56.858656,60,135.496879
57.004057,60,135.570661
57.263081,60,135.639324
56.399009,60,135.714698
55.277293,60,135.785766
53.619123,60,135.854796
51.115643,60,135.924789
57.216528,60,135.991253
33.284615,60,136.052221
57.47113,60,136.115628
54.794654,60,136.176269
53.503722,60,136.23804
49.627577,60,136.314533
55.665646,60,136.382602
51.092801,60,137.184123
56.943213,60,137.252812
51.017146,60,137.318517
57.182068,60,137.391823
57.620445,60,137.462696
56.916917,60,137.526734
54.804999,60,137.594288
56.304122,60,137.664299
55.586413,60,137.732216
56.61296,60,137.805121
56.031711,60,137.873997
57.481807,60,137.945715
57.240207,60,138.014786
57.337818,60,138.084063
55.471521,60,138.156659
56.217596,60,138.224108
57.158338,60,138.287524
56.360549,60,139.047763
54.885052,60,139.112238
56.619782,60,139.174114
57.052607,60,139.240532
56.276799,60,139.305338
57.249197,60,139.369265
55.897313,60,139.437839
57.884769,60,139.499679
56.632262,60,139.569459
57.469487,60,139.640412
55.013859,60,139.706047
49.675609,60,139.773948
54.646184,60,139.843616
54.394995,60,139.908796
56.260205,60,139.979225
56.433572,60,140.04573
52.618111,60,140.107681
55.199871,60,140.874042
58.160809,60,140.93392
56.399672,60,140.998306
55.839395,60,141.063867
57.560119,60,141.126707
26.9822,53,141.182068
55.790473,60,141.248434
56.842572,60,141.314001
56.44762,60,141.390573
49.11229,60,141.466498
56.523427,60,141.538604
42.097045,60,141.61067
57.405249,60,141.685084
53.762828,60,141.771205
53.466274,60,141.86629
56.495474,60,141.934581
57.362396,60,142.004797
26.433856,60,142.807564
54.318515,60,142.87762
55.967915,60,142.938491
57.512715,60,142.999275
32.79888,60,143.067658
56.206588,60,143.132711
54.431459,60,143.193879
37.365696,60,143.255236
55.000079,60,143.316175
53.506761,60,143.375013
56.170296,60,143.433255
56.848614,60,143.495009
56.91932,60,143.55421
55.929553,60,143.619095
55.410459,60,143.685057
56.678044,60,143.747528
56.525011,60,143.812917
56.750613,60,144.555355
28.187336,60,144.615691
55.251449,60,144.687656
54.393662,60,144.753507
28.570116,60,144.818902
49.14211,60,144.887285
56.888127,60,144.95521
57.253895,60,145.022661
56.880304,60,145.08961
57.133547,60,145.158092
56.500982,60,145.232639
55.952863,60,145.301723
32.192943,60,145.374811
53.301147,60,145.450794
55.167616,60,145.521695
54.078441,60,145.590191
47.703678,60,145.658612
54.534923,60,146.44751
51.292835,60,146.515437
56.385408,60,146.58429
57.38077,60,146.659217
50.596158,60,146.735667
51.502533,60,146.808108
51.641155,60,146.885585
54.812513,60,146.957938
56.664197,60,147.036373
53.719387,60,147.10878
56.120721,60,147.180096
56.612272,60,147.261094
55.947454,60,147.330949
55.699875,60,147.400225
57.095468,60,147.48259
56.930253,60,147.556803
57.264685,60,147.630229
56.43855,60,148.484563
52.37647,60,148.559033
45.721131,60,148.627824
57.404521,60,148.700376
58.304761,60,148.777934
42.771072,60,148.844787
57.176283,60,148.91063
57.919884,60,148.977023
56.872721,60,149.046831
57.532684,60,149.118777
57.53738,60,149.183611
57.169317,60,149.260177
31.942282,60,149.334352
48.792462,60,149.408349
56.817072,60,149.493923
54.457519,60,149.575507
56.382721,60,149.649388
40.736465,60,150.573469
52.037685,60,150.649324
57.517816,60,150.725108
53.570136,60,150.795352
56.673322,60,150.860693
56.924484,60,150.928907
56.778269,60,150.995177
57.12804,60,151.06498
37.170827,60,151.137027
57.509275,60,151.204363
56.151615,60,151.269776
40.500749,60,151.346703
54.791914,60,151.413173
19.081474,59,151.483714
57.333753,60,151.555194
56.127221,60,151.654408
55.68269,60,151.768284
54.183219,60,152.676396
56.812963,60,152.750327
52.969859,60,152.833193
56.912747,60,152.911519
55.863279,60,152.983442
56.612457,60,153.056399
10.070973,30,153.093672
23.953996,60,153.17518
56.995894,60,153.254204
11.732087,60,153.332317
55.845729,60,153.410192
56.545622,60,153.478491
57.794812,60,153.546949
56.665282,60,153.614246
57.016642,60,153.688165
53.931838,60,153.762173
54.15694,60,153.837083
54.374969,60,153.916053
37.321178,60,154.777062
56.434873,60,154.850171
56.719504,60,154.917104
37.795693,60,154.987065
57.444802,60,155.055311
56.626069,60,155.130323
56.306864,60,155.197093
48.276196,60,155.273963
56.212762,60,155.349916
43.41648,60,155.440567
57.597702,60,155.528055
57.026123,60,155.604504
56.788575,60,155.680946
56.807749,60,155.756741
27.53505,60,155.826802
57.230044,60,155.901345
56.92368,60,155.97076
57.355932,60,156.791078
50.00892,60,156.8599
52.31583,60,156.926739
56.947325,60,157.001256
56.4,60,157.069847
58.301009,60,157.140213
49.249278,60,157.213227
57.268383,60,157.29022
57.735202,60,157.376173
56.603957,60,157.47627
55.701866,60,157.585559
52.573922,60,157.669079
57.20706,60,157.746942
55.68114,60,157.812464
52.401843,60,157.883814
20.566057,60,157.961233
37.534371,60,158.042205
57.007036,60,158.861962
56.596951,60,158.93649
56.779493,60,159.031055
56.143199,60,159.11265
56.37701,60,159.218775
47.592924,60,159.301983
56.896687,60,159.368228
43.116628,60,159.445028
55.398095,60,159.519791
57.060859,60,159.59778
57.66813,60,159.670311
58.308765,60,159.737233
57.277661,60,159.807085
45.667698,60,159.883102
55.881403,60,159.948912
56.410061,60,160.016973
56.826483,60,160.087409
56.447806,60,160.910144
33.085275,60,160.972962
55.967322,60,161.038276
43.423781,60,161.101855
57.212324,60,161.165408
55.738235,60,161.228252
56.410684,60,161.288985
56.332288,60,161.360968
55.656864,60,161.427972
55.719333,60,161.492832
56.946294,60,161.564244
30.175462,60,161.627651
41.941715,60,161.693791
56.884507,60,161.758761
53.049022,60,161.825134
55.78921,60,161.890002
57.726221,60,161.95537
50.501221,60,162.774166
57.247201,60,162.838705
57.959771,60,162.909
56.882415,60,162.978731
56.63824,60,163.045976
49.441426,60,163.108425
48.78425,60,163.179703
56.426675,60,163.253007
57.166254,60,163.317987
56.638328,60,163.385859
57.063603,60,163.448239
56.814297,60,163.512384
58.006408,60,163.573789
57.497705,60,163.637675
55.651579,60,163.696469
56.362042,60,163.763379
55.056892,60,163.828183
42.517211,60,164.586648
35.663176,60,164.65155
56.864371,60,164.723406
58.192552,60,164.788198
58.245171,60,164.862176
56.881461,60,164.929827
56.478868,60,164.993273
48.951044,60,165.060641
57.300345,60,165.127227
55.02139,60,165.193089
56.958659,60,165.26494
56.125255,60,165.326684
57.293578,60,165.404516
56.527756,60,165.47225
55.705107,60,165.537479
57.6339,60,165.602674
54.249948,60,165.673932
54.26288,60,166.449817
56.858422,60,166.51313
57.491368,60,166.576826
56.835133,60,166.639346
57.328115,60,166.722112
57.248523,60,166.788456
49.277231,60,166.854348
57.533127,60,166.925726
56.725551,60,166.990164
40.062922,60,167.053521
57.41213,60,167.121319
57.189235,60,167.184794
56.954283,60,167.24668
52.628636,60,167.31411
57.471259,60,167.380932
57.122134,60,167.443307
56.67655,60,167.513928
55.972943,60,168.285019
57.181702,60,168.349787
57.092405,60,168.410597
49.344201,60,168.474965
56.595546,60,168.536939
57.854254,60,168.603426
57.308934,60,168.666811
54.615016,60,168.728806
37.54642,60,168.80414
53.079914,60,168.868787
57.530295,60,168.931427
57.913773,60,168.996591
58.246539,60,169.059321
57.676318,60,169.126885
49.857084,60,169.18723
42.908525,60,169.256569
53.763333,60,169.321491
58.414537,60,170.094895
53.169284,60,170.158771
57.790353,60,170.22893
54.989237,60,170.292887
56.554402,60,170.357284
55.968713,60,170.429678
58.093679,60,170.490981
56.456961,60,170.558287
54.899313,60,170.626693
57.371181,60,170.691584
58.014984,60,170.755431
57.858994,60,170.816338
57.057136,60,170.8787
53.968951,60,170.944779
54.817307,60,171.019617
33.288151,60,171.08754
56.93665,60,171.151425
56.695591,60,171.953711
56.545761,60,172.018813
57.24756,60,172.086265
14.079925,39,172.131636
56.62081,60,172.196906
55.070652,60,172.264768
56.669683,60,172.336362
49.221271,60,172.404655
53.22953,60,172.470006
57.806638,60,172.537818
55.601506,60,172.612293
53.747756,60,172.678041
55.032074,60,172.744284
56.200298,60,172.814593
36.962325,60,172.882273
58.299976,60,172.954218
55.536024,60,173.024633
57.538924,60,173.095608
56.867637,60,173.947598
55.620576,60,174.017612
52.188564,60,174.08807
57.465998,60,174.159895
56.22811,60,174.240648
57.87473,60,174.314975
55.101479,60,174.387494
57.079278,60,174.473713
56.396448,60,174.548473
58.187709,60,174.625799
52.208823,60,174.708705
57.881817,60,174.783723
52.611435,60,174.861395
57.407627,60,174.943475
57.131148,60,175.020934
57.195991,60,175.098954
56.716735,60,175.177915
51.642573,60,176.119922
54.892111,60,176.194705
56.911273,60,176.280118
57.20678,60,176.356084
57.126935,60,176.428016
56.048218,60,176.503482
57.166815,60,176.583974
56.111198,60,176.663979
56.811585,60,176.740741
56.373318,60,176.820141
56.961017,60,176.89252
55.7224,60,176.963753
57.976523,60,177.048338
57.608698,60,177.120825
57.609355,60,177.193751
48.685611,60,177.274262
58.395988,60,177.351779
56.503398,60,178.254125
56.688032,60,178.32196
52.939157,60,178.388417
55.455322,60,178.461404
55.465808,60,178.536463
57.795842,60,178.620466
52.597153,60,178.696473
56.507703,60,178.773988
56.046069,60,178.85189
57.095792,60,178.925191
43.396298,60,178.99479
57.002172,60,179.063634
52.105074,60,179.138649
58.929732,60,179.213536
57.17268,60,179.288542
56.535088,60,179.448544
43.41651,60,179.528732
57.862355,60,180.491508
55.544251,60,180.57295
47.222991,60,180.65318
53.867259,60,180.741194
54.313344,60,180.822833
53.392514,60,180.906878
39.714933,60,180.985105
55.772414,60,181.057133
50.438403,60,181.126024
57.350168,60,181.206778
57.016545,60,181.282565
57.382265,60,181.366998
56.349261,60,181.444994
57.17756,60,181.535934
55.896269,60,181.612766
57.700033,60,181.69189
50.419938,60,181.772503
57.325076,60,182.732197
56.757585,60,182.815695
56.533577,60,182.893956
57.202204,60,182.975415
36.42663,60,183.058562
58.05504,60,183.14083
56.330617,60,183.222405
58.018008,60,183.30292
25.650173,60,183.38529
57.185823,60,183.465449
56.905319,60,183.540857
57.55,60,183.617826
58.136494,60,183.686803
50.433889,60,183.757238
57.467986,60,183.827578
57.140757,60,183.907377
56.717169,60,183.98384
57.292321,60,184.877359
57.207619,60,184.949817
56.603434,60,185.022298
57.022737,60,185.102799
55.550794,60,185.17637
48.548285,60,185.251343
55.539101,60,185.336902
56.8044,60,185.41691
57.187136,60,185.499706
58.145795,60,185.582665
57.218083,60,185.666214
53.19071,60,185.739684
57.173859,60,185.821311
56.742955,60,185.900496
56.958031,60,185.979542
57.02494,60,186.0565
55.988098,60,186.138161
57.255176,60,187.055389
57.064962,60,187.130913
54.123123,60,187.215953
57.150382,60,187.2898
56.828306,60,187.362304
57.610902,60,187.444719
57.661728,60,187.519704
56.710082,60,187.594162
47.427009,60,187.678654
57.924169,60,187.751174
57.303346,60,187.823563
56.672989,60,187.906364
57.4016,60,187.981905
56.292854,60,188.064162
57.094739,60,188.144678
57.128652,60,188.228285
57.53083,60,188.302253
57.306401,60,189.213072
56.896701,60,189.287484
56.61929,60,189.363862
54.574698,60,189.446282
56.609888,60,189.529354
29.516368,60,189.603379
57.0465,60,189.681379
46.444761,60,189.763513
57.016471,60,189.84363
57.147728,60,189.929225
57.231135,60,190.013062
56.678688,60,190.089767
56.578695,60,190.178598
57.047855,60,190.273088
57.436585,60,190.368625
51.253057,60,190.470236
57.333367,60,190.561799
57.001772,60,191.490702
52.464844,60,191.565708
56.666538,60,191.633301
56.094195,60,191.703784
58.225774,60,191.782858
56.794033,60,191.858268
54.136688,60,191.94474
53.468202,60,192.03126
57.25,60,192.122222
56.985869,60,192.196727
56.82069,60,192.269677
49.334763,60,192.351498
56.906402,60,192.426862
57.433763,60,192.504734
57.79942,60,192.585653
56.863604,60,192.65786
52.931314,60,192.737737
58.305261,60,193.690551
56.26653,60,193.765819
56.882083,60,193.841241
57.084098,60,193.910671
57.666497,60,193.982688
57.633708,60,194.04963
57.775885,60,194.134294
56.728168,60,194.215612
56.401078,60,194.29618
57.968911,60,194.380318
56.962539,60,194.463272
57.592142,60,194.542423
58.085169,60,194.615469
57.031541,60,194.687987
57.282293,60,194.761989
58.023788,60,194.845701
56.62045,60,194.922987
55.813486,60,194.993188
57.369946,60,195.987749
57.466554,60,196.070104
56.213339,60,196.143176
57.364127,60,196.224069
56.789454,60,196.308085
57.357079,60,196.384549
55.613009,60,196.465935
58.237469,60,196.545944
51.890046,60,196.616285
56.974631,60,196.691273
53.737464,60,196.778283
43.260137,60,196.857297
57.59672,60,196.946865
56.394536,60,197.028362
57.879068,60,197.109328
56.760228,60,197.187698
57.169282,60,197.261083
56.98947,60,198.289989
57.372059,60,198.375413
41.036294,60,198.461457
44.464979,60,198.55652
55.894284,60,198.636945
57.01253,60,198.729137
57.804743,60,198.80662
39.975301,60,198.8871
55.933071,60,198.970136
56.865235,60,199.045007
56.835283,60,199.123504
57.303437,60,199.192003
55.439469,60,199.264932
58.716626,60,199.332441
47.917348,60,199.414019
57.766683,60,199.492594
56.44795,60,199.564459
56.745583,60,200.539313
56.448231,60,200.615316
58.500235,60,200.700959
56.874143,60,200.784465
56.645744,60,200.86704
54.470185,60,200.958205
57.49567,60,201.054703
58.205956,60,201.136091
57.547992,60,201.219437
28.773481,60,201.304494
57.266398,60,201.386298
57.151559,60,201.476404
57.682225,60,201.562788
57.303716,60,201.64946
57.624521,60,201.726627
58.085308,60,201.810439
30.884659,54,201.879877
56.357867,60,202.800613
57.471416,60,202.878052
58.00961,60,202.954303
56.022453,60,203.037346
57.306313,60,203.114868
58.603572,60,203.198793
57.008799,60,203.280381
56.227091,60,203.353297
56.359692,60,203.443486
56.958562,60,203.525619
56.588079,60,203.604655
57.25724,60,203.688033
57.209972,60,203.771502
53.893469,60,203.854324
22.878395,52,203.929184
55.83008,60,204.013585
57.058903,60,204.096966
57.685438,60,205.126759
58.145459,60,205.204621
51.376751,60,205.29045
56.461765,60,205.384562
58.093343,60,205.468886
56.385195,60,205.551347
56.980097,60,205.643878
56.924351,60,205.730357
57.05723,60,205.823313
57.585825,60,205.9039
55.292257,60,205.986066
58.231687,60,206.080251
57.953115,60,206.163255
56.903047,60,206.250394
45.960234,60,206.346936
57.219642,60,206.436409
57.67169,60,206.519815
58.530245,60,207.531154
57.708612,60,207.613045
35.688465,60,207.698163
56.967618,60,207.781449
58.137801,60,207.865419
58.134404,60,207.96203
52.401718,60,208.044524
58.719573,60,208.123892
56.73666,60,208.21191
57.25013,60,208.295366
57.680524,60,208.379338
56.403196,60,208.468017
57.579547,60,208.554595
57.692077,60,208.645324
35.965826,60,208.729191
57.951052,60,208.814836
58.073404,60,208.894682
56.847809,60,209.90725
56.989059,60,209.985823
54.912689,60,210.057788
50.189844,60,210.137774
57.349107,60,210.214793
57.451958,60,210.291806
58.591945,60,210.377786
56.717711,60,210.465887
37.344954,60,210.553277
57.702274,60,210.640288
56.777778,60,210.730755
56.075385,60,210.824281
57.342883,60,210.908787
58.040304,60,210.997653
58.145859,60,211.080357
57.329874,60,211.161191
57.221349,60,211.255139
49.979096,60,212.449191
52.972311,60,212.544274
56.251074,60,212.633315
35.675131,60,212.731769
56.230973,60,212.825796
56.963181,60,212.908807
46.997098,60,212.994216
57.877858,60,213.088155
57.202538,60,213.168049
57.389554,60,213.24637
56.995933,60,213.32342
57.689278,60,213.419857
57.169597,60,213.49981
57.079792,60,213.582275
58.660842,60,213.666871
57.749695,60,213.755857
57.790073,60,213.836853
58.287607,60,214.778078
57.130382,60,214.852559
57.032844,60,214.922944
49.94796,60,215.008736
57.087735,60,215.085792
48.868916,60,215.161721
56.879964,60,215.245695
22.952358,45,215.306171
58.036193,60,215.393004
56.478809,60,215.488
58.458653,60,215.58008
47.191635,60,215.66616
56.642582,60,215.746205
57.975883,60,215.821716
57.829519,60,215.898665
57.105777,60,215.976608
57.464498,60,216.054655
56.022277,60,216.137654
57.002116,60,217.149456
57.000797,60,217.230047
57.164033,60,217.301976
35.036561,60,217.393192
57.699029,60,217.473322
32.026972,60,217.551731
57.225356,60,217.631899
57.274375,60,217.708898
56.67782,60,217.784344
57.172006,60,217.862191
56.270254,60,217.940554
44.612041,60,218.016056
57.452324,60,218.098073
57.545101,60,218.183227
57.905204,60,218.255734
58.130581,60,218.326237
56.755461,60,218.399989
57.853882,60,219.397372
45.392557,60,219.485036
57.51308,60,219.571635
56.944451,60,219.655095
56.192008,60,219.747157
37.413531,60,219.828688
56.587093,60,219.911238
56.459083,60,219.998755
56.077732,60,220.070128
56.432695,60,220.154039
42.249582,60,220.235781
57.226616,60,220.313755
57.252432,60,220.38944
57.393936,60,220.471916
18.904482,44,220.537333
57.045014,60,220.619029
58.265206,60,220.705065
56.792915,60,221.577811
56.663833,60,221.653801
57.229368,60,221.734476
57.596974,60,221.813503
56.758494,60,221.885437
57.049287,60,221.961778
56.915195,60,222.03889
57.627544,60,222.116381
57.120426,60,222.188804
57.971963,60,222.25566
57.4996,60,222.332699
57.496627,60,222.40345
56.404143,60,222.477905
57.047568,60,222.552884
49.28345,60,222.627933
57.555415,60,222.707323
57.424093,60,222.785265
57.635418,60,223.670364
57.949687,60,223.74895
55.706153,60,223.818263
55.293472,60,223.88367
56.709328,60,223.956985
56.874358,60,224.031927
57.18231,60,224.105775
55.990763,60,224.174068
57.283958,60,224.25119
56.914499,60,224.32511
50.687026,60,224.400587
57.517275,60,224.473577
56.632306,60,224.54505
56.213622,60,224.630413
57.744855,60,224.711458
56.817311,60,224.794471
56.295616,60,224.876036
56.261459,60,225.816854
58.830692,60,225.888811
52.239271,60,225.963429
51.186775,60,226.049493
56.843549,60,226.123412
58.969694,60,226.201846
56.445054,60,226.288848
57.447971,60,226.359274
46.115263,60,226.431114
57.000379,60,226.501508
57.359385,60,226.583316
56.999701,60,226.657762
56.661753,60,226.730166
57.090976,60,226.814102
55.654292,60,226.893191
57.496865,60,226.966572
57.036905,60,227.035939
53.224645,60,228.003003
57.590999,60,228.088607
58.860263,60,228.164939
57.268319,60,228.241205
57.340108,60,228.326673
57.388854,60,228.409348
52.483669,60,228.492964
57.799045,60,228.57547
57.485425,60,228.664471
57.83602,60,228.744529
56.349212,60,228.822515
56.824282,60,228.90596
56.619641,60,228.977468
56.384079,60,229.049977
56.70555,60,229.123931
58.596514,60,229.204756
57.664585,60,229.287153
57.039178,60,230.203996
57.244779,60,230.281552
42.160535,60,230.358485
56.298787,60,230.435802
56.260832,60,230.509217
54.67967,60,230.593816
57.011785,60,230.672011
57.49981,60,230.745005
56.182517,60,230.823698
57.818364,60,230.901154
57.093512,60,230.983696
54.681155,60,231.052685
55.967877,60,231.131695
52.847787,60,231.21321
56.803453,60,231.295755
48.465061,60,231.370456
57.63783,60,231.444304
45.889521,60,232.320852
49.658358,60,232.39339
56.405611,60,232.471376
54.066312,60,232.54453
55.035046,60,232.616563
56.577686,60,232.692042
37.581196,60,232.762151
29.30556,60,232.833923
55.846958,60,232.912274
57.129597,60,232.990237
56.575548,60,233.064721
57.232799,60,233.150308
56.890283,60,233.232713
56.207914,60,233.310733
57.513487,60,233.387653
57.478267,60,233.471166
56.949973,60,233.553114
52.068708,60,234.528942
57.988405,60,234.604464
55.022107,60,234.682906
57.535409,60,234.758936
57.102597,60,234.840757
54.389672,60,234.920984
56.702743,60,235.003509
57.114384,60,235.081549
55.848314,60,235.156328
56.780939,60,235.240442
57.410164,60,235.327035
56.815842,60,235.410001
57.451971,60,235.491432
58.212223,60,235.5713
57.630041,60,235.642836
53.186893,60,235.729431
54.601904,60,235.803385
58.154811,60,236.67558
58.55937,60,236.752524
45.839445,60,236.835142
57.231353,60,236.914797
57.093304,60,236.99482
57.062378,60,237.079319
57.483536,60,237.148753
42.819115,60,237.232877
57.541216,60,237.309862
56.389491,60,237.384882
57.757357,60,237.461324
57.852416,60,237.543941
58.242496,60,237.63101
56.550839,60,237.76642
43.626684,60,237.857648
56.778839,60,237.948764
57.757068,60,238.030869
50.291082,60,238.105412
56.382257,60,239.078995
57.033877,60,239.154176
47.949773,60,239.238229
57.358601,60,239.310642
58.331199,60,239.380421
58.015578,60,239.451781
55.932034,60,239.520664
57.522756,60,239.591335
56.331528,60,239.658781
55.521865,60,239.736826
52.086422,60,239.813309
57.90667,60,239.892354
24.606412,60,239.971709
56.01194,60,240.046547
48.479522,60,240.106568
57.055947,60,240.166473
57.353681,60,240.228449
57.544932,60,241.01228
55.51894,60,241.086917
56.64549,60,241.160387
56.633717,60,241.235715
56.470589,60,241.309551
56.450574,60,241.385426
55.034936,60,241.459654
55.8034,60,241.530519
57.277966,60,241.613448
56.748448,60,241.685916
57.597421,60,241.756318
58.266143,60,241.831229
58.791097,60,241.901754
57.271004,60,241.973619
56.959817,60,242.043483
56.157356,60,242.112099
58.256737,60,242.187579
57.819742,60,242.978465
57.9,60,243.060448
41.305118,60,243.131196
56.516995,60,243.200445
55.88952,60,243.280881
58.760765,60,243.373909
48.778334,60,243.462065
56.564349,60,243.545126
25.412569,60,243.629219
45.877048,60,243.718837
57.259468,60,243.802917
57.051772,60,243.895236
56.765025,60,243.981999
57.462769,60,244.059979
57.308224,60,244.139535
56.755212,60,244.230783
56.557698,60,244.319663
43.439343,60,245.281023
55.948366,60,245.356908
57.465182,60,245.427362
50.317464,60,245.508871
57.53933,60,245.578742
58.048562,60,245.647185
56.324202,60,245.726834
57.086527,60,245.797243
56.999461,60,245.86202
51.919628,60,245.930784
57.076945,60,246.002609
56.693017,60,246.076376
57.997229,60,246.155134
55.986481,60,246.226664
57.371972,60,246.303603
57.729315,60,246.391183
57.287008,60,246.475717
58.016941,60,247.377276
56.659533,60,247.450018
57.843984,60,247.523933
57.532986,60,247.599878
57.076803,60,247.669386
35.04327,60,247.742399
56.79907,60,247.813319
56.628623,60,247.883219
41.898197,60,247.956298
45.18068,60,248.027219
57.692983,60,248.109189
44.175339,60,248.177069
39.570829,60,248.269051
58.893051,60,248.345366
58.153037,60,248.42271
56.860883,60,248.487108
57.011178,60,248.552063
57.28812,60,249.453453
57.35,60,249.517436
44.631831,60,249.586416
57.344406,60,249.653321
58.613868,60,249.727299
58.719466,60,249.800739
58.485519,60,249.873271
57.238933,60,249.947267
56.73426,60,250.013654
54.194611,60,250.089566
57.807766,60,250.157974
22.03266,60,250.228365
39.669522,60,250.298236
56.077022,60,250.367125
56.15056,60,250.442543
56.711889,60,250.511787
57.510109,60,250.582309
58.305719,60,251.445055
53.539602,60,251.524027
37.811987,60,251.607188
56.639244,60,251.678721
56.34904,60,251.750868
58.604759,60,251.82587
57.781617,60,251.897384
41.635035,60,251.966381
54.877591,60,252.033979
52.758448,60,252.099324
57.995815,60,252.168957
56.667363,60,252.246452
57.122015,60,252.324482
56.529983,60,252.395384
58.282012,60,252.461733
56.922938,60,252.534636
57.99254,60,252.599674
43.528972,60,253.485468
58.07179,60,253.562001
42.008868,60,253.634104
56.321139,60,253.716091
57.421464,60,253.773963
58.191342,60,253.841629
57.412835,60,253.912601
47.552636,60,253.98048
57.250108,60,254.057045
56.652872,60,254.126471
58.430369,60,254.182356
44.670717,60,254.251879
56.664052,60,254.334474
57.401144,60,254.426693
20.02295,60,254.496094
55.554411,60,254.57696
57.700995,60,254.657108
56.509147,60,255.631353
57.389482,60,255.710428
50.184833,60,255.786859
57.717854,60,255.87691
56.91067,60,255.955991
57.037578,60,256.038421
58.078283,60,256.124772
56.771896,60,256.208627
55.150368,60,256.300173
56.136711,60,256.381373
57.324026,60,256.472395
58.207185,60,256.550943
57.708719,60,256.639491
50.379021,60,256.72592
58.384809,60,256.804357
56.59143,60,256.888838
58.457488,60,256.971309
57.044099,60,257.932834
53.541963,60,258.019701
57.643017,60,258.097009
54.899294,60,258.183938
56.190062,60,258.265313
57.609175,60,258.3472
56.050132,60,258.42703
57.088782,60,258.522522
53.159579,60,258.599465
54.490543,60,258.703879
55.738178,60,258.789901
57.499968,60,258.86689
57.986996,60,258.950865
56.458173,60,259.03491
58.468177,60,259.112944
56.626354,60,259.185294
57.258025,60,259.274733
57.628684,60,260.239412
57.392349,60,260.330031
58.049768,60,260.411515
57.857655,60,260.492523
58.471457,60,260.586028
58.401016,60,260.668047
57.291625,60,260.75402
57.893614,60,260.854209
56.8,60,260.944706
55.96463,60,261.02787
56.541141,60,261.120995
41.288681,60,261.207934
56.039232,60,261.301
57.907103,60,261.386998
34.578337,60,261.473162
51.354929,60,261.557778
57.992554,60,261.650067
58.082254,60,262.615017
56.277012,60,262.703788
57.072936,60,262.784785
57.059822,60,262.863308
57.521473,60,262.948897
49.719524,60,263.029235
46.010454,60,263.111601
57.227141,60,263.202963
57.034225,60,263.283348
57.572557,60,263.369671
59.073001,60,263.459145
57.296114,60,263.538701
57.874895,60,263.626716
57.613519,60,263.710268
57.140568,60,263.785776
58.012615,60,263.874764
57.420974,60,263.953201
55.929315,60,264.927705
56.209099,60,265.006681
56.871213,60,265.086146
50.854337,60,265.165608
56.975174,60,265.254287
57.381149,60,265.335742
55.911037,60,265.410749
55.713369,60,265.489774
28.9347,55,265.564256
52.03697,60,265.64475
57.006637,60,265.721749
57.178786,60,265.800707
56.95978,60,265.876086
57.186903,60,265.962636
57.872429,60,266.0456
54.491099,60,266.125005
57.40619,60,266.21191
55.719608,60,266.293275
57.040761,60,267.22556
57.657993,60,267.298483
57.681285,60,267.371802
56.485128,60,267.441504
57.523845,60,267.51955
57.170562,60,267.60498
56.753289,60,267.686573
56.977823,60,267.776652
44.265649,60,267.859718
58.139663,60,267.939691
57.398416,60,268.014648
57.687501,60,268.091046
57.231629,60,268.172535
20.777809,60,268.262105
57.330566,60,268.353229
57.930779,60,268.434599
56.447902,60,268.519016
50.511405,60,269.496751
58.049783,60,269.573506
54.518365,60,269.661455
57.347179,60,269.738433
41.266762,60,269.811403
59.45,60,269.889446
57.567102,60,269.965865
57.09093,60,270.038885
57.359903,60,270.114447
56.465411,60,270.195859
58.390496,60,270.276709
57.629037,60,270.354082
52.973115,60,270.437937
57.812272,60,270.520393
56.490577,60,270.596881
57.472563,60,270.678946
46.811387,60,270.757816
57.366738,60,271.822686
34.97166,60,271.899657
57.787551,60,271.980682
57.209306,60,272.055595
57.644933,60,272.131533
56.276007,60,272.216436
58.432873,60,272.303432
57.301031,60,272.385426
58.028099,60,272.460306
56.957622,60,272.542874
57.377555,60,272.619411
57.58514,60,272.690939
56.766439,60,272.765883
57.255648,60,272.841747
57.505261,60,272.91221
56.886753,60,272.982652
57.151913,60,273.06111
57.570175,60,274.069654
58.959471,60,274.160598
57.511361,60,274.248705
57.643597,60,274.333819
56.749676,60,274.417722
57.59897,60,274.492106
57.699281,60,274.575028
58.825895,60,274.649922
55.685324,60,274.718784
57.105159,60,274.799265
57.243608,60,274.876137
56.454831,60,274.95272
52.52605,60,275.023674
51.695409,60,275.102204
57.718101,60,275.184338
57.792336,60,275.260407
56.143708,60,275.335742
34.960884,60,276.275877
57.191197,60,276.37489
57.085767,60,276.465843
43.787209,60,276.540762
54.535111,60,276.63638
58.19041,60,276.716211
57.213857,60,276.801136
57.853353,60,276.878033
14.170534,41,276.925427
57.247859,60,277.006729
57.679907,60,277.085641
56.88068,60,277.164586
56.227579,60,277.255229
56.76929,60,277.326742
56.824946,60,277.40272
56.713749,60,277.48331
57.056513,60,277.575316
43.26826,60,278.549234
26.076373,47,278.614066
58.314349,60,278.69244
58.079018,60,278.765907
56.936867,60,278.839245
56.253047,60,278.920417
57.677773,60,278.993298
29.789233,60,279.07782
58.623781,60,279.1568
14.001005,37,279.202549
57.236276,60,279.284063
58.238134,60,279.364192
58.36739,60,279.441593
47.829,60,279.532088
57.869856,60,279.622221
57.46606,60,279.707493
58.30995,60,279.790604
58.450826,60,279.870925
57.796037,60,280.843807
30.599797,60,280.929288
57.313807,60,281.012683
47.952574,60,281.113639
57.657824,60,281.19346
56.981501,60,281.272936
56.420875,60,281.351442
56.340208,60,281.4288
57.514054,60,281.514742
55.692564,60,281.602198
54.297453,60,281.683156
48.978137,60,281.760071
56.642896,60,281.83895
56.29288,60,281.917392
57.231475,60,281.994327
57.286095,60,282.071842
57.223605,60,282.151821
57.60385,60,283.125522
39.159092,60,283.200596
57.142556,60,283.280617
56.933882,60,283.361678
56.15602,60,283.447773
58.353204,60,283.526209
55.700821,60,283.611667
56.809166,60,283.69576
50.66965,60,283.772269
57.210415,60,283.843631
56.587327,60,283.916598
57.108994,60,284.002149
51.461823,60,284.072945
58.494773,60,284.153533
57.448362,60,284.242362
56.135537,60,284.328497
57.662785,60,284.418142
57.020706,60,285.464922
56.565508,60,285.557765
57.194328,60,285.658128
17.719527,60,285.758275
57.224625,60,285.84292
56.532909,60,285.926405
57.352454,60,286.015448
56.277233,60,286.104359
48.806258,60,286.191829
57.180164,60,286.284062
58.878642,60,286.364373
58.052404,60,286.446203
58.235736,60,286.532676
58.335314,60,286.628744
56.896511,60,286.712713
54.747743,60,286.801807
55.682242,60,286.8912
58.082237,60,287.998337
57.762477,60,288.083107
57.508868,60,288.178176
56.889393,60,288.264736
57.311463,60,288.346243
57.2534,60,288.426302
55.286384,60,288.497251
55.677111,60,288.567083
35.154463,60,288.64244
51.131437,60,288.716862
58.45,60,288.787328
56.781461,60,288.861773
32.761643,60,288.940875
57.581251,60,289.015213
57.142546,60,289.094732
57.874445,60,289.167597
57.636844,60,289.244571
57.020969,60,290.22023
57.230737,60,290.296124
54.182498,60,290.380686
43.491264,60,290.464725
56.547725,60,290.554934
58.02094,60,290.643968
56.947613,60,290.729592
51.53908,60,290.818523
58.241436,60,290.897393
30.027626,60,290.97973
56.377118,60,291.063738
57.252673,60,291.149718
57.792627,60,291.230712
57.922634,60,291.3198
53.478406,60,291.393798
53.365472,60,291.486407
57.024642,60,291.576362
58.286949,60,292.631554
53.966116,60,292.717661
57.146422,60,292.801655
58.667771,60,292.893782
43.171694,60,292.972427
24.747253,60,293.070011
57.427807,60,293.157714
56.531566,60,293.257333
55.475428,60,293.34391
57.82853,60,293.428427
58.063523,60,293.52205
58.894018,60,293.606106
57.756346,60,293.689646
56.667043,60,293.765135
57.041388,60,293.834993
57.14725,60,293.910897
57.490965,60,293.988322
56.44017,60,294.934316
56.427383,60,295.023671
57.214428,60,295.100472
46.885211,60,295.177469
57.987725,60,295.268455
54.676596,60,295.343776
57.848591,60,295.42175
57.736745,60,295.512313
56.623976,60,295.593368
58.23921,60,295.670178
57.490539,60,295.745692
57.259364,60,295.827261
57.659157,60,295.905396
56.719671,60,295.98392
55.617865,60,296.083498
58.602593,60,296.167019
48.101035,60,296.250534
58.200281,60,297.20907
57.310597,60,297.291206
57.643135,60,297.373848
57.408528,60,297.443845
56.883794,60,297.520748
56.314375,60,297.610918
58.113558,60,297.68877
21.937277,45,297.740991
57.57533,60,297.810383
56.614865,60,297.888228
57.247461,60,297.962635
57.633462,60,298.041532
34.736397,60,298.117167
58.171304,60,298.195645
57.271335,60,298.280396
56.481002,60,298.356088
58.581152,60,298.445006
56.989794,60,298.528638
49.004714,60,299.445188
58.579807,60,299.521049
40.562979,60,299.594917
55.984646,60,299.669922
56.607095,60,299.742413
57.556377,60,299.814276
57.020781,60,299.889582
57.604649,60,299.965978
48.889173,60,300.041922
57.688412,60,300.128382
55.686536,60,300.220286
56.642143,60,300.294548
55.609188,60,300.377391
56.101354,60,300.452852
55.829882,60,300.526124
53.279854,60,300.60465
56.2733,60,300.681451
54.485375,60,301.575286
55.969172,60,301.645803
56.229281,60,301.716335
50.840852,60,301.785723
56.001511,60,301.853314
55.422646,60,301.922089
56.358051,60,301.987717
56.779149,60,302.051379
57.35133,60,302.114498
37.949046,60,302.184263
57.2,60,302.254764
57.144794,60,302.328244
55.77225,60,302.40616
55.658353,60,302.478883
57.005852,60,302.546278
57.547712,60,302.626287
14.487225,52,302.690579
56.503144,60,303.591416
52.754446,60,303.667243
57.042879,60,303.736974
57.419431,60,303.816666
48.923535,60,303.889056
57.392253,60,303.95982
56.603341,60,304.027017
57.399383,60,304.103093
32.973641,60,304.176259
56.799046,60,304.255282
55.338153,60,304.334856
58.856427,60,304.408274
57.236022,60,304.487663
53.095169,60,304.564596
56.480697,60,304.644562
55.809976,60,304.727197
57.879117,60,304.803683
56.937023,60,305.755895
57.700053,60,305.835452
57.228003,60,305.925009
57.198575,60,306.004424
57.517398,60,306.082455
56.839706,60,306.162933
57.6,60,306.239363
57.963896,60,306.316264
57.649529,60,306.389422
47.420691,60,306.453916
57.223731,60,306.51921
57.03082,60,306.592752
55.712193,60,306.669818
56.787566,60,306.736183
56.87015,60,306.803595
57.752044,60,306.878083
57.761837,60,306.94463
57.594139,60,307.825883
56.797743,60,307.903389
40.43272,60,307.979261
56.748644,60,308.063757
57.958487,60,308.1458
51.860514,60,308.218258
47.600588,60,308.296158
57.804288,60,308.370677
57.562597,60,308.445716
56.419376,60,308.523473
57.171391,60,308.608266
56.870525,60,308.695563
55.267019,60,308.783049
57.342729,60,308.862012
57.501604,60,308.939576
56.914934,60,309.018074
58.839562,60,309.093578
55.823332,60,310.230684
37.511838,60,310.318137
16.073991,55,310.390576
57.1279,60,310.480586
45.858371,60,310.573572
32.429365,60,310.661453
56.200896,60,310.745816
50.609021,60,310.834874
57.370979,60,310.916821
54.015604,60,310.998429
40.930074,60,311.089181
58.534555,60,311.170745
56.93185,60,311.261379
57.442593,60,311.351831
47.261138,60,311.440753
56.474321,60,311.524861
57.3312,60,311.619892
57.938057,60,312.550846
48.504132,60,312.641037
58.063358,60,312.727079
57.660818,60,312.807083
56.922678,60,312.889734
57.150638,60,312.974167
57.15,60,313.053936
36.229311,60,313.140974
58.10359,60,313.229058
51.154126,60,313.311729
57.316042,60,313.398494
57.606121,60,313.483943
57.129772,60,313.565863
56.883686,60,313.661008
54.822438,60,313.749533
54.926167,60,313.823099
56.458076,60,313.908225
56.110715,60,314.837286
54.75905,60,314.909259
42.899206,60,314.993701
57.624962,60,315.064831
57.488873,60,315.134761
58.029451,60,315.201179
57.075665,60,315.275032
56.99955,60,315.349587
57.196403,60,315.416003
48.545899,60,315.487975
57.582366,60,315.560966
57.327213,60,315.630711
58.040459,60,315.712005
57.151286,60,315.785215
57.15641,60,315.850924
57.692367,60,315.926726
56.911493,60,315.992218
56.981936,60,316.81283
57.387086,60,316.876603
23.722052,50,316.962423
57.530135,60,317.047916
56.731597,60,317.104679
56.787553,60,317.163565
57.177061,60,317.233898
58.006063,60,317.2983
57.456545,60,317.361137
57.684534,60,317.423484
52.625271,60,317.482205
57.421656,60,317.544621
56.644092,60,317.607016
57.498988,60,317.680001
57.333528,60,317.757463
11.949462,33,317.794653
57.273944,60,317.866592
55.948166,60,317.937084
38.503013,60,318.79064
56.809159,60,318.868504
57.487217,60,318.935322
57.353608,60,319.005756
18.271122,60,319.081764
56.909818,60,319.151651
23.008766,60,319.22112
54.671061,60,319.291607
56.4539,60,319.354055
57.937919,60,319.416579
56.968501,60,319.479517
57.94129,60,319.545764
57.375425,60,319.61813
47.215049,60,319.692117
58.323127,60,319.76065
56.84955,60,319.8403
42.494272,60,319.90525
58.249744,60,320.732914
57.086739,60,320.806366
56.655462,60,320.873869
56.819719,60,320.949752
57.871549,60,321.01751
57.075624,60,321.080316
55.324212,60,321.161323
57.299567,60,321.229253
56.748151,60,321.304713
57.634447,60,321.373093
57.215101,60,321.447611
56.351103,60,321.525165
58.517832,60,321.595822
57.615363,60,321.672914
57.181066,60,321.735722
57.728281,60,321.798623
56.165379,60,321.864456
46.373592,60,322.726729
56.684408,60,322.803658
57.186978,60,322.873004
55.936956,60,322.944987
52.275747,60,323.024836
57.292559,60,323.097614
57.012724,60,323.179416
57.481609,60,323.26196
57.394347,60,323.343036
57.277949,60,323.427636
56.908202,60,323.502102
56.445308,60,323.574523
56.644429,60,323.652672
57.747169,60,323.742034
58.352399,60,323.818062
53.202255,60,323.893015
58.175663,60,323.976483
42.158313,60,324.837607
57.547874,60,324.904068
58.23373,60,324.977071
58.10876,60,325.058079
35.906356,60,325.134022
54.913257,60,325.207478
56.791518,60,325.294
47.223304,60,325.364172
57.163156,60,325.431588
52.405091,60,325.509927
58.031088,60,325.584788
57.713508,60,325.665609
11.363559,56,325.740993
35.779914,60,325.812356
57.496989,60,325.883099
57.349643,60,325.96141
56.952226,60,326.046693
58.107524,60,327.035394
57.984772,60,327.1131
57.208411,60,327.189118
57.377859,60,327.279568
56.757904,60,327.363633
57.767759,60,327.44463
58.305732,60,327.521702
57.953595,60,327.597631
56.574514,60,327.677776
57.505369,60,327.752748
56.9802,60,327.834179
57.152995,60,327.909103
57.204531,60,327.982491
57.145026,60,328.065462
53.743247,60,328.138873
58.645508,60,328.215662
56.788264,60,328.296527
57.084463,60,329.275771
38.039269,60,329.355083
46.045234,60,329.423905
57.992549,60,329.498638
57.88378,60,329.576684
56.826502,60,329.659242
57.420698,60,329.738761
31.494263,60,329.824308
57.203338,60,329.902037
56.244721,60,329.976832
57.66557,60,330.054247
51.998161,60,330.135356
57.705032,60,330.209383
57.077637,60,330.287765
58.734351,60,330.371799
51.972863,60,330.450739
58.217059,60,330.530208
57.944712,60,330.623206
33.772206,60,331.649096
56.6014,60,331.742771
53.1954,60,331.825746
55.901104,60,331.904763
56.283082,60,331.991412
56.660808,60,332.066826
58.119971,60,332.138737
57.230939,60,332.220798
57.751219,60,332.297783
47.023423,60,332.377757
57.886379,60,332.462271
57.1,60,332.538513
57.290121,60,332.618442
56.753816,60,332.690795
55.770427,60,332.774064
57.180691,60,332.86003
57.535476,60,332.954062
57.416615,60,334.143572
56.494938,60,334.229147
56.08612,60,334.329406
54.543389,60,334.421997
57.926103,60,334.521065
56.694435,60,334.612092
58.085511,60,334.703983
56.423803,60,334.790885
57.1495,60,334.872768
58.748069,60,334.952447
58.223176,60,335.032793
57.497037,60,335.11677
57.694183,60,335.207366
58.131272,60,335.30301
41.421283,60,335.388516
55.434471,60,335.486605
54.421554,60,335.567637
56.84567,60,336.566446
56.623183,60,336.656274
56.722319,60,336.745424
56.748162,60,336.850425
55.585203,60,336.937987
56.262613,60,337.012545
58.124824,60,337.107543
33.825935,60,337.197128
56.858998,60,337.276639
26.345258,60,337.368787
44.472512,60,337.465281
57.041187,60,337.565284
55.760076,60,337.659782
57.904366,60,337.750762
58.474393,60,337.828509
56.743211,60,337.916416
57.128507,60,337.992948
54.34377,60,339.029738
58.15,60,339.114443
56.933398,60,339.221156
55.543164,60,339.324343
54.655874,60,339.402191
56.076845,60,339.472738
58.046945,60,339.568481
57.089131,60,339.652978
57.809114,60,339.729123
57.6423,60,339.820001
58.657501,60,339.900253
57.531111,60,339.978098
9.919455,60,340.061023
57.539829,60,340.139066
56.54573,60,340.217115
57.354543,60,340.300198
55.209949,60,340.377793
56.797147,60,341.505124
58.598004,60,341.595551
57.567368,60,341.676904
56.757222,60,341.754661
58.736388,60,341.830597
57.055745,60,341.905562
57.654772,60,341.976507
57.583053,60,342.05495
56.111898,60,342.131945
58.045611,60,342.233717
57.769469,60,342.331483
52.425168,60,342.410451
58.17502,60,342.501768
57.746732,60,342.583167
56.824267,60,342.662536
57.643164,60,342.741872
22.671212,60,342.816203
57.097829,60,343.822696
57.739784,60,343.901483
41.715481,60,343.974534
57.582362,60,344.057156
57.222242,60,344.139041
47.65705,60,344.217522
56.85472,60,344.31309
57.89886,60,344.392601
57.372932,60,344.469631
50.082229,60,344.554021
57.103375,60,344.640949
41.342312,60,344.716909
58.772437,60,344.794891
57.6,60,344.889046
57.904628,60,344.972582
56.785497,60,345.052144
58.03924,60,345.139696
57.01255,60,346.144458
57.088562,60,346.226532
57.61639,60,346.304024
53.78404,60,346.379503
56.931627,60,346.452835
57.064585,60,346.527966
57.733817,60,346.596847
57.197759,60,346.673295
55.972745,60,346.752788
57.778357,60,346.832781
55.140668,60,346.921972
58.00259,60,346.995412
23.173915,60,347.073404
52.29628,60,347.15442
57.140043,60,347.232902
56.385389,60,347.317991
57.331779,60,347.399927
56.064881,60,348.377871
57.3955,60,348.459814
57.48677,60,348.545358
51.809043,60,348.62394
56.933445,60,348.70536
58.138951,60,348.787386
57.077264,60,348.86948
45.596321,60,348.94642
53.97575,60,349.021708
57.481498,60,349.088971
56.288645,60,349.15905
56.855421,60,349.23239
57.976711,60,349.311396
49.034323,60,349.410561
27.61863,60,349.492167
57.91721,60,349.578686
57.446437,60,349.658609
56.432811,60,350.628512
57.184795,60,350.701881
57.348235,60,350.78334
56.919145,60,350.874837
53.569459,60,350.958701
55.946538,60,351.046572
57.232638,60,351.134862
57.611099,60,351.228276
56.726808,60,351.311627
57.54717,60,351.390146
56.93827,60,351.462691
51.490796,60,351.539165
52.061354,60,351.617722
57.699194,60,351.685211
56.850316,60,351.753522
55.626534,60,351.818962
57.394218,60,351.901406
52.576868,60,352.873162
40.791716,60,352.949976
56.976142,60,353.025945
50.665632,60,353.104999
56.575517,60,353.179985
49.577057,60,353.250398
56.834289,60,353.339597
56.923765,60,353.415874
56.712898,60,353.501194
42.185323,60,353.588652
57.21294,60,353.678657
57.534602,60,353.759672
57.807605,60,353.843699
54.546531,60,353.93875
53.106054,60,354.031301
14.425814,35,354.077161
55.359452,60,354.159646
56.794371,60,354.231648
58.323636,60,355.180869
57.237571,60,355.266986
55.202245,60,355.342046
57.804065,60,355.430206
43.436229,60,355.517783
57.474678,60,355.5982
56.363901,60,355.688179
57.337041,60,355.768678
51.777487,60,355.844059
57.059055,60,355.943651
51.051662,60,356.02887
17.902958,39,356.073617
56.499569,60,356.156203
58.237863,60,356.231543
56.421762,60,356.319656
43.834858,60,356.401215
40.030916,60,356.478287
53.804859,60,357.413481
57.287147,60,357.483967
57.786009,60,357.565033
53.483382,60,357.657593
57.658854,60,357.741992
45.03555,60,357.838929
57.496136,60,357.926264
58.469383,60,358.003591
56.687431,60,358.090172
57.398471,60,358.17151
57.842583,60,358.253626
57.179211,60,358.33576
57.45329,60,358.416281
57.185006,60,358.506261
58.058083,60,358.598173
58.02282,60,358.6771
14.846944,60,358.765103
57.080535,60,359.776114
57.693611,60,359.861609
58.042465,60,359.944647
57.144386,60,360.025111
55.803019,60,360.108151
57.373992,60,360.181148
51.271379,60,360.254839
57.59681,60,360.327689
49.43776,60,360.41067
57.134364,60,360.495708
58.04929,60,360.568096
56.923715,60,360.658253
56.637977,60,360.73068
56.879239,60,360.816299
57.913582,60,360.907136
52.157331,60,360.991162
57.385922,60,361.074286
57.606566,60,361.987323
58.650265,60,362.058616
21.83122,43,362.108932
24.565307,60,362.180428
55.496709,60,362.256936
57.270466,60,362.329806
42.007041,60,362.412344
56.665359,60,362.485092
44.269218,60,362.559614
57.27607,60,362.654776
56.787238,60,362.730182
57.267442,60,362.807064
56.600667,60,362.883094
57.454877,60,362.974679
57.294559,60,363.054298
57.529251,60,363.129221
56.429134,60,363.192606
57.886006,60,363.909071
57.297679,60,363.961292
29.119586,60,364.017351
55.108325,60,364.076223
36.101137,60,364.133121
52.127687,60,364.19756
56.488199,60,364.263524
55.852154,60,364.327658
57.340298,60,364.392117
57.489017,60,364.456043
49.58173,60,364.517579
58.171569,60,364.587501
54.579684,60,364.657998
57.558505,60,364.719836
58.389051,60,364.788349
56.383961,60,364.856211
55.677332,60,364.922252
55.860308,60,364.987203
57.73922,60,365.805769
55.624155,60,365.864587
44.182427,60,365.932483
53.710573,60,366.0039
57.479989,60,366.073734
57.545929,60,366.150854
50.802713,60,366.227233
56.366267,60,366.296546
57.901673,60,366.365896
57.013858,60,366.448393
54.484334,60,366.522794
49.791863,60,366.592623
57.013634,60,366.663351
57.137479,60,366.728086
54.40454,60,366.797309
54.547168,60,366.853589
57.553919,60,366.909502
55.40233,60,367.76782
55.687136,60,367.833656
57.56012,60,367.904134
55.62359,60,367.974589
45.993285,60,368.040544
57.715563,60,368.111974
56.287046,60,368.184929
57.710104,60,368.251282
57.479037,60,368.327267
56.503229,60,368.406981
57.472126,60,368.48043
56.601987,60,368.554928
57.159026,60,368.628577
55.883992,60,368.707464
57.808501,60,368.776695
53.521116,60,368.845748
55.114148,60,368.927261
54.941416,60,369.759638
57.251063,60,369.829057
27.015636,60,369.899049
55.683472,60,369.973556
56.909999,60,370.047041
57.158264,60,370.119947
50.256629,60,370.194262
54.00646,60,370.263216
38.636238,60,370.333873
55.978574,60,370.407887
56.852049,60,370.48484
57.143721,60,370.562867
57.423764,60,370.641563
57.126978,60,370.720385
57.09303,60,370.800941
58.242891,60,370.881524
53.285251,60,370.95645
58.245156,60,371.732006
57.007105,60,371.813518
53.93872,60,371.885066
57.332833,60,371.947956
56.687878,60,372.006928
58.42842,60,372.08769
57.212377,60,372.164619
56.786467,60,372.237543
57.354513,60,372.313965
57.097355,60,372.38239
48.412458,60,372.455938
58.677638,60,372.529394
56.502869,60,372.603168
55.456552,60,372.681977
56.360156,60,372.759786
56.962731,60,372.843419
57.323093,60,372.928383
58.110054,60,373.840289
57.399484,60,373.920209
57.194107,60,373.992711
53.038395,60,374.065671
57.646505,60,374.134785
57.134345,60,374.201708
52.213386,60,374.28119
50.0058,60,374.36013
57.84016,60,374.435854
56.609037,60,374.510317
52.951494,60,374.589952
56.606433,60,374.671513
57.75,60,374.747542
57.512469,60,374.822348
50.516174,60,374.896066
52.548314,60,374.974696
35.111496,60,375.045444
58.028331,60,375.919064
56.920019,60,375.991567
40.874801,60,376.063413
55.657179,60,376.134856
57.330516,60,376.203973
47.108795,60,376.277365
56.848077,60,376.353181
56.512427,60,376.426703
26.987933,53,376.489071
56.948325,60,376.554439
46.589866,60,376.623399
57.220742,60,376.689349
56.015845,60,376.756348
57.20193,60,376.831813
57.105493,60,376.906293
57.885901,60,376.979064
57.250527,60,377.053985
53.264515,60,377.90305
57.625225,60,377.972859
51.482553,60,378.050303
56.981702,60,378.121748
54.382953,60,378.197283
56.988798,60,378.279199
57.161496,60,378.352188
47.571404,60,378.428178
57.797054,60,378.504118
56.103849,60,378.580998
57.256808,60,378.653733
57.40702,60,378.723728
56.309863,60,378.798166
56.868136,60,378.874683
57.488038,60,378.94926
57.29423,60,379.022296
57.559285,60,379.090244
56.100113,60,379.946981
55.881087,60,380.022506
51.071088,60,380.101731
55.805566,60,380.177254
57.838527,60,380.251792
57.453416,60,380.329254
56.592802,60,380.403221
57.161091,60,380.477639
57.650555,60,380.55811
57.798132,60,380.629466
56.881635,60,380.707058
51.401916,60,380.782629
57.914913,60,380.85764
58.02798,60,380.93316
57.620755,60,381.008583
51.715751,60,381.089622
56.88709,60,381.159498
57.439224,60,382.052799
55.865483,60,382.12968
57.388312,60,382.201692
57.383574,60,382.276172
57.192632,60,382.350516
55.431721,60,382.427815
57.668755,60,382.499739
57.758399,60,382.583492
57.212386,60,382.662276
56.662286,60,382.734247
58.260353,60,382.813222
57.332837,60,382.889236
56.735596,60,382.968319
56.889406,60,383.051775
58.109242,60,383.129699
56.275769,60,383.202181
58.875143,60,383.288577
53.428545,60,384.195282
56.975912,60,384.2677
52.302942,60,384.337201
56.665697,60,384.415332
58.110824,60,384.487702
36.586674,60,384.565238
58.304965,60,384.645273
57.292424,60,384.721205
57.95,60,384.790959
29.873698,60,384.861435
57.041937,60,384.94235
56.666852,60,385.01924
55.618363,60,385.089017
55.804787,60,385.169744
57.775839,60,385.239556
56.702997,60,385.311845
56.259989,60,385.388151
48.485697,60,386.212044
51.493557,60,386.283428
46.085387,60,386.355304
47.842476,60,386.427168
57.016909,60,386.503499
57.523472,60,386.568934
56.231295,60,386.631783
58.559486,60,386.694156
57.141834,60,386.756435
58.132093,60,386.820216
58.072765,60,386.894584
57.308525,60,386.967767
57.519927,60,387.042729
58.244009,60,387.115193
39.95498,60,387.185169
56.737047,60,387.249603
48.212059,60,387.314606
56.787044,60,388.208607
57.154797,60,388.282581
54.775114,60,388.354494
38.860999,60,388.433439
56.427782,60,388.512263
56.058341,60,388.593744
57.463895,60,388.667194
28.663329,60,388.740152
57.561742,60,388.815604
57.201057,60,388.889059
58.358854,60,388.961478
57.719892,60,389.036874
57.459591,60,389.106653
57.276579,60,389.173592
57.636495,60,389.245368
51.654896,60,389.328425
46.065708,60,389.408895
57.862586,60,390.302993
57.098276,60,390.376469
54.085154,60,390.44989
50.096959,60,390.530126
57.963082,60,390.604553
54.974205,60,390.681516
58.561382,60,390.763171
57.923614,60,390.838576
57.128362,60,390.916019
54.279049,60,390.994311
56.732796,60,391.06517
58.260691,60,391.133517
57.778307,60,391.199386
58.319127,60,391.288971
57.566288,60,391.364425
55.741047,60,391.438945
57.302224,60,391.514467
53.128681,60,391.58832
57.534343,60,392.529273
57.766751,60,392.607132
56.402768,60,392.6835
58.095777,60,392.751252
31.436546,57,392.824234
17.895181,59,392.894065
57.242292,60,392.965482
53.780933,60,393.050548
56.783856,60,393.120481
55.132769,60,393.192403
57.802028,60,393.284016
42.580595,60,393.365485
54.242025,60,393.444025
57.072195,60,393.526884
56.42321,60,393.615809
56.537652,60,393.710212
56.143032,60,393.790954
58.184864,60,394.885135
56.988842,60,394.95577
57.867631,60,395.032339
56.43451,60,395.106902
56.629942,60,395.182784
56.995618,60,395.26996
57.265656,60,395.345387
57.559757,60,395.43349
57.617371,60,395.516399
57.655448,60,395.586983
57.129635,60,395.660257
57.356745,60,395.750711
57.591494,60,395.839624
56.627957,60,395.925045
57.251527,60,396.011106
50.611934,60,396.101475
57.919108,60,396.175738
57.646321,60,397.362403
56.52083,60,397.470918
57.291736,60,397.557882
55.518465,60,397.64063
53.219287,60,397.718551
57.846229,60,397.794036
46.488654,60,397.870975
57.021838,60,397.950377
46.044348,60,398.026872
57.790126,60,398.110296
57.608449,60,398.18989
56.038573,60,398.283331
52.744992,60,398.393411
57.637289,60,398.486518
49.942589,60,398.576673
58.276368,60,398.675359
57.252148,60,398.745286
49.898672,60,399.698048
57.313119,60,399.782083
56.910841,60,399.855298
56.796062,60,399.939254
57.943489,60,400.029148
57.014901,60,400.101981
56.705146,60,400.170754
58.545428,60,400.270222
57.698498,60,400.35866
57.065528,60,400.432625
57.911482,60,400.50968
56.927149,60,400.601246
57.917574,60,400.701023
57.371276,60,400.805294
51.753663,60,400.88242
54.815002,60,400.953252
58.05,60,401.027673
51.787741,60,401.953862
55.171899,60,402.037425
48.788289,60,402.113906
56.419504,60,402.181965
57.027525,60,402.253255
54.15098,60,402.343416
57.827442,60,402.432965
12.499066,40,402.494957
58.242458,60,402.569935
27.414296,60,402.640858
46.365741,60,402.710775
56.02067,60,402.785186
57.884141,60,402.861738
56.85,60,402.935269
57.561303,60,403.003495
57.453241,60,403.084053
56.926257,60,403.166079
55.651201,60,404.190789
57.111666,60,404.258705
58.280649,60,404.329516
57.392023,60,404.403985
55.037242,60,404.482484
56.856357,60,404.556016
57.405557,60,404.630734
55.430541,60,404.703606
57.269198,60,404.770499
58.008312,60,404.840338
57.523865,60,404.916854
57.106132,60,404.993301
57.060479,60,405.089447
57.845623,60,405.171283
57.172764,60,405.248778
56.281848,60,405.323305
57.38162,60,405.406388
57.606644,60,406.302763
57.545433,60,406.375174
57.944338,60,406.442108
39.003909,60,406.525112
57.437358,60,406.599292
57.190181,60,406.669288
57.786155,60,406.750312
57.358184,60,406.823837
56.549995,60,406.900289
57.375067,60,406.990799
57.020223,60,407.085121
57.491313,60,407.173866
58.003868,60,407.261693
56.975384,60,407.343626
58.207722,60,407.43078
57.508186,60,407.511819
57.148659,60,407.590919
58.210336,60,408.485888
46.38016,60,408.566825
54.917669,60,408.6454
55.10327,60,408.730446
57.851031,60,408.811002
56.917229,60,408.887697
57.186861,60,408.978212
58.048278,60,409.074829
55.824023,60,409.158805
55.093256,60,409.229759
57.658928,60,409.300041
55.80346,60,409.374858
57.767869,60,409.453435
53.792099,60,409.524881
56.468883,60,409.594742
57.594536,60,409.668307
57.308186,60,409.734737
56.913232,60,410.648961
24.47254,60,410.736523
53.250254,60,410.812035
57.616964,60,410.877892
56.602204,60,410.947263
57.647858,60,411.019561
56.956039,60,411.097066
57.206998,60,411.166813
57.429593,60,411.241743
56.740684,60,411.319024
57.364542,60,411.392461
56.952777,60,411.466981
57.520288,60,411.538476
56.843607,60,411.617425
56.973111,60,411.719473
57.167445,60,411.793777
57.542649,60,411.866228
51.471158,60,411.935141
58.109266,60,412.907986
58.573669,60,412.972795
53.326547,60,413.047137
55.949594,60,413.130263
56.418768,60,413.212311
55.982753,60,413.305814
57.48536,60,413.386802
58.641651,60,413.467806
50.915376,60,413.549185
57.872837,60,413.628043
56.859581,60,413.702538
55.518121,60,413.777991
57.324021,60,413.865095
58.173699,60,413.972821
37.700651,60,414.052347
58.262168,60,414.125738
57.753081,60,414.217532
54.126493,60,415.158808
25.889015,50,415.218682
57.652458,60,415.301193
57.885961,60,415.386027
16.370535,44,415.441792
57.324485,60,415.534736
57.858131,60,415.628487
22.119426,60,415.697815
57.180544,60,415.770693
57.039085,60,415.842823
57.008808,60,415.921422
56.629086,60,415.997901
23.358698,60,416.073594
56.969418,60,416.155966
53.093878,60,416.230218
57.386608,60,416.29997
57.530185,60,416.380019
55.8629,60,417.328537
56.54145,60,417.403167
44.315224,60,417.477099
57.026584,60,417.554021
57.90353,60,417.634917
56.372121,60,417.705173
57.580324,60,417.779671
55.758958,60,417.848987
54.29728,60,417.918839
56.818311,60,417.991232
56.75505,60,418.063265
57.482418,60,418.14586
57.423413,60,418.231496
29.642735,60,418.306982
58.139587,60,418.376419
44.820157,60,418.463889
57.350785,60,418.546265
55.150113,60,419.46641
57.578541,60,419.547503
58.05,60,419.627096
57.5,60,419.703449
52.618711,60,419.793926
51.20963,60,419.87025
57.720559,60,419.942005
47.979575,60,420.010356
56.85295,60,420.100433
57.91968,60,420.177557
57.409589,60,420.250441
57.85292,60,420.327358
56.958786,60,420.424324
56.969198,60,420.516446
54.823284,60,420.599444
57.328345,60,420.682443
57.156326,60,420.763055
54.185489,60,421.747471
56.874762,60,421.828503
55.824633,60,421.904517
49.90449,60,421.979932
56.360149,60,422.067806
58.105696,60,422.148216
53.929366,60,422.230759
57.935664,60,422.306468
58.451012,60,422.391646
56.341773,60,422.469548
56.769073,60,422.541613
57.520806,60,422.61049
56.354397,60,422.69357
57.802508,60,422.766116
57.3301,60,422.838063
44.130356,60,422.915607
57.826943,60,422.992073
57.402773,60,424.078813
57.924614,60,424.155216
57.666434,60,424.238253
44.722718,60,424.340899
57.416398,60,424.427423
57.99877,60,424.51886
56.602128,60,424.617832
52.423707,60,424.713412
57.146542,60,424.808121
38.679184,60,424.889553
57.041253,60,424.976967
51.173673,60,425.070585
44.080431,60,425.148425
58.505701,60,425.233682
57.766074,60,425.30965
35.020557,60,425.393751
57.297314,60,425.482373
57.062511,60,426.426428
57.865883,60,426.501946
58.120094,60,426.579417
57.47434,60,426.658419
56.226935,60,426.73544
56.501033,60,426.811404
56.072344,60,426.889098
57.814936,60,426.959466
58.812445,60,427.037417
57.218759,60,427.114322
57.492904,60,427.195576
56.857095,60,427.27761
54.884898,60,427.353449
57.001727,60,427.425857
57.816779,60,427.50689
55.933363,60,427.580544
56.693837,60,427.652452
57.195506,60,428.589664
58.258653,60,428.662581
57.8582,60,428.73852
55.956108,60,428.818108
53.938781,60,428.900655
44.493862,60,428.977199
57.463026,60,429.057017
58.283218,60,429.133339
57.994651,60,429.206653
56.399575,60,429.28748
24.515042,60,429.36539
57.395446,60,429.43885
56.965724,60,429.522772
56.855949,60,429.593076
57.330923,60,429.664991
58.013733,60,429.735471
57.101506,60,429.811367
57.782605,60,429.882368
56.886336,60,430.81806
57.3077,60,430.888472
55.85372,60,430.969132
51.955607,60,431.041066
57.5,60,431.120007
57.255388,60,431.189348
58.355562,60,431.259707
58.414997,60,431.332623
56.867005,60,431.39907
56.633912,60,431.469083
56.966951,60,431.531971
57.185695,60,431.596302
57.427149,60,431.665708
57.711835,60,431.726148
56.529501,60,431.794538
56.728566,60,431.864014
58.088098,60,431.933301
56.818445,60,432.742622
57.100874,60,432.809855
28.528953,60,432.875801
57.469714,60,432.949111
56.780443,60,433.012546
48.829936,60,433.077229
57.685833,60,433.146139
56.624981,60,433.210563
58.113379,60,433.283976
57.145595,60,433.361505
51.90107,60,433.435424
58.520253,60,433.517439
53.737858,60,433.595415
57.7,60,433.677648
55.65522,60,433.759115
58.647941,60,433.835418
57.750183,60,433.909136
57.266103,60,434.766266
57.224884,60,434.84304
50.526366,60,434.925795
57.5,60,434.999032
55.746314,60,435.068254
57.246006,60,435.13143
58.601463,60,435.202172
57.308122,60,435.269432
53.039304,60,435.342686
46.263451,60,435.424498
56.591022,60,435.49533
48.431284,60,435.571267
57.390338,60,435.652285
38.227585,60,435.719272
57.788378,60,435.787281
57.111869,60,435.860767
57.14099,60,435.937228
49.070504,60,436.797791
57.065899,60,436.875798
57.228598,60,436.965422
58.293566,60,437.050097
45.840643,60,437.124686
57.068792,60,437.195163
56.86926,60,437.274718
56.429513,60,437.355756
57.409681,60,437.434229
58.442243,60,437.5271
58.342685,60,437.606076
37.190724,60,437.690009
57.523577,60,437.775399
44.929766,60,437.840709
55.966817,60,437.902572
53.108275,60,437.968052
55.954033,60,438.032938
36.586459,60,438.94692
56.550611,60,439.019325
41.784958,60,439.093665
57.073646,60,439.171617
57.081883,60,439.255677
57.097717,60,439.329662
54.275806,60,439.403142
56.702488,60,439.482716
57.477182,60,439.555691
58.375127,60,439.626729
57.549589,60,439.699997
13.538947,36,439.739773
57.572307,60,439.814762
57.580302,60,439.888558
57.152752,60,439.953492
57.15,60,440.032595
57.385489,60,440.106939
54.240976,60,441.09258
58.097017,60,441.170324
57.200087,60,441.245577
56.90943,60,441.333042
56.953064,60,441.410485
53.7213,60,441.494967
58.256199,60,441.580015
57.368891,60,441.653404
57.13265,60,441.720271
56.695466,60,441.787635
57.3,60,441.86192
57.59712,60,441.936428
56.235736,60,442.014953
40.854894,60,442.094496
57.642672,60,442.169993
56.580463,60,442.242861
7.993164,43,442.295065
57.387054,60,442.3673
55.547748,60,443.228623
58.075101,60,443.302505
56.970637,60,443.374045
57.403524,60,443.456511
44.469439,60,443.532393
55.540938,60,443.609462
55.563281,60,443.684942
57.403019,60,443.758963
57.706137,60,443.84896
57.473757,60,443.929539
58.430325,60,444.0206
58.160284,60,444.091963
56.841844,60,444.168907
55.581138,60,444.239902
57.511197,60,444.324963
57.792855,60,444.403409
58.139117,60,444.478908
56.955913,60,445.411808
56.374947,60,445.482477
48.87594,60,445.564572
48.677359,60,445.648641
53.583221,60,445.724558
57.218379,60,445.806363
56.871442,60,445.881137
55.97946,60,445.960815
57.489281,60,446.033213
57.356195,60,446.111178
47.481592,60,446.170989
52.658228,60,446.230352
57.155426,60,446.284142
56.702755,60,446.334496
57.023886,60,446.400399
57.18334,60,446.452141
56.381899,60,446.507017
51.885597,60,447.281715
57.352263,60,447.349535
20.953408,46,447.404765
57.7638,60,447.471509
56.987822,60,447.550898
57.832989,60,447.636751
56.66772,60,447.716975
57.028131,60,447.792012
56.998732,60,447.87056
57.278469,60,447.947436
44.436709,60,448.022835
57.423457,60,448.091682
57.701541,60,448.164597
57.631132,60,448.238475
57.923939,60,448.324103
57.311491,60,448.401466
57.3,60,448.477494
57.270485,60,449.34927
56.967083,60,449.42425
57.58049,60,449.496714
57.30981,60,449.579736
52.213827,60,449.654682
58.083553,60,449.726014
53.134397,60,449.799828
48.234385,60,449.867503
33.294061,60,449.937372
56.910836,60,450.005383
13.370432,49,450.066814
55.755019,60,450.141814
28.514489,60,450.209783
57.582532,60,450.285449
56.471646,60,450.370743
57.808236,60,450.454236
57.552564,60,450.537344
57.404828,60,451.483677
57.708985,60,451.56121
53.879069,60,451.635723
57.317393,60,451.710606
31.228598,60,451.782035
55.329143,60,451.855536
56.847581,60,451.93224
56.845272,60,452.005513
51.336014,60,452.077888
57.054981,60,452.148292
52.51036,60,452.21805
23.073771,60,452.290419
56.720381,60,452.365395
56.624103,60,452.440917
57.322488,60,452.520365
58.388029,60,452.607398
57.580368,60,452.68789
58.127661,60,453.527649
57.04013,60,453.621058
51.558033,60,453.693878
56.617947,60,453.767195
55.982778,60,453.841741
49.883532,60,453.909204
57.314518,60,453.982964
56.270272,60,454.046405
58.160365,60,454.111739
56.904546,60,454.17552
57.756078,60,454.239823
55.094427,60,454.310146
57.986376,60,454.378597
48.521055,60,454.451155
56.532947,60,454.521641
57.773617,60,454.597277
57.158834,60,454.671159
57.721742,60,455.556617
58.132148,60,455.631461
57.862897,60,455.709893
26.147428,60,455.775891
47.750902,60,455.84832
41.577633,60,455.920389
17.039478,60,455.991461
57.096408,60,456.061347
57.195287,60,456.133243
55.710045,60,456.212717
57.370216,60,456.290173
56.805002,60,456.358576
58.204002,60,456.433092
56.605956,60,456.502006
56.845018,60,456.572401
56.767423,60,456.643888
57.008054,60,456.720106
57.726068,60,457.572537
47.064976,60,457.643964
56.710101,60,457.731033
57.297889,60,457.802323
57.12079,60,457.87027
57.098642,60,457.941634
55.556687,60,458.011831
56.825803,60,458.080211
56.318515,60,458.154254
56.998427,60,458.221137
57.225637,60,458.289569
57.256924,60,458.360856
57.592963,60,458.437245
58.021461,60,458.504543
34.183313,60,458.571963
57.274178,60,458.64186
45.875128,60,458.71894
22.726986,48,458.774291
57.288448,60,459.649768
58.319487,60,459.722824
56.231859,60,459.798828
51.863298,60,459.875349
55.437436,60,459.945777
57.494212,60,460.019827
54.855997,60,460.09674
50.243504,60,460.168234
55.202918,60,460.24672
28.3956,60,460.326741
56.975094,60,460.420148
57.134422,60,460.509104
56.985411,60,460.582382
30.139077,60,460.662733
57.989628,60,460.74072
57.652511,60,460.818335
49.524453,60,460.901964
58.103015,60,461.829356
49.139385,60,461.902951
57.530234,60,461.987341
51.756103,60,462.06072
56.688063,60,462.132663
58.702565,60,462.203641
56.371943,60,462.276265
57.374938,60,462.351197
53.480155,60,462.423097
57.344571,60,462.50403
57.406636,60,462.580053
57.573075,60,462.653004
54.589274,60,462.736448
57.52159,60,462.808468
57.512806,60,462.880884
57.993396,60,462.962776
57.07019,60,463.039719
52.323842,60,463.989629
35.731571,60,464.059081
56.228456,60,464.13149
56.52048,60,464.199025
57.849996,60,464.283048
32.690622,60,464.363968
57.530174,60,464.437762
42.811491,60,464.528295
39.358511,60,464.605698
57.75,60,464.684133
56.129607,60,464.763568
53.922864,60,464.843538
57.526087,60,464.92131
55.810811,60,464.998975
58.043373,60,465.083596
46.071027,60,465.161083
56.895162,60,465.23854
55.467971,60,466.296001
54.857557,60,466.377054
56.538595,60,466.461442
56.788077,60,466.544734
54.568226,60,466.619152
57.08375,60,466.69489
57.659414,60,466.76496
52.870339,60,466.831401
57.379439,60,466.901869
56.79642,60,466.968582
56.562743,60,467.035788
55.855291,60,467.101175
56.931072,60,467.164265
54.934353,60,467.240505
56.92444,60,467.312949
57.744449,60,467.384385
57.128403,60,467.462321
58.316028,60,468.418339
56.907201,60,468.501159
57.142471,60,468.58095
55.494362,60,468.660906
57.149191,60,468.744259
57.536127,60,468.868326
36.109429,60,468.971987
34.605555,60,469.061987
57.234669,60,469.143924
57.823394,60,469.22041
58.091888,60,469.296242
56.808584,60,469.378254
57.141766,60,469.462655
54.763555,60,469.535549
56.55,60,469.61587
55.824502,60,469.687887
54.971333,60,469.762399
57.199902,60,470.710351
51.905322,60,470.800297
57.662054,60,470.907802
56.195413,60,471.010699
50.417474,60,471.114655
48.558417,60,471.223411
57.350085,60,471.318507
45.919789,60,471.432445
43.534868,60,471.530033
57.414788,60,471.629687
57.079153,60,471.732827
56.079979,60,471.814338
57.050685,60,471.899347
42.950283,60,471.990396
57.888511,60,472.087462
56.803229,60,472.174846
56.785322,60,472.25064
32.786018,60,473.122407
56.989926,60,473.188629
51.179266,60,473.256575
56.324665,60,473.330623
57.36289,60,473.394941
57.85945,60,473.45965
58.193967,60,473.532353
56.824246,60,473.602108
56.81982,60,473.673496
47.509554,60,473.750989
57.481184,60,473.826852
57.905801,60,473.899852
57.732505,60,473.973431
55.216395,60,474.04533
57.710407,60,474.114767
57.862966,60,474.189819
50.330213,60,474.252022
57.653176,60,475.072335
57.330863,60,475.131717
57.640303,60,475.197199
56.546358,60,475.265597
55.887272,60,475.328393
55.937502,60,475.387704
58.005483,60,475.451063
58.106808,60,475.518488
50.78052,60,475.581784
56.641279,60,475.648053
57.746424,60,475.716293
56.571343,60,475.790677
57.396814,60,475.858686
53.969282,60,475.927178
54.417601,60,475.99904
57.019564,60,476.058305
51.60684,60,476.125581
57.664343,60,476.923411
48.530734,60,476.982351
54.802398,60,477.053866
43.971566,60,477.110768
57.184438,60,477.171479
57.761032,60,477.239287
53.24735,60,477.298681
56.265113,60,477.371227
54.681669,60,477.442261
56.902946,60,477.508745
57.607138,60,477.575171
58.571272,60,477.640969
55.816124,60,477.713957
57.351092,60,477.777362
56.849971,60,477.855582
57.438415,60,477.926471
57.86577,60,477.992683
57.494841,60,478.832256
56.095395,60,478.904599
44.656843,60,478.975044
57.326609,60,479.041935
58.100551,60,479.10933
58.937051,60,479.184377
26.999136,60,479.255835
57.443501,60,479.330822
56.578983,60,479.399204
55.141556,60,479.468016
58.139739,60,479.558744
58.009593,60,479.64171
57.489145,60,479.715605
55.217272,60,479.795092
56.815602,60,479.861188
56.466854,60,479.931455
55.910738,60,479.999386
57.529149,60,480.890265
57.346487,60,480.9642
56.864711,60,481.040668
56.673049,60,481.122676
57.411436,60,481.191404
58.392439,60,481.26682
57.695949,60,481.34177
55.918553,60,481.408647
39.693801,60,481.485553
56.611414,60,481.569262
58.222452,60,481.639641
49.387452,60,481.713014
48.968074,60,481.789855
57.098102,60,481.870861
27.024983,60,481.944336
57.387825,60,482.01239
57.251351,60,482.09231
22.19752,60,482.908327
56.210918,60,482.975685
9.765619,32,483.011343
57.292504,60,483.07638
56.996302,60,483.146756
57.397638,60,483.215744
57.959098,60,483.288685
57.701641,60,483.363564
57.83238,60,483.434506
55.975474,60,483.509525
56.752416,60,483.584527
57.387555,60,483.650771
57.789532,60,483.726344
56.366374,60,483.794274
56.596398,60,483.861162
56.483844,60,483.927458
49.385917,60,483.991251
57.593078,60,484.053658
57.434407,60,484.859278
56.460438,60,484.927617
56.989717,60,485.004561
57.252913,60,485.084033
57.299142,60,485.1555
58.49154,60,485.231994
49.866107,60,485.308506
57.459001,60,485.377388
56.746101,60,485.4417
57.13243,60,485.515313
57.338102,60,485.585688
57.717033,60,485.663119
52.784852,60,485.743516
56.872919,60,485.814963
56.37706,60,485.890945
57.832839,60,485.966477
57.238477,60,486.043359
59.058851,60,486.951984
56.967253,60,487.029474
57.898518,60,487.101257
36.691172,60,487.183231
56.409707,60,487.260133
57.258357,60,487.33217
57.147712,60,487.403262
53.637307,60,487.479225
56.804026,60,487.552143
56.792273,60,487.628615
57.439235,60,487.707978
56.745505,60,487.782109
57.078995,60,487.86561
36.560993,59,487.944678
43.555695,60,488.026745
55.99075,60,488.102754
57.888884,60,488.177751
57.180962,60,489.05564
56.740759,60,489.126865
55.515932,60,489.201084
57.806646,60,489.269253
57.651752,60,489.335006
57.696634,60,489.405353
56.861611,60,489.474783
57.255443,60,489.540103
57.869608,60,489.607561
57.6,60,489.671575
57.455459,60,489.735859
57.560103,60,489.794487
49.910609,60,489.858318
55.600604,60,489.91916
42.496334,60,489.985602
56.981958,60,490.05142
50.700859,60,490.116896
25.928031,60,490.893604
56.796495,60,490.959136
57.018224,60,491.025607
44.431627,60,491.094503
57.270889,60,491.156377
57.143304,60,491.226305
57.989082,60,491.297554
58.840079,60,491.361356
57.107459,60,491.42996
57.727053,60,491.49492
56.81315,60,491.565609
58.151936,60,491.62906
56.514053,60,491.694476
57.71757,60,491.761868
57.594852,60,491.825264
30.839594,60,491.888095
56.979273,60,491.951956
55.073444,60,492.673209
58.667297,60,492.73823
56.886236,60,492.800587
57.254409,60,492.870534
57.494913,60,492.932459
57.534343,60,492.994361
57.628995,60,493.06159
24.253856,60,493.125337
54.684113,60,493.190902
55.878021,60,493.255213
57.311057,60,493.319517
53.050845,60,493.381928
55.57794,60,493.445445
57.963011,60,493.506905
42.420786,60,493.567868
52.371177,60,493.636843
57.140166,60,493.700698
57.254331,60,494.442126
42.31899,60,494.503434
58.111283,60,494.562116
49.181155,60,494.622987
57.220758,60,494.690056
56.53346,60,494.75244
58.001192,60,494.819346
57.02888,60,494.886688
57.010519,60,494.950028
16.951283,55,495.004915
57.387463,60,495.066815
57.714607,60,495.128572
57.690415,60,495.194898
56.671057,60,495.254636
50.592132,60,495.317975
52.492124,60,495.38483
56.814473,60,495.447235
55.355829,60,495.511073
56.847825,60,496.260674
56.79307,60,496.319048
40.125404,60,496.379336
58.117018,60,496.441155
45.201491,60,496.499661
57.169935,60,496.561908
56.337674,60,496.621256
56.18683,60,496.679176
57.86613,60,496.735471
57.582361,60,496.789741
50.555824,60,496.846139
57.143362,60,496.903537
57.042914,60,496.959454
53.899818,60,497.015226
56.647236,60,497.075453
57.784504,60,497.128331
56.665459,60,497.207959
10.244553,30,497.888566
56.839271,60,497.950387
56.875883,60,498.011877
51.405252,60,498.076256
54.83465,60,498.137673
57.391759,60,498.189591
56.793565,60,498.251956
57.111553,60,498.308806
56.289478,60,498.367131
16.492547,41,498.405241
56.762931,60,498.467282
45.172156,60,498.525044
54.553003,60,498.580905
57.397657,60,498.639226
58.171051,60,498.708091
55.798664,60,498.763801
57.156221,60,498.816105
53.057501,60,499.497432
3.456522,46,499.545103
58.66457,60,499.601892
57.002564,60,499.662734
54.559882,60,499.720015
57.530349,60,499.781038
56.133084,60,499.836929
57.363363,60,499.890817
57.617132,60,499.952079
57.360557,60,500.008877
49.928115,60,500.06794
52.854059,60,500.128712
38.609273,60,500.185648
57.238725,60,500.241907
56.867606,60,500.299841
56.978227,60,500.357349
57.344053,60,500.417793
38.536049,60,500.477556
49.835403,60,501.137653
53.158617,60,501.194977
57.323908,60,501.251333
57.312712,60,501.311832
56.287867,60,501.36873
56.459328,60,501.427244
56.516095,60,501.482949
48.738577,60,501.54311
57.860936,60,501.60043
56.935355,60,501.659735
57.774032,60,501.719083
58.310289,60,501.778504
57.647763,60,501.831913
56.623472,60,501.887859
57.122978,60,501.945377
58.360993,60,502.005794
57.662011,60,502.067081
57.246473,60,502.810202
56.858708,60,502.87291
56.798383,60,502.93785
50.091288,60,502.995569
55.374548,60,503.054954
57.869202,60,503.109251
58.118872,60,503.16415
55.827738,60,503.223047
32.413325,60,503.281844
57.580865,60,503.338304
58.296904,60,503.392221
57.934706,60,503.450134
48.021999,60,503.501119
55.69948,60,503.555356
56.282391,60,503.609684
56.498794,60,503.661438
57.309863,60,503.712272
57.382389,60,504.367677
57.171888,60,504.426714
56.700463,60,504.481134
57.148094,60,504.536974
56.979495,60,504.596755
57.296517,60,504.652094
50.408881,60,504.709402
52.285519,60,504.767825
41.644107,60,504.825651
56.56786,60,504.882878
57.125252,60,504.945879
58.3,60,505.001699
58.271135,60,505.057452
55.906942,60,505.113756
57.646244,60,505.169166
56.07328,60,505.226497
54.390521,60,505.283376
57.425735,60,505.924256
57.059024,60,505.982142
58.897057,60,506.048567
37.461047,60,506.112925
57.15294,60,506.172766
58.286404,60,506.233189
56.987888,60,506.283107
58.635917,60,506.338362
56.853679,60,506.389112
57.13241,60,506.444025
53.546215,60,506.498307
56.564619,60,506.546595
57.44624,60,506.59995
42.340383,60,506.657235
53.020488,60,506.711619
56.465353,60,506.767363
58.854933,60,506.821619
36.443453,60,507.459972
58.087276,60,507.516683
32.790376,60,507.571421
57.936713,60,507.624735
57.30905,60,507.678095
57.361808,60,507.734518
32.200635,60,507.786261
56.093155,60,507.834516
56.06836,60,507.883304
57.569562,60,507.932153
58.638945,60,507.984483
57.603789,60,508.036745
57.659116,60,508.089658
42.650534,60,508.14642
58.259965,60,508.20072
57.944498,60,508.254605
28.700121,60,508.309382
57.752219,60,508.950593
57.193167,60,508.998382
57.169071,60,509.056394
57.213959,60,509.114763
56.36177,60,509.168048
50.466214,60,509.226509
33.648568,60,509.276227
57.175039,60,509.335212
57.39681,60,509.389451
55.850118,60,509.445327
56.816533,60,509.499581
57.238636,60,509.556897
56.375953,60,509.610162
57.929504,60,509.667729
58.450943,60,509.718587
57.318997,60,509.772469
57.871654,60,509.827777
57.959737,60,510.44977
57.287288,60,510.506114
56.398184,60,510.561956
56.664982,60,510.616864
57.378595,60,510.673707
57.79311,60,510.731555
48.725829,60,510.7888
57.670609,60,510.846139
57.425299,60,510.898017
57.133315,60,510.952851
57.412946,60,511.009301
56.709708,60,511.061578
57.578041,60,511.113859
57.267774,60,511.166648
56.317868,60,511.22596
57.385697,60,511.277261
36.855296,60,511.33095
57.647212,60,511.975147
57.670977,60,512.031481
50.7183,60,512.087728
57.129504,60,512.137754
56.879761,60,512.188156
57.577851,60,512.240457
14.746534,49,512.281096
54.964754,60,512.335995
49.449182,60,512.389253
57.354446,60,512.443142
57.730951,60,512.497295
58.163183,60,512.551398
57.164303,60,512.608629
40.280791,60,512.660293
56.511107,60,512.712687
57.147724,60,512.769543
32.989272,60,512.821544
57.916863,60,513.467316
57.136949,60,513.527294
56.989968,60,513.581638
57.251367,60,513.637429
57.633299,60,513.692745
57.668863,60,513.74901
55.316092,60,513.802776
12.594607,51,513.851506
57.028505,60,513.910701
51.432787,60,513.967993
55.92262,60,514.017766
57.324888,60,514.071593
52.674347,60,514.128987
57.552946,60,514.182745
57.102249,60,514.232889
57.279693,60,514.283507
34.325652,60,514.33412
54.820009,60,514.383104
57.663623,60,515.003746
57.211407,60,515.058485
57.557583,60,515.114854
58.180349,60,515.172105
58.097309,60,515.225485
54.332581,60,515.281355
57.340882,60,515.332001
56.692808,60,515.38813
57.568699,60,515.442941
56.515921,60,515.501158
56.114176,60,515.556584
27.20625,60,515.608878
56.432332,60,515.666158
56.36137,60,515.720929
57.144052,60,515.776217
27.157,60,515.8305
58.876895,60,515.886077
58.07943,60,516.594959
57.215663,60,516.659284
18.664784,60,516.718144
57.023699,60,516.773513
50.580546,60,516.834903
57.430448,60,516.892812
57.729045,60,516.951701
57.653645,60,517.011006
56.792015,60,517.072385
58.591753,60,517.129284
57.762285,60,517.190644
55.933782,60,517.252029
50.36541,60,517.31648
57.391037,60,517.377844
57.458004,60,517.439136
37.307372,60,517.502504
56.252565,60,517.561746
56.906057,60,518.209692
55.318791,60,518.267465
57.475464,60,518.32726
58.88176,60,518.381043
57.436935,60,518.4408
56.583401,60,518.49856
56.719102,60,518.554976
57.545686,60,518.606851
56.854948,60,518.661529
57.95463,60,518.720345
57.855064,60,518.773602
55.110833,60,518.82847
57.828836,60,518.886648
57.571391,60,518.947439
57.104685,60,519.001602
57.07813,60,519.060752
57.682734,60,519.121474
57.524459,60,519.803451
56.845229,60,519.859092
57.722047,60,519.921827
57.337903,60,519.981234
56.088799,60,520.036544
57.457566,60,520.096992
52.24699,60,520.167875
23.502541,45,520.220194
57.34118,60,520.289047
58.280209,60,520.353958
23.199498,48,520.407045
57.887852,60,520.47017
52.348695,60,520.532514
56.498568,60,520.598392
56.494677,60,520.65723
34.991788,60,520.720267
57.031355,60,520.783047
57.024098,60,521.504208
31.876463,60,521.563016
54.267273,60,521.621863
57.794618,60,521.682806
57.093767,60,521.744128
29.422411,60,521.808046
57.30506,60,521.871475
19.213576,58,521.926873
47.327234,60,521.987607
56.172841,60,522.049705
57.546969,60,522.109408
57.804122,60,522.171732
58.879484,60,522.231068
55.995182,60,522.286356
57.298011,60,522.34877
57.425697,60,522.406665
57.725494,60,522.470976
57.68461,60,522.536959
53.245101,60,523.332521
56.982022,60,523.400588
57.39654,60,523.505856
56.170618,60,523.597908
57.234742,60,523.667199
57.349571,60,523.730428
57.812236,60,523.830529
44.430507,60,523.931328
57.408516,60,523.991716
38.536962,60,524.050616
58.267418,60,524.110031
57.877041,60,524.16444
57.693362,60,524.223318
56.793208,60,524.289091
57.135288,60,524.35146
55.218114,60,524.408952
56.676054,60,524.460298
40.909673,60,525.105057
56.342533,60,525.156421
56.348955,60,525.209342
31.55717,60,525.268187
56.863353,60,525.319924
57.729583,60,525.376299
51.652253,60,525.429888
57.40893,60,525.485312
57.279732,60,525.539164
57.719201,60,525.592459
57.667612,60,525.652394
54.031174,60,525.705713
56.463686,60,525.758955
57.507718,60,525.814387
56.952873,60,525.871059
57.212054,60,525.927486
57.707931,60,525.983306
57.460829,60,526.566719
57.589462,60,526.61494
57.10624,60,526.667217
55.140838,60,526.723439
58.226056,60,526.779378
56.492257,60,526.835647
57.438035,60,526.894643
56.930509,60,526.947511
57.411262,60,526.997843
53.170941,60,527.05166
57.853668,60,527.102445
57.870535,60,527.158852
55.887867,60,527.216121
56.873269,60,527.266993
55.616675,60,527.324774
57.935392,60,527.383435
57.366763,60,527.43619
57.629016,60,528.066651
58.174298,60,528.125528
57.29186,60,528.183372
57.063298,60,528.23733
57.415374,60,528.291184
57.22491,60,528.341018
58.235842,60,528.395341
48.261738,60,528.450205
56.88199,60,528.501472
56.704346,60,528.553729
49.714948,60,528.606668
57.049413,60,528.66052
58.816477,60,528.713856
57.678451,60,528.769719
55.202742,60,528.818536
57.51885,60,528.870057
56.631627,60,528.924827
53.617097,60,529.550657
58.073645,60,529.605036
49.791381,60,529.66131
57.741747,60,529.720682
57.374011,60,529.774503
58.032199,60,529.82647
57.305767,60,529.885191
56.203153,60,529.939616
45.067327,60,529.99146
56.992473,60,530.056418
56.773204,60,530.108783
55.897462,60,530.160259
56.678155,60,530.218198
56.424831,60,530.270632
57.089418,60,530.337152
57.608801,60,530.403563
53.802956,60,530.472708
57.877952,60,531.156917
57.3459,60,531.218281
57.447832,60,531.278107
57.367154,60,531.335459
56.872537,60,531.394996
57.731229,60,531.455157
56.868084,60,531.512444
50.761843,60,531.56987
15.396382,39,531.606627
57.748475,60,531.663008
57.678674,60,531.721411
57.625179,60,531.790792
50.334981,60,531.860332
57.624594,60,531.921175
58.001905,60,531.989186
55.167453,60,532.051525
42.062394,60,532.114921
57.244704,60,532.811594
52.585505,60,532.867343
57.379706,60,532.921629
57.426457,60,532.978952
55.982553,60,533.033888
57.857492,60,533.09867
45.734489,60,533.163594
56.918511,60,533.227103
51.277279,60,533.289045
57.252957,60,533.355786
55.887291,60,533.427696
57.113767,60,533.493308
57.527743,60,533.554238
57.889856,60,533.627281
37.221121,60,533.696743
54.686837,60,533.758586
57.411156,60,533.822646
57.596762,60,534.571201
58.165746,60,534.625634
58.256643,60,534.683209
57.380984,60,534.741105
56.531254,60,534.799037
36.375544,60,534.857465
58.055105,60,534.912314
55.859523,60,534.972306
54.267093,60,535.026239
58.372698,60,535.080133
57.211889,60,535.147612
58.612117,60,535.204557
56.249188,60,535.259972
58.02057,60,535.316809
56.917016,60,535.371432
57.609129,60,535.427274
54.001933,60,535.480188
57.019993,60,536.203317
58.200336,60,536.263047
50.53289,60,536.322214
58.673845,60,536.382011
57.555048,60,536.446488
58.675665,60,536.501315
58.011483,60,536.551599
58.425687,60,536.602978
56.713108,60,536.654937
56.556555,60,536.709883
58.320327,60,536.763349
52.773558,60,536.818623
57.554965,60,536.872344
56.515498,60,536.930039
56.589184,60,536.976275
26.369886,54,537.023714
42.432985,60,537.07516
57.984434,60,537.123525
57.277585,60,537.715126
57.108831,60,537.766424
57.048048,60,537.821186
57.7,60,537.874587
56.565273,60,537.921404
56.961236,60,537.975202
56.482584,60,538.025519
58.381929,60,538.07536
56.882472,60,538.124672
57.257083,60,538.169486
51.073293,60,538.222353
56.936281,60,538.274784
57.406112,60,538.331136
57.385176,60,538.384531
40.303181,60,538.437408
57.38445,60,538.486211
58.082438,60,538.537545
55.991543,60,539.223139
56.789734,60,539.282381
58.028185,60,539.335547
56.357678,60,539.393896
47.551163,60,539.448776
53.590898,60,539.513247
56.759463,60,539.570633
56.089078,60,539.614981
57.86996,60,539.672966
49.012656,60,539.724407
57.399234,60,539.77773
57.943941,60,539.834101
58.43755,60,539.888381
54.87219,60,539.9468
58.016094,60,540.005778
54.917427,60,540.063818
55.568351,60,540.121616
54.666559,60,540.80849
57.575944,60,540.868974
57.358583,60,540.929741
57.090043,60,540.993307
22.700584,60,541.051676
57.173068,60,541.111098
55.724018,60,541.173646
54.842583,60,541.232038
56.753233,60,541.290438
56.993338,60,541.347855
58.432099,60,541.411267
50.555861,60,541.472705
57.013786,60,541.530475
57.18378,60,541.591226
44.000408,60,541.648949
57.221658,60,541.70679
52.572138,60,541.761106
57.606507,60,542.479983
56.574735,60,542.539856
58.086796,60,542.596597
57.11975,60,542.653528
55.625946,60,542.714886
57.491149,60,542.771146
44.242793,60,542.827301
55.979271,60,542.886715
58.04472,60,542.942476
57.433399,60,542.999928
56.648296,60,543.074831
57.544126,60,543.146767
55.83419,60,543.210209
57.611376,60,543.269122
56.924479,60,543.32594
58.352626,60,543.380346
57.45,60,543.432087
28.318219,60,544.104915
57.147579,60,544.159045
57.172972,60,544.213683
56.809355,60,544.268993
57.705443,60,544.325333
57.029399,60,544.382581
57.049734,60,544.436894
56.772945,60,544.494056
46.199049,60,544.549759
36.332433,60,544.606558
51.823416,60,544.664635
56.125049,60,544.722443
58.422114,60,544.77838
58.131848,60,544.834329
57.914162,60,544.890673
56.883389,60,544.949075
57.451943,60,545.00748
56.362531,60,545.651262
52.761855,60,545.709289
56.658269,60,545.767694
57.877977,60,545.826081
57.537022,60,545.88143
54.064278,60,545.938448
57.377877,60,545.996876
48.150572,60,546.053802
57.085575,60,546.107206
56.517435,60,546.1625
57.938276,60,546.217895
56.732472,60,546.274904
52.70827,60,546.330359
56.873369,60,546.385256
57.192942,60,546.441041
57.379868,60,546.492944
54.889182,60,546.548373
57.050672,60,547.195272
58.311838,60,547.254661
57.693812,60,547.311951
30.384102,53,547.361257
57.351914,60,547.420592
57.947594,60,547.478908
54.620978,60,547.53479
57.653713,60,547.589836
57.217822,60,547.6472
38.00825,60,547.703004
55.092974,60,547.756374
57.528508,60,547.813768
56.173124,60,547.872003
57.719467,60,547.927354
57.18869,60,547.983304
20.581341,60,548.037493
57.82302,60,548.096545
55.872629,60,548.732268
54.203109,60,548.785137
57.249159,60,548.841017
57.164412,60,548.90196
57.84649,60,548.959337
57.384918,60,549.016285
53.676158,60,549.07611
48.161495,60,549.134856
57.753467,60,549.194137
58.0,60,549.246835
50.150728,60,549.301159
23.878768,60,549.355434
55.982542,60,549.411335
57.945859,60,549.468177
57.496726,60,549.523927
57.220566,60,549.577695
57.174806,60,549.636578
21.476046,60,550.287312
56.801183,60,550.344072
57.645751,60,550.399818
54.641264,60,550.456676
56.848477,60,550.512433
57.966491,60,550.568902
57.84781,60,550.623767
50.300078,60,550.679172
55.796436,60,550.736091
56.520024,60,550.790452
58.012066,60,550.84394
58.438535,60,550.901205
57.759844,60,550.956544
56.943677,60,551.010406
57.089624,60,551.06726
54.748719,60,551.123741
54.879249,60,551.181181
40.875584,60,551.818305
57.725191,60,551.876268
54.155793,60,551.932761
58.412063,60,551.988535
55.790764,60,552.045849
57.176772,60,552.102273
56.224414,60,552.160812
57.692706,60,552.215726
51.871626,60,552.269588
56.114962,60,552.324017
56.396304,60,552.380906
54.75313,60,552.435715
57.670028,60,552.495967
57.962915,60,552.55289
57.509746,60,552.605803
57.706092,60,552.662128
56.927591,60,552.716959
57.855048,60,553.356603
57.379089,60,553.413353
57.476686,60,553.47121
57.150836,60,553.527169
57.026168,60,553.583962
55.841771,60,553.640391
57.28418,60,553.694753
57.080161,60,553.750674
55.789529,60,553.804991
46.836384,60,553.861214
57.520368,60,553.916533
57.865,60,553.970314
57.330141,60,554.028792
55.332087,60,554.085235
52.674349,60,554.141514
52.404861,60,554.199959
56.15214,60,554.256806
57.701679,60,554.913436
56.263301,60,554.966853
57.53222,60,555.021782
57.135044,60,555.074711
49.726884,60,555.129294
57.073139,60,555.180327
56.813245,60,555.232674
57.320375,60,555.288576
57.952566,60,555.34505
49.397726,60,555.396853
56.611801,60,555.452675
30.452955,60,555.507475
56.643905,60,555.561293
50.401481,60,555.620166
57.412518,60,555.676111
56.260886,60,555.733962
56.610884,60,555.793839
57.964461,60,556.427716
57.308173,60,556.481059
57.638761,60,556.538898
51.155517,60,556.594436
56.930315,60,556.65033
57.839953,60,556.710735
56.97514,60,556.767075
58.098973,60,556.825001
56.785627,60,556.885349
57.434643,60,556.940676
45.234878,60,556.999088
56.613361,60,557.056924
52.982496,60,557.112796
57.56117,60,557.168039
57.224928,60,557.224334
51.698175,60,557.277102
45.704342,60,557.334972
56.758329,60,557.386274
58.074622,60,558.029468
57.269403,60,558.083752
8.312953,60,558.139185
58.050814,60,558.197088
57.852319,60,558.254935
56.83082,60,558.312854
57.735559,60,558.370211
56.487612,60,558.428103
57.625824,60,558.480791
57.593675,60,558.534224
57.727448,60,558.592683
58.472205,60,558.646302
57.464351,60,558.703651
57.942833,60,558.762084
57.608914,60,558.818543
56.360846,60,558.875386
56.821867,60,558.934152
57.682876,60,559.557517
51.350071,60,559.608945
58.567229,60,559.665194
57.741587,60,559.721006
55.641466,60,559.775401
56.13399,60,559.833764
47.587881,60,559.89169
58.154096,60,559.949632
57.093829,60,560.008004
56.25082,60,560.060298
57.218016,60,560.119203
57.89231,60,560.172619
57.11481,60,560.228983
56.870489,60,560.28426
58.083058,60,560.339328
54.540965,60,560.396531
46.710667,60,560.451316
56.507465,60,561.107279
47.261294,60,561.169658
56.410401,60,561.240648
55.838408,60,561.298504
56.615035,60,561.354527
57.406299,60,561.410858
56.300751,60,561.467241
58.993811,60,561.524119
57.44801,60,561.580389
58.008634,60,561.630914
45.306861,60,561.686634
39.14822,60,561.744495
58.366426,60,561.800751
57.2836,60,561.85568
56.448845,60,561.91105
52.061287,60,561.968964
56.127148,60,562.024838
57.82412,60,562.771635
55.948975,60,562.837047
57.079693,60,562.919591
54.881992,60,562.976494
58.576965,60,563.030773
57.330948,60,563.090135
56.812932,60,563.146109
58.0,60,563.202038
55.796499,60,563.263639
57.560672,60,563.319004
56.840331,60,563.375467
57.862831,60,563.434305
51.823768,60,563.493593
11.535691,36,563.528839
57.33202,60,563.594185
57.459365,60,563.646521
57.672367,60,563.699821
57.01346,60,564.345462
57.203279,60,564.39617
58.163556,60,564.450571
58.781665,60,564.504298
57.703414,60,564.559578
57.740068,60,564.613463
57.955801,60,564.667365
56.253915,60,564.721676
56.846789,60,564.775605
59.008455,60,564.830933
56.716547,60,564.886405
54.173591,60,564.941712
50.304101,60,564.99914
57.667032,60,565.054996
56.953648,60,565.111818
54.788981,60,565.168047
57.550802,60,565.221891
57.619519,60,565.867974
54.931334,60,565.923366
57.034663,60,565.983225
57.731352,60,566.039032
40.486802,60,566.095462
57.544148,60,566.153396
57.734674,60,566.209314
56.343822,60,566.26771
19.038371,40,566.307459
57.059686,60,566.363071
56.190643,60,566.420957
57.549856,60,566.475296
42.442844,60,566.530058
56.823108,60,566.584357
12.462336,39,566.620617
57.758619,60,566.679937
57.457825,60,566.733284
58.706022,60,566.790572
56.694427,60,567.446934
56.446518,60,567.500813
57.663311,60,567.556215
58.518956,60,567.615602
36.9529,60,567.677509
57.551218,60,567.731865
57.612044,60,567.788757
19.810829,60,567.848056
56.981822,60,567.902875
56.931673,60,567.960226
57.335476,60,568.017106
57.455592,60,568.074035
56.685448,60,568.128877
57.249713,60,568.184174
58.21577,60,568.236947
57.839204,60,568.294456
56.437577,60,568.351401
58.335417,60,568.985818
56.358227,60,569.043712
57.640679,60,569.101496
41.813874,60,569.155285
57.260965,60,569.211577
57.683853,60,569.269475
56.878397,60,569.32326
57.421087,60,569.381462
55.466467,60,569.436685
57.657371,60,569.492428
46.549729,60,569.546756
56.981802,60,569.60001
57.028567,60,569.654859
58.854488,60,569.710269
57.784627,60,569.76805
55.948746,60,569.826949
57.820482,60,569.884452
57.29235,60,570.539537
57.593801,60,570.594466
56.768693,60,570.645273
11.874221,57,570.699654
57.306925,60,570.750061
56.918998,60,570.803945
57.305163,60,570.856809
57.75368,60,570.909649
58.60491,60,570.961552
57.334125,60,571.022406
58.629944,60,571.08507
54.138099,60,571.136736
57.111324,60,571.189897
57.999101,60,571.247585
57.340391,60,571.304724
56.524622,60,571.357034
58.257236,60,571.409436
57.435794,60,572.020561
57.828578,60,572.110239
50.084781,60,572.169604
56.797733,60,572.222529
56.759587,60,572.272845
58.39446,60,572.331592
52.741332,60,572.384262
58.12253,60,572.433048
57.695546,60,572.485757
57.443427,60,572.539849
56.544657,60,572.601114
42.118246,60,572.652908
54.08722,60,572.70732
57.684329,60,572.760698
55.079485,60,572.811515
57.135717,60,572.862345
57.258587,60,572.916378
57.704277,60,573.515167
57.817857,60,573.566991
58.040254,60,573.620364
43.789058,60,573.672701
57.942256,60,573.720541
58.492765,60,573.770385
57.710004,60,573.819886
57.762906,60,573.869618
57.198056,60,573.916845
58.680876,60,573.968151
54.259363,60,574.01924
58.780381,60,574.068149
56.766429,60,574.118444
57.538073,60,574.168821
56.630161,60,574.218715
56.746772,60,574.27264
56.112138,60,574.324471
57.418999,60,574.920569
58.189293,60,574.976024
57.930055,60,575.027898
57.5175,60,575.081704
57.159164,60,575.136438
57.046163,60,575.188762
31.400319,60,575.24424
58.039213,60,575.296055
57.689122,60,575.34529
57.517541,60,575.39859
58.00727,60,575.453343
39.241917,60,575.503759
21.083099,47,575.54396
57.129348,60,575.601837
57.292188,60,575.65371
57.608992,60,575.707603
57.388334,60,575.760425
52.542111,60,575.813289
57.17835,60,576.375243
57.667326,60,576.426119
58.004687,60,576.478368
57.415827,60,576.53126
57.816811,60,576.583549
58.002423,60,576.637824
57.620958,60,576.691642
57.041293,60,576.744409
57.989227,60,576.79703
54.154704,60,576.849685
58.009417,60,576.898444
56.844043,60,576.954323
58.393275,60,577.009231
57.113898,60,577.061503
47.401841,60,577.114264
58.131003,60,577.16351
58.168442,60,577.214827
58.281733,60,577.848051
57.032253,60,577.900285
57.868919,60,577.94859
57.113965,60,578.005576
56.035564,60,578.055351
58.134123,60,578.105585
52.215686,60,578.158406
58.357688,60,578.20681
57.083905,60,578.259681
43.647639,60,578.309862
57.186895,60,578.359741
57.457194,60,578.411459
56.778142,60,578.46176
57.068441,60,578.512989
57.350317,60,578.563875
57.454054,60,578.610643
58.398638,60,578.665991
57.610346,60,579.253505
57.772709,60,579.306774
27.208503,60,579.360645
56.681274,60,579.412975
57.786383,60,579.468282
57.953414,60,579.5207
55.806607,60,579.571506
56.913701,60,579.625899
56.963726,60,579.676151
56.214412,60,579.730096
57.084447,60,579.782924
57.325166,60,579.836675
57.60769,60,579.888499
40.748552,60,579.941822
24.362104,60,579.993612
55.882455,60,580.049964
56.986569,60,580.099757
50.100891,60,580.669289
57.054747,60,580.720724
57.234214,60,580.770598
57.220876,60,580.821551
58.422874,60,580.874315
56.274387,60,580.924522
57.121533,60,580.977181
57.659048,60,581.033873
54.526103,60,581.087974
37.495185,60,581.140316
57.29927,60,581.194744
57.244936,60,581.243068
47.778749,60,581.295388
50.448308,60,581.347723
57.049939,60,581.402098
57.241007,60,581.460588
57.296013,60,581.515978
58.099671,60,582.15836
56.410444,60,582.218205
49.770185,60,582.27516
50.907618,60,582.333106
56.88249,60,582.392972
37.971552,60,582.443814
56.311162,60,582.496624
58.259406,60,582.547836
58.324486,60,582.599469
57.145892,60,582.655304
56.941896,60,582.711679
57.862659,60,582.763542
56.75166,60,582.812346
56.007226,60,582.863164
56.93608,60,582.913467
56.899205,60,582.965686
57.781135,60,583.024145
56.355242,60,583.677033
57.068745,60,583.733856
57.190399,60,583.789689
57.598725,60,583.847171
57.51691,60,583.900484
46.258555,60,583.956744
57.491468,60,584.01376
56.70896,60,584.069653
56.248172,60,584.125018
57.614465,60,584.180274
57.743614,60,584.232627
58.285916,60,584.290529
56.116752,60,584.349928
55.247478,60,584.406244
56.180686,60,584.461585
39.370673,60,584.517446
57.20093,60,584.57238
12.924825,60,585.261515
56.294431,60,585.315869
57.318869,60,585.368114
56.612811,60,585.42095
56.455914,60,585.470769
55.689014,60,585.524638
56.814996,60,585.576521
57.068339,60,585.630319
41.652557,60,585.683569
34.67301,60,585.74048
56.421188,60,585.798448
57.869771,60,585.857285
56.379444,60,585.91668
58.1387,60,585.972961
57.683366,60,586.025845
58.223331,60,586.079624
56.295762,60,586.132015
57.959736,60,586.777284
56.765726,60,586.834683
35.927799,60,586.894588
57.653413,60,586.953493
56.979984,60,587.014291
57.691577,60,587.078875
58.401548,60,587.138177
57.78558,60,587.196084
57.066844,60,587.247457
58.131761,60,587.301698
58.03903,60,587.350564
57.308655,60,587.398388
23.046942,60,587.449692
57.324488,60,587.507807
56.9234,60,587.560096
57.719899,60,587.616502
56.631939,60,587.670375
57.368496,60,588.340344
57.847958,60,588.397617
57.86494,60,588.452946
57.526718,60,588.510415
57.119287,60,588.571365
57.270766,60,588.627171
57.61667,60,588.680498
52.783488,60,588.739866
57.32417,60,588.796242
54.568757,60,588.852616
56.760864,60,588.914031
57.394366,60,588.973978
57.686377,60,589.027944
57.178563,60,589.087782
57.106936,60,589.143662
56.652131,60,589.200013
40.489755,60,589.257393
56.060964,60,589.895392
56.240093,60,589.953706
57.858532,60,590.006541
53.016677,60,590.061908
57.58139,60,590.112786
53.099341,60,590.170129
53.989435,60,590.222928
57.583238,60,590.277127
19.620189,60,590.334029
56.533845,60,590.386908
57.870956,60,590.440344
51.591117,60,590.495641
57.104385,60,590.55241
57.860513,60,590.606428
58.360032,60,590.661279
56.554185,60,590.721156
56.035659,60,590.778973
57.329653,60,591.428738
57.995641,60,591.484591
57.454938,60,591.541996
57.156398,60,591.598763
57.625097,60,591.654626
56.295303,60,591.709483
57.73042,60,591.76234
57.031099,60,591.819726
57.470192,60,591.873618
56.85589,60,591.926809
58.430034,60,591.980006
58.45,60,592.036844
50.155624,60,592.089994
57.052544,60,592.141186
58.045277,60,592.19826
57.85832,60,592.252018
57.988418,60,592.308771
42.391958,60,592.958775
57.441738,60,593.012598
57.073406,60,593.067431
57.143583,60,593.12533
57.320432,60,593.182697
57.962382,60,593.238001
57.204849,60,593.298342
57.552091,60,593.35313
58.24864,60,593.408959
55.992146,60,593.466811
57.009401,60,593.521213
57.2987,60,593.575426
58.151565,60,593.633659
56.660175,60,593.689617
57.998427,60,593.745943
31.811922,60,593.799865
32.480336,60,593.853743
57.178333,60,594.526165
53.320634,60,594.586051
58.1615,60,594.640468
57.306887,60,594.698367
57.530704,60,594.757278
57.74444,60,594.820115
57.039198,60,594.87354
56.670436,60,594.926914
56.872366,60,594.983669
39.983745,60,595.041937
55.657949,60,595.099652
58.450182,60,595.156731
56.798516,60,595.212276
57.734269,60,595.266545
57.351822,60,595.327948
57.836592,60,595.392406
57.639567,60,595.452809
57.028676,60,595.512736
57.650403,60,596.194621
56.511946,60,596.246869
58.235404,60,596.302229
57.263988,60,596.358548
56.237241,60,596.413883
50.587209,60,596.467545
57.811761,60,596.52239
55.652056,60,596.578731
57.629601,60,596.633003
57.58693,60,596.69236
57.359086,60,596.748339
58.163016,60,596.807602
57.990318,60,596.864497
57.728424,60,596.918827
57.205953,60,596.976317
55.383862,60,597.034168
57.845555,60,597.091959
56.639198,60,597.773738
39.314905,60,597.832131
57.258848,60,597.887474
46.941913,60,597.945833
55.796249,60,598.003766
44.38173,60,598.06321
7.397211,31,598.092362
57.683186,60,598.15123
56.910453,60,598.206047
58.374645,60,598.263534
54.917735,60,598.321336
58.338262,60,598.374652
57.386745,60,598.431984
57.136808,60,598.489859
56.202126,60,598.545271
58.381266,60,598.598113
57.243301,60,598.657607
58.581057,60,599.317061
57.504273,60,599.371432
57.50017,60,599.426785
57.723615,60,599.478226
57.463964,60,599.534965
57.514677,60,599.591356
58.342352,60,599.64866
56.493175,60,599.704981
54.222824,60,599.766908
57.404869,60,599.824275
57.133477,60,599.88169
56.902264,60,599.93813
57.722855,60,599.994545
57.541707,60,600.051868
57.861815,60,600.111179
57.0364,60,600.169772
57.558504,60,600.224202
