#{"t_start": 1790474181.5027072, "env_id": "None"}
r,l,t
14.672519,60,2.355
4.078612,31,2.36455
8.642056,48,2.380657
20.390965,58,2.39875
18.436292,60,2.417386
33.729655,60,2.43709
9.475908,35,2.450146
11.15787,41,2.464736
15.73195,60,2.485411
16.036608,60,2.504046
14.107779,56,2.521161
17.184206,60,2.538759
12.709732,60,2.558867
13.444288,53,2.574954
13.43497,60,2.594611
25.05776,60,2.615224
21.432561,60,2.636382
5.117533,35,2.651507
16.847194,58,2.675653
30.662586,60,2.702069
8.15472,36,2.716608
14.802718,56,2.738206
14.866106,60,2.760792
13.608451,60,2.784436
15.759288,60,2.80699
17.12796,57,2.828564
8.983063,57,2.847252
11.02507,48,2.862817
16.651054,57,2.88395
13.334804,60,2.905028
10.405306,60,2.92678
16.377291,49,2.942403
15.357856,60,2.96553
10.191279,41,2.979139
10.097937,47,2.996752
21.406951,60,3.017844
22.152422,60,3.040082
11.270438,59,3.058662
6.082638,38,3.072726
8.659589,35,3.085261
16.589882,53,3.102484
20.211581,60,3.120123
8.157132,56,3.141324
22.806391,60,3.161491
13.164513,60,3.182619
15.267294,60,3.204771
11.490376,60,3.228464
18.046715,60,3.251668
13.430555,42,3.266271
25.685077,54,3.285393
20.323856,50,3.305505
13.78575,60,3.327664
12.149293,58,3.348819
7.911687,49,3.367975
13.131037,43,3.385113
30.971265,60,3.403763
20.477559,60,3.421877
7.948185,36,3.434489
10.893884,60,3.451641
16.653188,50,3.467696
9.701941,33,3.477754
18.819166,60,3.49836
17.149843,60,3.518044
7.543253,51,3.534286
1.272173,26,3.54243
9.758279,41,3.555519
25.523821,60,3.576095
12.780043,49,3.594167
20.207561,60,3.613759
5.700418,39,3.628296
23.02096,60,3.651992
10.727632,60,3.673084
16.867348,60,3.6942
20.079774,60,3.716489
19.285742,58,3.737099
14.020416,60,3.755747
10.538285,60,3.774937
16.181523,60,3.792524
9.471692,53,3.809117
9.26484,50,3.825697
16.943314,52,3.843814
19.058918,49,3.860934
12.791423,60,3.881538
4.339496,34,3.894607
17.440508,60,3.91523
4.967999,51,3.935348
4.642014,37,3.946946
29.610247,60,3.968576
19.547995,60,3.990116
14.113231,60,4.008726
17.048847,60,4.027317
31.15596,60,4.048902
9.993831,57,4.068551
6.072995,42,4.10017
15.167238,60,4.151493
6.876531,30,4.177571
14.604193,60,4.236009
19.960255,60,4.297269
15.79085,60,4.358239
24.24053,60,4.40909
6.025073,44,4.453895
5.350456,46,4.496136
12.665844,57,4.54801
6.731942,32,4.578172
8.323007,48,4.620903
34.066706,60,4.677753
11.798815,47,4.7259
22.190845,60,4.806481
10.780305,50,4.86589
11.290725,40,4.923728
21.591907,60,4.99214
20.793628,58,5.048509
29.473285,60,5.110837
10.691827,40,5.150553
28.308557,60,5.212829
22.38299,60,5.266689
18.98661,60,5.328078
14.81287,60,5.382469
19.627833,60,5.434989
19.449965,60,5.491118
25.123186,60,5.546519
29.205157,60,5.628071
10.376581,46,5.678891
12.264968,57,5.74595
5.236817,57,5.809843
17.652028,60,5.866801
28.03418,60,5.924135
15.570406,49,5.975946
10.192161,45,6.02426
8.36443,39,6.065501
7.16028,34,6.097745
1.512071,29,6.126042
7.156146,34,6.158834
10.410969,57,6.212094
13.94965,60,6.271514
16.079913,60,6.341106
14.770609,60,6.410073
15.988779,54,6.476954
20.249118,60,6.539836
10.522447,53,6.595147
18.366571,51,6.645879
33.057944,60,6.70496
20.281317,60,6.765906
13.647268,40,6.808188
18.576646,60,6.874199
23.229397,60,6.957591
20.432107,59,7.034555
7.757784,50,7.08544
14.11733,60,7.139819
13.737133,44,7.17974
12.53533,60,7.236065
21.545657,60,7.296478
13.224261,60,7.371497
15.994103,60,7.4405
10.344909,46,7.488308
15.151927,47,7.538407
10.885434,52,7.602481
5.958789,30,7.638185
3.983154,31,7.674415
20.55339,60,7.730299
13.318225,43,7.767603
16.563553,60,7.830993
7.716576,42,7.87168
13.454713,60,7.92688
12.368293,60,7.984657
15.939438,60,8.041007
6.646983,33,8.072176
25.672652,60,8.131678
7.007658,50,8.175485
8.204452,53,8.228686
38.246999,60,8.292276
28.472782,60,8.357256
2.145753,28,8.385471
21.582956,60,8.438929
16.601929,60,8.494151
8.480739,43,8.533917
7.68093,51,8.584763
12.262435,60,8.64414
16.269607,55,8.706091
16.712522,60,8.766472
10.177841,56,8.819796
24.527879,60,8.879748
6.801086,35,8.92015
24.959042,60,8.986591
8.502194,47,9.028089
4.752119,34,9.060337
8.666242,47,9.107106
8.292005,34,9.13874
12.809383,55,9.186595
25.04677,60,9.242001
8.59849,60,9.297961
31.838465,60,9.353852
27.19946,60,9.421304
17.063912,60,9.490242
14.788495,60,9.554654
14.41646,60,9.612031
23.850666,60,9.665462
18.484619,60,9.722345
18.56266,60,9.778684
21.670694,60,9.834045
12.977013,42,9.868306
18.124617,59,9.926674
20.657174,60,9.981007
11.175505,49,10.028821
23.057207,60,10.087745
16.102734,60,10.145571
29.936158,60,10.204938
9.568011,60,10.25831
24.756628,60,10.31672
13.89149,59,10.368586
8.64458,37,10.400357
30.505209,60,10.453619
5.117332,30,10.483424
46.067598,60,10.537724
16.782551,60,10.591624
14.083739,60,10.647449
19.415433,60,10.704759
12.664205,59,10.754484
17.560172,60,10.807313
17.834574,60,10.865116
8.204419,43,10.90698
8.33187,44,10.948844
13.699401,60,11.001715
16.976733,60,11.059623
19.586075,60,11.114454
4.491251,34,11.14478
14.666622,60,11.194625
15.14852,49,11.237923
43.066924,60,11.294976
12.032613,53,11.346136
0.973854,26,11.373265
10.792198,52,11.425422
22.549375,60,11.486791
13.652515,41,11.525193
5.18608,60,11.58522
22.528899,60,11.641623
14.177279,60,11.699523
15.769292,47,11.746854
12.769996,53,11.798728
16.117577,60,11.857111
21.011467,60,11.916985
4.029138,28,11.943653
24.103493,60,11.998637
0.659448,24,12.021882
26.714361,60,12.074761
7.002669,34,12.103904
9.485445,53,12.167823
7.235232,48,12.235217
12.862277,60,12.294547
8.32283,46,12.338261
12.65957,52,12.384101
10.493319,60,12.438428
26.688576,60,12.502311
32.731266,60,12.568324
32.799326,60,12.630692
7.714422,38,12.671656
24.901323,60,12.729581
15.082661,60,12.785513
25.776123,60,12.84095
7.294466,49,12.884179
11.321076,57,12.933386
14.55653,60,12.99115
17.086166,60,13.051875
17.947764,60,13.108101
12.934712,56,13.158471
7.393056,32,13.188756
9.90992,43,13.231549
9.459756,53,13.277927
22.012912,56,13.338691
8.12596,38,13.381434
20.573161,60,13.440891
26.560405,60,13.496867
15.26878,60,13.553778
9.543266,43,13.602971
12.889525,49,13.651701
18.679464,60,13.714022
14.683746,60,13.783604
12.321055,55,13.850582
23.260313,60,13.916972
2.456596,27,13.942104
14.09057,60,13.998528
15.099136,60,14.059564
10.548524,60,14.145237
7.438737,40,14.18542
14.992317,60,14.243776
9.909005,42,14.288047
27.246157,60,14.345922
12.955613,43,14.384173
4.845407,33,14.411316
4.495964,59,14.464701
12.460443,52,14.515483
27.296193,60,14.567831
4.201413,26,14.589978
9.293977,35,14.618681
9.485589,60,14.679641
4.687511,42,14.720455
24.99125,60,14.78088
11.827196,60,14.837202
21.672587,60,14.898543
8.922689,43,14.938846
21.30288,60,14.993755
19.807585,60,15.051985
10.297797,60,15.108309
24.810891,60,15.16365
22.258524,60,15.221972
28.555857,60,15.277424
8.659038,38,15.31317
8.37293,56,15.370579
5.216515,28,15.395278
11.831259,56,15.446195
33.039254,60,15.500542
9.169847,33,15.531443
16.972986,60,15.585248
10.577508,40,15.619524
16.669594,60,15.673378
35.379724,60,15.734845
24.741342,60,15.788784
12.780635,56,15.840592
16.414711,60,15.895885
9.816368,49,15.947278
18.512121,60,16.006718
13.523633,60,16.063576
3.671197,28,16.093095
12.592879,43,16.136274
25.524435,60,16.196492
8.312,44,16.246185
25.611365,60,16.300424
3.987198,31,16.333085
14.03063,50,16.377368
21.022197,60,16.437315
6.179458,58,16.499815
30.094823,60,16.555147
17.27821,60,16.618094
18.780461,60,16.677028
18.290617,60,16.733801
30.077366,60,16.785041
10.864329,50,16.828357
26.264458,60,16.883759
21.420517,60,16.943728
12.698951,53,16.992653
4.820016,34,17.025875
11.83491,56,17.074318
7.39281,45,17.116107
32.840709,60,17.174501
19.262554,60,17.23146
9.710488,40,17.267319
8.292687,41,17.309473
17.844626,60,17.373717
29.11211,60,17.430554
15.767634,52,17.484458
17.205012,55,17.537834
6.369431,45,17.579632
11.899698,38,17.616355
21.783859,57,17.67578
4.634343,36,17.71157
5.04415,43,17.752352
11.750903,60,17.811758
10.4382,43,17.85694
30.844429,60,17.91427
20.489124,60,17.972294
19.602542,60,18.031218
32.745428,60,18.08853
22.235028,60,18.145469
13.629502,48,18.189803
20.455269,60,18.25326
12.234708,37,18.286038
31.277139,60,18.343934
17.258179,55,18.402164
10.455403,60,18.455029
24.442268,60,18.511488
7.408089,38,18.551806
21.770617,60,18.605397
38.364928,60,18.662275
39.503366,60,18.722734
14.721283,55,18.774619
25.22587,60,18.833447
8.647445,56,18.886916
27.272871,60,18.941426
4.881091,41,18.973778
18.483336,60,19.02675
11.298725,42,19.063899
7.697495,60,19.120775
4.778902,31,19.148751
10.780375,38,19.186437
14.468312,60,19.244337
15.308804,55,19.298351
8.720753,53,19.352777
26.332136,60,19.411244
45.274786,60,19.472679
24.335389,55,19.538619
11.863229,60,19.599545
27.838097,60,19.662382
24.569961,60,19.720761
23.965842,60,19.781053
10.35378,43,19.825288
28.124265,60,19.886363
15.697946,60,19.943726
13.282285,58,20.00525
16.686888,58,20.058158
15.694501,60,20.115018
17.607709,57,20.176449
40.097608,60,20.238385
5.967641,40,20.277623
12.990946,60,20.336939
21.188082,60,20.401928
14.006457,60,20.458809
9.035283,57,20.510681
19.514135,60,20.572531
42.289351,60,20.637413
18.801295,60,20.69472
20.053335,60,20.755221
23.963139,60,20.818466
22.513264,60,20.883476
12.789251,52,20.942875
18.409284,60,21.000761
8.54867,39,21.040067
9.986028,57,21.096424
15.845872,60,21.161416
7.567155,39,21.202222
7.815566,37,21.239959
31.860899,60,21.300829
12.45254,54,21.35246
27.767673,60,21.410428
13.972893,46,21.461285
27.255062,60,21.519128
20.254155,60,21.575923
13.411329,60,21.628356
14.451055,60,21.692818
9.205967,32,21.725955
19.634787,60,21.785895
6.779306,40,21.824682
26.670724,60,21.898639
15.518734,60,21.959594
19.146154,60,22.022499
23.157777,60,22.082327
6.829714,36,22.117563
7.063182,43,22.162887
31.005983,60,22.225272
13.406739,60,22.283415
19.737606,48,22.328722
13.463148,57,22.387802
12.574929,45,22.433658
12.513028,48,22.483177
14.459054,58,22.545039
14.658707,60,22.609483
26.997861,60,22.67193
29.483234,60,22.737827
4.068175,34,22.773172
16.294376,60,22.891063
19.047141,60,22.95868
11.619298,38,22.998407
18.161116,60,23.05831
31.513809,60,23.110846
27.746508,60,23.168227
6.367277,35,23.201982
17.141007,60,23.255836
26.977927,60,23.316789
27.663983,60,23.371595
11.503884,60,23.426349
16.063441,60,23.490376
20.168541,60,23.552264
22.522651,60,23.610701
14.329086,55,23.661981
5.627575,48,23.707273
20.931813,60,23.760148
8.424975,46,23.802504
36.189219,60,23.859894
19.955416,60,23.91779
24.969554,60,23.968624
15.241306,60,24.018036
8.886654,44,24.059796
28.736549,60,24.119313
12.263622,60,24.177112
20.718386,60,24.236578
8.228962,41,24.280849
15.757066,60,24.338175
17.750663,60,24.394445
18.604389,60,24.452275
16.10408,60,24.514162
13.187109,60,24.58518
9.959898,39,24.6275
9.215366,44,24.671762
8.510641,60,24.740215
14.175342,48,24.797626
14.485735,60,24.866561
9.271319,37,24.907045
12.2291,60,24.973118
11.845862,43,25.014772
4.5437,31,25.040906
17.585142,60,25.100698
19.859314,60,25.168689
28.106276,60,25.23167
15.892059,58,25.288603
15.465102,55,25.346512
2.794329,39,25.38834
12.915093,44,25.432691
27.575546,60,25.490582
22.63682,60,25.554269
23.130179,60,25.608208
16.855101,60,25.670517
39.17514,60,25.729984
20.61416,60,25.788247
25.434955,60,25.854654
8.77975,60,25.912006
30.656526,60,25.96725
11.786925,48,26.01216
18.325125,49,26.057401
16.743479,60,26.117847
24.846907,60,26.174217
27.391721,60,26.227541
18.522347,60,26.279814
9.367583,60,26.335671
38.386356,60,26.390901
26.019556,60,26.448113
18.435562,60,26.508983
22.481481,60,26.563838
22.871257,60,26.624366
21.329322,60,26.689332
11.865644,44,26.734185
27.255051,60,26.79263
26.466383,60,26.855044
26.761247,60,26.917995
12.683465,60,26.977785
16.083298,60,27.034683
18.674992,60,27.097095
3.824095,41,27.142904
14.357046,57,27.204201
25.057639,60,27.269669
10.617225,40,27.320077
13.53975,60,27.388438
29.827443,60,27.450797
9.222065,46,27.502583
18.751504,60,27.5643
12.085276,60,27.627278
15.400293,56,27.688634
5.788025,38,27.72786
11.089545,38,27.771171
14.406859,58,27.829051
39.300946,60,27.89499
25.228365,60,27.957853
10.917474,60,28.02512
43.114372,60,28.088436
12.317988,51,28.139226
19.632275,60,28.22241
28.12767,60,28.288274
30.539615,60,28.351682
29.993464,60,28.420075
11.025763,60,28.480439
27.178254,60,28.537208
35.710257,60,28.598277
8.956116,47,28.641101
14.35641,55,28.692349
31.303183,60,28.748106
13.883383,58,28.806579
27.344383,60,28.869001
19.582496,60,28.927372
11.842027,60,29.00134
31.135258,60,29.070702
31.983008,60,29.141107
15.378399,43,29.192971
4.829413,45,29.240211
27.737064,60,29.306904
35.746718,60,29.380913
9.62009,35,29.420107
23.845908,60,29.485263
15.960117,60,29.548186
26.412738,60,29.609571
30.292939,60,29.676361
31.375772,60,29.736302
24.398027,60,29.798695
17.31688,60,29.863092
30.070876,60,29.919526
11.275386,60,29.969332
18.780956,60,30.027252
7.645673,60,30.079683
23.069547,60,30.128036
8.327121,60,30.175341
25.568316,60,30.228555
20.478454,60,30.279371
11.369329,60,30.324646
16.19889,60,30.376157
27.755172,60,30.421955
31.579291,60,30.467664
29.561393,60,30.517577
9.299127,51,30.554906
30.317699,60,30.59815
13.235349,44,30.633926
37.439139,60,30.684834
20.359615,60,30.729043
42.865858,60,30.77082
5.146161,27,30.789944
14.009264,60,30.829187
26.85806,60,30.872537
20.944753,60,30.91436
32.237445,60,30.955506
2.339581,37,30.980031
32.270219,60,31.03135
35.445315,60,31.07255
18.025531,60,31.122788
32.259868,60,31.172179
33.015099,60,31.228116
22.366996,60,31.289532
17.650309,46,31.33725
18.695768,52,31.393143
26.476815,60,31.453601
8.866995,46,31.497444
6.327072,39,31.537662
28.826666,60,31.596059
23.237855,60,31.651938
23.581221,60,31.710641
20.701503,60,31.771584
31.621599,60,31.83148
18.92957,60,31.890897
18.204001,60,31.950764
15.094081,60,32.011297
20.94131,60,32.071744
26.028849,60,32.143195
25.929346,60,32.214618
25.941197,60,32.280025
25.69814,60,32.339408
32.628092,60,32.404388
30.920966,60,32.466759
30.36723,60,32.527139
5.438577,45,32.575001
20.874927,60,32.635885
37.641514,60,32.697859
25.516525,60,32.758198
26.416913,60,32.818339
21.358232,56,32.877129
32.354224,60,32.935117
16.709419,60,32.992479
27.944805,60,33.056335
12.319428,57,33.114733
15.708486,53,33.168161
28.032428,60,33.226131
38.541713,60,33.28804
35.82214,60,33.346867
7.730895,60,33.41165
17.74617,60,33.47159
5.195848,35,33.507272
11.939283,56,33.562659
35.381989,60,33.624628
32.290369,60,33.679952
14.43346,60,33.738316
15.050404,60,33.796663
24.027543,60,33.853586
18.331947,55,33.906527
15.985008,55,33.961926
8.247506,38,34.00016
22.029763,60,34.059985
23.362067,60,34.123737
16.922013,60,34.184617
32.714118,60,34.24294
15.367012,53,34.289286
15.804473,53,34.3508
26.874809,60,34.412835
12.832261,60,34.475755
19.145877,45,34.518037
7.331983,31,34.551294
15.678842,60,34.613102
32.982455,60,34.670881
7.425625,52,34.721789
32.706189,60,34.788426
35.285307,60,34.850751
9.888021,60,34.9091
21.61317,59,34.968485
17.680995,60,35.030291
15.355612,60,35.089138
22.170423,60,35.152808
20.868788,60,35.209047
16.448347,47,35.25631
21.219562,60,35.315317
34.683011,60,35.376107
28.839336,60,35.439561
13.2421,55,35.493411
14.039793,51,35.544291
15.575463,60,35.605978
16.6735,59,35.661893
16.393503,60,35.719405
20.248882,57,35.778705
42.116168,60,35.838007
20.089531,60,35.898329
14.934559,60,35.960146
3.958227,33,35.995835
36.266492,60,36.05371
15.864799,55,36.111045
24.048844,60,36.171494
21.511963,60,36.232571
8.541064,48,36.277843
17.497132,60,36.333182
16.041421,60,36.398076
21.006467,60,36.457555
7.603632,35,36.493302
16.448022,60,36.552164
11.740213,49,36.601856
24.932704,60,36.66308
12.372378,48,36.710386
21.441965,60,36.770788
41.183857,60,36.831162
32.667196,60,36.889549
6.894902,41,36.931867
17.244499,60,36.992072
16.342826,60,37.054217
19.857431,57,37.117686
13.761104,60,37.175678
38.011723,60,37.239395
21.460559,60,37.297173
18.142502,60,37.353444
13.093372,51,37.403303
30.520885,60,37.461631
18.128309,59,37.517946
28.589948,60,37.578368
31.855465,60,37.638281
11.218873,51,37.688004
16.385789,60,37.746651
28.195599,60,37.807451
32.981465,60,37.869932
16.24971,60,37.929728
26.466731,60,37.993238
25.447132,60,38.053548
21.075713,60,38.113983
23.645663,60,38.169326
30.792046,60,38.228214
40.77488,60,38.28706
20.093873,60,38.347998
17.440605,60,38.410304
17.013892,47,38.459484
24.11251,60,38.532394
30.502288,60,38.60111
12.715978,60,38.666538
24.230358,60,38.732114
28.278964,60,38.793961
24.117351,60,38.854766
17.698305,56,38.912535
22.803875,46,38.964758
32.250152,60,39.034146
36.451621,60,39.110713
12.463204,45,39.157064
28.273406,60,39.223051
36.078617,60,39.293522
38.500094,60,39.354937
13.743043,52,39.404294
12.726625,60,39.465887
16.432662,53,39.521633
27.034021,60,39.584022
14.35361,60,39.653001
14.605496,48,39.708384
15.774228,55,39.789457
22.901497,51,39.856951
20.616898,50,39.922912
27.449232,60,39.983375
30.908135,60,40.045823
38.495273,60,40.108337
14.590238,60,40.169111
36.345302,60,40.229458
33.361367,60,40.29034
26.731229,60,40.349137
22.86891,60,40.413001
30.266451,60,40.476394
15.328335,60,40.536821
30.305429,60,40.602233
26.810644,60,40.664442
13.223655,60,40.728348
38.625961,60,40.796769
8.604828,59,40.860167
8.005722,44,40.905317
12.201538,38,40.945315
9.129763,48,40.997526
34.783772,60,41.075874
6.009856,37,41.122197
14.022225,56,41.203739
10.861877,41,41.246463
30.64536,60,41.315432
27.45874,60,41.378263
35.187647,60,41.440684
17.248969,60,41.507136
9.518038,42,41.551384
22.304415,60,41.622403
30.73246,60,41.690883
22.653381,60,41.752317
24.727443,60,41.818576
25.252854,60,41.883369
17.356708,53,41.936755
21.069097,60,41.996663
33.572887,60,42.057034
47.228597,60,42.116928
3.874005,37,42.153755
35.543229,60,42.214511
30.942245,60,42.275854
20.341706,60,42.339828
24.690425,60,42.39982
25.350473,60,42.458694
10.911528,39,42.498007
12.221106,60,42.562377
14.553885,58,42.617181
20.503559,58,42.678155
26.086776,60,42.743138
17.895194,60,42.80351
26.744638,60,42.869405
24.309428,60,42.935951
21.414226,60,42.995373
9.104051,37,43.032619
33.628883,60,43.089502
24.609697,60,43.152487
31.800009,60,43.21639
28.267691,60,43.279352
28.300809,60,43.340384
38.668656,60,43.397769
9.558417,36,43.432053
23.136543,60,43.497627
13.28129,52,43.549839
7.521103,53,43.610735
19.201081,56,43.671556
22.468279,60,43.732596
33.101929,60,43.79549
30.58113,60,43.856421
29.09835,60,43.916728
18.179948,60,43.979172
10.810429,46,44.022012
12.309454,53,44.079412
27.136767,60,44.14482
11.428116,60,44.20522
12.88549,60,44.263929
20.641008,60,44.32792
13.52681,47,44.378301
20.311323,60,44.439121
34.464289,60,44.504969
8.024245,38,44.549798
10.758553,41,44.597016
35.188507,60,44.658983
36.004795,60,44.720899
21.732113,60,44.786311
42.09297,60,44.857292
21.000868,59,44.91915
15.558017,60,44.984998
17.382772,52,45.040231
10.326765,47,45.08849
19.956066,60,45.155572
25.442939,60,45.223083
30.911051,60,45.285665
11.401555,60,45.34646
25.754794,60,45.40431
42.874113,60,45.465131
6.710827,60,45.527021
34.882154,60,45.587798
15.011054,46,45.640589
14.68772,60,45.698871
20.605794,60,45.757049
18.599878,57,45.816895
18.13584,59,45.874777
39.303532,60,45.935194
4.642511,27,45.962388
25.102432,60,46.025369
21.541141,60,46.084782
32.575977,60,46.147744
3.908029,27,46.175045
23.564035,60,46.23979
15.25545,60,46.304189
13.97002,60,46.369142
20.167982,60,46.431037
16.327416,60,46.49536
10.252489,46,46.545665
20.171317,60,46.609634
17.068041,47,46.664125
17.783403,60,46.743106
30.846261,60,46.812377
24.227519,60,46.877701
33.775051,60,46.942529
39.367384,60,47.003864
33.055512,60,47.067231
23.852493,60,47.127471
6.296563,29,47.154596
20.954224,60,47.215844
34.167281,60,47.274754
40.585848,60,47.335698
15.040689,60,47.396555
8.547323,46,47.440829
20.912546,60,47.497793
13.840515,60,47.561728
18.908049,53,47.62157
12.076461,47,47.667809
40.347936,60,47.734807
25.139239,60,47.793734
35.18493,60,47.858781
11.167644,55,47.915843
11.548312,38,47.957596
33.888923,60,48.015163
12.810086,49,48.062552
28.657234,60,48.12345
14.274547,51,48.177202
15.96505,60,48.241992
30.520694,60,48.311832
26.064381,60,48.372053
22.827317,60,48.434973
14.831875,60,48.496299
31.012144,60,48.554703
26.618539,60,48.622688
20.832254,60,48.681824
42.913678,60,48.743874
22.168606,60,48.809649
28.20082,60,48.868889
33.004723,60,48.928788
34.183372,60,48.988208
17.180703,60,49.054194
27.45785,60,49.114885
32.303976,60,49.177033
27.14194,60,49.237571
19.472945,60,49.304724
31.744935,60,49.366544
18.432929,60,49.428925
17.660456,38,49.468168
21.039539,60,49.526554
17.952542,60,49.590524
36.197942,60,49.653926
37.262047,60,49.716823
10.592411,54,49.77468
15.681897,60,49.836688
27.812131,60,49.902064
19.432289,60,49.968064
52.376066,60,50.031029
35.94909,60,50.091967
23.419641,60,50.150202
36.537411,60,50.209534
12.075089,60,50.272414
10.657055,43,50.313195
25.083977,60,50.372089
16.184599,60,50.432433
25.242931,60,50.493341
18.32885,60,50.557698
33.119579,60,50.623093
30.33868,60,50.687521
25.782029,60,50.75594
18.955964,56,50.815889
35.780531,60,50.890911
42.312616,60,50.95731
25.03555,60,51.02274
27.71923,60,51.100569
19.578598,60,51.163787
22.026153,60,51.230253
35.846745,60,51.291677
39.982348,60,51.35358
25.710906,60,51.417448
30.877087,60,51.48147
28.427838,60,51.54933
25.26223,60,51.615302
29.290621,60,51.675748
30.567343,60,51.73663
29.014751,60,51.798896
35.032602,60,51.864256
38.38878,60,51.925644
29.183089,60,51.985548
19.056005,60,52.050022
38.70509,60,52.114454
33.232802,60,52.176299
28.48023,60,52.240248
3.756137,25,52.267948
29.844565,60,52.331794
25.678369,60,52.398157
28.840328,60,52.466207
31.11212,60,52.527167
43.988615,60,52.58657
31.59315,60,52.653016
27.228178,55,52.712919
15.183907,60,52.775243
40.450884,60,52.836995
26.805113,60,52.900342
19.476735,60,52.96629
25.283534,60,53.030357
19.681728,60,53.090837
10.450856,46,53.140195
43.505101,60,53.202593
16.449686,44,53.249949
17.728913,60,53.314254
24.599031,60,53.370764
11.028179,60,53.432592
40.220569,60,53.497064
45.757433,60,53.555984
21.478479,60,53.620421
34.287541,60,53.683729
22.732617,60,53.744405
8.64266,53,53.798276
11.412384,59,53.857228
20.554576,60,53.920303
10.251337,54,53.977172
27.80776,60,54.040525
25.361761,60,54.106009
25.996296,60,54.169951
20.766922,60,54.230958
24.980615,60,54.292806
10.977931,46,54.338064
32.599679,60,54.398824
11.529454,52,54.453179
34.506426,60,54.525048
29.053216,60,54.590001
16.166096,60,54.653088
33.706085,60,54.719967
13.725495,52,54.774366
17.265031,60,54.836673
32.592,60,54.901765
14.735097,60,54.965116
20.482252,60,55.026934
30.736593,60,55.098949
22.707669,60,55.160402
37.369291,60,55.224321
33.162786,60,55.286736
8.486012,47,55.334598
31.739733,60,55.399058
23.418998,55,55.452718
9.568919,50,55.505632
23.313027,60,55.587605
32.474085,60,55.668972
9.60015,59,55.736775
40.973111,60,55.802355
36.925201,60,55.867446
14.791447,60,55.937467
22.42783,60,56.007978
18.213486,60,56.088839
27.551306,60,56.182971
32.970273,60,56.251378
33.079003,60,56.319837
26.684773,60,56.387741
20.637135,60,56.453386
18.469243,55,56.510861
28.473312,60,56.574896
12.745714,60,56.637746
20.85845,60,56.694154
16.910736,60,56.757681
34.935285,60,56.821114
38.271973,60,56.878999
36.541521,60,56.938795
31.191709,60,57.003255
12.08291,60,57.073608
29.582093,60,57.148663
41.625747,60,57.215099
28.534533,60,57.274067
21.608329,60,57.342992
28.67057,60,57.41554
7.585686,38,57.473344
28.969088,60,57.551747
25.51081,60,57.624619
36.505769,60,57.703902
38.344682,60,57.771138
52.763449,60,57.834122
32.160738,60,57.897035
30.332453,52,57.950399
40.804778,60,58.008751
29.039936,60,58.075704
33.099894,60,58.139152
28.390297,60,58.198534
25.247132,60,58.265495
30.341735,60,58.328714
13.270561,37,58.365885
23.267425,60,58.431374
18.435192,60,58.492228
41.483215,60,58.553623
47.981913,60,58.624109
29.028758,60,58.696634
29.755581,60,58.760175
9.25522,39,58.801368
18.949253,60,58.864644
16.422722,60,58.931674
22.965618,60,58.993579
13.655038,60,59.054526
41.519383,60,59.121978
45.745711,60,59.184392
35.743467,60,59.250871
47.217993,60,59.313828
40.233858,60,59.377261
33.248775,60,59.443681
29.691599,60,59.505076
17.93552,60,59.56487
27.655622,60,59.625766
32.426035,60,59.689126
23.430424,58,59.75052
27.676014,60,59.819942
17.582557,60,59.886218
49.689155,60,59.947994
29.654085,60,60.010305
25.368555,60,60.073593
13.774483,48,60.121979
26.236405,60,60.184436
21.164765,60,60.244076
40.392934,60,60.305524
30.680475,60,60.373487
18.731139,60,60.43698
28.15796,60,60.50314
42.250969,60,60.567498
47.018572,60,60.632873
20.294806,60,60.695912
37.199539,60,60.770873
40.52666,60,60.838868
9.375975,60,60.909367
26.896486,60,60.982981
33.167741,60,61.05448
32.521182,60,61.164365
16.523591,60,61.236807
18.446748,47,61.28578
38.408156,60,61.348702
41.848963,60,61.413269
37.995802,60,61.480294
40.515897,60,61.54675
19.058551,60,61.612087
34.699126,60,61.675507
21.679485,60,61.73543
34.208626,60,61.793463
26.756457,60,61.852276
34.842424,60,61.914036
19.427407,60,61.973856
41.033392,60,62.03631
34.293085,60,62.099724
16.182341,60,62.163095
34.750184,60,62.230168
19.005533,60,62.293568
26.921586,60,62.353519
16.257752,37,62.389309
43.250717,60,62.448638
37.693547,60,62.518595
19.646756,60,62.583923
15.794151,60,62.645711
29.736632,60,62.716587
17.097358,45,62.764539
28.385763,60,62.832423
22.333507,60,62.900318
30.157146,60,62.964789
28.358757,60,63.026818
23.806474,60,63.090996
23.799902,60,63.157917
41.315892,60,63.221359
36.495394,60,63.287248
29.635546,60,63.354311
20.103768,60,63.416217
42.07043,60,63.478649
41.222424,60,63.543099
22.185385,60,63.609238
20.860069,60,63.673756
22.945076,60,63.738576
11.856557,38,63.778959
22.487046,60,63.844008
42.096644,60,63.907443
36.508576,60,63.974907
27.958972,60,64.035292
28.656316,60,64.097258
21.653056,60,64.157296
27.202712,60,64.218801
36.51581,60,64.278831
27.290778,60,64.337626
19.554123,60,64.40542
18.312028,60,64.468288
29.31024,60,64.528707
29.038198,60,64.595577
28.757138,60,64.659159
41.929646,60,64.723421
20.271019,60,64.785804
27.243864,60,64.84862
18.753132,46,64.899447
35.985159,60,64.961853
24.010418,60,65.027329
32.177608,60,65.088248
17.97028,60,65.149827
26.894812,60,65.215699
34.838736,60,65.282578
25.398988,60,65.347474
23.758962,60,65.415078
39.365641,60,65.481003
25.966697,60,65.542388
20.509038,60,65.612798
49.989921,60,65.674236
26.636644,60,65.735122
13.791359,60,65.798668
24.407896,60,65.863513
31.309265,60,65.925337
43.516628,60,65.987636
16.912751,60,66.053512
44.444748,60,66.11688
26.148179,60,66.18139
34.129751,60,66.245763
17.379792,60,66.306228
19.987947,60,66.368651
45.863582,60,66.430569
18.949063,60,66.492517
9.767227,33,66.522706
28.764813,60,66.587449
19.925972,60,66.648832
32.786081,60,66.70974
38.821966,60,66.775174
26.194746,60,66.842131
38.96781,60,66.90851
20.531467,52,66.961847
21.870487,60,67.026276
21.515917,60,67.087715
4.357596,28,67.116842
21.156148,60,67.181705
23.683202,60,67.24263
30.593283,60,67.308955
23.286515,60,67.374487
39.204704,60,67.434339
32.437918,60,67.498373
45.378584,60,67.563838
37.609084,60,67.6278
28.907663,60,67.69178
51.485549,60,67.754626
45.304847,60,67.818591
46.207712,60,67.883948
22.189613,60,67.946768
43.089107,60,68.012422
51.68195,60,68.076779
23.876385,60,68.138783
45.850193,60,68.209268
23.377452,60,68.271688
24.937056,60,68.336994
36.085419,60,68.403849
28.724311,60,68.465205
34.531665,60,68.525949
21.402796,60,68.58885
43.708666,60,68.651739
20.120195,60,68.717712
17.979613,60,68.777535
8.902214,48,68.827415
15.393655,46,68.875633
33.935549,60,68.937073
31.778603,60,69.004801
41.614073,60,69.098418
43.293593,60,69.166865
26.252748,60,69.228346
28.382532,60,69.292232
36.575131,60,69.354223
31.862169,60,69.415197
27.259221,60,69.476674
33.649012,60,69.539505
25.942714,60,69.606658
22.936444,60,69.673576
54.473206,60,69.737466
50.385014,60,69.802355
36.796962,60,69.86834
35.566244,60,69.931697
45.339842,60,69.997348
46.82818,60,70.062407
36.450688,60,70.12294
15.739401,60,70.187315
49.549064,60,70.254746
42.956939,60,70.319082
35.776821,60,70.387442
17.796024,60,70.450877
45.582327,60,70.518891
16.192141,60,70.582799
19.235942,53,70.642473
9.598119,40,70.686812
28.376829,60,70.751614
38.382553,60,70.814174
41.542323,60,70.87683
37.678495,60,70.938176
13.170135,50,70.989168
22.37419,60,71.054214
18.643929,60,71.117673
40.5577,60,71.184079
40.129376,60,71.250537
26.705618,60,71.316919
25.230925,60,71.385379
12.154987,39,71.427191
24.923854,60,71.494697
32.194622,60,71.556078
25.643809,60,71.620535
15.862786,60,71.683469
23.02704,60,71.745931
34.458585,60,71.807313
43.052525,60,71.872858
46.810032,60,71.935824
31.799644,60,71.999589
29.085141,60,72.065113
18.697213,60,72.128909
48.622814,60,72.189931
40.543139,60,72.255365
24.916244,60,72.323311
38.522953,60,72.384277
16.473057,48,72.435552
27.874657,60,72.50297
27.285102,60,72.566255
26.24286,60,72.632455
30.052861,60,72.697286
32.561215,60,72.761141
25.60499,60,72.824081
10.361083,53,72.881348
33.360536,60,72.948301
42.231788,60,73.013186
39.193794,60,73.07462
17.904987,56,73.134892
26.764031,60,73.200906
41.191241,60,73.262409
44.8275,60,73.32229
34.955164,60,73.384701
46.933821,60,73.442078
40.779576,60,73.50664
49.019329,60,73.572157
40.353724,60,73.637499
39.021055,60,73.698801
41.857713,60,73.766313
35.141063,60,73.829212
36.867619,60,73.893711
48.662449,60,73.957629
41.209778,60,74.021492
38.028551,60,74.087358
37.589676,60,74.152881
40.091916,60,74.218669
41.987214,60,74.283118
13.85226,60,74.348579
35.153157,60,74.414447
31.083692,60,74.478384
38.868833,60,74.543346
56.125266,60,74.611826
30.339566,60,74.673217
28.127603,60,74.736503
32.268801,60,74.801431
12.869063,60,74.868356
28.5362,60,74.932687
22.686787,60,74.999025
18.832185,60,75.06627
29.089764,60,75.131758
30.630109,60,75.19882
38.286359,60,75.262636
17.356803,60,75.32562
30.425825,60,75.389535
54.527878,60,75.451961
51.348511,60,75.515368
35.432253,60,75.578199
20.731038,53,75.631568
49.842095,60,75.69501
46.467451,60,75.757529
29.574829,60,75.823027
26.411076,60,75.888519
28.594107,60,75.952057
37.583059,60,76.017555
46.688079,60,76.082097
53.01992,60,76.148797
34.309609,60,76.213163
40.860041,60,76.27667
23.125416,48,76.324485
36.619102,60,76.387802
49.014795,60,76.450641
35.218694,60,76.515103
33.328604,60,76.579526
35.301336,60,76.646406
44.552497,60,76.712214
39.919747,60,76.770113
28.153305,60,76.837069
37.41707,60,76.901979
38.507922,60,76.968408
42.872021,60,77.03542
34.868501,60,77.102471
33.284321,60,77.163412
21.563802,60,77.228352
30.626485,60,77.29105
18.508058,60,77.35992
32.196842,60,77.424158
48.173142,60,77.486772
29.048834,60,77.550586
50.092974,60,77.615965
35.134227,60,77.678365
30.777386,60,77.745412
30.069928,60,77.808268
41.147962,60,77.872419
45.324525,60,77.936814
28.510118,60,77.997164
36.459922,60,78.06312
34.441512,60,78.127068
24.416468,60,78.190462
31.151471,60,78.26252
35.375219,60,78.327254
30.22211,60,78.392141
37.515375,60,78.458133
52.036221,60,78.519039
33.344432,60,78.583369
33.828338,60,78.650208
20.558104,60,78.718702
34.38717,60,78.783044
32.579692,60,78.847482
23.115464,60,78.910378
25.182649,60,78.973452
38.784642,60,79.039503
15.793194,60,79.104934
23.006202,60,79.173829
38.673987,60,79.240645
36.206587,60,79.30861
41.583844,60,79.377069
34.768519,60,79.44451
19.922617,60,79.513641
30.481175,60,79.579035
35.772977,60,79.652076
34.991156,60,79.717502
29.482458,60,79.784462
43.17649,60,79.849484
42.04349,60,79.912451
17.36778,48,79.964294
49.652311,60,80.029771
47.951273,60,80.096022
16.610281,60,80.158301
44.482487,60,80.220637
41.2534,60,80.286118
32.694401,60,80.351
20.235041,60,80.416455
50.418627,60,80.480439
31.332538,60,80.549343
21.993798,60,80.618158
30.061913,60,80.684672
43.75528,60,80.747917
36.140929,60,80.810375
31.176058,60,80.880444
39.289854,60,80.944373
24.594572,60,81.011411
35.144529,60,81.075311
46.433294,60,81.142808
48.383848,60,81.210722
32.502467,60,81.279566
43.012881,60,81.341869
47.924327,60,81.409777
36.960791,60,81.473816
39.19832,60,81.541272
32.155906,60,81.609262
32.783039,60,81.673824
42.408313,60,81.741861
17.166927,60,81.805621
41.716941,60,81.872519
34.323021,60,81.936857
46.656156,60,82.000371
32.098286,60,82.069299
29.381875,49,82.123412
24.578252,60,82.190834
23.617091,60,82.255699
50.545157,60,82.321634
31.104767,60,82.384135
33.844795,60,82.44704
22.345414,60,82.513881
33.163192,60,82.57629
33.345067,60,82.644126
24.663536,60,82.713599
46.759949,60,82.778496
37.175534,60,82.847473
39.365462,60,82.918258
46.13229,60,82.985157
37.940857,60,83.051578
27.779379,60,83.112872
41.39091,60,83.18064
43.779085,60,83.246666
52.700591,60,83.312598
41.21949,60,83.378552
35.772281,60,83.441434
34.894843,60,83.507393
42.744536,60,83.573784
30.248838,60,83.639379
25.005056,60,83.707315
22.601802,53,83.764256
42.350935,60,83.829585
40.787019,60,83.896513
43.592638,60,83.96502
29.461703,60,84.029948
41.714885,60,84.095346
31.583498,60,84.164868
49.070419,60,84.2297
30.542397,60,84.295667
34.784352,60,84.362012
23.10299,60,84.427457
52.885298,60,84.494306
35.756977,60,84.559077
46.261088,60,84.627491
31.636544,60,84.693989
24.952697,60,84.756298
33.058983,60,84.820581
34.345115,60,84.884466
42.380742,60,84.949346
33.303489,60,85.01488
24.564217,60,85.080781
43.16457,60,85.146108
37.442754,60,85.21413
22.661743,60,85.279311
16.263598,60,85.342803
30.093441,60,85.412045
29.42994,60,85.478184
42.869449,60,85.546097
26.87377,51,85.607064
23.414596,60,85.672019
24.800711,60,85.732857
42.692964,60,85.799646
33.150905,60,85.868064
18.286047,60,85.931993
37.917811,60,86.002975
35.405371,60,86.066524
51.399303,60,86.136278
33.844014,60,86.204062
44.40625,60,86.270284
29.880098,60,86.339231
23.179853,60,86.406866
45.967389,60,86.482923
34.500411,60,86.564919
42.389368,60,86.647327
24.28839,60,86.724241
40.808927,60,86.792048
44.783498,60,86.865003
30.482126,60,86.934509
49.981624,60,86.999906
46.103732,60,87.064374
37.80304,60,87.129217
23.162159,60,87.193953
47.143597,60,87.260319
43.545297,60,87.325925
41.188778,60,87.405396
40.459617,60,87.478356
20.012457,60,87.54864
30.208838,60,87.622242
21.022813,60,87.693771
19.823294,60,87.76225
36.770154,60,87.826516
33.163333,60,87.897005
34.626655,60,87.963975
31.065342,60,88.027366
40.162211,60,88.095894
54.185918,60,88.161814
41.86479,60,88.226621
40.001845,60,88.296564
27.342503,60,88.363981
18.994525,60,88.433009
20.739749,60,88.511947
22.687624,60,88.577315
41.641519,60,88.645814
37.652791,60,88.71191
36.879135,60,88.779782
51.55327,60,88.844269
40.541413,60,88.912711
39.358523,60,88.976619
38.014167,60,89.044
40.615249,60,89.110979
37.461865,60,89.173874
42.95347,60,89.23728
30.611,60,89.304261
25.840246,60,89.370119
28.42391,60,89.430605
17.850891,60,89.494634
35.501451,60,89.563607
19.199031,60,89.628019
35.170809,60,89.696046
44.31855,60,89.763456
39.083093,60,89.829924
25.896947,60,89.896577
11.57272,60,89.962474
21.880179,60,90.02968
21.786466,60,90.095341
29.893832,60,90.164882
31.112522,60,90.233336
48.183816,60,90.301301
54.374815,60,90.367234
38.514032,60,90.431705
43.604289,60,90.499607
30.372659,60,90.569296
47.896542,60,90.635996
35.48906,60,90.70175
25.445765,60,90.770349
37.45253,60,90.836819
47.578988,60,90.906836
25.092634,60,90.973175
43.042576,60,91.045198
40.385095,60,91.110243
35.202276,60,91.177073
38.58423,60,91.248947
43.351503,60,91.313164
20.835879,60,91.378773
40.447721,60,91.447246
36.468929,60,91.512693
33.961432,60,91.582118
20.587281,58,91.644321
40.421087,60,91.713804
44.181029,60,91.783254
50.914362,60,91.853687
46.788087,60,91.922565
20.475182,60,91.996981
43.089284,60,92.066956
20.290369,60,92.134881
50.972648,60,92.206977
41.455559,60,92.277946
23.021017,60,92.353987
40.587661,60,92.423965
27.781011,60,92.494807
40.211325,60,92.565779
46.307065,60,92.638269
26.112724,60,92.712358
36.723161,60,92.780829
28.677244,60,92.856791
39.760841,60,92.924946
13.473384,39,92.970413
48.521812,60,93.041891
36.961446,60,93.113213
46.198838,60,93.180697
40.862516,60,93.255701
54.840589,60,93.326147
49.407509,60,93.395597
44.01103,60,93.466992
41.699223,60,93.54141
57.695676,60,93.613746
38.456592,60,93.686831
29.362691,60,93.754383
52.133075,60,93.820337
36.639253,60,93.888804
23.031748,60,93.95575
28.742103,60,94.027207
41.813562,60,94.096004
25.654366,60,94.168007
48.613702,60,94.23686
37.40908,60,94.311001
42.494681,60,94.382553
56.933535,60,94.450503
34.792001,60,94.519438
41.634802,60,94.584965
43.434597,60,94.655383
32.758023,60,94.725334
42.884761,60,94.795856
41.627637,60,94.866888
37.114088,60,94.933344
37.011291,60,95.006246
34.064904,60,95.075208
26.948726,57,95.14324
42.215173,60,95.214737
37.564574,60,95.282054
38.086352,60,95.354403
48.032237,60,95.426942
24.250026,60,95.492523
36.661501,60,95.562907
39.093631,60,95.636837
29.750805,60,95.708341
21.750921,60,95.778259
37.665179,60,95.851132
48.817076,60,95.917853
32.389635,60,95.990142
16.718023,60,96.057973
31.667694,60,96.125496
35.323654,60,96.193537
44.671314,60,96.260385
45.042417,60,96.326805
33.212669,60,96.394922
18.480178,60,96.465838
27.035966,60,96.536739
27.431999,60,96.608463
39.818905,60,96.678136
55.259588,60,96.753948
41.447022,60,96.82698
31.82494,60,96.902893
43.7166,60,96.9768
33.728651,60,97.047984
44.062047,60,97.126513
26.609295,60,97.19902
30.958559,60,97.279542
8.637965,38,97.329883
37.997333,60,97.400823
38.614297,60,97.471449
44.525785,60,97.545646
49.625514,60,97.621154
39.824803,60,97.754185
47.515329,60,97.836184
38.260338,60,97.913242
48.512515,60,97.986748
52.434395,60,98.065272
41.86481,60,98.13783
44.198317,60,98.212353
47.319361,60,98.280322
45.441413,60,98.350238
31.596776,60,98.420171
34.450343,60,98.494778
26.648875,60,98.567724
36.533813,60,98.638816
41.593238,60,98.710781
28.883504,60,98.779306
34.172596,60,98.854832
40.763102,60,98.923783
49.427957,60,98.995241
31.153752,60,99.066262
47.568021,60,99.134744
26.689584,51,99.190609
35.996365,60,99.262639
35.804965,60,99.33161
35.795202,60,99.405494
34.347908,60,99.482982
48.960977,60,99.552879
49.142038,60,99.625766
48.844698,60,99.701241
24.238083,60,99.773697
36.812232,60,99.848285
49.622672,60,99.918336
28.847398,60,99.987721
21.977003,60,100.060187
31.712353,60,100.131104
41.379014,60,100.209085
29.674937,60,100.282009
49.504814,60,100.351948
33.387237,60,100.419911
26.475229,60,100.491367
34.35386,60,100.560247
41.556749,60,100.630187
33.387902,60,100.706162
58.14296,60,100.77821
45.733543,60,100.850213
35.915643,60,100.922266
44.59518,60,100.992882
39.469235,60,101.068325
26.905027,60,101.145747
57.676143,60,101.217172
14.860258,60,101.28797
37.47243,60,101.357899
30.602953,60,101.433717
28.164674,60,101.505987
36.089862,60,101.57437
32.597136,60,101.643368
37.103991,60,101.711663
37.378977,60,101.782062
5.566388,31,101.820302
28.021563,60,101.887783
41.058498,60,101.95711
53.119375,60,102.028283
56.050672,60,102.094716
36.818753,60,102.161589
34.424468,60,102.232949
47.715205,60,102.303104
28.766501,60,102.370509
56.873674,60,102.444719
43.536533,60,102.524258
26.292875,60,102.60075
41.389003,60,102.6747
27.047499,60,102.753104
53.789618,60,102.830558
51.120597,60,102.911689
27.506429,60,102.991427
36.524948,60,103.074402
37.493638,60,103.153475
37.168125,60,103.231569
36.669072,60,103.311905
23.107681,60,103.393685
36.077661,60,103.476609
24.947315,60,103.55332
30.443678,60,103.628193
34.31307,60,103.704192
27.243994,60,103.772866
37.193024,60,103.845992
32.554265,60,103.921431
39.021239,60,103.987732
30.402079,60,104.059413
31.981008,60,104.130455
39.72922,60,104.196887
35.165943,60,104.266835
32.484796,60,104.336715
34.81623,60,104.415102
57.010984,60,104.485355
39.218667,60,104.551633
39.802659,60,104.636536
43.529011,60,104.71062
28.498826,60,104.776094
36.943976,60,104.843543
35.235005,60,104.915055
41.949066,60,104.986494
41.739166,60,105.052556
15.270398,40,105.093719
37.266842,60,105.164125
34.505855,60,105.230623
50.384647,60,105.295563
53.219412,60,105.366007
52.212752,60,105.436473
49.126104,60,105.503057
45.281224,60,105.574748
55.898487,60,105.64001
51.471229,60,105.70482
49.672847,60,105.770999
48.555173,60,105.835955
40.095798,60,105.903394
49.266687,60,105.969322
34.617001,60,106.033176
49.224656,60,106.099791
35.873884,60,106.166658
51.593235,60,106.235343
34.161965,60,106.306527
40.129864,60,106.373248
38.105315,60,106.444062
37.903855,60,106.50904
32.408362,60,106.573504
31.895101,60,106.640443
44.121468,60,106.710408
34.707913,60,106.776547
42.92446,60,106.840424
32.264463,60,106.914284
58.916166,60,106.982042
36.140895,60,107.050127
25.042729,60,107.118004
40.546511,60,107.183776
54.181618,60,107.248598
48.850554,60,107.31803
51.704309,60,107.39043
40.606196,60,107.461447
42.403222,60,107.542011
54.383587,60,107.613924
32.70899,60,107.684783
58.93274,60,107.75934
54.85952,60,107.833962
53.371121,60,107.901497
53.748108,60,107.980083
33.397835,60,108.056037
38.496554,60,108.142157
24.141202,57,108.207818
33.843971,60,108.282793
51.122608,60,108.349111
34.93361,60,108.416554
32.978075,60,108.4853
33.946102,60,108.55221
41.13947,60,108.623607
48.534217,60,108.693935
45.347095,60,108.768556
34.917332,60,108.841093
48.138151,60,108.913071
35.668244,60,108.985075
38.285138,60,109.053047
30.35428,60,109.126678
31.951702,60,109.196532
33.947435,60,109.269075
43.011343,60,109.340533
54.435622,60,109.413058
47.959567,60,109.484491
53.358801,60,109.553454
42.851567,60,109.629945
48.42632,60,109.700965
45.510819,60,109.767357
16.793641,42,109.822758
56.155748,60,109.896088
44.167506,60,109.966136
45.882128,60,110.04116
12.028696,60,110.115623
42.596109,60,110.185609
33.836123,60,110.256056
34.555392,60,110.330043
30.510156,60,110.406571
37.439487,60,110.475574
47.757676,60,110.545994
52.49284,60,110.615325
48.394072,60,110.683649
36.547653,60,110.755183
41.987229,60,110.822728
38.65337,60,110.893769
50.446094,60,110.965816
52.375704,60,111.034757
45.235895,60,111.110497
51.772253,60,111.178937
40.965076,60,111.248347
33.800086,60,111.313362
54.13893,60,111.37814
46.677481,60,111.447536
20.257896,54,111.50561
45.581979,60,111.578757
43.046622,60,111.646229
53.050312,60,111.714267
47.872754,60,111.783764
53.77369,60,111.850639
45.199656,60,111.921632
55.216389,60,111.991107
21.864595,54,112.052922
53.031637,60,112.120123
51.525315,60,112.186007
57.745531,60,112.251386
53.622342,60,112.322858
45.210123,60,112.390177
48.971352,60,112.45455
53.758292,60,112.518024
52.721619,60,112.585953
54.438617,60,112.656861
45.759079,60,112.723182
24.184986,60,112.793194
37.635843,60,112.861974
32.908648,60,112.926481
31.307275,60,112.990989
45.250928,60,113.057817
52.932552,60,113.123048
52.580585,60,113.193427
54.719523,60,113.263804
55.635031,60,113.330224
53.204221,60,113.404089
49.506207,60,113.474148
48.446402,60,113.542027
54.274675,60,113.609462
56.462172,60,113.678446
45.310006,60,113.74434
50.78039,60,113.813345
19.837115,60,113.883563
53.744416,60,113.950815
40.724787,60,114.017981
49.171488,60,114.085256
53.387639,60,114.152681
53.654294,60,114.219056
50.316048,60,114.2895
55.488178,60,114.356992
42.198231,60,114.428452
35.385004,60,114.496395
38.392593,60,114.565315
53.920292,60,114.636819
53.73654,60,114.705152
54.601707,60,114.772542
45.334124,60,114.841739
43.534497,60,114.910711
13.242959,60,114.981128
33.121133,60,115.049955
34.279822,60,115.117413
41.230522,60,115.183912
44.858758,60,115.248068
20.443882,60,115.314419
36.51213,60,115.382379
21.547973,60,115.447804
18.382558,45,115.502197
48.376802,60,115.569638
18.88689,60,115.637787
25.751637,60,115.704808
15.202208,60,115.774264
20.155158,60,115.842715
29.425961,60,115.905583
39.736913,60,115.971026
23.420946,60,116.035908
52.693276,60,116.112284
34.375729,60,116.185972
52.774222,60,116.254494
48.943118,60,116.323968
55.174416,60,116.395438
31.99259,60,116.464453
26.143637,60,116.539413
42.006955,60,116.609498
55.901184,60,116.682531
55.360012,60,116.75558
41.953562,60,116.822615
20.327286,60,116.892076
26.019703,60,116.960404
55.397936,60,117.056618
23.923055,60,117.13611
29.069477,60,117.20276
29.323623,60,117.270043
45.294954,60,117.338312
22.084737,60,117.406782
26.954367,60,117.469816
12.847334,60,117.534617
18.781718,60,117.597599
15.084699,60,117.66556
17.736523,60,117.731528
17.991171,60,117.799567
26.204058,60,117.866331
13.282393,50,117.920837
32.921239,60,117.990332
25.953738,60,118.055797
22.253517,60,118.122652
14.620636,60,118.193509
26.5443,60,118.259946
18.450384,60,118.327378
34.03711,60,118.398898
32.18267,60,118.466797
27.203869,60,118.532649
23.138384,60,118.602136
20.290231,60,118.668511
16.452853,60,118.736026
36.922437,60,118.805089
24.195343,60,118.870691
29.1001,60,118.939487
36.692539,60,119.008817
5.306076,36,119.048581
43.40268,60,119.118529
35.37244,60,119.196519
47.695148,60,119.275922
50.689738,60,119.344434
36.885111,60,119.420308
51.632387,60,119.491779
46.231115,60,119.564185
22.365632,60,119.633428
32.743147,60,119.701986
35.152568,60,119.770482
40.638775,60,119.841904
48.052454,60,119.909845
46.156392,60,119.976313
27.057326,60,120.042257
40.478739,60,120.111149
36.157595,60,120.18049
27.105955,60,120.24933
31.791943,60,120.31983
30.56885,60,120.38829
50.25584,60,120.454354
33.225701,60,120.520723
33.412597,60,120.586171
48.461853,60,120.656304
42.862285,60,120.727306
45.448889,60,120.793672
41.146431,60,120.868644
40.531877,60,120.940646
41.233993,60,121.007588
48.748937,60,121.080557
24.537258,60,121.151531
41.343261,60,121.220819
47.484704,60,121.290714
47.312953,60,121.356185
35.603952,60,121.42416
26.35933,60,121.492198
23.845965,60,121.566146
51.069491,60,121.635274
47.520584,60,121.702373
33.369205,60,121.771399
8.276472,35,121.809027
43.813066,60,121.877394
47.865342,60,121.944335
44.799608,60,122.010818
47.178176,60,122.077686
53.944954,60,122.143158
45.228038,60,122.20557
46.410573,60,122.269321
38.1883,60,122.339259
20.580605,60,122.407273
21.904246,60,122.473654
45.178429,60,122.543152
17.527275,60,122.610649
41.888289,60,122.677408
37.620657,60,122.742751
33.784008,60,122.809824
20.141573,60,122.878317
37.209587,60,122.94826
30.038749,60,123.020274
46.165258,60,123.087725
53.032152,60,123.160172
52.363024,60,123.228509
53.934088,60,123.296487
48.869165,60,123.373406
21.300793,60,123.450038
39.338314,60,123.522405
53.235811,60,123.60385
48.763617,60,123.672863
7.473256,53,123.738754
35.062816,60,123.821473
22.669746,60,123.905494
28.192549,60,123.977437
45.43519,60,124.044833
42.800609,60,124.114221
35.923708,60,124.191808
45.594847,60,124.259607
51.210055,60,124.332522
56.421681,60,124.40455
57.152032,60,124.474557
45.537483,60,124.540523
55.062251,60,124.609356
42.990773,60,124.676249
50.84783,60,124.746355
44.584783,60,124.815314
41.129877,60,124.884408
34.473223,60,124.953832
48.99278,60,125.022796
42.21682,60,125.091592
29.576953,60,125.15957
31.267073,60,125.221859
30.213717,60,125.293862
45.39405,60,125.360708
52.006752,60,125.429858
5.604048,29,125.463614
53.96225,60,125.524929
44.904805,60,125.591775
28.154492,60,125.662699
48.627001,60,125.729084
50.806838,60,125.79622
54.824393,60,125.863061
54.878517,60,125.927946
57.010341,60,126.001756
48.638283,60,126.070081
39.09327,60,126.137603
37.573188,60,126.206506
17.505076,60,126.271903
29.444943,60,126.341435
45.617648,60,126.41288
45.08878,60,126.477174
24.555779,60,126.546182
47.979726,60,126.614333
46.568458,60,126.680164
54.579766,60,126.751074
56.176265,60,126.818537
54.749406,60,126.885468
50.57239,60,126.956436
47.693343,60,127.023762
49.165531,60,127.090713
53.591194,60,127.160273
50.258552,60,127.227674
49.686916,60,127.293534
53.362396,60,127.360431
48.422144,60,127.431898
55.353338,60,127.499979
29.268086,60,127.568001
53.023062,60,127.632927
51.289395,60,127.700041
50.64603,60,127.766391
33.831783,60,127.833296
51.920707,60,127.900139
36.408878,60,127.960973
36.220682,60,128.03091
38.153006,60,128.096367
53.951247,60,128.165927
38.444386,60,128.236392
36.090475,60,128.304003
53.295805,60,128.369634
49.221435,60,128.435373
44.182616,60,128.502256
45.061084,60,128.567679
40.128582,60,128.633102
45.270161,60,128.702045
55.653758,60,128.7695
51.444933,60,128.838965
25.061664,60,128.911398
56.645918,60,128.977288
50.29129,60,129.046162
52.370258,60,129.176533
47.987341,60,129.260168
48.287361,60,129.330164
53.857383,60,129.402489
38.226122,60,129.474735
38.475337,60,129.546041
56.129572,60,129.626555
53.019059,60,129.699544
43.450373,60,129.77043
55.387461,60,129.85216
43.733105,60,129.928123
54.385931,60,129.996265
54.114289,60,130.07083
28.486175,60,130.137686
44.997534,60,130.205651
43.778172,60,130.276078
31.371573,60,130.348035
53.982593,60,130.421207
34.95108,60,130.497081
48.960564,60,130.567549
44.443131,60,130.636073
51.160095,60,130.70451
52.412523,60,130.773417
44.940224,60,130.842425
34.202292,60,130.914263
55.876617,60,130.990298
44.071216,60,131.061614
46.999201,60,131.127028
53.370248,60,131.193575
53.381873,60,131.260043
41.633523,60,131.331452
47.112009,60,131.397663
9.541354,35,131.437441
43.762558,60,131.506402
53.243102,60,131.574377
51.567585,60,131.64268
53.851057,60,131.714641
35.636162,60,131.780096
48.163276,60,131.851097
39.713307,60,131.917397
53.557441,60,131.982778
51.681993,60,132.051244
54.144869,60,132.118671
35.410359,60,132.185674
54.361165,60,132.257429
56.228465,60,132.322016
31.474691,60,132.388474
56.07162,60,132.46093
44.329721,60,132.526316
47.472724,60,132.592814
55.289665,60,132.662203
23.651038,60,132.729459
48.476563,60,132.798599
31.711818,60,132.868984
47.513207,60,132.935292
47.599408,60,133.002828
44.807448,60,133.070307
46.992204,60,133.138357
54.267191,60,133.219231
42.996829,60,133.292974
54.816105,60,133.367455
53.399228,60,133.476185
34.499948,60,133.549484
54.580239,60,133.621273
46.367943,60,133.693638
20.399063,43,133.744046
45.223198,60,133.818626
56.000823,60,133.892994
50.773974,60,133.965451
45.620953,60,134.045421
48.605719,60,134.122771
43.322714,60,134.192163
54.783639,60,134.265293
52.639248,60,134.344705
52.402639,60,134.421719
43.585016,60,134.507737
45.702533,60,134.574024
47.566789,60,134.641081
52.499354,60,134.707143
47.724224,60,134.773563
51.395259,60,134.839897
55.275173,60,134.904207
43.926219,60,134.97262
44.329982,60,135.048406
14.928687,54,135.120398
49.011641,60,135.19529
47.573785,60,135.272346
37.844491,60,135.348942
51.449168,60,135.427241
54.480477,60,135.516354
54.393729,60,135.605997
29.727881,60,135.695098
34.615873,60,135.77606
56.557501,60,135.860662
55.792554,60,135.94965
53.706298,60,136.025234
22.017657,51,136.083677
32.981398,60,136.154712
49.4378,60,136.230706
53.719812,60,136.298639
46.880025,60,136.367081
52.111089,60,136.439651
48.004165,60,136.516127
37.791311,60,136.586082
49.188743,60,136.654948
55.977348,60,136.728513
55.540261,60,136.797487
52.353833,60,136.867348
47.096591,60,136.93479
14.515276,41,136.981001
46.854428,60,137.050051
42.407415,60,137.115415
44.860499,60,137.181365
49.022037,60,137.250555
45.777253,60,137.317057
42.282093,60,137.381428
42.99073,60,137.448493
25.460525,60,137.516916
44.922152,60,137.586248
41.910119,60,137.651792
36.350384,60,137.722669
35.008537,60,137.789094
38.476467,60,137.858395
37.857173,60,137.922655
28.440322,60,137.988312
42.093545,60,138.057139
25.371132,60,138.126064
49.613538,60,138.195635
48.14988,60,138.265925
47.079329,60,138.336954
17.577704,60,138.408414
53.622984,60,138.475912
53.095223,60,138.548969
42.585021,60,138.622266
48.151975,60,138.690738
44.157964,60,138.762155
39.692905,60,138.829594
51.707121,60,138.900018
55.172175,60,138.969542
54.986237,60,139.039545
49.552292,60,139.111536
56.068138,60,139.184437
53.849855,60,139.253376
35.493023,60,139.322698
48.169431,60,139.39093
50.494946,60,139.462172
43.392589,60,139.532197
50.209242,60,139.601217
47.414136,60,139.666151
53.870926,60,139.736151
54.065784,60,139.809287
55.348572,60,139.883389
52.998987,60,139.950715
54.518651,60,140.019552
51.295433,60,140.085995
53.572677,60,140.151541
48.715801,60,140.219104
52.159833,60,140.284438
46.906618,60,140.350825
44.452425,60,140.418896
39.262206,60,140.485909
36.422822,60,140.553447
46.070507,60,140.624065
32.91568,60,140.695515
55.481238,60,140.764544
52.156462,60,140.838466
54.473456,60,140.905885
51.8393,60,140.973908
54.288034,60,141.042076
11.144239,40,141.086294
48.622414,60,141.159592
43.936103,60,141.227025
48.699988,60,141.295652
57.343689,60,141.368144
55.740025,60,141.436008
52.811326,60,141.505626
48.537244,60,141.575082
55.798294,60,141.642002
57.371667,60,141.712933
50.611788,60,141.78237
54.805831,60,141.850362
48.795031,60,141.921819
56.739098,60,141.990301
47.891702,60,142.056252
33.257428,60,142.124202
26.542288,60,142.192182
40.637103,60,142.259465
19.354488,42,142.307215
54.455237,60,142.375726
52.878117,60,142.447252
49.57574,60,142.51375
42.881723,60,142.583742
51.939578,60,142.651235
51.408047,60,142.717289
51.637616,60,142.783818
55.096594,60,142.852616
36.965661,60,142.91702
48.410819,60,142.986932
54.458901,60,143.056167
55.701512,60,143.12222
36.291124,60,143.192172
18.422756,60,143.261618
43.390865,60,143.329084
52.543033,60,143.394593
56.225665,60,143.463409
47.936531,60,143.532629
49.069346,60,143.600209
28.602948,60,143.668147
56.696888,60,143.738599
55.213807,60,143.809105
54.411983,60,143.875545
47.572976,60,143.944996
46.96252,60,144.016856
54.75157,60,144.089991
54.792452,60,144.166097
56.129514,60,144.240111
55.986052,60,144.312099
42.77563,60,144.40831
54.954655,60,144.49091
56.341474,60,144.555537
56.225615,60,144.62288
54.67136,60,144.690689
56.813071,60,144.756629
39.409116,60,144.822089
47.581791,60,144.888459
55.787896,60,144.955377
43.023427,60,145.022781
56.779128,60,145.094505
54.954541,60,145.162394
54.853473,60,145.231375
56.565491,60,145.29894
56.823938,60,145.368333
43.671531,60,145.432628
35.90354,60,145.500539
41.161062,60,145.603704
52.975362,60,145.677188
54.6898,60,145.75219
53.784427,60,145.820101
53.283951,60,145.889575
55.687305,60,145.959471
56.197446,60,146.026824
53.634672,60,146.097868
55.662337,60,146.165725
50.689966,60,146.237101
56.830932,60,146.305068
54.203815,60,146.376938
54.943753,60,146.446076
52.933169,60,146.515087
56.224398,60,146.584085
40.846359,60,146.646021
20.245699,60,146.714944
56.527517,60,146.778397
54.357162,60,146.844892
52.892132,60,146.91134
52.734428,60,146.977623
39.734514,60,147.041555
51.568376,60,147.104711
55.794582,60,147.17565
46.988856,60,147.242585
52.828357,60,147.313074
52.473812,60,147.381741
54.710995,60,147.446165
56.814188,60,147.513723
55.545433,60,147.583231
39.791131,60,147.65263
53.489617,60,147.721879
45.304971,60,147.78892
55.730878,60,147.861856
55.642212,60,147.926818
55.432691,60,147.998987
27.468666,60,148.067386
56.475189,60,148.133749
42.014655,60,148.201704
34.080195,60,148.269639
47.372543,60,148.337534
48.070859,60,148.405997
56.541178,60,148.473367
52.593469,60,148.544992
54.404697,60,148.616066
53.749415,60,148.688057
55.146354,60,148.753367
43.492175,60,148.819271
52.733046,60,148.885293
50.432221,60,148.950608
56.684219,60,149.015362
56.150568,60,149.078309
36.716009,60,149.145161
30.762978,60,149.21009
10.341652,36,149.249241
29.04233,60,149.317244
35.284248,60,149.38617
55.259695,60,149.460649
55.555345,60,149.526106
44.911914,60,149.595859
29.181758,60,149.664471
55.422927,60,149.733321
54.64489,60,149.797226
53.019831,60,149.864172
55.381094,60,149.935947
54.957121,60,150.002412
56.839833,60,150.069377
56.231394,60,150.140648
53.016099,60,150.210057
55.672392,60,150.279554
53.263412,60,150.349362
50.532728,60,150.413162
50.32124,60,150.483102
45.075035,60,150.552632
56.740917,60,150.624166
57.156598,60,150.69257
53.756629,60,150.759459
51.035647,60,150.827932
56.097533,60,150.895288
55.210671,60,150.962775
52.919571,60,151.029748
48.808385,60,151.098977
54.796926,60,151.166129
54.269454,60,151.230658
52.50277,60,151.299212
15.018879,46,151.352668
54.612354,60,151.421124
51.286956,60,151.491101
57.245461,60,151.561663
47.752671,60,151.629039
55.699125,60,151.695752
55.820143,60,151.761065
55.027882,60,151.827486
52.990423,60,151.896869
53.132918,60,151.965691
52.894363,60,152.03565
55.884301,60,152.103127
18.951603,60,152.168117
54.861001,60,152.238173
55.412015,60,152.305595
57.03398,60,152.375472
17.160392,55,152.439889
54.583724,60,152.505701
56.330719,60,152.574378
55.309515,60,152.642744
55.99816,60,152.711339
55.29925,60,152.781348
3.70972,55,152.841125
48.472859,60,152.908606
51.723578,60,152.973924
55.566298,60,153.039849
20.1994,60,153.104187
57.156685,60,153.168729
55.500334,60,153.236611
55.676949,60,153.303968
36.880472,60,153.369363
50.201115,60,153.435202
54.291025,60,153.515558
52.41538,60,153.581925
40.788401,60,153.652922
51.47776,60,153.718886
51.75929,60,153.785697
56.074186,60,153.856064
55.728344,60,153.924552
56.672645,60,153.994345
56.092691,60,154.060587
53.345368,60,154.132937
55.925646,60,154.201363
56.326995,60,154.272293
56.837133,60,154.340227
47.310301,60,154.40618
55.109205,60,154.480072
31.005412,60,154.547509
41.172196,60,154.614351
37.194259,60,154.683807
56.203645,60,154.753812
55.849269,60,154.823741
55.310388,60,154.890691
46.702991,60,154.957606
29.840566,55,155.020541
51.796328,60,155.083282
47.704691,60,155.150609
21.288242,60,155.216347
55.594382,60,155.282572
56.067627,60,155.348959
55.95284,60,155.41535
53.330708,60,155.48131
55.546891,60,155.548018
55.52493,60,155.615868
54.526226,60,155.682781
53.251569,60,155.754684
46.261783,60,155.823979
55.295425,60,155.893395
55.360978,60,155.956961
31.305797,60,156.027417
54.743944,60,156.091862
40.860275,60,156.16596
56.117041,60,156.23495
32.624995,60,156.301373
38.362763,60,156.373722
56.808711,60,156.442148
56.231856,60,156.51113
52.373405,60,156.577561
53.137177,60,156.645656
54.224217,60,156.71761
55.043166,60,156.787753
56.202718,60,156.853816
33.126591,60,156.921745
55.014189,60,156.990095
57.352253,60,157.057027
56.762867,60,157.123604
51.547147,60,157.190525
55.94114,60,157.255939
54.537007,60,157.318773
55.228604,60,157.385512
38.36516,60,157.451917
48.87129,60,157.51695
55.23165,60,157.583825
53.68551,60,157.652103
53.942006,60,157.722942
50.094093,60,157.794928
55.401577,60,157.863493
55.599954,60,157.930431
56.083107,60,157.994293
56.261389,60,158.063876
48.350204,60,158.12984
42.964543,60,158.191694
46.95074,60,158.261568
54.673314,60,158.327287
26.198006,60,158.394201
55.745555,60,158.466687
36.881553,60,158.536599
37.145894,60,158.604541
37.522408,60,158.671952
13.828286,37,158.712789
55.857883,60,158.785309
53.566641,60,158.854373
55.381994,60,158.923819
52.663065,60,158.989851
56.169052,60,159.055836
55.770379,60,159.125275
54.696488,60,159.18878
45.899891,60,159.255648
46.467065,60,159.319553
54.81838,60,159.387983
55.550733,60,159.453408
56.214984,60,159.522754
55.125637,60,159.588577
50.413655,60,159.65793
54.622956,60,159.723929
55.886961,60,159.790995
55.079053,60,159.86099
54.939177,60,159.927059
55.98594,60,159.992562
52.962487,60,160.058577
56.174121,60,160.124612
55.900463,60,160.193208
36.897484,60,160.262328
56.894051,60,160.332687
54.000258,60,160.399006
56.036042,60,160.468076
49.898535,60,160.539183
51.141546,60,160.606624
42.855718,60,160.675589
52.02511,60,160.742149
56.504834,60,160.809932
55.958783,60,160.882357
55.639217,60,160.949835
54.177802,60,161.019294
55.586852,60,161.086677
53.376069,60,161.154417
54.49438,60,161.218853
55.958832,60,161.284497
53.65073,60,161.348791
54.307799,60,161.415487
28.091834,60,161.480979
14.166528,42,161.52778
55.856184,60,161.591457
55.799342,60,161.660803
53.719365,60,161.72966
55.924357,60,161.795829
54.350719,60,161.861737
56.444052,60,161.930266
44.144756,60,161.998151
7.992528,50,162.053482
55.080341,60,162.118886
56.855932,60,162.182833
29.337954,60,162.253254
51.304813,60,162.32395
51.51806,60,162.392377
56.472637,60,162.460978
50.044964,60,162.524924
53.094829,60,162.592448
56.797149,60,162.66003
26.947777,60,162.730004
53.499827,60,162.801124
52.525608,60,162.866415
52.113796,60,162.937755
51.704445,60,163.001285
50.388223,60,163.072788
56.269364,60,163.138937
52.099143,60,163.207853
54.761187,60,163.277791
48.67942,60,163.346622
55.818265,60,163.409548
56.769492,60,163.477477
55.655102,60,163.543919
53.499962,60,163.609903
56.181281,60,163.673861
56.258405,60,163.741237
21.470623,60,163.808637
54.797181,60,163.876632
51.535058,60,163.943975
56.263722,60,164.013884
53.687189,60,164.083315
48.8465,60,164.15323
39.33806,60,164.220774
55.865986,60,164.288337
55.964267,60,164.357318
55.20098,60,164.420889
55.876431,60,164.491353
54.891336,60,164.559679
53.552082,60,164.628606
39.958694,60,164.701434
27.085996,60,164.769444
42.631848,60,164.844535
53.882107,60,164.915406
57.757889,60,164.984508
55.260783,60,165.055682
41.501942,60,165.123718
56.704676,60,165.19303
49.394479,60,165.258967
13.679108,55,165.321412
53.726586,60,165.383395
3.661137,55,165.445327
55.462259,60,165.508676
53.579668,60,165.57407
52.22528,60,165.639567
48.292198,60,165.703377
56.056387,60,165.769224
56.154407,60,165.831445
48.379415,60,165.897957
55.161027,60,165.965379
56.337108,60,166.033423
55.498156,60,166.103952
54.368135,60,166.170305
50.533404,60,166.234724
56.299901,60,166.303139
53.714199,60,166.370542
55.461468,60,166.440939
37.119393,60,166.505371
57.198895,60,166.574862
54.358478,60,166.641245
55.126862,60,166.712366
35.847181,60,166.783892
57.10097,60,166.85341
54.904481,60,166.92034
55.772585,60,166.9908
53.636037,60,167.059292
53.640025,60,167.129248
45.718597,60,167.197939
53.922112,60,167.26894
50.54427,60,167.337272
57.188438,60,167.406331
43.596871,60,167.474309
50.644118,60,167.542735
50.842637,60,167.609619
56.393434,60,167.676573
55.861585,60,167.741942
51.776635,60,167.808349
56.344912,60,167.871887
56.240208,60,167.937075
49.269928,60,168.003729
37.34668,60,168.0712
46.849199,60,168.140556
55.566896,60,168.21005
55.319229,60,168.278512
46.855055,60,168.34648
49.902741,60,168.414307
56.281523,60,168.482237
55.805711,60,168.550122
54.245001,60,168.617489
31.656553,60,168.688407
51.919194,60,168.75734
53.30594,60,168.825774
56.808251,60,168.896664
55.518497,60,168.964601
55.403391,60,169.033961
43.871778,60,169.103505
44.799491,60,169.168862
54.835842,60,169.239914
55.845888,60,169.305361
55.604737,60,169.375374
52.485379,60,169.443403
55.637082,60,169.51325
56.729581,60,169.583226
52.771659,60,169.647892
46.185403,60,169.714967
55.549516,60,169.78242
54.538326,60,169.846291
42.747224,60,169.913672
55.904445,60,169.980572
52.962297,60,170.04433
55.36474,60,170.114298
50.652821,60,170.182228
55.702148,60,170.247619
44.18286,60,170.318645
16.058157,60,170.385641
48.935387,60,170.454614
56.40702,60,170.521063
56.026631,60,170.590588
56.044649,60,170.652545
33.316769,60,170.718035
50.721643,60,170.791874
55.133859,60,170.86083
53.363596,60,170.928884
55.60387,60,170.998385
55.027534,60,171.064794
52.548815,60,171.136887
55.797753,60,171.208362
33.762734,60,171.274194
48.08873,60,171.346648
50.490397,60,171.415675
47.721064,60,171.486628
55.83243,60,171.553088
54.036673,60,171.619491
54.705198,60,171.687619
46.737739,60,171.755946
52.80751,60,171.823995
34.904741,60,171.889423
55.618268,60,171.956392
55.042265,60,172.022797
41.041563,60,172.087687
54.846579,60,172.153986
56.974854,60,172.224188
33.228499,60,172.295153
51.643908,60,172.362001
56.022337,60,172.433881
55.333199,60,172.501161
56.099073,60,172.570685
52.655088,60,172.63771
55.941947,60,172.705395
54.145895,60,172.772923
9.197471,38,172.81627
13.85624,60,172.887799
53.461963,60,172.955689
31.573625,60,173.022087
55.447684,60,173.09316
55.736961,60,173.157725
56.177781,60,173.226287
57.61734,60,173.294228
53.75746,60,173.361234
51.923463,60,173.430333
55.927316,60,173.497594
55.75091,60,173.569241
55.647589,60,173.638655
55.721668,60,173.708185
56.602608,60,173.772185
55.555132,60,173.836053
51.673751,60,173.901969
35.970968,60,173.968902
56.083535,60,174.033743
54.542958,60,174.099148
55.358396,60,174.164994
49.923984,60,174.230405
30.179867,60,174.298927
55.967125,60,174.368958
53.961236,60,174.439454
52.059354,60,174.513395
32.841719,60,174.580748
55.12503,60,174.648538
55.549348,60,174.712718
55.295963,60,174.778625
52.782436,60,174.846647
25.691816,60,174.913713
55.6628,60,174.984589
33.582731,60,175.052072
55.908957,60,175.118528
47.117979,60,175.18908
55.847564,60,175.255334
55.568147,60,175.323704
44.122684,60,175.39259
45.65594,60,175.455576
24.769295,51,175.514995
55.359165,60,175.581516
55.782999,60,175.660548
55.114521,60,175.733079
43.821785,60,175.804363
55.835084,60,175.869723
47.714997,60,175.93605
40.626585,60,176.000515
49.858024,60,176.062985
54.119541,60,176.130459
55.636967,60,176.198917
21.173245,60,176.264387
56.516463,60,176.330743
46.509457,60,176.396572
55.740067,60,176.466465
54.921878,60,176.532373
56.408768,60,176.620831
26.600439,60,176.702488
55.229483,60,176.794952
55.805958,60,176.867935
55.328722,60,176.948899
40.672975,60,177.027391
55.514033,60,177.114396
56.167337,60,177.201108
55.686717,60,177.281093
52.976567,60,177.368952
53.992979,60,177.450516
55.681145,60,177.562528
56.671365,60,177.64623
55.902243,60,177.722697
54.273818,60,177.805204
41.063267,60,177.885421
52.806613,60,177.968125
55.445897,60,178.045638
48.473148,60,178.122068
54.836827,60,178.18826
51.2704,60,178.251087
55.041179,60,178.31507
17.171919,43,178.362467
53.203524,60,178.428846
55.966266,60,178.500546
54.668859,60,178.564514
55.498394,60,178.631973
55.327573,60,178.69751
22.291339,60,178.765548
55.458772,60,178.825956
49.348823,60,178.890364
42.301757,60,178.95862
56.176529,60,179.019668
56.640705,60,179.08322
17.871663,43,179.129087
43.857941,60,179.199977
56.363007,60,179.268903
55.652935,60,179.339329
56.309982,60,179.403699
48.000987,60,179.469097
47.374702,60,179.539043
54.676995,60,179.604022
44.221232,60,179.671856
40.97228,60,179.740055
56.003201,60,179.80492
31.993666,60,179.877959
56.297002,60,179.941355
50.620258,60,180.007909
42.480663,60,180.072926
56.056938,60,180.139853
55.753028,60,180.203607
55.025545,60,180.265458
50.743859,60,180.33012
51.489888,60,180.38935
55.304131,60,180.44923
55.496231,60,180.506085
22.349335,60,180.570578
54.675809,60,180.628637
47.608087,60,180.689594
36.665468,60,180.752899
56.410238,60,180.811564
56.096692,60,180.870942
56.288386,60,180.931768
55.229691,60,180.990123
43.946727,60,181.051127
43.938409,60,181.108555
53.316992,60,181.16616
56.160248,60,181.224081
34.344739,59,181.28306
54.852223,60,181.344484
56.338616,60,181.404127
56.500256,60,181.469468
44.817781,60,181.530851
48.999076,60,181.593589
51.287921,60,181.666142
56.506061,60,181.724444
56.499932,60,181.782712
56.56389,60,181.848649
55.98624,60,181.911966
56.437355,60,181.973186
54.79741,60,182.03809
54.94538,60,182.100469
56.366769,60,182.158356
18.746826,60,182.220094
55.835529,60,182.291632
56.172539,60,182.349533
45.015887,60,182.422388
56.865074,60,182.487178
55.77788,60,182.550092
56.70496,60,182.609949
56.587452,60,182.670867
55.728592,60,182.739918
42.174644,60,182.802213
38.122794,60,182.868458
56.471011,60,182.930802
56.803928,60,183.001648
30.718417,60,183.091664
13.995798,44,183.145457
33.155117,60,183.234995
48.891122,60,183.308517
56.349006,60,183.380398
56.216111,60,183.464532
56.203793,60,183.541869
55.559946,60,183.629051
38.601616,60,183.731482
52.260789,60,183.821138
54.981549,60,183.909329
12.757831,45,183.973364
20.4231,50,184.036361
54.102581,60,184.115179
56.995865,60,184.215248
55.869964,60,184.311768
56.219342,60,184.409411
54.850464,60,184.493025
55.783915,60,184.563428
51.348656,60,184.626224
9.781234,53,184.68198
55.994014,60,184.752202
40.628892,60,184.824274
51.433009,60,184.891216
48.191439,60,184.956156
56.384316,60,185.016493
51.154259,60,185.083919
56.12582,60,185.152288
55.986838,60,185.218278
52.665595,60,185.307687
55.544705,60,185.377553
44.57613,60,185.444894
52.392101,60,185.509611
53.053102,60,185.583933
55.703472,60,185.677539
50.599171,60,185.752654
26.309976,51,185.816523
50.114529,60,185.892681
54.55847,60,185.971676
49.408269,60,186.048214
54.939036,60,186.118042
56.50827,60,186.204027
56.13701,60,186.281079
51.143462,60,186.352653
52.392003,60,186.424542
52.100919,60,186.493906
56.326995,60,186.568188
56.231521,60,186.641098
55.229382,60,186.712647
12.039808,60,186.771058
17.078532,42,186.817794
54.391874,60,186.878775
55.982985,60,186.938151
53.193091,60,187.002473
49.869161,60,187.090112
56.617945,60,187.186268
54.510627,60,187.28815
55.510755,60,187.384056
52.591387,60,187.46614
52.188758,60,187.564313
54.655706,60,187.647542
51.390118,60,187.732535
55.199158,60,187.811626
55.916125,60,187.895337
56.164873,60,187.975758
46.974761,60,188.051246
36.987275,60,188.130695
54.219948,60,188.216817
31.804021,60,188.294933
55.293281,60,188.382588
55.394252,60,188.46363
57.092686,60,188.550305
56.103024,60,188.633505
50.799187,60,188.712448
48.106243,60,188.785998
46.603163,60,188.864493
56.243914,60,188.932009
56.506659,60,189.008833
45.732151,60,189.085227
41.515839,60,189.162176
56.282521,60,189.240633
48.732735,60,189.31793
56.541016,60,189.392282
49.881575,60,189.46825
55.322592,60,189.545283
56.113255,60,189.619729
49.823642,60,189.707917
44.630404,60,189.805008
56.206655,60,189.891119
55.718563,60,189.961486
26.450549,60,190.037008
46.145235,60,190.108718
42.774776,60,190.178202
57.674189,60,190.252264
50.428261,60,190.331812
51.867349,60,190.410872
54.782002,60,190.492447
54.020907,60,190.572061
55.873757,60,190.654469
52.572789,60,190.729462
30.693197,60,190.799275
56.455469,60,190.873016
57.061802,60,190.937359
31.189522,60,191.006832
56.28009,60,191.089904
50.782577,60,191.162375
55.739409,60,191.225831
50.281377,60,191.28731
57.155365,60,191.356787
55.610626,60,191.427837
56.156848,60,191.493822
55.748419,60,191.569686
47.872793,60,191.652272
56.277423,60,191.733271
56.333595,60,191.809198
56.958383,60,191.882784
51.459729,60,191.953349
53.639499,60,192.014764
40.724493,60,192.069575
55.696769,60,192.142911
55.920831,60,192.214872
55.640598,60,192.296019
52.812679,60,192.375155
55.295126,60,192.456994
36.224746,60,192.554666
52.104493,60,192.633404
31.925584,60,192.709706
31.759837,60,192.782493
31.730142,60,192.876416
52.473783,60,192.954866
55.610133,60,193.045217
56.045101,60,193.129831
40.55115,60,193.205799
53.588835,60,193.286877
52.159944,60,193.368466
55.548327,60,193.513889
45.647836,60,193.641183
52.737364,60,193.731679
54.991753,60,193.824619
43.584445,60,193.913681
7.951472,35,193.958351
54.726061,60,194.04153
55.683295,60,194.135082
41.879077,60,194.216039
55.519327,60,194.299268
27.943124,60,194.376715
53.480583,60,194.460738
55.042113,60,194.538671
48.353435,60,194.620455
54.3572,60,194.698894
52.586241,60,194.778361
56.75856,60,194.863402
55.212515,60,194.939039
56.548618,60,195.02025
49.984077,60,195.09725
56.466276,60,195.180398
43.309471,60,195.258779
54.644421,60,195.34912
54.082081,60,195.433654
26.675225,60,195.513646
53.037492,60,195.596083
54.631642,60,195.674356
55.45097,60,195.755796
53.647572,60,195.831268
51.562085,60,195.909502
54.779437,60,195.988826
56.388279,60,196.071723
53.406729,60,196.154553
56.36556,60,196.235467
55.870259,60,196.318348
56.051059,60,196.394201
55.405726,60,196.470458
55.797375,60,196.542202
48.243993,60,196.619778
53.674594,60,196.69831
54.52154,60,196.789306
56.607785,60,196.870813
55.49418,60,196.948563
55.681426,60,197.048171
44.936285,60,197.131206
55.137951,60,197.212123
42.642605,60,197.306365
47.935859,60,197.414973
55.963943,60,197.52573
16.730132,42,197.598902
55.611421,60,197.708155
56.107033,60,197.802013
55.983133,60,197.900706
56.118583,60,198.004303
56.19393,60,198.095046
52.475652,60,198.198651
56.196604,60,198.296835
51.831328,60,198.399536
56.471723,60,198.504692
52.122379,60,198.614474
51.552773,60,198.709992
48.588113,60,198.809517
55.869541,60,198.907112
54.223326,60,198.993146
38.81229,60,199.080028
50.976635,60,199.166552
20.285204,44,199.225872
56.423024,60,199.321079
55.714952,60,199.405965
54.777048,60,199.498922
54.364587,60,199.588894
42.804803,60,199.671326
12.245642,60,199.755879
53.970081,60,199.843004
56.276303,60,199.932485
56.125374,60,200.016007
38.638547,60,200.111765
55.11214,60,200.196914
30.899896,59,200.287818
46.978361,60,200.374254
47.789103,60,200.459822
56.122687,60,200.542356
56.119965,60,200.626009
57.045538,60,200.708014
56.515694,60,200.796093
37.189539,60,200.884383
56.201737,60,200.97
50.073304,60,201.049519
54.350273,60,201.138602
57.039686,60,201.22406
18.038723,60,201.298173
55.490976,60,201.381818
46.168072,60,201.466013
56.243751,60,201.543211
44.881829,60,201.621737
53.725337,60,201.709154
55.629832,60,201.790546
56.222767,60,201.883649
47.463285,60,201.97388
38.937478,60,202.054922
14.392065,60,202.137057
51.412287,60,202.239788
52.73343,60,202.321254
55.887852,60,202.406698
56.501196,60,202.497095
56.433997,60,202.580746
46.833261,60,202.675055
55.470039,60,202.757059
28.264863,60,202.838017
28.673481,60,202.930686
55.702308,60,203.008623
56.191585,60,203.099918
41.860442,60,203.18309
56.201097,60,203.276451
48.988137,60,203.363269
52.034022,60,203.45119
51.640537,60,203.538254
57.022339,60,203.617785
40.508065,60,203.700685
54.699066,60,203.778559
52.426696,60,203.856354
56.087445,60,203.935841
55.149864,60,204.017391
53.512397,60,204.09691
54.96627,60,204.184993
57.308635,60,204.269121
28.048375,60,204.353168
53.923291,60,204.436033
55.91944,60,204.523074
56.651533,60,204.608741
48.758339,60,204.7013
56.350974,60,204.786502
49.808415,60,204.87366
41.977252,60,204.962685
55.93076,60,205.044677
55.509522,60,205.13337
55.871958,60,205.217996
55.117953,60,205.301474
49.477586,60,205.387558
55.995338,60,205.482325
48.936523,60,205.564517
55.739546,60,205.650525
53.903025,60,205.7305
33.232529,60,205.80904
25.52927,60,205.892533
56.141957,60,205.972457
55.029264,60,206.053175
55.557716,60,206.13449
12.840448,40,206.191276
55.89395,60,206.278318
56.193708,60,206.363305
53.024715,60,206.463726
41.879497,60,206.545356
51.984473,60,206.629883
55.936465,60,206.708892
56.40758,60,206.79335
53.657014,60,206.87394
49.072346,60,206.960927
41.789898,60,207.042912
52.133901,60,207.128087
52.95034,60,207.213088
55.242916,60,207.297102
55.546506,60,207.387178
39.947033,60,207.472233
51.051695,60,207.552151
53.984369,60,207.63575
56.046782,60,207.723787
56.780357,60,207.810402
56.4,60,207.894965
53.579932,60,207.978996
56.099254,60,208.058573
45.826185,60,208.136582
56.290778,60,208.213145
55.7584,60,208.291382
57.070625,60,208.367866
55.888951,60,208.44918
56.300298,60,208.534054
42.668303,60,208.616536
6.664236,31,208.659889
41.548859,60,208.747471
57.727711,60,208.831592
37.723338,60,208.916815
48.367736,60,209.069557
56.028121,60,209.152155
55.366784,60,209.238654
51.443004,60,209.326304
18.506138,53,209.396415
22.446985,60,209.484505
52.829194,60,209.583697
51.140872,60,209.68893
56.058201,60,209.789235
19.153613,60,209.879075
55.195285,60,209.976297
56.551643,60,210.076949
49.300606,60,210.179571
56.159303,60,210.278324
56.630018,60,210.394613
48.484929,60,210.500846
52.571165,60,210.595996
56.794302,60,210.695555
46.029449,60,210.782116
53.036355,60,210.882642
55.55,60,210.971941
55.718843,60,211.061561
56.253928,60,211.165738
55.040754,60,211.25439
47.25592,60,211.341483
56.509644,60,211.427609
52.869669,60,211.520686
56.017047,60,211.603225
56.011793,60,211.696563
49.819539,60,211.780444
56.000302,60,211.884044
55.481955,60,211.971678
56.149563,60,212.05836
35.833073,60,212.148348
27.196881,60,212.232922
46.712438,60,212.325461
52.139788,60,212.416877
51.498853,60,212.508464
55.830676,60,212.59
55.525268,60,212.677103
56.356663,60,212.758636
38.364006,60,212.843644
54.988873,60,212.929821
54.702505,60,213.012807
55.354278,60,213.090834
55.047499,60,213.171463
49.590821,60,213.254037
19.053424,46,213.317399
54.389041,60,213.407077
54.512672,60,213.487076
55.920563,60,213.573685
48.807091,60,213.659307
56.341116,60,213.756751
31.160422,60,213.847168
55.209867,60,213.945735
48.810179,60,214.053472
55.918025,60,214.173772
29.767518,60,214.275777
51.949373,60,214.367798
56.346756,60,214.476915
55.880598,60,214.573009
56.591771,60,214.668736
48.445263,60,214.757905
56.474028,60,214.854569
55.478379,60,214.950951
51.806244,60,215.040535
45.128632,60,215.134701
56.357138,60,215.22221
41.374766,60,215.311708
51.113778,60,215.393548
41.92769,60,215.477653
41.717167,60,215.558763
56.442335,60,215.653172
56.988905,60,215.741618
55.45655,60,215.84299
55.692534,60,215.932954
55.649602,60,216.025625
55.159474,60,216.113669
55.974937,60,216.207253
57.031574,60,216.288288
35.170591,60,216.376822
56.019731,60,216.461453
52.521074,60,216.542448
50.499885,60,216.62959
53.121333,60,216.709153
55.360794,60,216.793714
56.497574,60,216.87971
42.772383,60,216.963552
52.030981,60,217.052261
54.56726,60,217.140326
57.397392,60,217.225807
22.429874,60,217.305741
56.270647,60,217.379208
55.52313,60,217.459001
55.205018,60,217.539457
54.619978,60,217.617264
38.082457,60,217.70076
41.186166,60,217.779343
50.153642,60,217.860305
53.936557,60,217.945389
56.092118,60,218.027142
53.382945,60,218.111528
48.191803,60,218.19055
49.701789,60,218.270415
46.092999,60,218.348998
55.85998,60,218.433099
53.718096,60,218.517661
54.06183,60,218.600634
54.792394,60,218.691854
44.25353,60,218.774284
53.998512,60,218.861834
56.346065,60,218.943853
52.788626,60,219.027256
55.53032,60,219.112912
56.530743,60,219.192194
54.91325,60,219.279376
54.824574,60,219.365398
55.305176,60,219.457973
55.106216,60,219.539838
54.938131,60,219.624322
55.889897,60,219.704361
48.927795,60,219.788393
55.516252,60,219.871742
55.949,60,219.952689
55.068192,60,220.034084
33.520012,60,220.111425
55.76656,60,220.195975
55.3006,60,220.276439
51.661277,60,220.352449
54.361815,60,220.437114
30.653585,60,220.514586
53.594969,60,220.598646
56.656176,60,220.68772
55.806001,60,220.768201
55.898727,60,220.856161
55.630094,60,220.945227
33.722692,60,221.031261
43.977077,60,221.119708
56.405791,60,221.201636
43.068946,60,221.293699
56.126956,60,221.386762
39.388347,60,221.4722
52.802734,60,221.557644
55.573443,60,221.640891
41.169882,60,221.726747
55.163914,60,221.809146
47.183793,60,221.893836
55.841646,60,221.976268
51.452593,60,222.052814
35.328999,60,222.129481
55.873971,60,222.207357
56.151824,60,222.283337
55.810578,60,222.368018
54.949258,60,222.449265
54.654352,60,222.53283
55.005703,60,222.622378
44.679766,60,222.709303
28.01323,60,222.795203
51.589436,60,222.875547
55.289862,60,222.963699
50.124704,60,223.048217
55.46551,60,223.141843
54.821602,60,223.227729
39.658366,60,223.309375
56.274982,60,223.404309
52.057925,60,223.485247
41.619189,60,223.578725
56.00595,60,223.670996
54.375662,60,223.763372
54.984535,60,223.849337
56.258132,60,223.943036
43.728587,60,224.031081
55.033174,60,224.117044
54.756798,60,224.205618
10.507342,35,224.255446
56.174134,60,224.341949
24.777116,60,224.425198
55.222583,60,224.503653
55.856181,60,224.580729
55.543476,60,224.661306
53.658802,60,224.743871
55.516301,60,224.827458
40.935252,60,224.912732
54.344616,60,224.99317
55.767355,60,225.074516
56.329107,60,225.151514
55.268058,60,225.234565
56.599697,60,225.314563
55.906897,60,225.397941
50.441398,60,225.480595
54.688458,60,225.562044
52.574372,60,225.650182
53.085077,60,225.731867
55.270902,60,225.814067
56.724574,60,225.901579
46.432668,60,225.982131
55.192135,60,226.071155
55.102602,60,226.156726
48.13276,60,226.241348
46.46669,60,226.326914
35.774397,60,226.41036
55.529903,60,226.494403
46.435052,60,226.568353
55.393694,60,226.644213
56.09759,60,226.723612
42.393031,60,226.80154
55.9696,60,226.881093
54.667467,60,226.97088
56.659828,60,227.053374
8.794041,39,227.110148
56.492789,60,227.199664
43.512285,60,227.285231
15.524137,43,227.34362
55.2046,60,227.425132
54.955476,60,227.50783
53.295427,60,227.589776
55.86099,60,227.686288
52.497109,60,227.769197
56.096882,60,227.851743
37.477298,60,227.940174
57.630086,60,228.020341
30.764811,60,228.107344
55.748062,60,228.188834
56.680069,60,228.271914
56.265675,60,228.355984
56.247559,60,228.442932
44.446491,60,228.529854
54.928671,60,228.611326
55.94439,60,228.690427
28.716781,60,228.767448
54.312962,60,228.847022
54.622512,60,228.92507
55.691882,60,229.0011
15.393313,60,229.078134
47.101988,60,229.158574
53.976294,60,229.244254
52.367107,60,229.326053
56.035507,60,229.414027
55.18734,60,229.501287
51.079205,60,229.583332
40.701454,60,229.66437
57.523408,60,229.746919
55.382069,60,229.829503
56.093601,60,229.918035
54.708546,60,230.007003
50.201466,60,230.085552
35.659303,60,230.171683
58.217187,60,230.254412
53.162477,60,230.338511
55.78112,60,230.426615
55.15083,60,230.507436
54.579697,60,230.591151
43.37602,60,230.674475
55.85386,60,230.767632
56.098349,60,230.851241
53.651225,60,230.944386
49.08757,60,231.022922
28.349007,60,231.098079
55.728084,60,231.177711
54.41191,60,231.251038
55.315674,60,231.330633
53.694643,60,231.409228
55.458171,60,231.503223
52.466215,60,231.584138
55.349153,60,231.672357
54.373776,60,231.76358
32.249806,60,231.842963
56.085424,60,231.924342
56.326028,60,232.011002
54.767581,60,232.089557
23.22308,60,232.173556
55.123534,60,232.259211
56.221613,60,232.343304
36.137622,60,232.428777
55.454098,60,232.510072
55.337403,60,232.594257
52.603932,60,232.688895
55.227072,60,232.771425
56.340137,60,232.861027
45.744747,60,232.943101
32.918815,60,233.032354
56.396374,60,233.116397
56.229883,60,233.207632
55.546748,60,233.287528
46.718762,60,233.364817
55.406197,60,233.443664
20.919651,60,233.523262
35.662159,60,233.599718
55.635884,60,233.67822
56.870435,60,233.765362
30.796842,60,233.844382
42.486965,60,233.931504
55.01644,60,234.016364
54.881494,60,234.101773
55.151787,60,234.18593
55.89244,60,234.268932
56.101311,60,234.348355
54.012624,60,234.430916
45.647118,60,234.51594
30.886773,60,234.597812
56.025712,60,234.683742
56.517863,60,234.768291
51.177293,60,234.853832
29.906135,60,234.943742
39.093297,60,235.024231
27.848319,60,235.113307
56.578446,60,235.203983
55.550429,60,235.292808
56.935431,60,235.373548
55.006191,60,235.453273
50.276568,60,235.531487
55.812604,60,235.605744
14.616218,37,235.658936
37.646643,60,235.739175
54.305958,60,235.816729
50.410827,60,235.897275
47.746913,60,235.987249
48.199244,60,236.06835
56.442852,60,236.153392
55.559936,60,236.242728
56.259774,60,236.325517
20.283517,52,236.395289
55.725965,60,236.478448
49.941198,60,236.571472
52.124608,60,236.655408
55.607694,60,236.752934
56.179079,60,236.837069
56.35172,60,236.924052
55.927338,60,237.016884
56.365257,60,237.101882
55.830125,60,237.187886
56.999219,60,237.272763
57.004148,60,237.362757
21.286593,60,237.450729
51.169955,60,237.53668
55.879732,60,237.614326
57.148716,60,237.7002
56.53945,60,237.787349
55.790157,60,237.86938
56.004628,60,237.954304
53.87306,60,238.030306
55.642472,60,238.106367
56.062751,60,238.185899
55.590492,60,238.266196
53.102276,60,238.347178
51.636102,60,238.429022
56.601275,60,238.518209
52.950471,60,238.601062
56.344146,60,238.688155
56.095765,60,238.769284
56.460155,60,238.85476
6.45861,27,238.890919
54.109412,60,238.987202
55.160047,60,239.083323
56.189991,60,239.171898
56.433485,60,239.282584
42.721112,60,239.379021
32.317831,60,239.494087
56.876528,60,239.617824
48.2265,60,239.707431
54.349255,60,239.794929
57.101759,60,239.887012
55.81243,60,239.979464
48.03465,60,240.081689
56.205129,60,240.200212
56.446339,60,240.321929
56.270824,60,240.421251
53.707451,60,240.510375
51.637432,60,240.613166
54.088778,60,240.701259
57.080361,60,240.796835
55.94217,60,240.897902
52.272524,60,240.989912
56.084539,60,241.077976
56.402551,60,241.193044
56.043408,60,241.276633
55.638331,60,241.371315
50.96138,60,241.45941
38.573069,60,241.546411
55.564479,60,241.644107
54.51634,60,241.726605
55.666707,60,241.812758
56.047609,60,241.900557
56.581331,60,241.983605
50.105002,60,242.076642
39.361973,60,242.160482
55.61017,60,242.242769
56.086261,60,242.328284
55.646989,60,242.414985
53.274016,60,242.49793
47.931536,60,242.580281
56.022722,60,242.668626
51.721248,60,242.748333
53.793118,60,242.833229
55.725866,60,242.917712
39.707708,60,242.998194
56.118746,60,243.077754
31.032221,55,243.161894
56.877438,60,243.243587
49.958094,60,243.330653
56.193843,60,243.419574
56.072747,60,243.506213
54.974022,60,243.585012
56.363732,60,243.66855
54.012253,60,243.753534
54.400262,60,243.836865
55.252364,60,243.932087
47.945858,60,244.028241
51.516223,60,244.135739
40.956384,60,244.230357
53.048095,60,244.324221
12.468675,60,244.43118
56.142412,60,244.526309
48.119061,60,244.643501
53.308578,60,244.732196
56.830024,60,244.830445
53.287293,60,244.930689
56.34601,60,245.02162
42.891924,60,245.115629
24.160568,60,245.216868
37.584635,60,245.307784
56.831345,60,245.397123
57.251926,60,245.480976
53.906709,60,245.567861
43.311593,60,245.653808
56.306166,60,245.741821
38.230621,60,245.833733
56.403729,60,245.931404
48.479352,60,246.01855
11.286531,33,246.06483
56.051807,60,246.15136
53.41808,60,246.238947
53.227745,60,246.326524
56.608627,60,246.416044
45.67765,60,246.501962
21.074497,60,246.586422
56.074135,60,246.668811
56.674827,60,246.73978
54.744082,60,246.831088
54.621349,60,246.917099
38.299314,60,247.014158
57.708518,60,247.108062
55.296353,60,247.196842
51.707318,60,247.287883
55.709342,60,247.369512
57.220965,60,247.471187
52.211223,60,247.58752
56.185319,60,247.702678
54.839193,60,247.817813
52.147508,60,247.938232
44.015298,60,248.030998
48.951074,60,248.124088
56.885287,60,248.211784
55.575645,60,248.306304
56.18075,60,248.398815
47.32419,60,248.492879
40.579593,60,248.582308
48.925492,60,248.685591
41.960395,60,248.77412
55.585113,60,248.870107
10.824448,60,248.969979
56.431276,60,249.063607
53.056715,60,249.17062
56.604055,60,249.269687
53.340103,60,249.370814
56.237028,60,249.478786
55.930503,60,249.562397
52.423534,60,249.666705
51.730206,60,249.769701
55.749967,60,249.866149
54.509673,60,249.958617
56.650142,60,250.051503
56.764066,60,250.148668
56.412829,60,250.234032
54.877696,60,250.333223
41.481181,60,250.433374
54.784846,60,250.523372
56.089955,60,250.631364
5.290381,30,250.680032
54.060588,60,250.796
55.219073,60,250.897765
57.166565,60,251.010989
54.444812,60,251.113628
55.304269,60,251.199706
43.195885,60,251.296174
56.748549,60,251.386582
56.120031,60,251.476782
56.440464,60,251.596075
56.510903,60,251.707494
47.532966,60,251.797053
46.735922,60,251.889901
56.520326,60,251.98065
56.036374,60,252.072563
23.677836,60,252.178845
56.834441,60,252.272141
50.246938,60,252.371832
54.950177,60,252.466981
53.930348,60,252.562593
56.857326,60,252.668269
53.352282,60,252.760205
52.286562,60,252.863155
56.046178,60,252.962816
55.359368,60,253.058497
55.64335,60,253.158559
55.736061,60,253.261565
19.090003,60,253.350627
56.269542,60,253.444782
57.10138,60,253.538919
55.886821,60,253.634027
40.764427,60,253.723828
51.534536,60,253.823097
56.549528,60,253.917815
56.076958,60,254.011979
54.6807,60,254.098178
55.150114,60,254.189496
53.11087,60,254.277077
55.946447,60,254.377228
55.241118,60,254.476783
56.615026,60,254.585002
55.288113,60,254.686169
45.60007,60,254.789392
56.472378,60,254.885956
53.942839,60,254.996151
53.226301,60,255.116942
54.521218,60,255.23893
55.908873,60,255.340487
41.619386,60,255.461745
56.045732,60,255.563929
48.426306,60,255.666064
38.099076,60,255.761786
56.848135,60,255.851847
30.989065,60,255.950437
56.284239,60,256.045478
56.063445,60,256.137583
52.326866,60,256.226532
56.906843,60,256.310059
56.4455,60,256.411096
54.396361,60,256.507559
53.497873,60,256.609189
50.485312,60,256.70948
56.122613,60,256.799103
56.058911,60,256.885372
56.330436,60,256.980355
54.406045,60,257.060894
49.476874,60,257.152447
55.033654,60,257.236948
55.233059,60,257.325102
56.135691,60,257.411623
54.950227,60,257.490111
56.076653,60,257.571267
56.022667,60,257.658368
55.394759,60,257.7381
55.952033,60,257.829846
53.424081,60,257.915498
53.173877,60,257.999583
35.906219,60,258.083649
55.452223,60,258.17215
56.477466,60,258.253684
50.177512,60,258.342621
55.743641,60,258.427187
53.055212,60,258.506743
54.648474,60,258.59323
55.811993,60,258.675824
56.245379,60,258.75381
56.279117,60,258.833801
56.107244,60,258.921321
56.247551,60,259.005399
40.814402,60,259.092001
49.563641,60,259.175481
57.132604,60,259.262146
28.039382,60,259.339725
56.758966,60,259.4293
12.457125,60,259.510728
31.029511,60,259.59925
55.528472,60,259.687088
52.171858,60,259.76552
49.916517,60,259.860191
52.257944,60,259.947362
46.233934,60,260.031914
56.109801,60,260.125521
51.936494,60,260.21358
46.485595,60,260.307749
55.753194,60,260.397874
56.470459,60,260.483811
56.454776,60,260.573846
49.03277,60,260.668463
55.811557,60,260.752532
56.118949,60,260.84157
50.609867,60,260.930706
56.386889,60,261.0149
51.01916,60,261.102595
56.308467,60,261.190695
50.984036,60,261.32061
57.880576,60,261.412856
53.394116,60,261.500815
43.34766,60,261.589393
56.502412,60,261.676935
57.067182,60,261.769499
40.223506,60,261.838854
54.085152,60,261.922587
53.832428,60,262.007782
32.793786,60,262.091444
38.703007,60,262.179589
53.410378,60,262.263393
45.263248,60,262.351393
38.075061,60,262.437837
20.442913,60,262.521839
55.032335,60,262.605474
55.701491,60,262.687034
49.797221,60,262.770345
56.162393,60,262.856428
48.330983,60,262.935999
56.299542,60,263.022368
56.069688,60,263.105721
54.463778,60,263.187276
50.327523,60,263.271815
56.954273,60,263.365325
54.724917,60,263.450249
55.816302,60,263.532459
53.457653,60,263.615899
56.480395,60,263.6945
55.922637,60,263.776829
33.183689,60,263.868967
57.25208,60,263.964784
48.841872,60,264.055302
46.192478,60,264.156419
55.763913,60,264.252911
41.279202,60,264.341005
38.820292,60,264.432075
56.053042,60,264.525232
55.783988,60,264.61872
29.536409,58,264.72024
57.172672,60,264.82045
56.484958,60,264.940196
54.604427,60,265.040231
56.617935,60,265.134799
47.556358,60,265.229657
56.481387,60,265.316738
55.274589,60,265.412858
29.233737,60,265.498856
56.057197,60,265.595937
56.645342,60,265.696223
55.726453,60,265.786176
55.141286,60,265.876054
53.267807,60,265.973627
55.315781,60,266.059946
38.836043,60,266.136743
55.797493,60,266.227441
56.50327,60,266.309903
56.862219,60,266.395636
56.271647,60,266.492175
56.431051,60,266.583156
56.553201,60,266.678095
56.347528,60,266.770576
47.719564,60,266.863541
49.287123,60,266.960693
56.396747,60,267.044568
51.234755,60,267.130369
56.438164,60,267.215636
53.591634,60,267.303607
55.608306,60,267.392205
55.386596,60,267.483645
46.947623,60,267.566949
56.319539,60,267.659126
55.890091,60,267.756178
50.652806,60,267.838195
43.488523,60,267.926173
49.65174,60,268.014737
48.450901,60,268.102175
51.780579,60,268.196748
37.909652,60,268.286183
55.545437,60,268.372026
56.608043,60,268.46269
56.54955,60,268.55114
55.415609,60,268.640722
56.349134,60,268.731334
56.37989,60,268.828477
56.296905,60,268.912468
51.775023,60,268.992502
57.49328,60,269.074563
44.905314,60,269.15102
56.210952,60,269.232154
56.92983,60,269.30719
56.074877,60,269.383309
48.763367,60,269.460972
55.381907,60,269.541991
55.842723,60,269.622889
56.200326,60,269.70755
56.17632,60,269.795615
18.48561,60,269.875185
56.278424,60,269.956161
56.142031,60,270.036118
55.348993,60,270.118809
53.291352,60,270.199332
54.751953,60,270.296523
51.373148,60,270.382808
49.720026,60,270.466865
55.780768,60,270.554542
54.294778,60,270.6336
55.211272,60,270.721648
52.25162,60,270.804236
38.492327,60,270.889755
51.790079,60,270.978128
53.490723,60,271.057379
53.449754,60,271.145659
56.715015,60,271.231375
56.465431,60,271.316387
11.338643,56,271.39646
56.715046,60,271.482407
57.099483,60,271.569
22.152431,60,271.650511
47.617283,60,271.728858
47.510485,60,271.809785
56.013919,60,271.888275
54.660027,60,271.973014
55.79805,60,272.057976
50.980127,60,272.138797
56.543979,60,272.227657
55.169164,60,272.314634
54.274579,60,272.395654
56.293022,60,272.474293
55.283765,60,272.56153
34.890871,60,272.645254
53.975635,60,272.729782
52.233144,60,272.816899
52.448898,60,272.899742
57.360653,60,272.993208
56.767869,60,273.076235
48.427406,60,273.160388
23.970427,60,273.245645
54.758976,60,273.325045
56.927487,60,273.412374
42.098922,60,273.496892
37.982825,60,273.580877
55.672863,60,273.668524
55.684421,60,273.756671
46.587763,60,273.837845
55.693065,60,273.924254
28.576556,60,274.011685
55.665761,60,274.094145
55.82662,60,274.17745
55.99331,60,274.257526
42.306694,60,274.332003
56.865367,60,274.410033
55.22148,60,274.494187
55.473531,60,274.574622
57.220695,60,274.658291
55.46688,60,274.74464
26.534048,60,274.82553
55.801524,60,274.911577
39.233303,60,274.996575
53.160363,60,275.089158
54.448843,60,275.176113
55.78786,60,275.272059
55.491576,60,275.361612
55.325377,60,275.455924
57.253846,60,275.54763
55.117223,60,275.641172
19.269152,44,275.70665
56.155778,60,275.790797
54.673188,60,275.870775
55.864243,60,275.961862
55.781364,60,276.044395
29.549324,56,276.116858
56.268535,60,276.189325
56.569794,60,276.279343
56.272067,60,276.362803
56.161906,60,276.449939
55.781776,60,276.537004
55.869239,60,276.613355
46.585403,60,276.6922
55.968733,60,276.768073
53.593555,60,276.848911
53.468522,60,276.926397
34.667249,60,277.005425
55.653061,60,277.090516
56.8098,60,277.169486
54.031415,60,277.261178
54.320927,60,277.344207
46.021415,60,277.42463
55.108607,60,277.502488
57.008607,60,277.587428
55.790666,60,277.668786
56.300996,60,277.761002
37.551964,60,277.847975
52.458818,60,277.93482
50.550368,60,278.019863
56.198109,60,278.100426
55.683419,60,278.187319
56.833725,60,278.265453
56.798874,60,278.344444
54.74343,60,278.430682
56.640334,60,278.515649
42.187387,60,278.601199
56.153973,60,278.681783
56.529133,60,278.766818
54.498645,60,278.846367
51.075029,60,278.934307
55.535063,60,279.020776
44.48895,60,279.098186
50.961464,60,279.167111
57.056823,60,279.246594
55.846959,60,279.321873
45.9723,60,279.398333
56.001528,60,279.482
53.273904,60,279.565105
42.619921,60,279.648605
57.480695,60,279.738258
44.734693,60,279.822092
44.095626,60,279.905135
36.711377,60,279.984428
56.010995,60,280.068952
57.308003,60,280.14709
56.724903,60,280.233299
52.341909,60,280.319443
57.155375,60,280.400967
56.084039,60,280.483186
52.97227,60,280.563464
58.216853,60,280.654479
53.893647,60,280.737518
42.510058,60,280.825489
57.245931,60,280.91655
54.680542,60,280.999609
24.177695,60,281.089608
16.847403,45,281.155534
10.460501,60,281.244626
54.447011,60,281.327962
48.78648,60,281.412333
52.705771,60,281.499972
56.836828,60,281.583027
57.175805,60,281.661906
55.627952,60,281.737418
7.543439,31,281.77568
56.269917,60,281.85404
52.674455,60,281.939968
56.822124,60,282.024489
54.323303,60,282.107552
53.79974,60,282.195992
55.274314,60,282.272887
52.601969,60,282.356366
30.236812,55,282.427905
56.563847,60,282.511988
54.963503,60,282.594524
47.663236,60,282.683094
52.021444,60,282.766339
56.246012,60,282.850702
52.695118,60,282.940266
4.819088,41,282.996132
56.622606,60,283.075081
42.328544,60,283.164195
52.977924,60,283.242191
56.322566,60,283.32972
28.956069,60,283.409766
56.440327,60,283.495247
56.569613,60,283.584346
55.20139,60,283.674199
55.745197,60,283.755806
55.922368,60,283.841379
55.687797,60,283.931763
5.246261,60,284.011548
56.903596,60,284.095723
55.483109,60,284.17677
38.846745,60,284.253093
55.833445,60,284.330812
55.664996,60,284.4123
48.820808,60,284.494324
56.376038,60,284.572723
57.439866,60,284.664934
53.079938,60,284.743418
54.266558,60,284.825081
57.602599,60,284.907062
56.957101,60,284.994155
55.958959,60,285.077631
53.676761,60,285.168674
56.190142,60,285.2499
55.745801,60,285.331449
53.554546,60,285.420699
57.093675,60,285.50326
32.882132,60,285.588388
42.499152,60,285.671424
56.412242,60,285.751383
55.753721,60,285.859886
57.02071,60,285.95066
56.263683,60,286.047867
54.392316,60,286.140643
57.272189,60,286.228194
53.210554,60,286.31635
53.172542,60,286.40692
56.381045,60,286.489047
42.577011,60,286.573051
56.520122,60,286.652389
55.048076,60,286.732384
56.759802,60,286.809778
56.353266,60,286.895319
42.294298,60,286.984501
56.568138,60,287.067554
56.422413,60,287.15902
52.672492,60,287.242335
55.475888,60,287.322793
52.904463,60,287.411294
27.798109,60,287.504313
50.813112,60,287.594119
56.433122,60,287.691751
44.188608,60,287.772628
49.63263,60,287.862761
41.070926,60,287.946875
56.480333,60,288.033884
37.589966,60,288.122891
5.66494,52,288.196456
39.153841,60,288.277581
53.579193,60,288.362658
57.486989,60,288.44319
55.835488,60,288.53437
55.222595,60,288.618451
56.004768,60,288.699067
56.85,60,288.784098
57.243998,60,288.875101
57.193332,60,288.954183
42.140452,60,289.035804
57.060004,60,289.113786
56.196234,60,289.193318
54.436113,60,289.269243
18.450611,41,289.32416
55.441664,60,289.407736
56.752437,60,289.495578
55.308392,60,289.579157
56.375469,60,289.664322
51.92042,60,289.744361
56.861477,60,289.826903
55.935636,60,289.908376
57.245988,60,289.992878
36.020871,60,290.071507
56.515432,60,290.162541
35.063777,60,290.24205
54.904628,60,290.328565
56.185154,60,290.410088
35.227434,60,290.488626
25.894854,53,290.568779
56.078186,60,290.652103
42.404155,60,290.734402
42.422546,60,290.818795
54.875313,60,290.899296
56.35321,60,290.981402
57.239831,60,291.063901
44.151979,60,291.151378
24.900566,60,291.2353
55.701052,60,291.317788
56.424875,60,291.402074
56.451826,60,291.487585
56.93324,60,291.572686
56.61991,60,291.650171
56.474742,60,291.73234
56.985296,60,291.809611
54.134721,60,291.895547
55.888638,60,291.977369
55.187208,60,292.062532
57.01791,60,292.150899
39.672662,60,292.232434
53.683771,60,292.312945
56.683332,60,292.402083
57.202552,60,292.479619
55.489438,60,292.564208
55.383814,60,292.651245
57.230293,60,292.732801
57.334719,60,292.823034
52.908482,60,292.906791
42.975654,60,292.992586
29.04357,60,293.079393
57.608249,60,293.162869
54.693255,60,293.247473
44.932715,60,293.330648
51.375594,60,293.41309
54.489584,60,293.499126
44.444467,60,293.585086
49.786027,60,293.671109
51.915901,60,293.755232
56.521262,60,293.846791
53.423357,60,293.934918
55.916659,60,294.016848
44.743588,60,294.09727
56.794565,60,294.174915
43.85787,60,294.250847
55.585931,60,294.332939
57.130705,60,294.415323
55.537355,60,294.497915
50.103881,60,294.587639
36.664758,60,294.671141
40.530809,60,294.752625
56.037416,60,294.837688
51.437417,60,294.935311
56.336568,60,295.018859
55.564267,60,295.109913
15.872903,60,295.200251
55.58573,60,295.287266
57.873036,60,295.37529
56.882109,60,295.464821
50.507571,60,295.554634
57.080025,60,295.64421
55.777823,60,295.734264
56.171457,60,295.831342
56.127738,60,295.913797
54.255625,60,295.999767
56.448525,60,296.085881
48.026231,60,296.187169
56.829744,60,296.279352
52.962259,60,296.370729
55.229676,60,296.463138
56.085608,60,296.558558
55.098722,60,296.648063
55.559449,60,296.735112
56.041848,60,296.821696
11.664823,36,296.884071
38.056553,60,296.982712
52.355518,60,297.071359
53.891041,60,297.158909
43.705521,60,297.240977
55.17632,60,297.323245
57.121667,60,297.407418
57.126678,60,297.491512
45.223281,60,297.576059
37.235908,60,297.666156
54.889602,60,297.748642
55.278657,60,297.838835
42.834987,60,297.925819
36.939658,60,298.01284
28.253576,60,298.096554
52.699516,60,298.179302
52.104261,60,298.270472
48.647805,60,298.362868
56.174999,60,298.448
50.580517,60,298.534264
44.422838,60,298.621832
46.038146,60,298.704738
55.955476,60,298.792716
49.765115,60,298.879749
56.176339,60,298.962803
56.133705,60,299.047282
52.691272,60,299.119294
57.375904,60,299.192792
55.144072,60,299.272138
56.920461,60,299.356107
55.819348,60,299.438733
56.789035,60,299.517676
56.064527,60,299.605044
52.070288,60,299.686331
55.316522,60,299.767739
40.246355,60,299.850002
48.717349,60,299.935198
56.203323,60,300.012707
56.262003,60,300.102844
56.141358,60,300.186938
55.926621,60,300.272484
36.391655,60,300.363908
55.83158,60,300.443632
56.658221,60,300.534613
26.581587,54,300.604453
55.401218,60,300.692533
41.599338,60,300.779098
52.206583,60,300.861583
49.747016,60,300.950665
51.262133,60,301.039724
54.464204,60,301.127594
56.405122,60,301.212163
57.624786,60,301.302894
56.510584,60,301.386396
55.878134,60,301.473873
43.130216,60,301.551855
55.464676,60,301.63555
56.306979,60,301.718438
45.624833,60,301.798305
45.281802,60,301.885457
54.792635,60,301.968041
56.188523,60,302.056197
46.329056,60,302.129206
56.632128,60,302.219469
47.628759,60,302.298542
55.794021,60,302.383497
55.155515,60,302.462355
55.498826,60,302.546022
55.489348,60,302.626643
56.108273,60,302.707619
45.831454,60,302.801694
55.546661,60,302.88173
53.540812,60,302.966894
55.18321,60,303.05044
57.106203,60,303.133912
56.760383,60,303.229841
50.974602,60,303.306419
56.50459,60,303.394235
28.863054,60,303.479351
55.881329,60,303.567985
54.254396,60,303.649066
44.859505,60,303.738113
54.563833,60,303.821114
37.402757,60,303.906263
24.614291,60,303.990066
56.573747,60,304.069503
56.468919,60,304.148864
56.537115,60,304.224889
47.188386,60,304.308096
54.35629,60,304.388116
28.246615,60,304.467278
44.897278,60,304.552351
24.605367,60,304.63453
44.421241,60,304.714569
53.839637,60,304.798086
55.662189,60,304.875584
55.512313,60,304.960538
13.06759,48,305.027689
32.958153,60,305.110675
55.48222,60,305.197329
57.329167,60,305.280331
55.966269,60,305.359956
56.335215,60,305.44604
51.886013,60,305.528533
56.417231,60,305.607955
52.833641,60,305.699697
56.830592,60,305.777543
55.184979,60,305.862763
55.598079,60,305.949769
53.066769,60,306.033076
57.221203,60,306.111443
56.846642,60,306.198546
20.886932,56,306.276888
50.936017,60,306.359477
56.526497,60,306.443998
55.910317,60,306.522022
55.748255,60,306.603574
56.394856,60,306.676941
52.488205,60,306.757456
57.387084,60,306.837432
57.007127,60,306.917258
55.903623,60,306.999852
56.187221,60,307.080747
55.973072,60,307.166287
55.031418,60,307.250938
55.979257,60,307.33195
54.914554,60,307.418889
51.534586,60,307.504453
31.957893,60,307.584891
36.55579,60,307.670727
55.928809,60,307.75444
53.664269,60,307.835817
21.899037,60,307.927452
46.579735,60,308.007576
50.866989,60,308.098111
53.806426,60,308.190778
30.650795,60,308.2713
53.675765,60,308.354793
58.298723,60,308.442453
56.229704,60,308.571858
56.513726,60,308.663512
55.960332,60,308.744279
54.980647,60,308.825205
53.904731,60,308.909542
56.499805,60,308.989073
34.065251,60,309.065658
54.391731,60,309.143876
56.113457,60,309.235798
55.995691,60,309.31553
41.799154,60,309.403712
37.389298,60,309.487247
55.486923,60,309.57242
55.262765,60,309.652469
44.777258,60,309.741454
48.644375,60,309.821412
56.083814,60,309.912514
36.137565,60,310.000031
28.220321,60,310.079056
55.685529,60,310.167225
53.704628,60,310.252825
35.160654,60,310.337762
41.603459,60,310.431298
54.150079,60,310.514812
46.808495,60,310.603407
55.527892,60,310.687879
52.982151,60,310.772396
51.660556,60,310.859864
55.106965,60,310.955814
55.651243,60,311.039881
55.849345,60,311.130002
55.656852,60,311.226607
50.497928,60,311.307024
57.39322,60,311.394521
49.216476,60,311.472508
51.507934,60,311.548442
56.05,60,311.625874
56.236158,60,311.709579
52.511903,60,311.790156
56.131435,60,311.878273
55.712431,60,311.958884
55.362198,60,312.042122
41.970165,60,312.122164
56.808518,60,312.212229
55.302254,60,312.293898
17.263923,60,312.380085
56.403508,60,312.462679
55.392918,60,312.542691
39.736515,60,312.628528
53.704592,60,312.714775
47.827273,60,312.79741
34.5949,60,312.885036
56.32363,60,312.96487
45.102007,60,313.050886
51.758872,60,313.133873
50.219371,60,313.214841
54.374079,60,313.303935
56.892222,60,313.395099
54.456734,60,313.478026
54.985973,60,313.564867
55.444614,60,313.648267
55.950317,60,313.73437
55.840089,60,313.816887
37.653105,60,313.894817
52.72058,60,313.974428
57.115678,60,314.051471
53.738917,60,314.133964
56.702356,60,314.217536
32.64027,60,314.298278
55.72385,60,314.390129
56.262247,60,314.469951
53.458887,60,314.549211
55.645848,60,314.62992
37.584128,60,314.710554
56.600112,60,314.792117
56.453727,60,314.878789
55.36099,60,314.942542
55.565741,60,315.024788
49.611774,60,315.115353
57.15658,60,315.196932
57.503253,60,315.28277
50.289262,60,315.369899
55.632772,60,315.449892
55.901333,60,315.543555
56.478993,60,315.627077
56.098543,60,315.711818
55.92074,60,315.795002
56.37772,60,315.885829
57.458524,60,315.969387
56.35769,60,316.055536
56.515231,60,316.142572
57.126798,60,316.224086
48.734753,60,316.306124
56.098998,60,316.383301
35.237833,60,316.461287
57.057971,60,316.534002
51.736586,60,316.616278
51.072013,60,316.701256
56.973563,60,316.789292
54.527514,60,316.875848
57.180771,60,316.956895
56.692615,60,317.042704
56.483685,60,317.126711
56.085559,60,317.215386
57.054867,60,317.300001
56.841786,60,317.386612
57.526127,60,317.467095
56.452255,60,317.568234
51.94078,60,317.648946
51.074154,60,317.736063
56.771281,60,317.823767
50.35621,60,317.909828
56.753629,60,317.999511
56.776773,60,318.08056
56.003655,60,318.169501
55.954176,60,318.256095
48.267849,60,318.342903
56.014304,60,318.424201
56.421009,60,318.50977
40.388724,60,318.596183
55.936726,60,318.677778
57.083117,60,318.764246
55.492181,60,318.840159
55.935414,60,318.916659
56.663008,60,318.992709
56.974524,60,319.073317
56.848516,60,319.155772
56.65,60,319.23896
57.136273,60,319.32648
56.801681,60,319.404887
55.261842,60,319.482703
54.952554,60,319.563562
56.682983,60,319.649075
56.018705,60,319.73448
53.280536,60,319.821044
49.168132,60,319.904011
57.412157,60,319.985
56.65953,60,320.072011
57.048962,60,320.153403
56.941663,60,320.237782
56.007325,60,320.321396
56.57196,60,320.402247
39.268008,60,320.493888
57.16924,60,320.575029
54.829245,60,320.65909
55.234541,60,320.7412
18.884434,60,320.823734
56.618282,60,320.906241
56.079443,60,320.992279
55.945715,60,321.076824
54.530128,60,321.15934
43.680401,60,321.238189
55.870467,60,321.313202
56.649802,60,321.390763
56.647764,60,321.468948
47.130324,60,321.553422
50.022812,60,321.636545
48.800606,60,321.721789
41.315002,60,321.808848
55.633063,60,321.893669
56.014375,60,321.973635
46.511522,60,322.057017
56.653338,60,322.140799
55.15107,60,322.226328
57.143186,60,322.319688
51.033579,60,322.400121
57.966684,60,322.492291
51.718215,60,322.579367
56.507611,60,322.665331
33.974127,60,322.755761
45.376182,60,322.839801
55.458227,60,322.929288
56.35315,60,323.018482
54.031109,60,323.100451
56.598954,60,323.197002
56.420333,60,323.292199
57.377078,60,323.3808
56.343502,60,323.469489
55.225406,60,323.561607
57.124375,60,323.646129
56.393068,60,323.728255
56.16434,60,323.805285
17.356902,43,323.861767
55.991334,60,323.93826
55.208465,60,324.020633
55.665327,60,324.104213
10.664219,35,324.155523
54.253364,60,324.245232
46.833937,60,324.324391
5.062089,30,324.365978
56.212573,60,324.445469
56.063618,60,324.529308
52.775353,60,324.613606
55.58386,60,324.695199
56.063209,60,324.783773
57.904021,60,324.86574
56.56731,60,324.954371
55.33845,60,325.039458
56.594399,60,325.119303
49.61682,60,325.209567
57.455343,60,325.291619
56.222816,60,325.373681
56.385274,60,325.460189
56.968078,60,325.542305
55.674387,60,325.628974
57.166365,60,325.716147
38.422018,60,325.802958
56.449084,60,325.882812
54.888131,60,325.980045
54.877067,60,326.06613
55.985849,60,326.150929
57.091085,60,326.234644
56.278752,60,326.309688
32.119877,60,326.389833
54.8012,60,326.468775
56.142424,60,326.555822
34.057407,60,326.633749
55.296843,60,326.717724
56.436395,60,326.798373
55.844745,60,326.877487
57.734759,60,326.957644
54.951288,60,327.038743
55.747013,60,327.118907
56.908035,60,327.201477
55.037668,60,327.294894
55.211566,60,327.37737
55.950575,60,327.463521
55.579914,60,327.547622
56.198014,60,327.635726
57.615944,60,327.72446
56.102855,60,327.805499
53.520988,60,327.888805
41.449244,60,327.972758
35.526496,60,328.051551
4.288671,28,328.091277
55.627328,60,328.173757
54.448604,60,328.261661
51.616251,60,328.344811
56.123984,60,328.434645
56.40611,60,328.51943
56.315469,60,328.600899
56.469202,60,328.683548
56.923219,60,328.758043
57.359032,60,328.833073
44.571125,60,328.911116
55.699741,60,328.996645
56.451111,60,329.077149
56.391806,60,329.165649
55.813699,60,329.249658
56.980074,60,329.331654
36.96196,60,329.408765
57.135476,60,329.492238
57.010948,60,329.573268
56.670738,60,329.656392
41.397672,60,329.743016
56.488765,60,329.827148
56.156673,60,329.919219
57.450397,60,330.006309
54.675159,60,330.090377
56.522298,60,330.175998
57.500406,60,330.258938
56.885753,60,330.351598
18.041473,60,330.435758
57.938378,60,330.517278
53.880437,60,330.601733
54.667161,60,330.689898
54.900314,60,330.770884
55.658723,60,330.859424
57.716626,60,330.949555
52.972066,60,331.032033
53.858297,60,331.111928
55.478472,60,331.189913
56.062503,60,331.268002
55.470426,60,331.347519
52.217372,60,331.434659
55.877218,60,331.516102
52.281821,60,331.602153
57.524557,60,331.68565
56.030115,60,331.764744
55.895864,60,331.849183
42.258038,60,331.931149
51.375101,60,332.016151
56.133591,60,332.097501
56.730946,60,332.19061
56.621956,60,332.276275
56.421753,60,332.365467
57.124139,60,332.505075
56.870582,60,332.61829
56.774666,60,332.70982
14.361848,37,332.759637
32.613212,60,332.842027
51.13905,60,332.929049
56.762328,60,333.009936
56.60293,60,333.092339
56.492397,60,333.164937
57.483462,60,333.25664
56.380235,60,333.336557
56.216595,60,333.439687
55.966902,60,333.524846
39.672323,60,333.605836
54.980823,60,333.697367
57.045556,60,333.781192
56.17283,60,333.865928
56.865872,60,333.948542
56.886236,60,334.025507
55.612949,60,334.110191
56.118296,60,334.193122
54.803778,60,334.278569
55.575413,60,334.363379
56.853507,60,334.447021
54.622622,60,334.538653
53.467347,60,334.614629
46.636719,60,334.702238
56.757072,60,334.785808
55.322062,60,334.867293
56.948762,60,334.96364
57.123796,60,335.053972
57.051273,60,335.137257
45.679024,60,335.231454
56.740259,60,335.328025
56.482582,60,335.422109
56.643041,60,335.506417
56.493973,60,335.589042
56.273554,60,335.683983
55.760511,60,335.777423
56.05,60,335.864126
55.904215,60,335.954184
53.073733,60,336.033577
54.6006,60,336.119057
56.375151,60,336.205019
56.281706,60,336.291254
50.760193,60,336.374883
48.357797,60,336.465484
56.910768,60,336.547778
49.892173,60,336.631857
42.938789,60,336.726085
54.0492,60,336.806798
56.791071,60,336.89202
57.678417,60,336.989962
56.410473,60,337.076334
49.174261,60,337.157083
56.041719,60,337.243003
57.02855,60,337.346725
55.24458,60,337.454412
54.983499,60,337.533339
51.093158,60,337.618307
2.945727,27,337.656637
45.8016,60,337.738108
56.572915,60,337.831776
55.918877,60,337.914345
49.853696,60,337.999212
54.13435,60,338.083838
55.126159,60,338.159233
26.520378,60,338.241972
53.765589,60,338.331134
55.173175,60,338.413259
56.631808,60,338.50491
32.60668,60,338.592538
56.100736,60,338.680908
55.72665,60,338.760276
56.272078,60,338.848605
53.279188,60,338.931212
57.086559,60,339.025216
56.593185,60,339.121752
56.294545,60,339.218884
56.868542,60,339.301195
56.232178,60,339.379736
56.578884,60,339.464213
56.782268,60,339.550699
40.918646,60,339.633791
56.257154,60,339.715266
56.237398,60,339.801887
28.601906,60,339.886984
56.213181,60,339.972495
55.87646,60,340.060679
57.038092,60,340.141726
56.195907,60,340.226787
56.3347,60,340.324266
50.881256,60,340.407192
55.922599,60,340.49021
54.544693,60,340.57569
56.087789,60,340.680477
57.532686,60,340.779064
56.344374,60,340.861957
56.473176,60,340.948049
56.845404,60,341.032183
56.318828,60,341.112262
57.144966,60,341.20188
54.057269,60,341.281335
56.581824,60,341.372931
57.475737,60,341.454569
57.167975,60,341.533136
56.654025,60,341.614151
56.658514,60,341.700061
53.543331,60,341.787885
56.059724,60,341.875379
37.260225,60,341.961328
55.669006,60,342.0456
50.740417,60,342.135997
56.162639,60,342.223072
56.493278,60,342.317791
54.591648,60,342.417954
57.692761,60,342.512791
56.573523,60,342.596843
38.976924,60,342.677158
57.730677,60,342.759812
56.177499,60,342.844435
46.291244,60,342.928463
49.861845,60,343.008293
57.598603,60,343.095268
55.005556,60,343.180081
55.679414,60,343.262366
56.082431,60,343.355491
53.220896,60,343.43807
56.708568,60,343.526149
55.909872,60,343.622217
56.397633,60,343.7082
56.660073,60,343.790143
56.270763,60,343.875339
54.216991,60,343.977635
56.598179,60,344.075234
42.791484,60,344.162974
40.092505,60,344.245421
56.181462,60,344.326988
54.608166,60,344.407551
50.670785,60,344.493239
56.746207,60,344.575383
53.079544,60,344.660752
55.153903,60,344.744824
55.95,60,344.832292
56.424738,60,344.915365
55.55,60,345.000422
55.429589,60,345.088299
56.81248,60,345.173942
49.473286,60,345.259056
55.587521,60,345.342088
55.633305,60,345.428024
56.881287,60,345.506577
40.751106,60,345.596627
56.073738,60,345.692083
56.476671,60,345.7875
56.742984,60,345.868884
39.629828,60,345.951578
55.94448,60,346.032758
56.666365,60,346.121405
56.824404,60,346.20552
56.117258,60,346.309748
56.838376,60,346.398176
56.298976,60,346.488153
56.832849,60,346.585013
55.772401,60,346.686848
56.748873,60,346.778534
57.486209,60,346.876514
56.690666,60,346.981071
54.744823,60,347.076203
55.979969,60,347.176923
56.103793,60,347.270957
55.993533,60,347.376524
55.78496,60,347.474642
36.652264,60,347.564033
56.10411,60,347.652024
56.971733,60,347.743717
58.015812,60,347.828639
56.248723,60,347.915719
57.473594,60,348.011415
56.880107,60,348.094971
51.779501,60,348.182027
55.797074,60,348.269504
55.762421,60,348.345492
55.619953,60,348.435058
55.09047,60,348.521384
55.299729,60,348.613634
56.840841,60,348.702711
55.747516,60,348.784968
55.885142,60,348.872993
55.62555,60,348.978281
56.222952,60,349.079677
55.771529,60,349.16414
55.991278,60,349.248128
54.70821,60,349.330771
55.385546,60,349.413925
50.113105,60,349.498178
56.610046,60,349.57543
53.997785,60,349.665066
56.871998,60,349.74618
57.48131,60,349.828569
44.280905,60,349.920354
18.429199,60,350.006995
49.379886,60,350.094602
56.277087,60,350.177607
55.569471,60,350.266335
56.63446,60,350.347725
56.077223,60,350.437952
56.522158,60,350.528453
55.505279,60,350.624019
29.971436,60,350.725466
55.392417,60,350.808653
56.358575,60,350.892707
30.210442,60,350.977549
56.369207,60,351.066256
56.879079,60,351.147237
56.277969,60,351.225969
50.381663,60,351.309638
27.685826,58,351.390674
57.39742,60,351.476094
56.736394,60,351.5585
55.888164,60,351.64805
30.375385,60,351.736039
30.091119,60,351.815018
56.312477,60,351.906243
54.879899,60,351.994378
57.04696,60,352.074522
56.80148,60,352.161579
57.976882,60,352.253473
55.301616,60,352.352709
52.287382,60,352.437376
56.393349,60,352.518993
56.847822,60,352.600425
55.496398,60,352.68863
56.845177,60,352.768114
54.629,60,352.850643
55.911843,60,352.939664
57.026013,60,353.018375
54.861975,60,353.100343
57.122644,60,353.190982
55.267299,60,353.279041
55.633412,60,353.364636
56.024878,60,353.446715
57.105292,60,353.53484
56.860677,60,353.621688
56.690407,60,353.717345
57.12207,60,353.808199
56.044466,60,353.917539
56.424297,60,354.031193
56.596082,60,354.121588
54.349747,60,354.209349
55.82346,60,354.29971
49.506131,60,354.391926
33.570308,60,354.47958
53.911412,60,354.591998
56.198196,60,354.696099
47.825781,60,354.792518
56.129819,60,354.908987
56.661181,60,355.000745
56.719089,60,355.094909
55.964025,60,355.210062
55.519417,60,355.314341
57.443854,60,355.40814
32.428437,60,355.5059
56.75156,60,355.592824
47.561993,60,355.678841
48.731713,60,355.771681
38.689305,60,355.862598
56.369927,60,355.960245
57.083939,60,356.044284
56.546461,60,356.138825
54.370343,60,356.231433
34.622239,60,356.320035
54.383797,60,356.413089
54.390777,60,356.501528
57.598448,60,356.596604
52.649642,60,356.688742
51.214598,60,356.779231
56.712315,60,356.8789
57.977885,60,356.969211
56.303473,60,357.066161
56.144883,60,357.162584
57.075698,60,357.264835
56.128266,60,357.360431
56.256703,60,357.448402
56.5,60,357.538932
51.362784,60,357.628016
48.114472,60,357.717721
57.142449,60,357.806262
56.925674,60,357.899872
56.71248,60,357.987425
55.638537,60,358.066987
55.467741,60,358.161582
55.848179,60,358.255612
47.679137,60,358.340889
56.672486,60,358.445965
55.677571,60,358.540656
57.565171,60,358.629266
56.9498,60,358.718194
55.322363,60,358.814337
46.305661,60,358.930305
56.944743,60,359.026377
54.817814,60,359.110856
55.849007,60,359.200378
57.205037,60,359.296538
56.808651,60,359.386126
25.749136,60,359.471502
56.695157,60,359.565053
56.296188,60,359.652985
56.51632,60,359.746962
57.188621,60,359.846012
36.70331,60,359.940816
56.62737,60,360.035972
49.11482,60,360.144493
57.011944,60,360.239079
57.552033,60,360.32658
56.277301,60,360.419753
56.246016,60,360.505673
50.819705,60,360.595131
56.791804,60,360.680724
53.845894,60,360.764304
32.16557,60,360.845277
48.190716,60,360.937581
51.166314,60,361.028646
55.683591,60,361.108495
57.179664,60,361.19353
54.854903,60,361.275489
56.719259,60,361.362898
28.515233,60,361.448871
55.829768,60,361.545128
55.989197,60,361.635626
31.831519,60,361.728256
57.113407,60,361.80963
29.705916,60,361.898361
52.244351,60,361.987825
47.459936,60,362.081362
50.907949,60,362.182637
56.493949,60,362.264182
56.665219,60,362.349755
55.846875,60,362.429382
56.691087,60,362.518873
56.575829,60,362.600823
50.196989,60,362.690822
57.023147,60,362.779258
57.141948,60,362.864326
55.824571,60,362.951732
57.088378,60,363.0389
49.523412,60,363.128961
51.178309,60,363.218082
31.423983,60,363.301171
55.383757,60,363.396742
57.012089,60,363.479667
57.331034,60,363.561779
54.550531,60,363.661237
53.587545,60,363.765179
55.580273,60,363.856719
56.751413,60,363.940221
55.8,60,364.029195
21.613103,60,364.113433
43.072733,60,364.207625
56.385692,60,364.289198
56.385016,60,364.36923
50.804788,60,364.455826
55.896721,60,364.536286
55.801918,60,364.615763
45.707746,60,364.704262
57.313288,60,364.795345
55.94236,60,364.88939
46.337739,60,364.973982
56.109849,60,365.061589
56.329789,60,365.150646
56.367172,60,365.236609
31.25649,60,365.323629
50.795408,60,365.415282
43.008057,60,365.504809
56.860892,60,365.584363
56.615284,60,365.66784
54.85874,60,365.752308
56.796155,60,365.840506
57.015032,60,365.929893
56.761938,60,366.021315
42.675395,60,366.10128
56.503107,60,366.186827
54.787098,60,366.271444
52.564324,60,366.362447
55.552255,60,366.456567
56.351606,60,366.548526
54.449473,60,366.653744
51.223735,60,366.74833
54.047934,60,366.843511
57.321171,60,366.945073
55.056132,60,367.062489
55.747522,60,367.169691
56.044411,60,367.261216
56.133103,60,367.347156
56.650386,60,367.437968
56.236626,60,367.538942
27.809087,60,367.655605
55.638681,60,367.786672
28.434793,60,367.886037
34.537357,60,367.987485
51.821619,60,368.091209
54.09266,60,368.182845
51.371578,60,368.286862
56.557343,60,368.393004
56.802396,60,368.488919
56.274816,60,368.58955
57.618164,60,368.703461
56.698545,60,368.808065
53.195651,60,368.90471
56.518247,60,369.00287
51.739382,60,369.09435
55.758665,60,369.187064
22.241989,60,369.275776
57.730465,60,369.369287
50.241436,60,369.460298
57.665968,60,369.54424
56.397336,60,369.64033
54.059772,60,369.720684
57.199422,60,369.808622
56.746669,60,369.900661
54.639126,60,369.981607
53.014672,60,370.0713
35.341454,60,370.156736
57.905237,60,370.280578
47.16681,60,370.373193
56.158063,60,370.461333
53.412816,60,370.551561
56.755957,60,370.63298
54.000819,60,370.718341
55.102347,60,370.800944
55.51841,60,370.87952
56.722971,60,370.961004
19.814592,60,371.043468
56.873543,60,371.127037
55.82385,60,371.210869
57.01811,60,371.289475
53.203319,60,371.398757
57.278345,60,371.484962
51.807629,60,371.57491
56.274432,60,371.667365
56.962879,60,371.750294
54.11758,60,371.833041
57.544423,60,371.92616
56.262415,60,372.010678
56.587113,60,372.093188
50.476799,60,372.183339
56.767982,60,372.268849
54.596733,60,372.356255
49.053349,60,372.442665
56.133463,60,372.527465
56.445417,60,372.623528
56.533201,60,372.706908
57.175579,60,372.808166
55.987501,60,372.905424
56.990162,60,372.997187
55.381467,60,373.081228
57.182827,60,373.17332
51.023505,60,373.258487
57.282317,60,373.339028
55.435554,60,373.42471
55.071793,60,373.502735
55.909139,60,373.577094
39.38674,60,373.662584
11.005987,35,373.714456
56.95811,60,373.801497
58.459238,60,373.897611
53.805909,60,373.97964
55.776985,60,374.063724
51.813663,60,374.147856
56.806579,60,374.238368
48.074347,60,374.317037
55.913959,60,374.408154
56.619468,60,374.491186
56.591344,60,374.576402
53.988298,60,374.668493
54.932983,60,374.748053
57.575438,60,374.834113
37.735072,60,374.915618
51.649236,60,375.007097
54.732511,60,375.092631
50.86913,60,375.177566
23.189798,60,375.26554
42.46118,60,375.356512
44.714445,60,375.440583
54.834668,60,375.528819
56.699636,60,375.615476
53.540483,60,375.700525
56.924647,60,375.783126
56.600554,60,375.861538
50.615674,60,375.940048
53.950679,60,376.017445
30.412817,60,376.100369
44.509891,60,376.180185
44.87186,60,376.262246
34.080117,60,376.346488
56.313258,60,376.435235
33.13223,60,376.518744
37.335185,60,376.600153
48.170001,60,376.682295
55.87435,60,376.76411
55.088227,60,376.850068
54.903095,60,376.936588
55.546774,60,377.017036
55.97488,60,377.10834
37.339755,60,377.187258
53.638364,60,377.275475
55.653803,60,377.360343
51.231868,60,377.439819
56.627153,60,377.527829
56.993642,60,377.605132
57.190789,60,377.690136
55.603402,60,377.771211
43.856004,60,377.861395
55.518271,60,377.943269
56.467857,60,378.02824
57.891346,60,378.111268
29.008385,60,378.189204
57.45595,60,378.272053
56.341364,60,378.348546
55.843563,60,378.426227
51.319369,60,378.499673
55.007487,60,378.589376
52.242104,60,378.676359
16.164137,40,378.727214
53.335746,60,378.810308
57.736588,60,378.893811
56.884342,60,378.954719
55.670645,60,379.026151
55.008329,60,379.109219
45.296104,60,379.191308
53.047579,60,379.276234
55.849396,60,379.359794
55.743434,60,379.444338
56.302565,60,379.538984
55.919584,60,379.623491
56.866254,60,379.710449
53.054498,60,379.791212
57.688155,60,379.878489
11.140117,60,379.971071
56.070928,60,380.057096
57.282468,60,380.143177
52.997377,60,380.228861
44.26315,60,380.32549
56.39838,60,380.408539
57.393776,60,380.501644
56.86434,60,380.584347
52.326241,60,380.666507
57.75,60,380.751056
43.786156,60,380.831082
56.951132,60,380.908019
42.80615,60,380.985513
56.35081,60,381.064338
56.879164,60,381.146822
50.904256,60,381.231142
50.869556,60,381.311039
55.627492,60,381.391994
57.447338,60,381.469938
56.161295,60,381.552422
57.671967,60,381.632499
56.976377,60,381.714129
56.522128,60,381.796151
55.795003,60,381.8757
57.009558,60,381.949266
45.464996,60,382.034842
57.716494,60,382.119823
56.25906,60,382.205701
56.995333,60,382.288767
42.506981,60,382.37334
56.480886,60,382.459033
56.864481,60,382.541985
36.407171,60,382.626141
48.619827,60,382.717275
56.503557,60,382.796199
30.690412,60,382.885761
33.241567,60,382.979754
56.659085,60,383.063865
57.115997,60,383.149411
52.004802,60,383.225386
56.35,60,383.306457
54.634505,60,383.388392
56.200506,60,383.470463
55.894159,60,383.565104
56.074661,60,383.642186
