#{"t_start": 1790475127.402129, "env_id": "None"}
r,l,t
6.404711,35,0.072363
13.327103,60,0.152494
35.857929,60,0.221411
12.78929,52,0.291837
5.266576,32,0.344727
9.245384,38,0.39951
8.041178,44,0.457777
18.653983,60,0.530354
21.347122,60,0.605334
14.929977,60,0.697384
8.832638,34,0.758275
20.623655,60,0.843297
17.942936,60,0.916315
4.988312,43,0.972107
5.85269,40,1.031518
2.007398,26,1.067718
12.774925,60,1.141109
15.823485,60,1.219005
9.629096,48,1.287067
13.694705,60,1.362963
21.993697,60,2.456151
16.120761,52,2.531599
14.005503,60,2.615614
18.390751,60,2.693559
20.700354,60,2.779684
13.724709,52,2.856705
4.666499,45,2.913011
17.307849,60,2.996611
8.441089,60,3.074969
7.681388,50,3.137242
9.743354,59,3.217299
24.262466,60,3.300004
17.34875,60,3.378448
4.516901,33,3.419705
21.216446,60,3.49924
1.980411,31,3.544547
4.789958,34,3.601962
17.997719,60,3.682951
16.460636,58,3.753762
14.269946,50,4.698442
13.610304,60,4.775904
18.282956,60,4.852975
12.477158,58,4.926448
11.98201,47,4.99383
11.092044,59,5.076256
12.972351,60,5.153779
9.505944,46,5.215214
6.565845,29,5.257368
16.165301,54,5.332782
22.699196,60,5.40767
11.665465,56,5.471945
17.845576,60,5.568356
25.314857,60,5.649729
7.974342,44,5.7076
15.282286,60,5.787267
15.109947,59,5.863817
15.163344,60,5.948478
14.553302,54,6.015843
28.435244,60,6.944849
5.428112,38,6.995551
27.741903,60,7.064439
29.742161,60,7.135957
12.373197,39,7.187655
22.365382,60,7.267309
33.962149,60,7.344861
29.952122,60,7.414277
9.763286,60,7.489774
8.680644,51,7.549137
34.676139,60,7.621125
20.588412,60,7.693234
20.618871,60,7.763624
8.127362,42,7.814888
5.456687,33,7.853546
7.072181,40,7.901333
7.607643,39,7.946857
13.221047,60,8.020327
14.928302,60,8.092778
29.5142,60,8.953583
17.10288,48,9.01131
9.318684,60,9.082363
7.792653,60,9.156301
27.14411,60,9.226802
22.895981,60,9.293173
26.33281,60,9.361018
9.47771,43,9.409826
7.439164,33,9.451046
23.396599,60,9.522198
16.466527,60,9.592976
12.385332,47,9.646136
15.624632,48,9.702341
13.238416,50,9.7575
31.455892,60,9.824654
18.042132,52,9.885313
36.89634,60,9.95801
3.765096,53,10.019175
25.154197,60,10.093377
34.9379,60,11.042359
31.475204,60,11.11485
16.423599,54,11.18179
12.043401,60,11.254145
10.131417,60,11.320969
7.981551,53,11.391476
11.604392,59,11.459236
29.154372,60,11.529488
12.073699,55,11.598739
13.011472,44,11.645769
5.610443,35,11.685003
14.974791,60,11.749818
18.234868,60,11.817254
33.419287,60,11.88823
15.050155,60,11.959172
13.49298,55,12.023921
25.693198,60,12.100925
15.153163,60,12.166242
14.740238,60,13.046608
29.234961,60,13.118034
19.954244,60,13.184868
15.841717,50,13.248684
5.596359,41,13.300967
23.421952,60,13.378701
25.765206,60,13.454187
38.68749,60,13.531133
27.128486,60,13.607624
17.351961,60,13.681582
12.429376,54,13.74586
8.33592,60,13.817834
11.632486,41,13.870165
35.740237,60,13.943693
16.898268,50,14.00093
30.423175,60,14.072722
25.948189,57,14.135033
38.473996,60,14.200003
7.268425,47,14.253313
24.330355,60,15.090084
16.856752,60,15.167913
18.292882,60,15.237807
38.597151,60,15.312408
50.036076,60,15.387342
25.582207,60,15.455261
23.756106,60,15.535336
17.364334,60,15.608342
8.764312,59,15.681211
18.766577,60,15.76788
18.847834,60,15.872906
6.320964,52,15.938763
19.903732,57,16.006624
14.106602,60,16.082122
21.066371,60,16.158448
26.541195,60,16.238226
27.820805,60,16.315531
13.36718,60,17.208406
17.145219,60,17.282391
23.909803,60,17.357389
10.884219,60,17.427826
12.619236,48,17.489215
6.087774,56,17.556601
43.560586,60,17.62851
24.870224,60,17.701815
22.946852,60,17.773164
42.578089,60,17.851859
31.373074,60,17.934197
30.196304,60,18.00312
7.512558,38,18.051375
13.602576,57,18.125291
11.545881,60,18.201223
47.706449,60,18.277684
28.275916,60,18.356744
30.969127,60,18.434114
9.381161,60,19.496918
15.443518,60,19.593024
16.537863,60,19.672855
7.662837,51,19.749234
13.760173,49,19.8236
28.929239,60,19.916071
26.921587,60,20.008663
15.519959,57,20.084546
5.416343,60,20.160068
28.786765,60,20.23706
29.743285,60,20.322082
22.051572,60,20.408638
28.97683,60,20.492628
27.769309,60,20.57703
27.958275,60,20.652171
28.864081,60,20.72743
17.872968,60,20.809048
23.450533,60,21.745678
27.716176,60,21.825471
28.323243,60,21.899895
38.928137,60,21.966215
9.836041,40,22.015588
19.210804,60,22.089594
24.037818,60,22.15602
31.847071,60,22.23491
24.677032,60,22.319534
13.139786,60,22.402976
25.749816,60,22.499538
15.24492,60,22.583439
12.603053,47,22.646284
34.362971,60,22.743946
44.990433,60,22.829199
14.263323,60,22.908633
21.003105,60,22.997155
15.951054,60,23.079715
18.917677,60,24.189018
23.958695,60,24.286473
26.822289,60,24.374816
18.69976,47,24.452285
42.940428,60,24.537143
29.43114,60,24.619962
36.466452,60,24.702909
40.285495,60,24.798541
21.600883,60,24.895282
11.5007,40,24.95065
14.562765,60,25.023473
34.643871,60,25.126471
18.764416,60,25.228159
17.801493,60,25.323727
14.40412,56,25.397794
30.204944,60,25.476691
32.323623,60,25.57458
8.06276,60,25.65415
13.187078,50,26.63128
14.533285,58,26.713821
20.42365,60,26.800784
40.477219,60,26.892879
32.554037,60,26.976185
18.364372,60,27.067688
20.112044,60,27.148101
19.071874,60,27.228125
18.716388,60,27.309431
37.059779,60,27.387394
16.293627,60,27.468383
6.022196,45,27.534318
8.243921,32,27.580538
40.031794,60,27.674147
7.156189,47,27.745546
29.040144,60,27.85323
38.024664,60,27.962941
26.886995,60,28.059469
14.419749,48,29.141508
14.46994,54,29.218722
27.804432,60,29.29757
19.823626,55,29.373968
37.079885,60,29.465869
13.806605,60,29.545958
37.962684,60,29.627432
12.604315,60,29.720494
40.188268,60,29.798065
38.906374,60,29.879591
27.558485,60,29.971298
35.929267,60,30.050637
51.633319,60,30.125513
33.032014,60,30.208498
17.030574,53,30.280444
30.513935,60,30.369799
32.538234,60,30.454221
11.54923,40,30.519594
21.28364,60,31.522295
35.915761,60,31.601766
25.944287,60,31.670666
40.619761,60,31.740698
18.870636,60,31.815087
27.64835,60,31.889446
24.407099,60,31.962805
28.039335,60,32.039175
18.543831,60,32.119606
21.042073,60,32.188492
23.806621,60,32.264766
24.079106,60,32.334593
18.186808,60,32.40638
38.12307,60,32.483961
32.810221,60,32.557671
36.204813,60,32.648572
24.475363,60,32.729587
15.992656,60,33.699293
43.716881,60,33.784462
31.735189,60,33.874896
42.770406,60,33.947713
26.014307,60,34.03275
42.337627,60,34.109578
41.66634,60,34.188786
6.89777,33,34.235345
40.0109,60,34.309096
45.809611,60,34.393596
8.113793,56,34.462941
31.910524,60,34.534173
20.604771,60,34.613884
26.818027,60,34.691114
35.146298,60,34.776406
29.311117,60,34.877563
15.601783,60,34.963704
26.338014,60,35.865895
36.119181,60,35.942677
16.15722,45,36.007425
32.969297,60,36.077694
29.439116,60,36.160482
35.9021,60,36.24224
33.178589,60,36.326583
23.214561,60,36.404072
15.839395,60,36.488147
26.596628,60,36.56765
23.62115,60,36.664296
35.747873,60,36.760871
26.359683,60,36.836811
29.724742,60,36.919136
19.101583,60,36.98291
35.412168,60,37.052647
16.641134,60,37.156085
22.256518,60,37.239002
27.350697,60,38.187161
32.744354,60,38.264653
54.987258,60,38.345662
29.588698,60,38.423598
36.455399,60,38.498701
34.45223,60,38.574681
8.753758,36,38.619397
31.403242,60,38.695301
32.085371,60,38.769234
40.661261,60,38.841231
24.088525,56,38.918308
32.058934,60,38.992975
51.108969,60,39.065533
18.887847,60,39.144518
28.342273,60,39.218344
17.963164,60,39.297791
29.200754,60,39.375247
34.613368,60,40.305683
18.233687,51,40.374615
11.530703,40,40.422846
42.010239,60,40.502787
18.149924,59,40.578306
27.593458,60,40.653363
33.988568,60,40.734268
29.82047,60,40.81426
19.417328,60,40.888855
16.701893,60,40.968969
17.889013,60,41.03581
20.565664,60,41.106251
34.261648,60,41.174562
42.770308,60,41.250981
18.517758,60,41.32936
35.081919,60,41.398165
23.624195,60,41.479213
33.043448,60,41.557165
36.80323,60,42.455649
7.339142,42,42.511673
42.494004,60,42.587663
16.663002,53,42.65502
17.456275,60,42.73136
28.382931,60,42.805555
28.136296,60,42.886588
41.837834,60,42.966659
33.799067,60,43.051795
27.659534,60,43.12615
28.666916,60,43.195592
32.042497,60,43.273196
36.896766,60,43.347021
14.143897,60,43.414737
30.003908,60,43.486116
47.219814,60,43.553501
29.641167,60,43.623856
35.026647,60,44.474567
24.765788,60,44.552475
33.956483,60,44.622827
38.513616,60,44.69874
35.331282,60,44.772209
15.795554,60,44.837186
44.683195,60,44.911566
28.828768,60,44.995573
20.772247,60,45.067394
22.586005,60,45.143284
26.036507,60,45.217241
27.058536,60,45.290613
47.319735,60,45.368519
26.859593,60,45.445331
15.223142,60,45.526046
41.871546,60,45.598813
34.985846,60,45.676592
20.0296,60,46.515342
35.301366,60,46.579219
32.400013,60,46.649185
18.095381,59,46.711648
36.200199,60,46.785131
33.880063,60,46.853071
23.273989,60,46.924064
27.812365,60,46.999533
11.342698,46,47.054879
25.5851,60,47.12634
21.11351,60,47.20322
30.47291,60,47.278125
45.04502,60,47.351239
46.618313,60,47.442925
31.253691,60,47.518939
10.301543,50,47.577789
30.318869,60,47.65915
40.857518,60,47.731435
31.220447,60,48.611734
30.509802,60,48.681676
38.768471,60,48.754664
22.092073,54,48.818656
47.67611,60,48.889067
6.40922,45,48.943925
22.407424,60,49.018412
50.519595,60,49.089312
46.101914,60,49.162695
23.075202,60,49.250105
36.255492,60,49.337541
17.869234,60,49.414449
16.155408,51,49.475224
35.553369,60,49.551617
33.822331,60,49.622445
23.151464,60,49.698802
36.892865,60,49.778753
27.075497,60,50.665363
33.500478,60,50.738885
35.368456,60,50.819366
19.808349,60,50.890307
33.076877,60,50.964757
18.886134,60,51.035122
42.957175,60,51.10159
19.743334,60,51.170158
14.365313,54,51.231519
40.694516,60,51.300865
25.02208,60,51.372878
37.096993,60,51.439341
30.79668,60,51.514789
9.87146,47,51.571055
22.086612,60,51.644452
26.961739,60,51.714951
40.553539,60,51.785401
29.157046,60,51.863881
27.440412,60,52.772356
13.759338,60,52.846848
39.283904,60,52.9207
31.069808,60,52.996535
26.895065,60,53.075448
26.307684,60,53.150275
52.51004,60,53.222648
34.383638,60,53.306996
29.508992,60,53.385422
30.649564,60,53.462692
29.65838,60,53.528403
34.068568,60,53.597777
33.128871,60,53.666816
36.410084,60,53.735782
38.448595,60,53.810223
16.452865,55,53.878675
20.153481,60,53.949107
20.538619,60,54.805463
25.152626,60,54.875228
31.200448,60,54.947188
29.010727,60,55.024263
40.212668,60,55.09649
16.018491,60,55.173396
48.832373,60,55.252494
27.458314,60,55.327543
12.781971,40,55.378364
24.323854,60,55.457313
36.232832,60,55.532813
27.733367,60,55.610842
40.907543,60,55.687259
40.653454,60,55.763732
24.470305,60,55.839117
36.754718,60,55.911499
55.03679,60,55.990284
39.760287,60,56.860457
13.747976,60,56.934021
28.085576,60,57.00635
28.910224,60,57.079347
14.7018,57,57.156859
41.060052,60,57.235903
42.155541,60,57.318386
31.748947,60,57.407074
30.933431,60,57.485578
40.180446,60,57.560538
33.812453,60,57.645007
17.224564,60,57.722003
52.704289,60,57.790331
31.551096,60,57.868419
28.261953,60,57.953863
41.563639,60,58.030275
48.486946,60,58.112329
47.667658,60,59.00157
40.712292,60,59.077894
44.416234,60,59.160726
33.597703,60,59.237948
51.93416,60,59.325174
50.096522,60,59.399957
39.043718,60,59.474418
41.028647,60,59.555802
35.391872,60,59.629753
48.428456,60,59.733433
36.106171,60,59.812536
29.356057,60,59.888295
26.123441,56,59.966743
35.505859,60,60.051914
38.866691,60,60.128684
36.437734,60,60.223064
9.21374,60,60.308477
44.318586,60,61.303931
20.095416,60,61.378226
29.102881,60,61.455557
32.558085,60,61.538472
31.30413,60,61.620025
12.60901,60,61.693612
43.750193,60,61.784727
20.743981,60,61.863721
46.987027,60,61.94822
23.361111,60,62.031044
26.677146,60,62.117954
43.28819,60,62.197953
41.055785,60,62.279869
32.871983,60,62.374826
16.589411,60,62.456735
38.967713,60,62.542136
36.513642,60,62.626578
30.131554,60,62.710052
44.243071,60,63.789533
26.826156,60,63.86586
46.07242,60,63.945439
38.594204,60,64.019911
52.693695,60,64.096381
25.086794,60,64.166814
34.249235,60,64.239262
22.94248,60,64.319139
39.232136,60,64.399984
47.730913,60,64.487091
29.755276,60,64.568624
40.497594,60,64.646737
43.431893,60,64.733768
47.458845,60,64.814307
36.833611,60,64.895367
48.162368,60,64.97649
37.559176,60,65.058061
40.874465,60,66.044336
36.728499,60,66.119728
43.920528,60,66.204494
42.529748,60,66.288372
40.625452,60,66.377244
35.816528,60,66.453471
26.729978,60,66.532543
47.507387,60,66.616687
49.855396,60,66.691191
47.652258,60,66.768679
51.052988,60,66.838544
38.259905,60,66.905417
25.952421,60,66.972723
36.028293,60,67.046787
40.539747,60,67.131306
11.904311,44,67.190158
33.407264,60,67.264677
34.566231,60,68.190785
33.264945,60,68.271827
53.508068,60,68.358963
48.177445,60,68.433738
14.873342,41,68.487119
47.104232,60,68.572575
33.566115,60,68.65362
38.252774,60,68.728491
39.675049,60,68.815838
44.840296,60,68.900884
35.978696,60,68.979925
44.081691,60,69.055959
32.251951,60,69.137484
23.396114,60,69.224487
46.368711,60,69.303013
37.805394,60,69.382081
49.001814,60,69.452083
40.260997,60,70.338614
40.811853,60,70.413579
53.166773,60,70.488357
45.533687,60,70.556217
49.551064,60,70.628711
15.196934,60,70.706691
42.309315,60,70.785228
40.895749,60,70.865803
50.623947,60,70.942202
42.383798,60,71.015654
50.690263,60,71.102059
39.231262,60,71.180087
50.688496,60,71.254593
38.607181,60,71.337598
37.586075,60,71.41905
49.914082,60,71.501333
39.877299,60,71.572718
55.982008,60,72.465425
23.031225,60,72.538745
48.080033,60,72.616091
30.896648,60,72.685981
47.331685,60,72.759746
49.531115,60,72.833662
45.568716,60,72.904831
31.382417,60,72.989971
44.166588,60,73.065502
25.452106,60,73.139747
42.0732,60,73.227746
32.170466,60,73.310527
51.44392,60,73.385283
43.833997,60,73.465706
24.578017,60,73.53892
34.94315,60,73.618864
51.151579,60,73.69883
29.54235,60,74.401331
33.175302,60,74.46065
46.080837,60,74.516665
17.50689,60,74.581621
48.511496,60,74.654539
54.691498,60,74.728977
34.647314,60,74.804492
53.751138,60,74.8835
40.158284,60,74.961983
7.031993,38,75.020864
51.467358,60,75.104903
9.324242,43,75.160676
53.565122,60,75.237935
42.44479,60,75.304274
40.925847,60,75.361436
31.581909,60,75.416606
25.586375,60,75.471677
36.34305,60,75.532113
49.293906,60,76.47558
50.505244,60,76.556717
39.130398,60,76.634855
23.277605,60,76.704282
51.032113,60,76.777928
49.965334,60,76.853859
40.000574,60,76.928761
48.917764,60,76.999763
42.622682,60,77.072219
46.092993,60,77.140567
52.725201,60,77.208462
43.917316,60,77.280889
31.216296,60,77.360049
54.995902,60,77.430552
34.89478,60,77.503489
44.866546,60,77.585525
45.027661,60,77.657606
31.83955,60,78.524275
43.401337,60,78.600816
37.706152,60,78.669684
19.593199,60,78.747629
51.372672,60,78.821629
46.689201,60,78.893576
26.013827,60,78.967854
51.58492,60,79.048633
41.854022,60,79.118538
52.173498,60,79.189506
54.00873,60,79.269586
55.309464,60,79.339518
21.334756,60,79.406382
21.387195,60,79.476675
37.575637,60,79.540552
29.258367,60,79.605429
40.680428,60,79.672373
52.924776,60,80.514892
39.598912,60,80.587742
39.973382,60,80.658548
15.62424,43,80.708011
44.512374,60,80.784454
54.767636,60,80.845843
47.81967,60,80.917341
51.162573,60,80.985287
39.77157,60,81.049626
29.919113,60,81.116124
37.550533,60,81.182091
48.966508,60,81.243889
39.722036,60,81.314786
51.948364,60,81.376674
48.457003,60,81.442986
41.057877,60,81.502332
48.498336,60,81.56479
49.894653,60,81.631642
45.239646,60,82.328427
45.780243,60,82.390757
33.350327,60,82.449607
35.249141,60,82.509992
51.921662,60,82.570291
55.22316,60,82.628652
37.25642,60,82.690561
48.097251,60,82.752888
50.009216,60,82.813154
43.571965,60,82.880007
48.059954,60,82.938385
47.378448,60,82.998709
39.123342,60,83.065165
54.84675,60,83.126964
47.042615,60,83.187369
53.626947,60,83.255345
41.285704,60,83.317764
32.445882,60,84.050286
37.217483,60,84.110708
36.3099,60,84.170088
54.384167,60,84.228448
50.549203,60,84.291284
41.124078,60,84.353652
43.048999,60,84.408338
29.011901,60,84.465572
53.386157,60,84.528326
49.734457,60,84.589503
47.627012,60,84.649691
38.205652,60,84.71291
36.75179,60,84.77527
38.973802,60,84.833097
54.045632,60,84.891418
42.294103,60,84.952815
43.132092,60,85.013001
21.194212,60,85.741288
50.995141,60,85.801697
42.390958,60,85.862087
51.191168,60,85.930994
52.725882,60,85.99746
40.409732,60,86.0553
49.627314,60,86.11765
52.655841,60,86.183489
44.068178,60,86.248379
29.43821,60,86.309774
44.814265,60,86.375148
45.728797,60,86.435402
51.074947,60,86.492924
48.314669,60,86.548709
53.782755,60,86.607624
51.733188,60,86.666943
39.94609,60,86.725875
50.861901,60,87.453501
53.662082,60,87.51327
34.819102,60,87.572167
37.960188,60,87.631871
55.892366,60,87.695153
44.350599,60,87.753953
52.587155,60,87.813274
50.855484,60,87.878674
55.622185,60,87.941589
28.567801,60,88.003332
54.38063,60,88.066687
54.157873,60,88.12941
54.066922,60,88.189618
47.043992,60,88.254747
32.726803,55,88.3194
54.603069,60,88.381301
37.383552,60,88.441738
36.04717,60,89.138748
39.155555,60,89.19763
56.500981,60,89.258589
44.15484,60,89.327483
54.185308,60,89.390414
50.759566,60,89.450736
52.028637,60,89.511989
46.011894,60,89.569242
29.358346,60,89.632441
54.501505,60,89.695673
46.667695,60,89.822214
46.722034,60,89.902901
52.78699,60,89.962805
51.457616,60,90.02479
41.886275,60,90.09025
54.009528,60,90.153151
55.84149,60,90.20942
19.339988,60,90.942718
54.624623,60,91.005508
46.805818,60,91.065783
43.669566,60,91.125254
55.268173,60,91.18616
55.630893,60,91.241526
55.513157,60,91.298247
54.752889,60,91.357669
56.564821,60,91.416534
56.85964,60,91.47728
41.755586,60,91.536123
49.108808,60,91.596948
12.188543,38,91.637141
51.844878,60,91.697013
51.868158,60,91.762396
37.345447,60,91.826623
42.532957,60,91.882835
43.252205,60,91.941735
52.477862,60,92.671844
51.676764,60,92.731616
39.012752,60,92.795554
53.637355,60,92.853064
24.058364,49,92.890771
55.32315,60,92.940112
53.773931,60,92.996535
42.971265,60,93.054359
52.367672,60,93.11522
50.894566,60,93.183182
43.217406,60,93.244612
51.665769,60,93.308048
43.114842,60,93.373962
55.538757,60,93.44048
30.010675,60,93.504352
54.993337,60,93.559756
54.286439,60,93.621109
51.325174,60,94.443135
56.212802,60,94.51308
39.994729,60,94.586352
51.950103,60,94.659308
55.190054,60,94.728202
55.820669,60,94.803077
54.805118,60,94.878027
51.859614,60,94.949607
47.826536,60,95.026104
48.265977,60,95.09699
52.082441,60,95.168027
54.595726,60,95.241563
38.0143,60,95.31254
53.23793,60,95.379837
53.488068,60,95.453704
55.124081,60,95.527284
53.217646,60,95.60845
54.725224,60,96.455635
56.16791,60,96.529147
52.858834,60,96.5976
51.173474,60,96.663515
38.120921,60,96.731899
25.458912,51,96.786243
53.177901,60,96.858087
55.932026,60,96.929115
55.576952,60,97.003623
20.901568,60,97.077628
56.061655,60,97.152199
54.722966,60,97.224022
28.167658,60,97.30376
54.726367,60,97.37647
53.187274,60,97.454898
38.369281,60,97.527932
52.375129,60,97.595399
10.578363,53,98.433275
49.937804,60,98.498188
53.87094,60,98.562121
53.671953,60,98.626543
52.458438,60,98.691422
27.724935,60,98.762004
55.552344,60,98.831983
56.994704,60,98.897863
56.956599,60,98.974215
50.768514,60,99.043735
56.746119,60,99.113124
47.11167,60,99.181584
54.800635,60,99.251495
45.00212,60,99.325133
52.308481,60,99.396147
55.02776,60,99.473688
56.634866,60,99.544962
45.997938,60,100.469494
37.737078,60,100.542541
52.846498,60,100.611102
48.849607,60,100.68712
39.562112,60,100.760666
47.690269,60,100.83327
51.218382,60,100.904176
55.049171,60,100.973073
50.683241,60,101.041043
56.348785,60,101.105502
52.142257,60,101.170639
50.549711,60,101.24431
52.252934,60,101.322718
35.794101,60,101.397635
27.078678,52,101.46306
45.641295,60,101.536571
54.210684,60,101.606572
56.1463,60,102.594159
55.991374,60,102.679402
40.145147,60,102.759055
57.434948,60,102.829086
53.545085,60,102.90762
33.506112,60,102.984487
42.140384,60,103.065469
56.194604,60,103.140992
55.387616,60,103.208094
54.971178,60,103.285767
40.213837,60,103.361374
31.154335,60,103.432676
48.396719,60,103.504232
55.158219,60,103.575871
54.958045,60,103.649279
54.560856,60,103.724778
51.675461,60,103.806895
55.608826,60,104.725088
56.575514,60,104.805183
57.004015,60,104.881634
53.287648,60,104.957405
24.043591,60,105.038775
53.409655,60,105.116696
34.288217,60,105.190166
31.910558,60,105.27279
53.167564,60,105.354638
48.568851,60,105.438377
47.351188,60,105.526461
56.245005,60,105.6073
50.493517,60,105.676203
53.341014,60,105.752222
54.993179,60,105.828119
52.867989,60,105.910103
23.292471,60,105.986568
55.910386,60,106.061175
56.567097,60,106.92318
42.560816,60,106.99523
54.905262,60,107.066303
48.110597,60,107.14388
29.817814,60,107.216687
48.431523,60,107.283891
56.287682,60,107.363313
54.144917,60,107.436821
45.325893,60,107.508951
53.997654,60,107.583369
56.090101,60,107.662315
44.456686,60,107.73278
57.151968,60,107.801243
56.126199,60,107.874004
56.346401,60,107.956353
35.434842,60,108.040919
55.098124,60,108.114806
53.675614,60,108.916557
55.934888,60,108.990009
54.204046,60,109.056944
55.763167,60,109.125989
54.376242,60,109.198053
55.644178,60,109.266926
56.678066,60,109.337444
52.769959,60,109.404841
55.583018,60,109.477064
53.642887,60,109.550559
50.322481,60,109.623188
54.103841,60,109.701251
54.336521,60,109.768138
54.843476,60,109.836005
56.520136,60,109.907503
50.65105,60,109.984118
56.951348,60,110.060815
55.561335,60,110.939844
48.811598,60,111.00818
56.054465,60,111.070714
37.648014,60,111.130805
55.344201,60,111.195297
56.785413,60,111.258249
49.607717,60,111.320184
29.8298,54,111.376193
47.774914,60,111.439772
56.12937,60,111.501466
50.10057,60,111.567238
56.119909,60,111.634062
56.232399,60,111.701592
57.635409,60,111.777147
35.60662,60,111.850509
49.243358,60,111.927999
51.945813,60,112.000005
56.942589,60,112.956376
38.726224,60,113.031021
6.915167,32,113.070781
42.318437,60,113.147765
50.833421,60,113.226688
45.204388,60,113.305551
54.078369,60,113.382759
56.908205,60,113.46233
46.456307,60,113.537357
54.995687,60,113.613288
42.701044,60,113.689656
51.388062,60,113.762661
56.209195,60,113.832578
55.21498,60,113.902544
48.718576,60,113.976011
56.212711,60,114.055339
55.167988,60,114.128734
54.770475,60,115.05919
35.79325,60,115.133616
56.450399,60,115.212574
40.647075,60,115.289154
30.046032,60,115.371106
55.74481,60,115.452641
52.127655,60,115.522061
56.921986,60,115.593542
54.444651,60,115.671045
56.194953,60,115.747757
56.662931,60,115.821707
56.705229,60,115.891062
56.911698,60,115.973669
53.301378,60,116.042149
57.009539,60,116.110608
55.526433,60,116.179608
24.639005,60,116.248108
50.23904,60,117.059596
50.370734,60,117.12562
55.755945,60,117.195561
47.809684,60,117.266084
56.897896,60,117.336905
54.435323,60,117.407933
55.549632,60,117.481368
49.841827,60,117.548788
39.896146,60,117.621867
56.050755,60,117.692386
55.384104,60,117.762709
52.772078,60,117.839656
48.668514,60,117.913162
55.493149,60,117.983577
56.396187,60,118.057671
17.665557,60,118.127128
54.502161,60,118.19637
55.48093,60,118.261712
55.570373,60,119.062634
54.094614,60,119.127608
56.677627,60,119.197591
56.01378,60,119.268937
53.969781,60,119.337346
53.441297,60,119.410336
55.80846,60,119.485125
56.687613,60,119.563036
55.887126,60,119.635997
54.513973,60,119.707983
35.169577,60,119.777584
29.812079,60,119.854079
56.077858,60,119.927501
56.494441,60,120.00104
53.040711,60,120.077684
56.195964,60,120.148028
54.897517,60,120.223863
55.918556,60,121.106035
45.187804,60,121.173929
54.771689,60,121.244326
57.88577,60,121.316782
57.016972,60,121.395347
55.227343,60,121.469229
55.994318,60,121.547022
55.66188,60,121.622542
54.76309,60,121.691913
56.731309,60,121.764312
48.104235,60,121.836993
51.613555,60,121.914566
55.937096,60,121.999741
47.975428,60,122.089903
51.210811,60,122.167555
52.377836,60,122.244567
55.614069,60,122.327568
48.637475,60,123.304375
39.115837,60,123.475444
56.470199,60,123.593292
11.913595,60,123.706993
53.846109,60,123.807718
56.627224,60,123.916047
56.687206,60,124.009598
55.221322,60,124.101582
53.970588,60,124.205824
56.494421,60,124.317903
46.587775,60,124.408933
55.841949,60,124.508566
55.877264,60,124.605572
57.719681,60,124.697398
56.34201,60,124.775813
56.579542,60,124.863373
56.530804,60,124.945892
56.008931,60,125.887885
56.744291,60,125.968901
31.032271,60,126.037843
56.052938,60,126.107398
55.124814,60,126.187418
53.883753,60,126.259355
57.839337,60,126.335822
54.919837,60,126.404716
54.195441,60,126.473078
56.884002,60,126.544604
56.307516,60,126.613479
54.985821,60,126.683277
58.102596,60,126.755817
46.146567,60,126.824244
52.888618,60,126.897817
47.096656,60,126.971907
47.791115,60,127.042399
54.549851,60,127.898203
56.462395,60,127.964975
43.26535,60,128.032513
18.845901,37,128.07787
53.246622,60,128.147825
53.485602,60,128.222258
54.755966,60,128.296331
57.188667,60,128.371851
53.539328,60,128.44584
55.630066,60,128.514676
56.499023,60,128.588164
56.920404,60,128.657068
54.390364,60,128.721547
50.283477,60,128.790481
46.692991,60,128.8564
56.548717,60,128.923851
57.095206,60,128.990291
54.432685,60,129.895807
52.035981,60,129.971435
55.797616,60,130.041388
51.587382,60,130.102975
57.457958,60,130.178882
54.545367,60,130.253648
55.030423,60,130.321472
51.424589,60,130.398447
48.976687,60,130.471012
56.907651,60,130.543103
54.214616,60,130.61868
51.045529,60,130.6867
55.882234,60,130.757456
56.731957,60,130.833014
56.137729,60,130.903127
52.508884,60,130.976568
26.944765,60,131.057102
49.79982,60,131.867851
57.378831,60,131.93765
43.648098,60,132.006605
55.197484,60,132.072053
52.448791,60,132.135003
55.698188,60,132.206
56.817519,60,132.278937
55.246968,60,132.347404
56.664599,60,132.420312
55.234844,60,132.488777
10.544884,30,132.522523
57.009512,60,132.599956
49.542247,60,132.678957
56.493738,60,132.743475
57.218574,60,132.815864
57.499318,60,132.884358
48.943783,60,132.946223
58.132859,60,133.02865
55.910381,60,133.860227
56.442011,60,133.925114
45.113672,60,133.987253
44.524171,60,134.048517
56.334992,60,134.123438
48.800004,60,134.197585
57.875793,60,134.26608
57.172249,60,134.343688
57.341564,60,134.412563
57.21267,60,134.482902
56.304155,60,134.555861
56.441723,60,134.625345
57.13317,60,134.690309
57.657357,60,134.761398
57.241232,60,134.828894
56.735468,60,134.896818
56.800947,60,134.969497
56.113396,60,135.789874
56.694778,60,135.856917
48.10397,60,135.932821
33.427651,55,135.99832
57.314212,60,136.061822
53.921267,60,136.129726
48.932958,60,136.193144
52.282116,60,136.259169
57.473765,60,136.324003
53.990787,60,136.386775
49.024032,60,136.46024
55.171568,60,136.530709
56.861067,60,136.597664
57.183541,60,136.666574
55.354656,60,136.73692
55.859336,60,136.801349
52.563236,60,136.865815
57.532406,60,137.665687
55.523841,60,137.732367
54.678678,60,137.80281
57.641263,60,137.867278
56.484194,60,137.931774
56.865869,60,138.000294
56.920553,60,138.06531
56.888424,60,138.136144
42.034536,60,138.200373
56.691584,60,138.267684
57.416364,60,138.338667
55.38848,60,138.402112
56.362285,60,138.466546
52.363281,60,138.53453
57.171053,60,138.596779
51.53924,60,138.656746
57.346803,60,138.717251
56.047287,60,139.525291
55.709049,60,139.627471
45.687954,60,139.714428
56.530552,60,139.78421
56.032056,60,139.856939
56.475046,60,139.929692
52.456408,60,140.003725
55.82808,60,140.072662
53.627597,60,140.141095
56.093867,60,140.216597
57.04876,60,140.284399
56.739122,60,140.352681
50.30676,60,140.41954
56.771897,60,140.485436
57.193344,60,140.555753
41.930232,60,140.621101
54.011897,60,140.692103
34.695859,60,141.435638
48.729173,60,141.500101
56.802978,60,141.560051
55.85706,60,141.623894
56.787876,60,141.685798
56.344001,60,141.75228
57.441254,60,141.817235
56.730732,60,141.880224
57.183918,60,141.944944
10.509303,60,142.012782
57.040439,60,142.080134
54.814345,60,142.147586
56.395423,60,142.211898
57.091115,60,142.274234
56.954722,60,142.341208
52.321844,60,142.403582
57.36658,60,142.469965
56.110172,60,143.298531
55.431492,60,143.367457
55.399434,60,143.432947
56.888489,60,143.498258
56.948793,60,143.565818
54.781588,60,143.628174
56.756886,60,143.691125
56.558921,60,143.755502
53.083242,60,143.830409
46.798368,60,143.899884
56.109486,60,143.969787
56.137366,60,144.046738
56.343088,60,144.11557
56.622938,60,144.184594
56.681142,60,144.252505
56.361848,60,144.318382
54.57606,60,144.388251
45.160912,60,145.277552
29.844609,60,145.350769
54.737367,60,145.422636
57.199576,60,145.502183
55.947715,60,145.582669
53.315306,60,145.658281
45.057997,60,145.731283
56.099391,60,145.809983
49.270892,60,145.884931
56.147517,60,145.957447
57.911503,60,146.032043
44.285767,60,146.100465
56.744967,60,146.168923
51.885919,60,146.237355
14.659448,37,146.279421
55.844817,60,146.353461
55.846152,60,146.423318
56.825473,60,146.496706
35.620625,60,147.373935
57.009514,60,147.44835
55.778984,60,147.535715
55.248331,60,147.621203
56.749072,60,147.694072
57.191851,60,147.777401
57.436733,60,147.856573
55.824844,60,147.931711
57.349276,60,148.010664
56.561544,60,148.089636
55.996501,60,148.169147
56.892517,60,148.248187
57.155798,60,148.332296
55.630216,60,148.407098
55.254946,60,148.48652
55.255927,60,148.559222
56.940684,60,148.629459
51.467275,60,149.497095
55.162488,60,149.587336
56.798747,60,149.664946
56.870424,60,149.750407
28.733717,60,149.828276
34.338249,60,149.903214
57.575231,60,149.983344
55.459567,60,150.058336
27.33231,60,150.13485
57.441575,60,150.208336
49.670491,60,150.285313
54.537564,60,150.364085
56.777562,60,150.441649
50.671146,60,150.516044
57.601163,60,150.589979
57.261581,60,150.671323
56.59548,60,150.748209
55.770468,60,151.63607
56.605319,60,151.711472
57.113884,60,151.789531
57.470804,60,151.866565
56.991029,60,151.936579
56.066758,60,152.014534
56.908878,60,152.086074
57.386943,60,152.155694
53.067534,60,152.23239
57.007925,60,152.308371
53.517273,60,152.380229
56.850065,60,152.453255
37.804108,60,152.5337
56.763696,60,152.601673
57.212642,60,152.678268
55.083725,60,152.747229
49.770243,60,152.820182
44.700171,60,153.73646
56.837104,60,153.802851
52.917121,60,153.875297
49.682522,60,153.944565
56.479683,60,154.016007
55.44106,60,154.085322
57.207376,60,154.158142
55.15327,60,154.234532
51.300585,60,154.307371
45.584232,60,154.381053
57.428759,60,154.447992
56.160986,60,154.519006
51.995808,60,154.591063
57.515095,60,154.658876
51.91428,60,154.727728
57.162594,60,154.803728
57.318377,60,154.871806
57.08035,60,155.825483
57.081994,60,155.901952
32.052485,60,155.9702
57.743543,60,156.04358
53.365565,60,156.11969
31.795774,60,156.188052
40.024217,60,156.266464
56.552057,60,156.334362
56.244633,60,156.396798
56.526245,60,156.458754
56.79775,60,156.522785
52.45014,60,156.590568
57.551933,60,156.674483
38.025168,60,156.751032
55.757384,60,156.844543
56.038436,60,156.930701
57.201019,60,157.036328
50.353383,60,157.896948
56.082276,60,157.965285
56.354505,60,158.036032
52.001103,60,158.106856
57.767424,60,158.174909
57.131928,60,158.252047
57.620269,60,158.326119
55.440877,60,158.400061
56.929258,60,158.472482
49.504427,60,158.539952
56.514787,60,158.611948
17.019888,60,158.682989
55.684407,60,158.75031
44.161248,60,158.81614
55.393883,60,158.877851
56.994348,60,158.938029
57.670928,60,159.004585
57.130914,60,159.769408
56.263662,60,159.836883
56.767948,60,159.911876
40.35525,60,159.97384
57.097616,60,160.048324
52.198101,60,160.115714
55.582522,60,160.185983
55.518884,60,160.264862
55.841054,60,160.339894
32.931748,60,160.410416
51.511719,60,160.481372
56.352345,60,160.549358
57.611525,60,160.614394
57.591425,60,160.684048
57.224493,60,160.750114
57.176066,60,160.824392
53.079722,60,160.887889
56.537712,60,161.650257
50.859932,60,161.712925
56.002852,60,161.782752
53.638832,60,161.84964
57.155522,60,161.911437
57.898072,60,161.975738
56.660572,60,162.037105
54.440278,60,162.109102
57.555915,60,162.17498
57.350899,60,162.237856
56.794939,60,162.308783
57.27872,60,162.376129
56.254979,60,162.442353
35.028462,60,162.510797
53.617858,60,162.576653
56.632244,60,162.64196
56.818911,60,162.716117
56.192997,60,163.524596
55.394773,60,163.594034
55.074893,60,163.667059
50.234196,60,163.736962
55.342622,60,163.796284
54.982971,60,163.858697
56.185265,60,163.922095
56.627079,60,163.992347
37.943706,60,164.060814
52.778749,60,164.12315
56.827326,60,164.196094
56.704246,60,164.264363
57.652302,60,164.326651
56.24861,60,164.386348
57.05112,60,164.449895
26.365181,60,164.531128
56.557529,60,164.595423
51.186932,60,165.378742
50.339787,60,165.444192
57.741485,60,165.50916
56.622529,60,165.575964
57.317941,60,165.646868
53.848455,60,165.712879
53.747556,60,165.777809
48.75667,60,165.850807
56.136318,60,165.914165
52.994616,60,165.981979
56.062377,60,166.051759
50.076582,60,166.114119
57.32769,60,166.176882
56.388767,60,166.236167
56.660723,60,166.29704
55.417292,60,166.361028
56.926431,60,166.427999
53.033246,60,167.193335
27.412876,60,167.25983
48.942866,60,167.330719
31.510492,60,167.390444
57.15006,60,167.457043
58.106244,60,167.524951
58.738425,60,167.586291
57.076016,60,167.646727
56.859917,60,167.716707
26.851327,55,167.776104
48.326068,60,167.836898
57.245502,60,167.9079
52.917412,60,167.974823
43.225867,60,168.045475
56.114442,60,168.109942
57.130102,60,168.175836
56.838668,60,168.253288
16.328842,38,168.293479
57.480176,60,169.055966
56.647246,60,169.126244
46.483181,60,169.19154
57.619029,60,169.255807
55.981372,60,169.324673
56.236753,60,169.393972
57.520934,60,169.460286
57.290916,60,169.532549
54.731781,60,169.599312
56.110842,60,169.669213
57.905695,60,169.74457
57.091194,60,169.815661
34.954656,60,169.883693
53.464191,60,169.954713
55.489496,60,170.016969
56.820488,60,170.083826
50.227634,60,170.155912
56.003078,60,170.963559
42.896571,60,171.029658
52.980601,60,171.098562
44.552333,60,171.165896
56.995031,60,171.266332
57.834547,60,171.338235
56.473955,60,171.412614
56.573518,60,171.488739
56.819146,60,171.56475
48.499539,60,171.636188
44.608115,60,171.705749
56.606647,60,171.771672
54.959045,60,171.84625
53.351783,60,171.916654
56.506828,60,171.991511
57.764656,60,172.069268
57.729751,60,172.144565
49.060587,60,173.106631
57.173834,60,173.188578
53.89695,60,173.264251
57.601414,60,173.34945
42.023579,60,173.425736
55.008433,60,173.49624
57.282541,60,173.576322
56.803853,60,173.656383
30.906993,60,173.729485
57.878893,60,173.802978
54.471396,60,173.888064
58.478086,60,173.964555
27.829654,60,174.045907
56.616177,60,174.126886
56.800149,60,174.200845
57.318144,60,174.279843
58.403324,60,174.359373
55.513942,60,175.279479
57.624155,60,175.359513
41.035439,60,175.433357
58.214359,60,175.51087
57.629975,60,175.589749
55.106304,60,175.66668
57.037481,60,175.743163
56.370214,60,175.823053
54.850599,60,175.902501
55.757915,60,175.972435
56.601557,60,176.042948
55.803113,60,176.113892
28.722701,60,176.183824
57.285571,60,176.253766
51.98308,60,176.33134
57.388681,60,176.419394
56.959458,60,176.495915
53.071823,60,177.472179
56.830151,60,177.555414
51.946105,60,177.631439
50.175567,60,177.711431
40.00486,60,177.792515
57.247193,60,177.868426
56.188611,60,177.956395
57.235113,60,178.033467
52.469239,60,178.110427
57.476649,60,178.194592
48.001295,60,178.276399
55.420855,60,178.361359
56.7419,60,178.438124
57.291415,60,178.529559
57.434387,60,178.610145
56.453706,60,178.683688
40.950172,60,178.768857
48.820158,60,179.719363
56.096593,60,179.800944
55.741782,60,179.885993
56.78799,60,179.972196
57.308677,60,180.053193
56.572812,60,180.131844
57.753593,60,180.223391
56.636392,60,180.306136
56.243488,60,180.396986
55.826435,60,180.47188
57.112532,60,180.550749
55.732972,60,180.639782
57.471817,60,180.716536
43.530112,60,180.800032
56.521581,60,180.88368
54.336611,60,180.970971
57.658195,60,181.050485
57.339155,60,181.968067
56.99627,60,182.040943
56.004006,60,182.115563
56.462554,60,182.188542
57.087124,60,182.2679
54.033861,60,182.341265
30.578239,60,182.4189
56.428293,60,182.497854
55.742736,60,182.566737
54.887848,60,182.645108
58.243538,60,182.723574
56.968717,60,182.799119
56.580173,60,182.87362
56.776461,60,182.952525
57.159565,60,183.028118
51.005787,60,183.113214
57.303817,60,183.195204
51.622577,60,184.136776
56.031398,60,184.218766
55.567789,60,184.298737
56.648681,60,184.379807
58.121582,60,184.46081
57.546087,60,184.540376
57.084664,60,184.625503
57.207751,60,184.702326
56.421071,60,184.787343
53.197681,60,184.863841
31.664682,60,184.941398
57.000025,60,185.03149
57.349411,60,185.112372
56.522333,60,185.187378
56.105361,60,185.269152
55.608492,60,185.345769
56.602211,60,185.426276
56.767354,60,185.498219
57.606914,60,186.422844
56.835058,60,186.502303
58.4,60,186.576344
57.530834,60,186.648766
44.351519,60,186.723321
57.543113,60,186.805259
57.631219,60,186.878173
44.678454,60,186.957695
52.581486,60,187.0392
57.930657,60,187.115572
56.622228,60,187.190956
57.254351,60,187.273414
56.442774,60,187.357029
58.127522,60,187.42901
58.191637,60,187.514616
56.714585,60,187.598635
47.014238,60,187.677429
57.129037,60,188.732142
56.861538,60,188.814283
57.290852,60,188.899992
57.580475,60,188.979314
56.982817,60,189.05825
55.782027,60,189.134632
56.991677,60,189.204592
57.617614,60,189.270051
57.154614,60,189.341998
57.17706,60,189.416181
51.300013,60,189.485572
56.084677,60,189.563157
48.165899,60,189.637603
56.658567,60,189.712038
47.497873,60,189.795988
58.101178,60,189.887532
37.919415,60,189.969027
56.964368,60,190.881022
56.950413,60,190.952339
56.648633,60,191.030602
39.504707,60,191.114508
57.596066,60,191.201632
56.340511,60,191.283597
30.647818,60,191.364104
56.799349,60,191.444146
57.006053,60,191.525099
57.711532,60,191.602012
40.175497,60,191.671932
34.663508,60,191.741344
56.753297,60,191.810286
57.154349,60,191.883258
57.158241,60,191.971254
57.542345,60,192.053422
57.840602,60,192.139382
57.582,60,193.038557
50.950043,60,193.13057
55.295334,60,193.214855
57.343548,60,193.298475
54.190134,60,193.385444
58.136098,60,193.470528
57.90615,60,193.549101
57.39961,60,193.631603
56.276853,60,193.715469
57.331996,60,193.809346
57.629062,60,193.893663
56.720734,60,193.970809
48.932754,60,194.05367
56.981933,60,194.129658
54.74716,60,194.208636
54.744804,60,194.292537
55.543395,60,194.367504
52.16912,60,195.346133
54.76744,60,195.428598
57.677926,60,195.506515
57.190311,60,195.596058
57.860692,60,195.68294
56.379402,60,195.769425
56.155966,60,195.861425
56.259336,60,195.943441
56.848733,60,196.025462
54.357361,60,196.110054
33.60517,57,196.191956
57.338306,60,196.271464
56.348849,60,196.36805
55.713038,60,196.453482
56.787779,60,196.54017
55.425695,60,196.622165
58.517286,60,196.704152
58.0265,60,197.644753
55.989052,60,197.723165
59.056433,60,197.806499
33.591481,60,197.881895
58.875175,60,197.963227
55.713213,60,198.04609
53.534783,60,198.122429
56.799184,60,198.207968
56.281849,60,198.297522
56.115552,60,198.393075
55.98576,60,198.473657
55.824508,60,198.552186
56.593218,60,198.641289
56.808835,60,198.727426
57.063799,60,198.82467
56.995421,60,198.911466
56.442729,60,198.998857
25.084001,60,199.96598
54.732055,60,200.044919
57.147504,60,200.117005
50.351279,60,200.203691
54.333417,60,200.281275
28.940844,60,200.355584
58.246295,60,200.447117
57.121059,60,200.530343
57.396761,60,200.6036
56.592987,60,200.679542
57.647922,60,200.759291
57.077353,60,200.847239
58.236703,60,200.92636
58.482632,60,201.01433
57.531937,60,201.097933
54.678793,60,201.177383
56.919536,60,201.263045
58.037322,60,202.251546
57.447676,60,202.354192
56.818441,60,202.440755
49.801999,60,202.534295
56.476721,60,202.621203
57.063177,60,202.700596
57.873784,60,202.777341
45.317436,60,202.867505
52.773094,60,202.947827
56.002925,60,203.03321
54.502346,60,203.121087
35.108732,60,203.215161
57.021915,60,203.298488
37.822572,60,203.383468
57.561967,60,203.471523
41.933529,60,203.557436
34.444907,60,203.652899
57.471281,60,204.725266
56.715777,60,204.812434
55.213989,60,204.890896
47.679156,60,204.979328
58.08425,60,205.064234
55.995782,60,205.145318
56.388782,60,205.230378
57.873673,60,205.313458
56.768749,60,205.392447
50.90559,60,205.478556
56.595231,60,205.565867
56.338518,60,205.645808
54.206265,60,205.741308
49.190702,60,205.825885
46.072011,60,205.905773
44.032447,60,205.989276
52.366281,60,206.082244
56.846319,60,207.131434
58.47263,60,207.214461
56.420434,60,207.29906
56.118748,60,207.37496
56.690688,60,207.453887
56.120629,60,207.538212
57.91514,60,207.621112
55.300984,60,207.718274
56.122183,60,207.802361
57.692937,60,207.877353
56.463654,60,207.961375
57.985659,60,208.035385
57.719912,60,208.11337
56.863109,60,208.201414
58.159441,60,208.291482
57.017701,60,208.379395
55.931725,60,208.463846
56.889013,60,209.569536
57.897413,60,209.681134
57.8551,60,209.799252
56.420371,60,209.942265
57.4821,60,210.023711
57.40799,60,210.101165
55.822844,60,210.202795
57.016411,60,210.317065
56.617588,60,210.403118
57.337653,60,210.50114
52.392582,60,210.593103
33.094339,60,210.682604
56.417029,60,210.769574
57.311815,60,210.862438
56.055085,60,210.94443
55.744778,60,211.020744
57.423863,60,211.101193
56.14204,60,212.098281
56.231369,60,212.184638
53.269865,60,212.270584
58.083167,60,212.358513
57.037665,60,212.442633
57.124492,60,212.516062
57.042078,60,212.60017
55.001838,60,212.673625
56.556898,60,212.749026
56.898233,60,212.834325
56.949846,60,212.914891
57.552338,60,212.991824
57.217986,60,213.077348
57.815054,60,213.161744
30.109882,60,213.253686
39.783417,60,213.330662
48.681293,60,213.418249
55.797011,60,214.389311
57.921063,60,214.475646
55.7397,60,214.562119
53.060823,60,214.63862
54.823237,60,214.723581
55.627747,60,214.81005
56.361105,60,214.88948
56.39789,60,214.972023
56.695726,60,215.051611
50.49508,60,215.131609
55.463832,60,215.221293
56.786226,60,215.294392
55.43406,60,215.371783
56.094847,60,215.44945
52.746986,60,215.52695
15.502669,60,215.602396
58.071243,60,215.686264
56.939918,60,216.613399
54.579954,60,216.693506
51.356723,60,216.773582
57.488296,60,216.862958
45.81937,60,216.963473
55.587536,60,217.054016
50.014505,60,217.154826
51.847099,60,217.24314
39.69468,60,217.330804
56.175827,60,217.42447
57.197168,60,217.505334
56.394329,60,217.593392
50.336172,60,217.670456
57.488328,60,217.755945
57.484832,60,217.835912
57.441892,60,217.908235
50.171695,60,217.996883
55.970283,60,218.081478
55.885663,60,219.018001
55.065924,60,219.085803
46.263183,60,219.153511
56.429342,60,219.224861
47.84064,60,219.300508
49.441985,60,219.378155
57.340314,60,219.453228
55.937325,60,219.537431
48.595109,60,219.619965
57.978347,60,219.694442
56.023434,60,219.770302
54.060743,60,219.841836
51.429248,60,219.919354
57.331956,60,219.99227
56.627814,60,220.06115
58.373171,60,220.14068
57.495983,60,220.214961
57.794092,60,221.101311
56.804464,60,221.176915
49.848566,60,221.252546
48.074727,60,221.332417
56.857491,60,221.406888
57.120273,60,221.481394
57.403736,60,221.560496
32.889965,59,221.625742
56.889463,60,221.695173
57.464862,60,221.759479
56.104768,60,221.832374
56.654908,60,221.910777
48.719443,60,221.982587
56.288477,60,222.054113
56.36438,60,222.130599
47.17391,60,222.205559
57.472004,60,222.276528
57.796919,60,223.19522
56.404366,60,223.285238
57.601405,60,223.364119
57.136153,60,223.437505
57.216816,60,223.516557
58.472043,60,223.595647
57.796833,60,223.671591
57.612446,60,223.745614
56.533051,60,223.82479
57.500331,60,223.905278
56.585482,60,223.988727
31.496204,60,224.072719
55.394714,60,224.142582
57.626339,60,224.215487
58.247407,60,224.284856
58.376556,60,224.363086
43.635267,60,224.439045
52.784776,60,225.311122
5.424768,26,225.345916
57.599754,60,225.42737
40.723002,60,225.505941
56.463289,60,225.591121
57.790158,60,225.717547
57.681724,60,225.81804
57.375076,60,225.900153
56.04744,60,225.973444
58.126216,60,226.049217
55.798463,60,226.136626
57.185065,60,226.216848
56.071848,60,226.294926
56.904577,60,226.374362
56.838365,60,226.459378
57.185242,60,226.540404
53.230272,60,226.616915
57.193156,60,227.553116
56.576786,60,227.624967
57.617893,60,227.703067
56.1317,60,227.787642
56.357666,60,227.863636
57.141051,60,227.939585
56.851806,60,228.020548
56.373408,60,228.092512
57.914719,60,228.167503
56.137837,60,228.245811
58.69774,60,228.32124
56.813292,60,228.404806
53.133523,60,228.480517
56.301132,60,228.549513
57.831315,60,228.625408
56.800652,60,228.702594
57.735437,60,228.785089
57.29031,60,229.664871
48.023097,60,229.747451
53.674366,60,229.827464
56.335494,60,229.900994
57.850774,60,229.975367
57.999647,60,230.051698
51.633085,60,230.130326
57.203808,60,230.199875
55.218709,60,230.276852
58.039608,60,230.347939
54.531154,60,230.423028
56.171151,60,230.495481
36.865891,60,230.570118
55.594026,60,230.641443
56.845706,60,230.717276
57.143558,60,230.79623
57.716549,60,230.872226
57.837491,60,231.856801
55.720131,60,231.931777
30.517609,60,232.010275
56.070307,60,232.097268
56.339891,60,232.173252
57.457746,60,232.256837
56.898302,60,232.342479
56.752518,60,232.424524
56.385438,60,232.500958
55.498966,60,232.57397
32.701345,60,232.65578
46.522799,60,232.735489
57.560053,60,232.820563
43.084894,60,232.897593
56.204462,60,232.97488
54.202737,60,233.063995
57.673917,60,233.147636
55.287085,60,233.229053
56.790751,60,234.150387
56.553802,60,234.225337
56.301856,60,234.307428
56.090958,60,234.380127
56.423281,60,234.447918
57.465608,60,234.521264
56.934587,60,234.59878
57.642299,60,234.682363
54.752456,60,234.758538
57.714904,60,234.845634
58.227496,60,234.930177
54.528455,60,235.00654
57.203496,60,235.095232
56.293166,60,235.168207
55.597419,60,235.248739
56.442768,60,235.332771
58.048265,60,235.420312
56.501447,60,236.459409
57.253748,60,236.541544
57.407531,60,236.622983
57.963528,60,236.707841
57.038482,60,236.802959
57.356085,60,236.888517
57.177181,60,236.966705
56.880907,60,237.049758
51.894999,60,237.125175
57.554549,60,237.194424
51.640718,60,237.267334
56.862489,60,237.336702
56.466901,60,237.405337
57.147588,60,237.475317
57.276018,60,237.557421
57.47282,60,237.629862
58.051873,60,237.703754
55.899988,60,238.444137
56.841143,60,238.517178
56.518141,60,238.589143
57.212456,60,238.664187
56.807268,60,238.73619
54.28294,60,238.809757
57.384654,60,238.886786
58.030189,60,238.960263
57.720733,60,239.035665
55.055721,60,239.11412
31.276713,60,239.192412
56.820173,60,239.265157
57.706884,60,239.337488
57.382996,60,239.415437
55.304851,60,239.488824
56.689655,60,239.558288
23.023934,60,239.631701
57.265254,60,240.46871
56.737077,60,240.527173
55.425538,60,240.582517
57.292898,60,240.645467
17.012532,46,240.693321
56.762145,60,240.755252
57.428528,60,240.838797
57.803743,60,240.91814
53.964776,60,240.986841
56.190465,60,241.061679
57.335745,60,241.131539
56.124295,60,241.215157
50.718922,60,241.297256
54.773821,60,241.388427
57.008271,60,241.479551
46.352552,60,241.564021
57.904599,60,241.653386
56.31637,60,242.674559
43.641954,60,242.75493
55.2221,60,242.837939
18.039593,45,242.891694
55.781455,60,242.968783
56.055718,60,243.044793
56.273678,60,243.132719
57.91182,60,243.205121
57.137981,60,243.284645
51.339269,60,243.361088
55.303467,60,243.433496
57.188794,60,243.506053
57.00901,60,243.582585
40.424512,60,243.651985
57.507108,60,243.720206
58.1,60,243.790558
57.968431,60,243.85726
58.269682,60,244.792772
57.414318,60,244.866164
56.61789,60,244.935479
35.332789,60,245.0098
51.499657,60,245.088991
57.83289,60,245.162224
58.226043,60,245.237454
56.941155,60,245.313346
56.613327,60,245.383183
57.283211,60,245.460757
57.077419,60,245.530761
57.948192,60,245.600127
58.801716,60,245.669057
57.989858,60,245.740111
56.751257,60,245.819133
46.633309,60,245.892033
58.715462,60,245.966503
57.675701,60,246.84543
56.306755,60,246.922973
55.074822,60,247.008404
57.678991,60,247.082342
43.459084,60,247.167949
57.212183,60,247.251874
57.317404,60,247.316308
57.924712,60,247.384825
52.30176,60,247.4523
55.864558,60,247.522217
57.984934,60,247.594642
57.051159,60,247.663586
56.681785,60,247.74019
56.098956,60,247.812549
56.129801,60,247.887989
46.664178,60,247.95539
56.720379,60,248.026125
57.215905,60,248.098694
52.257406,60,248.960342
56.723337,60,249.032301
56.116959,60,249.107846
57.5671,60,249.178411
57.8917,60,249.254072
57.303454,60,249.329033
56.408384,60,249.407641
55.1217,60,249.4831
57.14413,60,249.552785
54.697001,60,249.63132
53.838433,60,249.699829
47.959405,60,249.769867
57.668316,60,249.838945
55.754053,60,249.907836
52.834574,60,249.977944
57.34914,60,250.056983
58.258171,60,250.131456
57.560502,60,250.987459
56.62064,60,251.063993
58.068917,60,251.145965
49.15934,60,251.216354
56.304364,60,251.296446
57.334488,60,251.374503
57.205061,60,251.444126
56.047414,60,251.530631
56.614767,60,251.593523
42.067686,60,251.661196
54.83241,60,251.734666
56.756983,60,251.807069
57.276558,60,251.887253
57.601458,60,251.956116
56.815407,60,252.014001
57.897558,60,252.096086
57.228102,60,252.188998
58.637131,60,253.122884
57.005733,60,253.21069
57.693218,60,253.299518
57.786229,60,253.390061
57.748378,60,253.480641
52.753563,60,253.562161
23.226027,48,253.629532
55.779211,60,253.721234
57.079105,60,253.798748
57.938797,60,253.886078
57.320432,60,253.970427
57.161389,60,254.049275
56.197937,60,254.133332
49.147123,60,254.213481
57.158422,60,254.308562
56.241754,60,254.38713
51.937499,60,254.475105
28.852191,53,255.436869
6.860935,33,255.481548
57.792646,60,255.561491
57.401123,60,255.642778
56.953779,60,255.716216
57.185339,60,255.804627
55.356812,60,255.884958
58.12932,60,255.959809
49.992391,60,256.048743
55.993046,60,256.125998
48.911648,60,256.206455
56.394316,60,256.295831
57.469714,60,256.376241
57.011521,60,256.473426
56.89631,60,256.565178
57.310573,60,256.649198
55.777688,60,256.735199
41.494015,60,256.81423
54.935003,60,257.814901
57.688491,60,257.906384
47.078829,60,257.987633
57.457014,60,258.077087
57.485922,60,258.159161
57.700622,60,258.241132
56.95047,60,258.323634
47.610486,60,258.418706
53.503157,60,258.506722
57.450184,60,258.599252
56.729149,60,258.692898
55.990532,60,258.774814
57.240366,60,258.864509
57.053406,60,258.9526
57.555267,60,259.042601
57.844601,60,259.133613
56.50589,60,259.218681
57.669865,60,260.201899
58.068117,60,260.290384
48.039497,60,260.37139
56.989122,60,260.458165
52.99376,60,260.542416
56.071698,60,260.626549
55.044322,60,260.704041
56.91578,60,260.787607
57.348436,60,260.865902
56.627012,60,260.95573
50.410426,60,261.040114
57.12684,60,261.125119
55.875583,60,261.218882
53.546247,60,261.30592
50.036882,60,261.381383
57.370126,60,261.464932
57.88071,60,261.54443
57.200784,60,262.541488
57.457632,60,262.617499
56.765368,60,262.69032
56.635082,60,262.772363
56.626483,60,262.852949
42.768257,60,262.930339
57.019779,60,263.017538
55.116688,60,263.108574
53.094604,60,263.19053
56.231456,60,263.2651
56.95144,60,263.344088
55.920609,60,263.425095
57.129056,60,263.503028
57.345908,60,263.592122
57.912632,60,263.668513
56.724344,60,263.751001
55.33045,60,263.839554
32.266336,60,264.787882
58.358479,60,264.869483
58.054174,60,264.94699
37.490443,60,265.026945
57.58624,60,265.100399
57.738318,60,265.174745
23.986826,60,265.251031
57.312266,60,265.33007
57.532258,60,265.416006
58.003941,60,265.496076
57.66441,60,265.581627
34.707043,60,265.663676
45.442995,60,265.743176
52.440966,60,265.82015
55.832813,60,265.899067
56.17322,60,265.982541
57.551066,60,266.075636
39.521477,60,267.091614
56.876462,60,267.168135
57.651324,60,267.248069
57.772994,60,267.328367
57.589898,60,267.405099
56.756415,60,267.489073
57.823191,60,267.565041
55.946191,60,267.638504
56.319171,60,267.717057
57.604454,60,267.79047
57.906194,60,267.864959
55.578717,60,267.93904
57.17169,60,268.020954
54.282757,60,268.099816
32.755898,60,268.178654
56.965681,60,268.26302
54.43223,60,268.341962
56.9907,60,269.416728
50.943874,60,269.495808
57.920932,60,269.581342
57.142812,60,269.66134
42.886869,60,269.735853
57.521417,60,269.818368
37.664876,60,269.895818
57.322831,60,269.966662
58.449243,60,270.05058
56.989577,60,270.13657
57.297116,60,270.213513
54.069319,60,270.290895
36.397315,60,270.372985
38.224644,60,270.447002
57.032742,60,270.523567
57.958995,60,270.598032
48.045554,60,270.67441
56.936246,60,271.64122
57.429232,60,271.729812
23.91707,49,271.797143
57.308102,60,271.879108
57.822168,60,271.970108
42.019429,60,272.056127
36.761586,60,272.139796
56.959779,60,272.223224
57.03914,60,272.298612
57.64817,60,272.376489
56.961219,60,272.453912
50.203775,60,272.526263
56.953896,60,272.604758
56.887851,60,272.678083
57.210987,60,272.757677
58.089961,60,272.829601
57.295478,60,272.906139
57.570039,60,273.808711
27.678686,60,273.881371
57.875501,60,273.961225
57.003574,60,274.066324
57.013967,60,274.161297
56.827139,60,274.248744
58.152785,60,274.334138
45.778969,60,274.424726
57.245656,60,274.498096
55.64698,60,274.582006
57.316057,60,274.662925
55.888912,60,274.743479
59.235204,60,274.824781
57.785156,60,274.90521
55.821783,60,274.990203
58.080365,60,275.081816
45.821727,60,275.155848
55.910527,60,276.146989
57.345367,60,276.228701
56.716581,60,276.307797
57.521664,60,276.393394
57.304937,60,276.47084
57.127927,60,276.545674
56.885352,60,276.622094
58.04908,60,276.700613
57.075142,60,276.779204
57.370766,60,276.84811
57.597731,60,276.932108
57.830894,60,277.008055
56.877842,60,277.087017
51.579441,60,277.170149
57.084441,60,277.244527
57.745537,60,277.328509
57.056962,60,277.417684
57.157727,60,278.399221
57.043027,60,278.47956
57.639729,60,278.554867
57.681977,60,278.629697
53.80668,60,278.712114
57.765547,60,278.792511
57.15649,60,278.878463
56.93294,60,278.968865
54.412131,60,279.044705
53.552686,60,279.118237
57.833841,60,279.194602
58.170987,60,279.273438
57.743929,60,279.360916
57.187221,60,279.448422
56.94791,60,279.525846
56.939963,60,279.598733
57.085896,60,279.67961
50.896097,60,280.63471
40.1421,60,280.72232
33.04786,60,280.804808
56.833402,60,280.882588
56.726137,60,280.962194
57.436591,60,281.039773
56.75349,60,281.117818
57.257337,60,281.197849
52.24846,60,281.279411
58.5,60,281.35833
58.170753,60,281.442276
57.50213,60,281.527387
56.884767,60,281.601872
57.531825,60,281.673218
56.818435,60,281.756832
51.56652,60,281.836288
57.257041,60,281.910166
56.856309,60,282.932647
56.690606,60,283.021712
57.976251,60,283.113875
57.519348,60,283.201006
53.413817,60,283.292032
40.112319,60,283.383336
54.109442,60,283.534055
48.016325,60,283.624734
57.685945,60,283.699222
56.997315,60,283.81286
56.45922,60,283.898244
38.759798,60,283.979774
57.77863,60,284.075306
58.01128,60,284.160317
57.325293,60,284.239191
56.558572,60,284.31953
57.175787,60,284.410066
57.234929,60,284.502106
56.619839,60,285.614701
57.983632,60,285.69727
36.247294,60,285.789235
57.538816,60,285.874376
56.315057,60,285.958017
57.122332,60,286.04812
55.977739,60,286.132089
57.146135,60,286.208112
58.20201,60,286.279577
58.034385,60,286.350454
53.48639,60,286.420791
57.301671,60,286.500726
57.480091,60,286.576669
57.527549,60,286.64867
51.145451,60,286.732739
55.662843,60,286.809658
56.576685,60,286.883631
55.49946,60,287.857629
57.996299,60,287.947133
56.303796,60,288.037776
52.326007,60,288.120226
56.432092,60,288.201259
57.347904,60,288.284276
41.057036,60,288.374486
58.011631,60,288.460518
55.442513,60,288.544125
45.510742,60,288.63103
57.405774,60,288.713436
57.7083,60,288.794261
52.368801,60,288.881789
58.50757,60,288.968268
57.285146,60,289.056784
47.671747,60,289.147459
44.893615,60,289.229088
58.350138,60,290.283319
54.125359,60,290.367645
57.489962,60,290.454128
57.635421,60,290.537228
39.362711,60,290.620204
57.206902,60,290.721435
57.404147,60,290.800521
55.6632,60,290.891577
57.566474,60,290.984293
58.722843,60,291.082406
20.847759,60,291.164981
57.088372,60,291.250997
58.063143,60,291.343118
56.872025,60,291.431198
57.337085,60,291.509715
56.337741,60,291.584186
57.357793,60,291.652544
57.01666,60,292.583459
56.457789,60,292.666979
56.451375,60,292.748352
48.458424,60,292.839222
56.936469,60,292.917016
56.63022,60,292.992512
53.267751,60,293.079972
57.918631,60,293.15983
56.669964,60,293.237287
56.937097,60,293.327366
57.603454,60,293.409408
54.056131,60,293.489744
54.269204,60,293.568299
55.889427,60,293.649854
57.13317,60,293.726459
54.881644,60,293.802974
55.908321,60,293.894498
57.527219,60,294.860139
57.59559,60,294.943577
57.6863,60,295.025613
57.714707,60,295.102203
57.650398,60,295.184834
57.371468,60,295.262898
58.329103,60,295.340311
56.325033,60,295.434469
55.363647,60,295.513329
55.064069,60,295.581669
57.845636,60,295.66312
56.646512,60,295.735858
57.400813,60,295.815817
57.062061,60,295.896356
56.97189,60,295.978541
58.202134,60,296.052903
57.634084,60,296.133565
27.015974,60,297.074424
53.664708,60,297.153858
57.30429,60,297.236566
57.398243,60,297.309981
53.698089,60,297.381824
57.297703,60,297.456778
57.961368,60,297.536802
56.021309,60,297.609274
54.764136,60,297.682497
55.853123,60,297.761407
15.232118,39,297.80816
56.755454,60,297.891607
56.977297,60,297.983613
57.401552,60,298.066474
56.648904,60,298.143681
56.546051,60,298.227611
55.827596,60,298.304011
57.740807,60,299.203646
57.8197,60,299.275582
57.671539,60,299.347574
58.054203,60,299.416492
47.418908,60,299.488519
57.178791,60,299.55752
41.69068,60,299.62386
58.284708,60,299.691954
57.959639,60,299.760723
57.62884,60,299.826306
56.980899,60,299.889002
54.109071,60,299.951871
57.177596,60,300.027997
47.940974,60,300.096944
57.546713,60,300.172969
58.224545,60,300.246628
55.734529,60,300.317557
58.020105,60,301.206245
55.44993,60,301.285152
57.745749,60,301.363342
57.899231,60,301.443603
58.499903,60,301.51792
55.950653,60,301.591101
56.289948,60,301.669469
56.90243,60,301.741717
34.403002,60,301.811444
58.145684,60,301.879802
58.06009,60,301.959976
56.250759,60,302.033042
55.512039,60,302.105998
57.415641,60,302.188591
51.51272,60,302.259483
57.554549,60,302.335372
56.461326,60,302.412277
57.006795,60,303.373861
32.233332,60,303.462333
38.327288,60,303.541281
35.111807,60,303.623314
55.877171,60,303.707381
57.729252,60,303.794331
51.947028,60,303.867848
45.232821,60,303.947324
56.815578,60,304.026765
57.427178,60,304.100073
57.031622,60,304.176158
57.39287,60,304.243759
54.227215,60,304.308661
54.43918,60,304.375041
57.044511,60,304.446574
49.957761,60,304.519052
56.315915,60,304.586997
57.257113,60,305.44878
56.289738,60,305.526759
57.276586,60,305.600167
49.575235,60,305.674117
56.430056,60,305.755635
57.199827,60,305.83661
57.050837,60,305.924086
56.135189,60,306.001088
54.623354,60,306.075466
57.784166,60,306.149418
58.316758,60,306.224961
55.344439,60,306.299415
56.993829,60,306.380188
39.798084,60,306.469448
48.443587,60,306.555849
58.199368,60,306.637786
55.885852,60,306.720808
49.850925,60,306.795843
57.384492,60,307.92353
45.934641,60,308.005527
56.378964,60,308.091876
57.152067,60,308.17946
39.935793,60,308.266447
56.531781,60,308.361996
55.276057,60,308.451906
56.71892,60,308.537791
55.151477,60,308.62726
47.093894,60,308.710779
53.48894,60,308.792767
57.143128,60,308.877392
48.770733,60,308.957582
56.030926,60,309.04168
57.942477,60,309.131729
57.673761,60,309.217075
57.719204,60,309.311669
56.994728,60,310.270936
57.462021,60,310.353789
57.016517,60,310.443451
57.406683,60,310.534069
57.349387,60,310.611576
56.884735,60,310.691218
57.593866,60,310.776681
56.877716,60,310.85288
45.556317,60,310.938358
55.618104,60,311.024958
52.641617,60,311.10968
55.888901,60,311.194893
54.179813,60,311.279869
57.185855,60,311.366315
57.89643,60,311.456881
57.199826,60,311.548487
49.759147,60,311.627549
57.139128,60,312.566898
56.580843,60,312.641778
51.508923,60,312.717792
56.688061,60,312.795686
56.124948,60,312.868128
57.325905,60,312.93772
56.405282,60,313.007173
57.018442,60,313.081514
57.335562,60,313.157088
56.986088,60,313.225019
57.810742,60,313.294953
56.106913,60,313.372437
57.579676,60,313.443739
56.631105,60,313.525049
56.452156,60,313.600767
57.423789,60,313.667475
56.99876,60,313.743272
56.358483,60,314.562075
54.920664,60,314.625378
57.913328,60,314.691149
57.064116,60,314.79151
57.704499,60,314.877511
57.171154,60,314.936837
57.275545,60,314.997169
57.758755,60,315.067111
56.357262,60,315.130936
32.811333,60,315.193231
43.508918,60,315.25558
57.272212,60,315.3119
55.611241,60,315.37374
54.664878,60,315.442182
57.151382,60,315.518626
56.888324,60,315.589094
57.909209,60,315.658504
57.239657,60,316.512675
57.222799,60,316.584067
54.831533,60,316.659943
51.393903,60,316.731726
57.803745,60,316.79964
56.77792,60,316.878172
55.20711,60,316.952094
53.836456,60,317.018047
57.867298,60,317.091046
58.018304,60,317.155999
55.752849,60,317.219062
57.66754,60,317.279007
57.167914,60,317.343703
58.436212,60,317.413058
57.502283,60,317.488037
57.536439,60,317.559541
58.23229,60,317.633633
55.991536,60,318.462929
32.958762,60,318.53488
53.282748,60,318.609347
36.3864,60,318.678346
56.548379,60,318.753739
57.429533,60,318.825022
57.384076,60,318.890797
58.231077,60,318.970286
55.763386,60,319.037731
57.482852,60,319.112726
57.432193,60,319.179591
57.074949,60,319.244009
56.834157,60,319.318058
58.775137,60,319.392244
57.596869,60,319.466296
57.823031,60,319.536177
57.432517,60,319.603559
54.584967,60,320.426727
57.506174,60,320.50506
41.915053,60,320.587565
56.603107,60,320.661355
56.959443,60,320.734881
58.230105,60,320.814766
55.411824,60,320.889097
56.619647,60,320.967865
57.45532,60,321.04632
56.812951,60,321.126402
57.708545,60,321.208449
56.276295,60,321.292004
57.432672,60,321.367471
45.869214,60,321.444518
56.258997,60,321.530456
53.656789,60,321.606898
57.968327,60,321.681429
57.279615,60,322.545526
57.172824,60,322.624964
57.65,60,322.69592
57.506506,60,322.774483
56.84462,60,322.847422
58.031773,60,322.928972
57.405442,60,322.998385
57.401859,60,323.087954
57.261708,60,323.16664
57.498158,60,323.233557
56.846862,60,323.308917
57.198131,60,323.389798
54.083453,60,323.468618
56.659296,60,323.549975
54.981659,60,323.622376
56.766819,60,323.693599
56.479339,60,323.777458
56.392834,60,324.763358
52.947474,60,324.840362
57.510023,60,324.921088
32.893098,60,325.002611
43.179036,60,325.08908
48.315192,60,325.178171
57.945244,60,325.255145
55.803758,60,325.335727
54.045666,60,325.409132
58.083411,60,325.48676
56.877851,60,325.559214
57.937902,60,325.641652
58.400553,60,325.717103
56.718447,60,325.787
57.155481,60,325.875
40.447803,60,325.945883
56.768761,60,326.013143
49.572601,60,326.978622
57.387824,60,327.062506
50.853857,60,327.142999
42.741365,60,327.213841
57.226994,60,327.284998
57.618345,60,327.364505
57.389162,60,327.449103
58.129335,60,327.536149
58.035576,60,327.619095
58.32622,60,327.705039
56.199924,60,327.781856
57.796046,60,327.856733
55.933233,60,327.940333
57.000017,60,328.023395
56.733442,60,328.106316
26.496966,60,328.191358
57.649845,60,328.272804
57.636643,60,329.28193
39.518368,60,329.371083
56.466123,60,329.460109
57.521111,60,329.5563
55.011261,60,329.643798
40.076093,60,329.727348
56.94425,60,329.814469
58.083224,60,329.893416
36.977378,60,329.965317
56.983349,60,330.048398
56.546782,60,330.131423
58.408076,60,330.209391
57.786902,60,330.29489
29.941888,60,330.372113
57.909045,60,330.451535
56.449508,60,330.525743
55.349482,60,330.616736
57.998456,60,331.822607
26.811085,60,331.928876
55.739345,60,332.028561
55.26396,60,332.12275
57.000847,60,332.210834
57.057253,60,332.302952
35.919879,60,332.403466
34.40616,60,332.499429
57.537292,60,332.593379
57.784214,60,332.678297
15.169998,60,332.759935
55.928875,60,332.845842
55.133053,60,332.928289
10.114244,45,332.996209
57.23292,60,333.084293
55.620133,60,333.174861
29.893377,60,333.259858
37.522177,60,333.346434
55.993949,60,334.344243
57.612094,60,334.440197
57.397331,60,334.530384
57.460714,60,334.629252
55.970294,60,334.723347
50.397191,60,334.800309
57.243,60,334.882339
57.852864,60,334.97436
49.467449,60,335.054406
56.196241,60,335.138005
58.070935,60,335.239068
57.758652,60,335.329154
50.447555,60,335.425064
56.082256,60,335.527127
51.20271,60,335.610404
56.656082,60,335.698296
56.721997,60,335.778823
57.867934,60,336.81009
57.772108,60,336.891143
56.195242,60,336.989368
57.548861,60,337.102124
29.368819,60,337.182591
58.052852,60,337.263631
52.973694,60,337.341142
49.814745,60,337.431797
57.733461,60,337.504192
55.082516,60,337.58902
59.120999,60,337.681178
55.867198,60,337.759899
56.787107,60,337.843351
56.649921,60,337.930487
57.2374,60,338.003435
56.14567,60,338.092146
50.206194,60,338.172689
56.826606,60,339.304592
57.864358,60,339.400056
57.258007,60,339.478858
55.92697,60,339.561169
54.755735,60,339.639116
57.473027,60,339.7206
47.562287,60,339.79104
56.273789,60,339.869978
53.048706,60,339.945977
53.823785,60,340.046227
52.707262,60,340.14346
57.545618,60,340.227499
56.665435,60,340.318319
53.664839,60,340.404227
57.517565,60,340.482598
58.067834,60,340.564453
56.031212,60,340.64032
57.153263,60,341.620168
56.714997,60,341.701217
57.396736,60,341.770418
51.696127,60,341.852523
56.936523,60,341.942028
56.599622,60,342.023018
57.412865,60,342.112491
46.305663,60,342.197073
56.398666,60,342.281154
57.142303,60,342.370573
58.048171,60,342.454487
57.505006,60,342.537466
57.513582,60,342.618005
57.624216,60,342.707598
57.919001,60,342.78912
56.311988,60,342.868689
25.006746,60,342.957748
57.35048,60,343.956976
57.252414,60,344.04107
55.918076,60,344.114512
57.081506,60,344.191026
57.745786,60,344.267387
56.739095,60,344.338452
57.685799,60,344.410386
57.207359,60,344.486814
59.085332,60,344.565827
49.188248,60,344.64219
56.910093,60,344.734995
57.452697,60,344.810961
16.874508,46,344.870293
56.98843,60,344.948319
57.283821,60,345.025792
54.530908,60,345.118435
57.185438,60,345.201323
56.510424,60,346.173805
30.619718,60,346.255237
57.63748,60,346.335765
47.741935,60,346.418838
47.830511,60,346.497823
57.065723,60,346.579283
57.716382,60,346.664368
58.124298,60,346.744388
56.866227,60,346.827731
51.952302,60,346.894423
51.319063,60,346.960543
57.929001,60,347.031847
56.93157,60,347.109835
58.12882,60,347.194399
57.836863,60,347.296123
55.520114,60,347.383149
56.486031,60,347.463045
56.95557,60,348.428945
57.21336,60,348.501848
58.519689,60,348.581735
57.312366,60,348.677826
14.611008,43,348.741561
57.463122,60,348.822957
50.066076,60,348.906009
26.209156,52,348.9866
56.722484,60,349.092473
57.821892,60,349.165889
33.101458,60,349.245962
59.110518,60,349.32002
57.315676,60,349.394955
56.279142,60,349.469975
57.968805,60,349.537955
55.896889,60,349.606414
57.278917,60,349.68275
57.345378,60,349.76863
58.634737,60,350.747944
58.411524,60,350.823296
40.875402,60,350.900429
56.838548,60,350.973904
51.604727,60,351.048332
58.210416,60,351.129403
57.171481,60,351.211356
55.992648,60,351.296614
56.528129,60,351.393059
49.585177,60,351.474055
57.059679,60,351.560549
56.820043,60,351.639067
57.413116,60,351.729112
56.516614,60,351.82368
56.277312,60,351.903245
57.36806,60,351.991784
55.290789,60,352.062751
56.728933,60,353.010461
57.62867,60,353.094097
57.543814,60,353.171197
56.76463,60,353.252773
57.528845,60,353.340857
45.361623,60,353.416251
57.799617,60,353.503184
56.547079,60,353.592759
57.221192,60,353.673195
57.746508,60,353.765247
56.954213,60,353.851941
55.779997,60,353.931423
56.818058,60,354.009404
57.065812,60,354.09534
57.47913,60,354.182956
57.093545,60,354.259495
56.985837,60,354.343254
54.797415,60,355.270791
57.03701,60,355.347417
57.183185,60,355.434491
54.896802,60,355.514288
57.587314,60,355.616824
56.002399,60,355.714211
56.288432,60,355.794
57.026634,60,355.878017
47.496336,60,355.9665
55.268562,60,356.039572
57.385686,60,356.119594
58.720157,60,356.19414
57.017822,60,356.274046
57.574209,60,356.369026
56.711371,60,356.453855
57.77812,60,356.534865
57.479795,60,356.615342
57.548619,60,357.606225
57.924166,60,357.696275
56.05467,60,357.778798
45.390254,60,357.85925
55.807645,60,357.937788
57.678719,60,358.019262
53.955449,60,358.09299
53.195057,60,358.1638
57.013062,60,358.243809
56.643708,60,358.324312
57.171567,60,358.400764
40.143617,60,358.485354
56.831937,60,358.55977
55.11265,60,358.648451
56.942882,60,358.737251
57.124163,60,358.826317
57.3,60,358.912439
56.956785,60,359.826938
48.169919,60,359.895769
40.431363,60,359.968202
49.368101,60,360.045267
48.113412,60,360.118725
19.700349,47,360.177067
57.805326,60,360.25906
57.223837,60,360.331321
55.952124,60,360.418389
56.706786,60,360.508061
57.080595,60,360.587416
53.912909,60,360.667397
56.652103,60,360.754048
56.958636,60,360.836572
57.268417,60,360.91763
56.697976,60,360.984534
41.047132,60,361.034812
57.541646,60,361.745737
57.294073,60,361.799794
56.85556,60,361.858482
58.395189,60,361.915003
55.253843,60,361.978307
56.880364,60,362.042798
57.498095,60,362.108763
57.117359,60,362.173845
57.305784,60,362.234772
56.321304,60,362.299782
57.861345,60,362.365267
58.361547,60,362.433182
31.19862,56,362.497113
58.124967,60,362.561075
57.673733,60,362.630064
58.21437,60,362.697967
57.482711,60,362.764467
58.210827,60,363.57954
42.634276,60,363.651016
57.109203,60,363.716809
57.723024,60,363.785214
58.532873,60,363.853128
56.9358,60,363.926588
58.690545,60,363.998557
57.583845,60,364.072915
35.608971,60,364.1412
57.265812,60,364.218668
52.488515,60,364.30064
56.716889,60,364.371473
57.208216,60,364.44432
57.73127,60,364.509497
57.079766,60,364.578224
57.413984,60,364.638451
56.901407,60,364.698828
57.761826,60,365.552626
57.18433,60,365.619074
57.311575,60,365.68599
57.580918,60,365.759487
57.015717,60,365.826444
52.868659,60,365.894821
57.485286,60,365.975828
58.299215,60,366.041659
57.941906,60,366.112092
57.792539,60,366.19308
4.922305,49,366.259195
58.061041,60,366.335223
57.288346,60,366.410235
56.389196,60,366.488294
58.001995,60,366.563142
57.589288,60,366.631053
57.548719,60,366.707548
58.595653,60,366.785069
57.369564,60,367.612946
58.186059,60,367.683865
54.060519,60,367.757413
57.101,60,367.834444
57.822283,60,367.906343
58.701996,60,367.987186
57.940797,60,368.051587
57.727414,60,368.126269
57.359404,60,368.202721
57.060832,60,368.281241
57.491744,60,368.356299
59.103434,60,368.440259
26.55739,60,368.512254
57.657738,60,368.593814
57.676074,60,368.675814
44.674202,60,368.752407
57.630879,60,368.826898
55.703917,60,369.611492
57.667499,60,369.693557
56.849652,60,369.754452
36.564269,60,369.822438
57.171196,60,369.899703
57.796609,60,369.97615
57.459261,60,370.04705
57.099414,60,370.123474
57.084392,60,370.192896
57.135677,60,370.266439
57.977299,60,370.34091
58.164221,60,370.423738
57.992526,60,370.504046
57.484454,60,370.579337
56.975829,60,370.664267
57.813429,60,370.745436
57.9599,60,370.81787
7.991085,32,371.685463
58.059826,60,371.754354
57.241336,60,371.826851
48.178079,60,371.901888
57.500138,60,371.972955
56.604034,60,372.04588
58.369646,60,372.121932
57.605217,60,372.199369
56.733343,60,372.273563
52.938563,60,372.350541
56.890516,60,372.429674
55.290516,60,372.508311
57.322067,60,372.587168
57.066071,60,372.662457
35.075065,60,372.744217
57.059221,60,372.82185
54.098745,60,372.88908
58.126634,60,373.76976
57.96759,60,373.836775
57.301597,60,373.909649
56.627724,60,373.97806
55.589494,60,374.045724
56.24561,60,374.123579
58.040595,60,374.197867
56.843931,60,374.270366
30.081672,60,374.341848
58.411467,60,374.409811
57.744651,60,374.479686
55.016436,60,374.547228
7.21734,57,374.610086
56.949776,60,374.687146
52.357652,60,374.767532
46.340899,60,374.841459
56.967551,60,374.919814
57.125733,60,375.772839
57.479904,60,375.85431
57.656897,60,375.926732
42.574735,60,375.999159
58.061205,60,376.082136
55.587985,60,376.156174
57.277891,60,376.231648
48.574124,60,376.311604
57.462968,60,376.383483
57.984135,60,376.45725
58.073881,60,376.526191
57.55943,60,376.602155
57.592589,60,376.67761
50.828966,60,376.755713
55.051117,60,376.82831
58.144035,60,376.899218
57.537848,60,376.964659
56.974442,60,377.031611
35.8738,60,377.911241
56.461217,60,377.981227
45.573678,60,378.05677
57.517072,60,378.134227
57.663968,60,378.2077
57.08186,60,378.275558
51.104806,60,378.357039
43.485379,60,378.4309
57.65,60,378.503914
55.254671,60,378.57693
56.360263,60,378.655513
58.787073,60,378.732593
57.238901,60,378.81003
57.809423,60,378.88955
58.345646,60,378.962433
57.993023,60,379.033936
56.416531,60,379.118043
57.755041,60,379.999097
57.608692,60,380.072608
27.209859,60,380.143977
55.785784,60,380.220768
57.461614,60,380.294641
56.853231,60,380.373458
57.972961,60,380.457267
44.148203,60,380.528193
48.777738,60,380.603566
58.13974,60,380.681655
57.825049,60,380.761207
57.85,60,380.841629
52.083441,60,380.923648
57.850766,60,381.001117
48.213619,60,381.090577
54.25228,60,381.171417
52.852153,60,381.249246
37.986795,60,382.152738
57.616013,60,382.231806
56.795093,60,382.304253
57.088369,60,382.383289
56.956688,60,382.46232
58.008702,60,382.536242
58.325629,60,382.61151
58.049338,60,382.682502
58.536183,60,382.761404
58.267393,60,382.839806
56.811513,60,382.915597
57.11981,60,382.991294
57.571241,60,383.065653
56.596725,60,383.138958
57.156761,60,383.217235
57.440135,60,383.285596
23.707254,60,383.356904
56.789567,60,384.193962
57.646903,60,384.264294
14.23793,38,384.313508
44.906563,60,384.381922
57.998247,60,384.446298
57.25,60,384.507701
45.702245,60,384.571975
56.878263,60,384.638767
56.196332,60,384.714684
56.452643,60,384.787819
58.44755,60,384.864805
54.599568,60,384.939294
57.557412,60,385.009786
56.080203,60,385.079232
57.584813,60,385.147233
56.380811,60,385.21917
52.896314,60,385.289099
57.726127,60,386.182619
57.479289,60,386.259029
57.781015,60,386.3379
57.03966,60,386.415859
56.78525,60,386.484737
57.717782,60,386.560239
58.383124,60,386.632648
57.95501,60,386.705095
56.519311,60,386.776522
58.088864,60,386.854419
28.67614,60,386.924705
56.96424,60,386.992645
41.619307,60,387.065509
57.535232,60,387.146975
57.350252,60,387.224945
37.989371,60,387.299232
57.753515,60,387.38212
51.508074,60,388.25329
58.453032,60,388.335129
56.871909,60,388.412558
57.288694,60,388.491525
58.092756,60,388.572186
56.566865,60,388.643567
56.356236,60,388.721005
57.37629,60,388.800291
56.532348,60,388.872182
55.273195,60,388.943532
57.771578,60,389.013917
55.459579,60,389.09748
57.413605,60,389.177463
56.028655,60,389.257496
19.914925,42,389.313345
36.034856,60,389.388255
57.545347,60,389.457622
54.824659,60,389.528945
54.366151,60,390.483455
40.234585,60,390.552217
57.908014,60,390.626697
57.429019,60,390.699069
47.342927,60,390.767952
57.470459,60,390.848464
57.907309,60,390.923457
57.893721,60,390.994356
57.62422,60,391.08193
57.321068,60,391.168938
56.371758,60,391.247524
57.7,60,391.32587
40.382514,60,391.409231
42.703742,60,391.502139
56.818323,60,391.584924
57.084181,60,391.681794
40.486702,60,391.777069
58.129022,60,392.847876
57.499156,60,392.926961
58.278812,60,393.009432
57.367452,60,393.09305
58.030489,60,393.170478
57.79208,60,393.259086
27.761063,60,393.336465
58.19911,60,393.408034
57.111216,60,393.482323
58.310987,60,393.568268
57.417166,60,393.650633
56.571706,60,393.734069
56.65,60,393.816637
56.806555,60,393.905982
57.446854,60,393.980232
57.55584,60,394.067274
57.251222,60,394.149083
25.489791,60,395.366392
56.364095,60,395.450603
57.894469,60,395.528567
58.308751,60,395.601043
56.195521,60,395.680999
58.618637,60,395.768927
58.042808,60,395.84291
53.81696,60,395.92935
57.287178,60,396.009946
56.36459,60,396.105401
57.228688,60,396.206434
56.587443,60,396.291999
57.455709,60,396.378551
57.335313,60,396.477818
57.920387,60,396.552256
58.234925,60,396.621777
52.805647,60,396.698354
44.946871,60,397.649336
57.69815,60,397.727093
57.664069,60,397.819074
53.636604,60,397.900462
58.431136,60,397.972211
57.131828,60,398.056668
57.950283,60,398.156626
57.670043,60,398.23859
57.517966,60,398.31865
58.621359,60,398.412241
57.396132,60,398.515554
56.885495,60,398.627909
49.769979,60,398.702977
46.188262,60,398.775849
57.375419,60,398.849223
57.223043,60,398.93023
58.138968,60,399.013016
56.708306,60,399.928458
54.655518,60,400.002018
58.342259,60,400.075361
57.992267,60,400.158453
58.851501,60,400.242996
57.623378,60,400.33216
57.016316,60,400.406114
41.627653,60,400.477003
58.425972,60,400.55092
56.731029,60,400.628515
57.545506,60,400.705915
32.890964,60,400.776913
56.979253,60,400.857873
57.892093,60,400.939348
50.19403,60,401.024847
46.227522,60,401.114323
37.838139,60,401.211956
57.484122,60,402.171266
57.056142,60,402.252291
58.429675,60,402.328252
58.075291,60,402.400487
57.426984,60,402.481916
57.171931,60,402.550824
58.254859,60,402.618696
57.851532,60,402.691058
32.749425,56,402.761596
58.357687,60,402.844093
57.637934,60,402.945785
57.984518,60,403.023014
54.590691,60,403.093016
41.679891,60,403.179064
57.662498,60,403.259724
57.89624,60,403.338756
57.245224,60,403.421789
57.576565,60,404.306907
55.557501,60,404.388896
58.349598,60,404.462189
57.017582,60,404.541688
57.909979,60,404.619734
57.78639,60,404.688172
57.122873,60,404.77566
57.337614,60,404.876528
56.563165,60,404.957763
57.281939,60,405.047633
58.147087,60,405.129472
57.131738,60,405.218155
55.651386,60,405.304701
56.810596,60,405.382262
28.704288,60,405.458755
56.778074,60,405.527883
57.112467,60,405.594289
56.273174,60,406.511247
55.774666,60,406.588351
57.673167,60,406.666795
57.166009,60,406.749518
57.014195,60,406.838135
34.080778,60,406.93614
57.960813,60,407.011071
56.063497,60,407.084431
57.768596,60,407.15628
56.766007,60,407.238777
57.850351,60,407.314277
51.887161,60,407.386635
57.460392,60,407.461771
56.543262,60,407.531046
57.305287,60,407.609165
57.640206,60,407.685086
36.542847,60,407.760926
58.007764,60,408.680855
56.480149,60,408.751695
30.296951,60,408.826073
57.442916,60,408.898653
13.602656,47,408.956757
57.230737,60,409.037747
57.85,60,409.116012
57.239534,60,409.196282
57.84308,60,409.27294
57.900924,60,409.346916
57.448279,60,409.425396
57.34097,60,409.521907
56.390127,60,409.596768
57.80479,60,409.670203
57.098428,60,409.741107
57.343307,60,409.810603
57.594903,60,409.883024
57.741938,60,409.954973
55.843519,60,411.004187
51.044198,60,411.094229
27.705211,60,411.181672
53.724965,60,411.256763
57.101691,60,411.337109
53.621502,60,411.418863
56.857594,60,411.497397
58.225935,60,411.567928
57.413751,60,411.653483
56.165969,60,411.743072
49.004023,60,411.842722
53.357038,60,411.913627
58.63841,60,411.992697
52.65805,60,412.07487
57.05,60,412.153378
55.60748,60,412.227743
41.805222,60,412.297503
54.685347,60,413.247291
56.655842,60,413.329164
57.610636,60,413.436969
57.534714,60,413.509331
56.580735,60,413.579193
57.402283,60,413.655345
57.710255,60,413.731867
53.887343,60,413.805382
53.636813,60,413.879032
56.456228,60,413.964484
57.946642,60,414.038729
56.494871,60,414.113001
57.339836,60,414.192006
54.59048,60,414.268484
56.396136,60,414.350932
54.410267,60,414.431464
45.165196,60,414.509871
57.564224,60,415.42683
57.9,60,415.501651
57.712333,60,415.573591
57.232994,60,415.647962
26.101127,60,415.717242
58.539485,60,415.78865
57.215549,60,415.863699
56.940098,60,415.944253
57.405187,60,416.026925
57.569086,60,416.110435
58.6,60,416.183904
54.710843,60,416.266369
56.991774,60,416.353281
55.276653,60,416.430531
50.209926,60,416.508767
56.847613,60,416.590643
55.353511,60,416.670048
57.436641,60,417.574784
55.972214,60,417.660685
58.157321,60,417.731441
52.087156,60,417.804279
58.263602,60,417.889756
42.794154,60,417.96999
58.774932,60,418.040311
57.29005,60,418.117241
57.863857,60,418.204166
56.444695,60,418.287143
56.420102,60,418.391812
58.07857,60,418.468787
55.476472,60,418.548967
56.178163,60,418.621276
54.806736,60,418.695741
57.695337,60,418.7864
58.527756,60,418.861864
52.648107,60,419.852656
56.450537,60,419.93258
56.993016,60,420.018625
57.55,60,420.093439
54.037692,60,420.17155
56.82742,60,420.258388
52.754991,60,420.33396
57.628749,60,420.406915
57.807828,60,420.484976
56.506038,60,420.55749
57.562124,60,420.626917
57.324788,60,420.707972
57.597999,60,420.783013
42.030074,60,420.875679
56.8871,60,420.981215
56.781339,60,421.06476
58.012802,60,421.149099
56.153724,60,422.19523
45.724323,60,422.280657
56.70527,60,422.367583
57.966523,60,422.46701
57.353822,60,422.564921
37.039873,60,422.658309
57.188006,60,422.733226
57.095721,60,422.833859
56.270103,60,422.920822
51.058573,60,422.997563
56.077178,60,423.082932
42.571314,60,423.157898
58.04209,60,423.23944
57.410232,60,423.332595
57.299899,60,423.41873
56.451035,60,423.507512
56.484197,60,423.586633
56.592746,60,424.509182
48.953381,60,424.580124
57.083651,60,424.661326
57.31095,60,424.731837
57.515734,60,424.801681
57.893537,60,424.884671
51.807329,60,424.962746
56.908342,60,425.047814
57.90705,60,425.129305
58.065487,60,425.202679
58.026026,60,425.279141
52.506353,60,425.360838
57.224207,60,425.434819
57.15,60,425.518391
57.866931,60,425.592902
24.26813,60,425.668465
42.180485,60,425.757844
47.486024,60,426.681465
58.222668,60,426.766167
57.806903,60,426.846476
56.720665,60,426.924839
56.824783,60,427.001173
56.599926,60,427.080898
52.741513,60,427.158286
57.820541,60,427.232789
57.30952,60,427.317735
58.079142,60,427.397088
56.87834,60,427.470458
57.145188,60,427.544495
56.94315,60,427.622393
57.77501,60,427.694905
56.06774,60,427.764761
57.696855,60,427.845789
55.327772,60,427.926827
56.886405,60,428.840462
58.531738,60,428.917414
56.511722,60,428.985801
57.059218,60,429.050596
57.464894,60,429.124504
49.314899,60,429.192436
23.85464,60,429.260921
58.073464,60,429.329911
57.675533,60,429.390695
58.639138,60,429.456148
57.100091,60,429.519531
56.984691,60,429.582881
58.022776,60,429.647804
57.85189,60,429.716182
57.458646,60,429.78149
58.45,60,429.858078
38.49348,60,429.930427
57.666998,60,430.73647
20.325379,42,430.781548
57.869061,60,430.843642
58.138592,60,430.90984
57.067849,60,430.978258
56.215381,60,431.044695
57.599686,60,431.121665
54.825607,60,431.199672
56.840017,60,431.271574
58.423564,60,431.351572
41.843046,60,431.429522
57.143231,60,431.512756
57.429151,60,431.595244
55.083732,60,431.669555
57.226539,60,431.745794
57.21726,60,431.816519
56.865749,60,431.886233
56.507174,60,432.77746
57.026289,60,432.848167
57.834338,60,432.915408
41.979468,60,432.985119
57.083777,60,433.055359
47.870326,60,433.124116
57.350753,60,433.200386
58.089075,60,433.274699
57.4676,60,433.351029
58.303125,60,433.430632
56.720513,60,433.504195
57.005629,60,433.570055
16.1134,38,433.617931
57.810824,60,433.686352
33.588004,54,433.762841
57.51153,60,433.83413
57.953891,60,433.90098
56.739324,60,433.98798
45.847344,60,434.869649
53.080703,60,434.940719
58.227713,60,435.010201
56.499239,60,435.089755
56.928332,60,435.169285
57.852236,60,435.245736
58.436416,60,435.329458
56.863241,60,435.413074
58.058728,60,435.490485
24.372983,60,435.581375
56.433248,60,435.651205
56.993438,60,435.714598
57.707929,60,435.781549
57.506877,60,435.842424
37.767771,60,435.90675
45.504181,60,435.982301
58.307793,60,436.064439
56.779824,60,436.991184
51.113623,60,437.074231
57.62703,60,437.151228
56.688228,60,437.228229
55.541347,60,437.310847
57.017676,60,437.387835
56.500749,60,437.46774
41.108285,60,437.538202
57.594366,60,437.606066
55.551718,60,437.681492
57.314562,60,437.752793
57.26962,60,437.830567
57.926092,60,437.909379
56.552522,60,437.984246
57.005739,60,438.070092
57.631064,60,438.154077
56.977042,60,438.231017
57.992687,60,439.220511
55.423833,60,439.301438
57.089279,60,439.388505
57.210718,60,439.462419
49.211395,60,439.523754
56.662992,60,439.58812
57.106981,60,439.665405
55.305359,60,439.735328
57.944484,60,439.818416
56.827234,60,439.902471
57.734606,60,439.974482
57.074927,60,440.048861
55.218567,60,440.121145
56.924761,60,440.192869
45.468657,60,440.263028
55.458865,60,440.338963
57.443669,60,440.418015
32.337881,60,441.289127
57.185472,60,441.36705
58.1,60,441.444111
57.904136,60,441.511515
57.57041,60,441.587572
57.720589,60,441.675077
56.877586,60,441.758647
57.050423,60,441.847692
57.528339,60,441.922585
49.046105,60,442.000544
55.528966,60,442.075591
57.800214,60,442.162608
57.644404,60,442.238548
57.52171,60,442.322134
57.692889,60,442.41213
57.850466,60,442.493537
57.923742,60,442.568429
57.568441,60,443.476244
58.167728,60,443.553646
57.948524,60,443.63243
52.081913,60,443.708297
46.666137,60,443.787901
57.915763,60,443.858834
57.1,60,443.934253
56.727106,60,443.991044
57.667444,60,444.045896
57.25,60,444.102194
58.087075,60,444.157075
48.81767,60,444.220452
57.233855,60,444.27673
56.867759,60,444.336602
57.061654,60,444.398463
57.178376,60,444.458346
57.312519,60,444.51416
57.320743,60,445.32719
37.303005,60,445.414137
30.802536,60,445.502373
57.670709,60,445.584397
57.664644,60,445.666978
45.253569,60,445.737368
57.402751,60,445.808731
34.014468,60,445.885624
19.488909,60,445.954469
57.58881,60,446.026394
57.57274,60,446.113545
57.244902,60,446.186864
57.979972,60,446.265359
57.6,60,446.33683
57.665247,60,446.414388
53.333003,60,446.494422
57.42951,60,446.566343
56.401576,60,447.440004
58.156057,60,447.51391
56.363992,60,447.586273
50.506167,60,447.654969
57.573145,60,447.726245
58.042995,60,447.792171
57.036207,60,447.862262
49.48762,60,447.935738
57.481241,60,448.004676
55.004173,60,448.077047
57.660041,60,448.155083
57.949993,60,448.231008
51.42539,60,448.312062
57.372782,60,448.400743
54.273974,60,448.480615
55.489532,60,448.56359
54.726275,60,448.655228
21.063901,40,448.709044
56.993707,60,449.613198
54.063883,60,449.690709
57.36163,60,449.766361
56.537834,60,449.840129
56.967464,60,449.918596
47.178203,60,449.988916
56.620382,60,450.061198
57.058136,60,450.134155
56.772742,60,450.215204
57.690204,60,450.29421
47.166507,60,450.377196
47.984283,60,450.462716
53.132564,60,450.540755
57.919233,60,450.617275
57.721712,60,450.692241
57.482121,60,450.750013
55.224355,60,450.815332
57.591704,60,451.68897
56.932983,60,451.760373
57.19328,60,451.832825
57.78735,60,451.891068
56.287585,60,451.959414
56.539065,60,452.025254
57.380406,60,452.093092
56.329452,60,452.165397
59.070572,60,452.23393
57.459159,60,452.305952
57.343611,60,452.383461
57.216639,60,452.456521
57.590396,60,452.526915
58.006693,60,452.593893
57.329552,60,452.670902
56.947084,60,452.738963
55.401171,60,452.807306
56.694436,60,453.689075
27.416901,60,453.759635
58.913987,60,453.83573
57.540784,60,453.905526
45.244405,60,453.978427
57.173664,60,454.056912
58.57893,60,454.136861
56.692941,60,454.210885
57.274262,60,454.282815
48.714143,60,454.353218
56.756967,60,454.421163
56.492488,60,454.494874
57.534806,60,454.560822
57.65548,60,454.630647
57.711638,60,454.702918
56.485492,60,454.786373
57.155442,60,454.857802
56.517681,60,455.732973
56.744362,60,455.806787
57.828973,60,455.877674
53.111078,60,455.95223
57.4699,60,456.022614
57.313728,60,456.088491
56.608922,60,456.159834
54.935081,60,456.237701
57.573496,60,456.308004
57.433088,60,456.376384
58.183072,60,456.45086
56.891112,60,456.529936
57.31153,60,456.602904
57.221632,60,456.675837
56.443733,60,456.744798
39.572249,60,456.813209
56.85003,60,456.881059
57.536768,60,457.758289
56.039493,60,457.834824
57.549998,60,457.906258
57.321657,60,457.978251
58.52902,60,458.057713
57.479685,60,458.139257
56.738048,60,458.23117
57.56664,60,458.317113
56.764164,60,458.394934
45.488394,60,458.476265
56.855649,60,458.554273
56.683922,60,458.627816
57.372262,60,458.706892
56.770086,60,458.784853
57.67635,60,458.866794
56.397857,60,458.94419
57.222042,60,459.020786
34.371808,60,459.931069
58.57124,60,460.001129
57.02879,60,460.07372
56.353416,60,460.153171
55.598311,60,460.228099
57.841394,60,460.303992
57.997465,60,460.383515
44.839904,60,460.464024
5.865896,47,460.523366
56.987479,60,460.606356
58.292067,60,460.679817
56.824333,60,460.756162
56.258266,60,460.836187
50.297524,60,460.91174
55.613576,60,460.99877
56.855549,60,461.078688
58.174042,60,461.154043
57.534964,60,462.078006
52.994981,60,462.162433
56.529985,60,462.239207
45.602022,60,462.320706
57.211817,60,462.404144
56.763038,60,462.485591
54.879611,60,462.567039
37.720617,60,462.646548
58.202683,60,462.726341
57.635594,60,462.802448
54.766209,60,462.886515
57.293287,60,462.963052
57.827793,60,463.040967
39.601479,60,463.129503
58.130384,60,463.278348
57.410066,60,463.423084
55.82772,60,463.508635
57.109164,60,464.435202
58.053062,60,464.50942
57.429667,60,464.582003
57.38627,60,464.649453
38.357424,60,464.71892
56.695783,60,464.790149
54.732044,60,464.853332
58.062604,60,464.918228
57.56835,60,464.982317
50.628029,60,465.056557
57.074547,60,465.129498
57.61869,60,465.198392
57.309675,60,465.279372
58.524464,60,465.354751
57.950277,60,465.42913
57.197215,60,465.511692
58.000926,60,465.594752
40.824177,60,465.666643
54.931479,60,466.718029
56.440323,60,466.818697
56.928969,60,466.906168
56.283942,60,466.986615
50.057264,60,467.061025
58.051811,60,467.143487
57.120996,60,467.235539
57.396965,60,467.312913
57.879682,60,467.386733
58.676721,60,467.460582
56.744124,60,467.532629
56.679122,60,467.614121
57.467029,60,467.691537
57.624982,60,467.764966
57.286131,60,467.852046
56.616514,60,467.937571
57.579745,60,468.015515
34.568881,60,469.089671
57.467006,60,469.18936
56.679383,60,469.29629
58.623603,60,469.397419
56.504232,60,469.496073
57.724012,60,469.582532
51.7997,60,469.665568
55.089982,60,469.757591
49.553232,60,469.848169
57.658452,60,469.941671
58.096961,60,470.0225
58.071946,60,470.103017
57.247041,60,470.184465
57.627637,60,470.260024
57.338697,60,470.338522
18.273742,40,470.387359
58.034018,60,470.456685
58.558356,60,471.304262
57.117619,60,471.379524
56.865623,60,471.448324
58.197858,60,471.522253
57.754997,60,471.599784
57.406528,60,471.666013
57.658514,60,471.743126
57.06215,60,471.81261
56.66098,60,471.881981
57.409571,60,471.957418
58.081286,60,472.030926
51.655223,60,472.099988
57.965845,60,472.172901
56.880843,60,472.242292
43.505604,60,472.317828
56.767243,60,472.39238
54.96525,60,472.461776
58.118272,60,473.229856
57.270798,60,473.293304
57.424884,60,473.360634
51.406794,60,473.422935
57.480518,60,473.486698
56.515937,60,473.559911
57.726169,60,473.631868
57.376638,60,473.697872
51.971464,60,473.770336
56.504967,60,473.838692
16.599179,39,473.878364
57.017309,60,473.945168
57.596537,60,474.012291
55.368112,60,474.077632
56.906003,60,474.150049
57.646176,60,474.218396
57.806166,60,474.284686
57.667898,60,474.359588
56.489339,60,475.106655
56.704981,60,475.173209
54.811035,60,475.251762
57.540331,60,475.32278
57.140171,60,475.387672
53.16296,60,475.454514
56.685655,60,475.526979
57.560759,60,475.595912
57.914236,60,475.676647
57.922155,60,475.749023
57.949184,60,475.818263
56.432606,60,475.886598
57.766963,60,475.956362
56.188441,60,476.02828
49.050844,60,476.097659
56.215685,60,476.170663
45.671142,60,476.239525
58.118644,60,477.079917
46.431898,60,477.154943
57.758798,60,477.220257
46.187717,60,477.290069
40.663405,60,477.382327
56.021702,60,477.468325
58.596853,60,477.541672
58.467769,60,477.620159
56.895994,60,477.690793
58.081308,60,477.760107
40.307649,60,477.828854
56.904411,60,477.905723
55.705504,60,477.982209
55.271905,60,478.056213
57.370483,60,478.1373
58.006499,60,478.210288
57.044002,60,478.286473
58.731215,60,479.165352
57.097403,60,479.234234
47.674346,60,479.310638
55.79695,60,479.392833
57.785753,60,479.464751
56.803525,60,479.540089
57.145155,60,479.614945
57.149344,60,479.691437
57.440088,60,479.764402
57.74506,60,479.832481
53.085491,60,479.907364
57.455631,60,479.979695
57.331375,60,480.0499
56.637465,60,480.118706
57.436325,60,480.184029
57.81204,60,480.250424
57.737505,60,480.318935
57.292937,60,481.143882
56.817352,60,481.214818
56.639446,60,481.283768
56.636441,60,481.359766
57.764307,60,481.426668
56.262382,60,481.493563
52.743314,60,481.570058
57.473394,60,481.636997
57.14225,60,481.709324
47.559363,60,481.775141
51.052343,60,481.831414
57.764965,60,481.887897
56.396252,60,481.948296
57.054769,60,482.005611
57.945956,60,482.072383
56.995937,60,482.139848
57.773705,60,482.210235
26.310343,60,483.070168
58.240078,60,483.139614
55.752662,60,483.209518
56.882964,60,483.275828
57.099015,60,483.351421
56.343898,60,483.422338
57.497469,60,483.503793
42.341137,60,483.578174
57.181456,60,483.652626
56.428321,60,483.738163
56.701979,60,483.815184
58.47929,60,483.898155
57.299112,60,483.986388
59.457225,60,484.060101
57.639908,60,484.136548
56.551444,60,484.218049
57.502703,60,484.293921
53.363289,60,485.161288
58.039249,60,485.231408
57.591474,60,485.311352
58.072595,60,485.38632
58.470268,60,485.463745
57.495431,60,485.543063
58.633268,60,485.620358
55.978171,60,485.704296
57.491461,60,485.782923
53.123024,60,485.868483
57.769732,60,485.946475
52.748001,60,486.022998
56.110622,60,486.101398
57.145009,60,486.177352
57.521057,60,486.255275
58.289915,60,486.335587
57.809537,60,486.407005
58.026971,60,487.246521
57.870598,60,487.313014
58.272644,60,487.377228
57.703559,60,487.444215
45.399808,60,487.51023
39.305001,60,487.573702
56.913539,60,487.635118
14.420982,52,487.688433
57.45,60,487.752348
57.03204,60,487.814195
48.286327,60,487.883081
57.388998,60,487.946559
56.939495,60,488.016618
56.994031,60,488.080546
58.385369,60,488.144957
53.830379,60,488.207825
56.753392,60,488.271648
57.550323,60,489.05393
56.607683,60,489.121111
57.404984,60,489.184953
44.600103,60,489.251566
58.73117,60,489.317979
57.509416,60,489.386667
44.376776,60,489.45164
50.830164,60,489.517556
15.222666,45,489.570363
57.849,60,489.637755
49.829118,60,489.703649
58.975084,60,489.772536
57.48564,60,489.83342
31.607336,60,489.894235
55.793462,60,489.956964
57.48543,60,490.017191
57.89618,60,490.078083
57.643281,60,490.821442
52.694454,60,490.887687
33.243092,60,490.949886
48.268977,60,491.015464
56.291869,60,491.083292
57.519082,60,491.147103
57.594899,60,491.212034
57.717796,60,491.274557
57.787426,60,491.335012
42.044263,60,491.402534
55.968743,60,491.467967
49.023485,60,491.53031
57.07807,60,491.597105
55.608023,60,491.661013
57.312573,60,491.727503
57.762305,60,491.789941
57.80169,60,491.853834
57.260646,60,492.584059
57.284721,60,492.649455
56.944291,60,492.717805
56.131205,60,492.78268
58.426738,60,492.843599
56.89273,60,492.905947
58.085534,60,492.967727
58.628792,60,493.030006
53.088863,60,493.092329
22.959262,60,493.157599
57.942023,60,493.21996
57.860548,60,493.283389
16.614774,59,493.34277
56.420579,60,493.41022
56.233408,60,493.473563
55.451841,60,493.541337
56.626549,60,493.607832
57.440993,60,493.671216
57.901967,60,494.380456
56.831663,60,494.439308
55.865327,60,494.494714
57.473289,60,494.549989
57.272721,60,494.605773
57.464834,60,494.659174
58.583129,60,494.720073
57.256648,60,494.778006
35.07521,60,494.835791
45.779844,60,494.897505
43.328046,60,494.95291
56.365025,60,495.029541
56.854794,60,495.089971
58.343443,60,495.153892
57.017054,60,495.215315
58.395266,60,495.275792
57.065286,60,495.336263
53.306239,60,496.032301
57.454885,60,496.094182
35.002982,60,496.152995
49.156701,60,496.21126
57.051855,60,496.269564
39.945626,60,496.325999
23.571277,54,496.380363
48.293605,60,496.440176
53.22999,60,496.514018
57.074465,60,496.570261
43.966734,60,496.626572
57.05,60,496.680403
57.276367,60,496.737289
57.763143,60,496.792692
57.509829,60,496.849068
51.74537,60,496.90591
41.172604,60,496.96114
19.19001,60,497.64039
56.926734,60,497.698303
57.61685,60,497.7601
50.964086,60,497.819404
57.303462,60,497.878948
56.823976,60,497.94124
34.242025,60,497.998119
58.339984,60,498.052436
58.101522,60,498.112378
56.583782,60,498.163814
54.742134,60,498.22124
56.118185,60,498.279532
33.256249,60,498.34038
57.446887,60,498.395704
56.25312,60,498.458627
38.34516,60,498.518427
56.616465,60,498.578212
48.713927,60,499.240248
57.605108,60,499.297502
51.61937,60,499.357643
54.254743,60,499.414477
57.8,60,499.469734
56.260115,60,499.532114
57.274734,60,499.589001
56.745118,60,499.643934
57.793173,60,499.699881
57.507294,60,499.757905
56.830021,60,499.819314
57.282788,60,499.880071
57.306355,60,499.947473
57.442698,60,500.0109
54.693437,60,500.07022
36.055798,60,500.12999
57.089576,60,500.195041
49.649947,60,500.913251
56.556467,60,500.969575
57.680988,60,501.028974
58.159932,60,501.085347
57.723041,60,501.140243
57.831452,60,501.196697
43.204212,60,501.250018
46.797619,60,501.299931
53.537007,60,501.353833
56.58345,60,501.411682
49.276001,60,501.467419
56.546006,60,501.522288
57.547273,60,501.576602
55.979944,60,501.631389
57.78489,60,501.687715
56.792853,60,501.739449
58.001134,60,501.795373
58.007204,60,502.451016
55.367695,60,502.509361
54.238662,60,502.567236
57.092156,60,502.626638
57.353569,60,502.682369
58.3528,60,502.740299
58.12324,60,502.797147
57.829644,60,502.853893
58.101262,60,502.910694
57.713684,60,502.967593
57.072689,60,503.024904
49.778549,60,503.085344
57.236886,60,503.140129
56.983296,60,503.193404
57.148723,60,503.247759
57.842819,60,503.303047
57.068715,60,503.357879
57.538499,60,504.0266
57.57291,60,504.081068
57.147073,60,504.137302
57.083553,60,504.191056
58.004852,60,504.242446
58.559717,60,504.297267
57.056346,60,504.349578
58.191391,60,504.402355
58.190475,60,504.457705
58.180121,60,504.511039
50.945261,60,504.568346
22.06562,60,504.62411
56.81859,60,504.678814
58.081247,60,504.738911
57.575337,60,504.794217
57.206621,60,504.850001
56.929788,60,504.918494
58.2,60,505.554586
25.749821,60,505.608324
56.901335,60,505.66212
50.381874,60,505.716467
48.15926,60,505.77435
57.039053,60,505.826177
57.555238,60,505.879452
57.493824,60,505.931286
55.52158,60,505.989129
56.349996,60,506.04751
57.578899,60,506.102832
58.386868,60,506.158594
28.766188,60,506.212516
56.798857,60,506.269823
57.175554,60,506.31918
57.375172,60,506.375492
57.235963,60,506.428251
58.016814,60,507.073192
57.858807,60,507.123034
57.15,60,507.178853
56.748923,60,507.235741
57.317511,60,507.294998
56.76403,60,507.347318
10.332416,55,507.398547
58.268652,60,507.45357
57.413727,60,507.509008
56.655997,60,507.569348
54.450791,60,507.625154
57.135587,60,507.675066
58.286967,60,507.733369
56.813485,60,507.787731
55.222443,60,507.842228
57.468528,60,507.900863
48.801806,60,507.951471
56.995936,60,508.577692
58.858003,60,508.636001
56.995262,60,508.690925
52.842473,60,508.746243
55.775502,60,508.798636
57.953358,60,508.856017
57.664574,60,508.912279
57.159067,60,508.967109
56.600294,60,509.027457
57.594507,60,509.086273
56.768894,60,509.139479
57.513367,60,509.195722
57.493781,60,509.251502
58.416235,60,509.305225
57.660444,60,509.364203
57.223153,60,509.421536
46.824824,60,509.483302
58.252989,60,510.093633
57.947752,60,510.145007
56.650088,60,510.197253
55.084497,60,510.250123
56.057584,60,510.304329
40.931925,60,510.35694
57.263984,60,510.409574
56.869001,60,510.465249
41.73596,60,510.515175
57.15,60,510.563937
44.023219,60,510.615294
57.460088,60,510.672258
57.231617,60,510.728539
33.856319,58,510.780785
57.335846,60,510.83614
57.245667,60,510.891081
38.399466,60,510.942864
56.971811,60,510.995127
57.652848,60,511.638953
54.761078,60,511.691648
57.847414,60,511.7418
56.648982,60,511.797615
57.999464,60,511.852447
57.835673,60,511.909742
57.405972,60,511.962113
53.896362,60,512.017835
56.577458,60,512.073504
57.156391,60,512.127597
25.079708,60,512.182553
57.459932,60,512.238364
57.7,60,512.288191
56.75995,60,512.341533
57.367355,60,512.394796
57.738798,60,512.447572
57.575465,60,512.494881
58.298673,60,513.12398
56.81203,60,513.176159
57.839984,60,513.230791
57.148893,60,513.287103
23.266316,60,513.338756
57.214531,60,513.394707
57.238125,60,513.450046
57.849121,60,513.506875
56.333305,60,513.559583
44.829692,60,513.615907
52.028156,60,513.6692
57.659196,60,513.723698
56.889213,60,513.774024
57.504714,60,513.827057
57.270638,60,513.886907
54.346526,60,513.94079
57.504587,60,513.997176
57.855563,60,514.714925
57.858986,60,514.774773
26.093461,60,514.83258
55.871594,60,514.890437
57.151744,60,514.95237
54.422406,60,515.01121
56.504984,60,515.071093
53.854809,60,515.137044
38.052554,60,515.19791
49.610321,60,515.256186
58.080227,60,515.316549
56.370778,60,515.377297
56.465641,60,515.437082
54.149635,60,515.503424
55.182434,60,515.562264
57.798536,60,515.618046
57.397201,60,515.681438
54.425316,60,516.350907
57.181825,60,516.406266
57.065616,60,516.463016
57.833152,60,516.516812
57.427276,60,516.573062
57.381975,60,516.630917
21.919011,60,516.687597
46.087527,60,516.744918
57.258131,60,516.802113
57.288522,60,516.853746
57.579854,60,516.916422
57.719027,60,516.971824
54.035841,60,517.033177
58.690855,60,517.089472
31.671698,58,517.141804
56.948013,60,517.201623
57.55449,60,517.256541
57.970931,60,517.930627
57.059908,60,517.999521
57.596259,60,518.069409
57.054279,60,518.130814
56.999905,60,518.201981
57.224923,60,518.26709
54.731907,60,518.327452
58.060746,60,518.396288
57.935792,60,518.459195
57.548964,60,518.520674
57.908651,60,518.582994
57.649967,60,518.640948
57.251235,60,518.699945
57.160756,60,518.763417
56.598833,60,518.824791
57.444349,60,518.888251
55.767792,60,518.95547
40.326132,60,519.657832
57.016634,60,519.717247
57.801583,60,519.779522
57.445831,60,519.841228
57.897432,60,519.900822
53.995597,60,519.960564
58.811575,60,520.022016
57.565137,60,520.079288
57.338744,60,520.139084
55.866264,60,520.196522
58.486939,60,520.256887
54.136038,60,520.325308
57.788091,60,520.383756
39.508863,60,520.442538
58.409633,60,520.5024
52.295799,60,520.561396
55.806003,60,520.624784
58.999967,60,521.522397
58.377665,60,521.604828
51.306436,60,521.713134
56.115388,60,521.781069
57.768118,60,521.842463
55.283577,60,521.905412
57.283862,60,521.958832
57.645705,60,522.015785
57.441237,60,522.079526
58.080642,60,522.141387
54.992063,60,522.196559
53.130901,60,522.252227
56.706711,60,522.30301
56.564405,60,522.361936
52.930239,60,522.42187
57.531823,60,522.47621
32.657844,60,522.532086
57.36894,60,523.17418
56.969813,60,523.228355
57.822515,60,523.289228
50.223398,60,523.343626
50.846429,60,523.401951
46.908924,60,523.457887
58.166907,60,523.517218
57.874171,60,523.572991
51.092568,60,523.63193
28.508331,60,523.69062
57.764223,60,523.746547
56.525054,60,523.800857
57.81487,60,523.855195
56.78324,60,523.911632
54.642427,60,523.964433
57.182597,60,524.015729
57.902054,60,524.068558
56.57998,60,524.670822
38.853648,60,524.725763
56.810631,60,524.784202
14.406962,60,524.835989
53.896431,60,524.888326
57.527779,60,524.941659
54.837016,60,524.999071
58.90527,60,525.055362
57.923029,60,525.112712
57.636875,60,525.171529
57.154607,60,525.223542
56.941367,60,525.282619
57.730577,60,525.335882
24.996802,59,525.387696
58.251147,60,525.44253
57.492928,60,525.501975
13.221192,60,525.554808
57.63681,60,526.177706
56.502716,60,526.229478
57.420734,60,526.279341
56.78951,60,526.329064
57.050114,60,526.379818
57.609479,60,526.429735
57.530736,60,526.482584
57.9192,60,526.536415
57.658078,60,526.585754
54.280801,60,526.637613
57.660662,60,526.689607
57.84921,60,526.745394
58.27783,60,526.79783
54.661932,60,526.849117
56.831375,60,526.91359
26.939488,60,526.971615
49.75136,60,527.023405
50.065644,60,527.662464
56.77523,60,527.722381
57.58461,60,527.775771
55.104355,60,527.829143
56.889259,60,527.887017
57.13876,60,527.939577
57.336222,60,527.991376
31.652364,60,528.050839
56.994306,60,528.107347
56.674587,60,528.175373
56.711584,60,528.242224
27.44247,60,528.310889
51.192522,60,528.37932
57.074214,60,528.441181
58.137501,60,528.504693
58.285027,60,528.565772
57.681557,60,528.62123
57.648752,60,529.295328
45.834349,60,529.34762
56.857939,60,529.405581
57.812573,60,529.461944
57.924156,60,529.515325
57.942622,60,529.588755
57.581093,60,529.656693
52.761398,60,529.714626
55.029218,60,529.777067
57.359286,60,529.838929
57.975767,60,529.898731
57.810728,60,529.967235
57.039944,60,530.025084
58.002996,60,530.082849
57.945562,60,530.150752
57.107749,60,530.214662
25.886494,60,530.273623
58.474341,60,530.949413
40.633028,60,531.013844
49.530108,60,531.075845
56.272568,60,531.136213
57.399215,60,531.200555
56.877042,60,531.272848
38.895905,60,531.335594
57.076799,60,531.409633
57.836897,60,531.474607
58.085447,60,531.54247
57.2329,60,531.602939
57.34881,60,531.664355
55.987482,60,531.736337
56.206294,60,531.801097
47.629618,60,531.888138
57.441803,60,531.983257
57.869056,60,532.051728
48.283761,60,532.695135
54.941194,60,532.751536
56.275061,60,532.811549
57.345642,60,532.864434
48.21269,60,532.923372
57.655645,60,532.986316
56.681683,60,533.045791
56.425578,60,533.105147
56.914707,60,533.161553
56.721371,60,533.214118
56.511337,60,533.267987
56.116172,60,533.320426
57.796507,60,533.369682
57.209898,60,533.426749
57.298633,60,533.491712
58.099357,60,533.565246
56.886189,60,533.636225
56.286521,60,533.696091
58.807736,60,534.382296
55.393238,60,534.435612
58.186436,60,534.489114
57.885821,60,534.533011
56.429075,60,534.586447
57.023286,60,534.646238
51.891134,60,534.699421
57.370988,60,534.755633
55.694968,60,534.806455
58.157912,60,534.859391
56.6048,60,534.907305
57.442649,60,534.960727
57.140059,60,535.010467
56.521668,60,535.058798
58.006545,60,535.112161
56.889938,60,535.162547
56.581921,60,535.217421
9.49479,49,535.803918
58.123625,60,535.859151
52.940538,60,535.910502
57.920533,60,535.957355
56.986854,60,536.009186
56.374149,60,536.058529
56.940564,60,536.106445
57.163776,60,536.162305
57.777808,60,536.212639
57.182379,60,536.269516
56.502899,60,536.320357
56.080184,60,536.369156
58.376091,60,536.424048
57.532268,60,536.4735
57.946645,60,536.528301
57.816147,60,536.575626
54.785804,60,536.628599
56.657827,60,537.324215
57.941775,60,537.380109
57.150496,60,537.435549
56.30037,60,537.491518
47.361116,60,537.546989
20.133901,60,537.602361
56.169146,60,537.660179
58.105626,60,537.715488
54.6978,60,537.769377
56.33431,60,537.828851
54.637291,60,537.884877
52.269104,60,537.94368
56.125417,60,538.008122
58.081126,60,538.063564
32.917684,60,538.11899
57.661381,60,538.177436
56.596288,60,538.2357
56.988621,60,538.916087
55.464728,60,538.978604
56.062265,60,539.037044
57.322891,60,539.094439
58.574988,60,539.154783
57.590586,60,539.215218
57.077588,60,539.278656
56.35573,60,539.337013
57.82255,60,539.397731
57.23492,60,539.459489
57.718755,60,539.51825
56.733689,60,539.573633
55.772522,60,539.632129
57.131449,60,539.688528
38.516878,60,539.744444
52.103381,60,539.804435
46.960088,60,539.859225
57.161309,60,540.580134
56.980669,60,540.642331
36.031,60,540.702599
57.596649,60,540.76156
57.746767,60,540.81798
57.832059,60,540.899399
57.401072,60,540.973371
56.94012,60,541.035791
57.541469,60,541.094747
54.788885,60,541.150041
39.139461,60,541.200913
25.932355,60,541.250647
57.044722,60,541.308022
56.04678,60,541.36673
57.568619,60,541.427829
57.562834,60,541.490161
55.161096,60,541.552593
58.708736,60,542.202132
57.328982,60,542.258454
57.325265,60,542.315621
57.545755,60,542.372886
57.67956,60,542.426615
56.138269,60,542.482687
58.360934,60,542.541513
57.085806,60,542.596938
43.111846,60,542.652879
29.862459,60,542.710231
57.432761,60,542.766119
56.99859,60,542.824015
49.046838,60,542.880439
58.190864,60,542.939069
57.543933,60,542.997627
53.074844,60,543.055966
57.295593,60,543.115244
52.236823,60,543.77262
56.822022,60,543.834052
56.107865,60,543.891964
54.521694,60,543.949418
55.001643,60,544.002708
56.941288,60,544.056083
57.995864,60,544.115111
58.518237,60,544.170038
56.400798,60,544.224393
47.243803,60,544.278715
55.273319,60,544.335193
57.890071,60,544.392018
56.969035,60,544.445906
57.550272,60,544.50336
37.692482,60,544.56014
58.571558,60,544.615597
57.329227,60,544.674503
57.684737,60,545.349314
56.776229,60,545.404374
57.242935,60,545.464752
48.93878,60,545.522558
57.018293,60,545.576439
56.458658,60,545.635834
37.465786,60,545.690054
56.500557,60,545.746408
46.732915,60,545.806388
58.254063,60,545.860049
57.856529,60,545.917593
41.862426,60,545.974463
57.787502,60,546.030843
57.238592,60,546.089202
57.401731,60,546.143441
34.185138,60,546.195767
56.055806,60,546.250142
56.65419,60,546.876622
57.861381,60,546.932325
56.11426,60,546.985066
56.563671,60,547.039808
54.480658,60,547.09753
53.996407,60,547.152373
49.861816,60,547.207748
57.29993,60,547.266096
46.88442,60,547.324904
57.027379,60,547.382159
57.933045,60,547.440008
56.150644,60,547.495816
56.942095,60,547.552797
56.637718,60,547.607089
57.34118,60,547.668048
58.002334,60,547.728486
56.242799,60,547.788378
54.221215,60,548.442819
56.327675,60,548.496224
57.964825,60,548.550086
58.019622,60,548.603988
56.263849,60,548.658936
57.049234,60,548.718251
57.695053,60,548.775605
34.440983,60,548.832992
58.408085,60,548.89184
37.103012,60,548.949341
58.02395,60,549.00426
58.441596,60,549.063181
57.745142,60,549.119991
54.22538,60,549.172813
52.3742,60,549.229676
57.233661,60,549.286232
56.505096,60,549.341472
55.865045,60,549.988893
55.540443,60,550.045864
56.521448,60,550.100234
56.203384,60,550.157679
56.986147,60,550.211957
57.743982,60,550.266807
57.307629,60,550.325078
54.790583,60,550.38151
49.322137,60,550.435445
56.732806,60,550.490234
57.911683,60,550.546528
36.318314,60,550.599266
58.670906,60,550.654625
57.278506,60,550.707954
56.584311,60,550.765375
57.984077,60,550.823233
58.787591,60,550.876935
53.114551,60,551.51432
56.716273,60,551.570741
57.050253,60,551.626559
53.777294,60,551.682785
56.951769,60,551.737086
57.147331,60,551.79138
57.399723,60,551.848859
53.816645,60,551.904794
56.596444,60,551.959566
56.848448,60,552.016495
56.269837,60,552.07687
59.242933,60,552.129227
56.066378,60,552.187822
57.251335,60,552.241652
48.995562,60,552.300547
58.036859,60,552.357382
57.933672,60,552.413251
57.580994,60,553.056747
57.583738,60,553.112188
58.14713,60,553.164604
57.681007,60,553.221439
47.744847,60,553.275958
55.546845,60,553.330544
57.522363,60,553.389901
54.518032,60,553.447795
47.750756,60,553.50372
57.989656,60,553.557027
57.437452,60,553.611391
57.726222,60,553.667218
56.03568,60,553.726195
54.929935,60,553.778967
40.96022,60,553.836963
55.521568,60,553.892935
57.557465,60,553.946255
55.118641,60,554.004683
41.019254,60,554.664672
58.669144,60,554.719972
57.749222,60,554.777851
57.106904,60,554.836751
54.9049,60,554.89562
46.432436,60,554.948918
56.862549,60,555.004737
56.658384,60,555.062519
40.820102,60,555.118825
56.6741,60,555.172645
56.81163,60,555.229955
55.729125,60,555.285745
57.525633,60,555.342758
56.697253,60,555.401197
57.662373,60,555.459116
56.704672,60,555.517157
52.788396,60,555.575083
58.289696,60,556.23811
57.558079,60,556.293336
52.700367,60,556.347247
56.375872,60,556.404697
57.370407,60,556.459349
57.87515,60,556.51773
58.043688,60,556.575586
57.47494,60,556.628976
57.36219,60,556.683386
57.924486,60,556.741177
57.08504,60,556.797001
48.360302,60,556.855325
57.556965,60,556.911153
37.890879,60,556.965388
58.017338,60,557.023333
57.37751,60,557.076169
58.54777,60,557.12893
55.452622,60,557.770697
57.308304,60,557.827555
56.276449,60,557.880877
55.890858,60,557.935742
55.298472,60,557.989158
57.469665,60,558.044036
57.461237,60,558.09829
56.953628,60,558.155361
56.658648,60,558.209892
58.648605,60,558.267861
56.439805,60,558.322715
56.761026,60,558.377522
10.729655,60,558.434876
57.518818,60,558.492166
19.162642,60,558.547494
56.203601,60,558.606776
58.727122,60,558.661895
59.28368,60,559.324576
58.097545,60,559.378831
56.49222,60,559.433783
57.464554,60,559.485116
57.695591,60,559.543833
40.854529,60,559.602229
46.871074,60,559.659673
56.258336,60,559.719056
41.460007,60,559.771411
58.537887,60,559.827298
57.197106,60,559.904532
57.3473,60,559.993603
58.523556,60,560.056569
57.420112,60,560.114934
57.56477,60,560.170691
57.44512,60,560.236547
58.058906,60,560.316107
56.985511,60,561.029719
56.691734,60,561.088705
47.490377,60,561.147113
57.740758,60,561.206103
47.509706,60,561.262395
56.746342,60,561.322712
57.237946,60,561.386118
56.983253,60,561.442963
56.969011,60,561.499759
33.090229,60,561.556547
56.568575,60,561.613323
58.150446,60,561.672711
56.663402,60,561.732066
57.195474,60,561.790457
56.576612,60,561.849835
57.86839,60,561.907751
46.644645,60,561.965113
55.464752,60,562.615308
55.265784,60,562.672255
56.581689,60,562.729041
54.29933,60,562.790558
56.8619,60,562.848914
57.656062,60,562.904226
55.360154,60,562.959479
56.592936,60,563.013781
46.876117,60,563.068563
54.010988,60,563.124434
57.199269,60,563.180669
56.888797,60,563.237501
57.542823,60,563.29333
57.155392,60,563.352128
57.764603,60,563.408956
42.666578,60,563.465243
55.845673,60,563.519586
24.627796,60,564.175327
56.403681,60,564.229957
47.783269,60,564.28282
50.970109,60,564.336526
55.204552,60,564.389814
56.771115,60,564.442199
57.207779,60,564.497989
57.239948,60,564.551335
57.9852,60,564.607617
56.796622,60,564.663471
57.185238,60,564.718787
47.831048,60,564.773564
54.008031,60,564.831433
56.456089,60,564.8888
56.240756,60,564.947169
57.425063,60,565.009577
56.249513,60,565.066947
57.264186,60,565.720927
57.510268,60,565.777275
56.27338,60,565.834151
57.124691,60,565.891078
57.944316,60,565.949934
57.6436,60,566.007278
57.492886,60,566.066288
58.542002,60,566.123631
56.318466,60,566.179006
55.971214,60,566.234922
58.721787,60,566.289756
57.120331,60,566.345129
57.255047,60,566.404023
56.754375,60,566.4604
56.687146,60,566.516241
56.352745,60,566.572389
34.150274,60,566.627567
57.100103,60,567.268255
54.949797,60,567.323517
57.175932,60,567.377376
51.3115,60,567.432633
57.342797,60,567.491054
58.211595,60,567.544898
57.076733,60,567.60171
57.425313,60,567.657109
49.859647,60,567.714067
11.000791,56,567.769871
57.224803,60,567.839761
57.627978,60,567.894563
51.657131,60,567.950872
58.036347,60,568.004177
52.863305,60,568.058075
58.384895,60,568.11749
58.476093,60,568.172861
58.572713,60,568.776598
57.31087,60,568.832932
57.428034,60,568.89207
56.562515,60,568.945758
56.831782,60,568.996904
54.930629,60,569.053086
57.565865,60,569.106151
57.553884,60,569.1595
57.594914,60,569.213354
57.105955,60,569.263775
57.543643,60,569.315066
56.161453,60,569.365404
56.438428,60,569.414772
57.575021,60,569.462545
57.203643,60,569.516966
50.703046,60,569.568862
57.285558,60,569.623326
57.675703,60,570.271751
49.14629,60,570.323741
56.041152,60,570.386554
58.123642,60,570.443292
57.081586,60,570.497158
57.759401,60,570.556078
53.3255,60,570.607968
57.598388,60,570.665261
56.762481,60,570.721182
57.916661,60,570.774758
39.438425,60,570.828174
55.750859,60,570.882627
58.477919,60,570.936996
50.686819,60,570.989881
57.107544,60,571.047168
56.082418,60,571.102349
58.267809,60,571.158317
44.349269,60,571.748417
56.895583,60,571.799857
57.780345,60,571.853425
56.884648,60,571.906838
55.33616,60,571.956144
56.376645,60,572.008534
56.955871,60,572.058437
57.291195,60,572.111262
58.00098,60,572.162705
56.932755,60,572.214502
58.717156,60,572.270441
34.606868,60,572.322773
56.41474,60,572.378649
57.798762,60,572.432554
55.548959,60,572.48305
57.578867,60,572.534335
56.635676,60,572.587196
56.516712,60,573.196513
56.978643,60,573.251296
58.182818,60,573.304666
57.362019,60,573.355442
56.881002,60,573.40832
57.563835,60,573.460696
57.902038,60,573.515051
57.332758,60,573.569406
53.662496,60,573.624781
57.565476,60,573.677662
57.963484,60,573.728477
57.678365,60,573.779935
58.619218,60,573.829693
57.453382,60,573.882936
54.561765,60,573.931288
57.025346,60,573.983116
56.51119,60,574.038426
58.047782,60,574.625163
55.091581,60,574.675301
56.519434,60,574.726542
45.664908,60,574.777401
54.002484,60,574.826783
58.856992,60,574.877046
58.333837,60,574.929793
54.966958,60,574.983098
55.563145,60,575.038394
57.019827,60,575.105747
57.237906,60,575.156457
54.596764,60,575.210243
57.792742,60,575.265
56.437569,60,575.317874
56.322733,60,575.373701
45.745773,60,575.427483
19.4591,60,575.479411
57.200702,60,575.53247
58.669135,60,576.11135
55.78661,60,576.163242
56.369015,60,576.213949
57.73248,60,576.26173
57.995309,60,576.311474
57.251832,60,576.364228
57.992287,60,576.411594
33.182654,60,576.466412
30.542798,60,576.519207
56.887823,60,576.569935
56.875071,60,576.62229
57.302071,60,576.6786
58.15,60,576.731397
57.340762,60,576.782201
56.373421,60,576.838716
59.140504,60,576.89563
57.834762,60,576.948442
57.696589,60,577.564245
58.065591,60,577.621588
56.938751,60,577.674875
57.901816,60,577.726667
56.445906,60,577.77945
58.486724,60,577.833282
57.474463,60,577.888677
55.780889,60,577.944026
57.241568,60,577.994775
57.958314,60,578.045148
34.541779,60,578.096918
40.05407,60,578.148677
47.488169,60,578.200453
57.746736,60,578.250268
58.331278,60,578.298598
45.667799,60,578.349354
57.891397,60,578.400277
57.301731,60,578.988649
58.108522,60,579.04046
57.036142,60,579.096354
57.674973,60,579.149702
57.261186,60,579.202554
58.077287,60,579.261499
57.656753,60,579.314281
57.951646,60,579.366209
57.471324,60,579.423952
56.731043,60,579.479731
57.030156,60,579.536617
55.875753,60,579.592865
57.094791,60,579.648298
54.869,60,579.703692
55.752976,60,579.764059
57.651157,60,579.826039
56.704382,60,579.882357
56.554178,60,580.524695
57.19271,60,580.579587
57.400861,60,580.635427
56.207871,60,580.686728
48.347802,60,580.738609
57.209345,60,580.790277
51.939277,60,580.845211
57.723436,60,580.902636
53.72226,60,580.957814
57.984935,60,581.015825
49.855223,60,581.073688
58.208666,60,581.13205
50.365963,60,581.185973
56.473583,60,581.239372
57.678107,60,581.294768
57.132458,60,581.351099
57.407818,60,581.408433
56.763425,60,582.056201
58.756027,60,582.112655
57.97551,60,582.171536
56.511463,60,582.226303
57.439169,60,582.280644
55.248687,60,582.338496
57.557727,60,582.394461
57.920132,60,582.451524
57.386639,60,582.518666
53.962199,60,582.603047
56.453719,60,582.661371
56.957289,60,582.718169
51.149924,60,582.785117
57.208839,60,582.841014
58.644389,60,582.897499
57.850868,60,582.949316
57.2814,60,583.000592
56.21926,60,583.596383
56.916213,60,583.649679
51.070792,60,583.705587
57.377873,60,583.759326
58.001611,60,583.810133
56.395758,60,583.865554
57.103865,60,583.919362
56.240513,60,583.972711
58.026876,60,584.027007
57.68637,60,584.078254
57.818851,60,584.134104
57.356255,60,584.19082
57.439987,60,584.249718
56.277003,60,584.307519
57.147233,60,584.362455
57.573019,60,584.418578
54.427014,60,584.476371
58.456095,60,585.166607
29.041241,55,585.215938
57.069822,60,585.265744
57.042731,60,585.325359
57.356909,60,585.380177
56.786675,60,585.436066
57.468342,60,585.491438
56.342631,60,585.548258
57.939734,60,585.604605
57.854861,60,585.659466
18.327549,38,585.696188
56.318028,60,585.752085
49.240034,60,585.811555
29.616079,60,585.870569
58.18652,60,585.933733
56.524846,60,585.989901
57.847977,60,586.049175
58.271823,60,586.724555
55.847823,60,586.781467
58.557843,60,586.840466
54.972529,60,586.898258
24.96854,60,586.956689
56.719674,60,587.012552
58.615313,60,587.068394
58.714019,60,587.124211
58.883227,60,587.183782
56.490543,60,587.242204
57.358729,60,587.30165
57.498634,60,587.359579
57.701879,60,587.414369
56.253282,60,587.472252
44.276914,60,587.528057
57.494005,60,587.585095
57.906767,60,587.640493
58.295864,60,587.698301
57.048579,60,588.336385
57.701805,60,588.392865
57.306808,60,588.447104
50.160068,60,588.505513
57.588185,60,588.566396
56.857663,60,588.621123
57.371205,60,588.675109
57.680066,60,588.732959
45.47094,60,588.793746
57.866909,60,588.852558
57.470006,60,588.911556
57.653276,60,588.968044
57.417187,60,589.021687
56.388669,60,589.079593
53.513517,60,589.133919
55.564908,60,589.191673
57.648408,60,589.249312
57.16725,60,589.889005
58.429445,60,589.944685
58.108227,60,589.996143
57.719687,60,590.052491
57.224038,60,590.1057
57.613495,60,590.159458
56.718144,60,590.214315
57.580594,60,590.269548
56.628485,60,590.330563
56.199727,60,590.386954
57.058882,60,590.44444
57.111788,60,590.500841
58.071627,60,590.557673
57.453796,60,590.615138
57.075848,60,590.672372
57.297369,60,590.725564
38.689517,60,590.785884
17.980268,43,591.428098
57.40869,60,591.483045
57.015648,60,591.542888
57.436978,60,591.598255
56.868072,60,591.654662
23.053511,60,591.714518
56.483206,60,591.771509
56.61397,60,591.823403
58.295395,60,591.880184
57.976427,60,591.931526
57.617234,60,591.994381
56.204886,60,592.052779
54.328103,60,592.114699
57.607074,60,592.178077
56.379482,60,592.237934
58.409311,60,592.297363
15.302208,60,592.363354
33.335237,60,593.029828
58.362773,60,593.086609
57.499358,60,593.149022
57.672809,60,593.212976
25.59475,52,593.267342
57.932301,60,593.327247
56.781981,60,593.391586
58.4782,60,593.459469
57.578609,60,593.514961
52.983988,60,593.573508
57.962786,60,593.630291
57.461905,60,593.687524
58.0,60,593.749526
57.106188,60,593.807954
57.637034,60,593.8666
56.70089,60,593.922413
49.666878,60,593.979344
55.82539,60,594.629166
41.098511,60,594.687562
57.37674,60,594.741083
57.16528,60,594.800889
57.586673,60,594.859263
58.157815,60,594.917028
57.899287,60,594.977437
57.092862,60,595.035863
56.862334,60,595.090737
57.558983,60,595.147039
57.998502,60,595.205942
57.622852,60,595.265919
49.857671,60,595.324251
57.535416,60,595.380573
57.41783,60,595.441384
44.708011,60,595.500666
57.406475,60,595.557457
58.086842,60,596.215799
55.438025,60,596.272671
57.563279,60,596.333081
57.02447,60,596.388975
43.532704,60,596.444961
57.683849,60,596.504298
54.971587,60,596.5616
57.596264,60,596.617413
34.960466,60,596.675188
57.530167,60,596.735221
57.069646,60,596.792547
58.343175,60,596.848175
58.359504,60,596.905542
58.818385,60,596.966893
50.093044,60,597.02484
56.371471,60,597.084745
56.41092,60,597.143713
56.699316,60,597.800486
58.421774,60,597.856837
42.0435,60,597.914612
57.446129,60,597.971255
57.523974,60,598.026073
57.038581,60,598.104181
54.140321,60,598.180488
57.298249,60,598.240212
56.588687,60,598.300221
57.777776,60,598.357107
28.144265,60,598.417959
57.625839,60,598.475929
57.027213,60,598.532302
51.66056,60,598.591036
56.634694,60,598.647444
57.338659,60,598.701807
57.388337,60,598.761346
57.779631,60,599.428866
29.767443,60,599.4853
50.455659,60,599.541138
57.223933,60,599.599013
56.510604,60,599.657935
51.149148,60,599.719057
57.736624,60,599.773418
57.261891,60,599.830636
51.877065,60,599.891432
57.57842,60,599.951773
56.532774,60,600.006575
57.780396,60,600.062462
31.012997,60,600.117897
56.717582,60,600.1773
58.057021,60,600.270886
58.486856,60,600.335601
57.587037,60,600.391815
58.3,60,601.062683
56.40941,60,601.122641
54.477561,60,601.180991
58.0944,60,601.238854
57.061932,60,601.294264
58.321641,60,601.353745
56.633143,60,601.411546
56.966396,60,601.469276
58.37236,60,601.527515
57.114566,60,601.58311
58.62117,60,601.639231
57.281494,60,601.697021
57.905138,60,601.755389
57.695888,60,601.81431
46.953427,60,601.872145
58.460382,60,601.928444
58.125338,60,601.98459
57.683246,60,602.0434
